Machine_ID,date,Vibration_z,CLN_Pressure_z,Laser_Power_z,Power_Efficiency_z,Head_Temp_z,Laser_Centering_Position_z,Cooling_Flow_z,Kerf_Width_Profile_z,Top_Kerf_z,Bottom_Kerf_z,mean_abs_risk_z,Yield_7d_ma,Particle_rate,Remain_Coat_rate,Micro_Crack_rate,Chipping_rate,bad_trend_count,bad_trend_factors,defect_penalty,stability_penalty,trend_penalty,health_index,Vibration_z_dup,CLN_Pressure_z_dup,Laser_Power_z_dup,Power_Efficiency_z_dup,Head_Temp_z_dup,Laser_Centering_Position_z_dup,Cooling_Flow_z_dup,Kerf_Width_Profile_z_dup,Top_Kerf_z_dup,Bottom_Kerf_z_dup
DP01,2026-01-01,-0.23773135929164024,0.050351331362506774,-0.15066457286775592,0.7856832116935184,-0.08672838466212998,0.8127504122513589,-0.04820935597768775,0.7967036067703819,0.7746944005569352,0.8044124476145945,0.3501261737450082,,0.0402930402930402,0.0219780219780219,0.0,0.0,2,"['Power_Efficiency', 'Top_Kerf']",0.0,2.8010093899600657,10.0,87.2,-0.23773135929164024,0.050351331362506774,-0.15066457286775592,0.7856832116935184,-0.08672838466212998,0.8127504122513589,-0.04820935597768775,0.7967036067703819,0.7746944005569352,0.8044124476145945
DP01,2026-01-02,-0.19598845609977203,0.16131197871332906,-0.18419905992220448,0.8125232143823559,-0.15724242009873451,0.8493661248592265,-0.028581765658661284,0.7884726798586331,0.8434964425083058,0.7899942691335091,0.3679153007675987,,0.0747330960854092,0.0035587188612099,0.0,0.0,2,"['Power_Efficiency', 'Top_Kerf']",0.0,2.9433224061407897,10.0,87.1,-0.19598845609977203,0.16131197871332906,-0.18419905992220448,0.8125232143823559,-0.15724242009873451,0.8493661248592265,-0.028581765658661284,0.7884726798586331,0.8434964425083058,0.7899942691335091
DP01,2026-01-03,-0.24324005100027885,-0.013405650798253668,-0.08835794181896303,0.73205338073039,-0.2346580091123706,0.7847575672656979,-0.04138096719827347,0.7388058991296836,0.775828608332851,0.7607647312211749,0.31711675667516576,99.85805643545858,0.0782918149466192,0.0213523131672597,0.0,0.0,2,"['Power_Efficiency', 'Top_Kerf']",0.4258306936242633,2.536934053401326,10.0,87.0,-0.24324005100027885,-0.013405650798253668,-0.08835794181896303,0.73205338073039,-0.2346580091123706,0.7847575672656979,-0.04138096719827347,0.7388058991296836,0.775828608332851,0.7607647312211749
DP01,2026-01-04,-0.22321775260075355,-0.047192363751882675,-0.11805672685326345,0.8177863728758713,-0.17901823855353216,0.8346774317888931,-0.0720727262047255,0.7628834018405559,0.8338084568768748,0.8252626791686344,0.34348605345866723,99.85805125516536,0.0678571428571428,0.0178571428571428,0.0,0.0,2,"['Power_Efficiency', 'Top_Kerf']",0.4258462345039078,2.747888427669338,10.0,86.8,-0.22321775260075355,-0.047192363751882675,-0.11805672685326345,0.8177863728758713,-0.17901823855353216,0.8346774317888931,-0.0720727262047255,0.7628834018405559,0.8338084568768748,0.8252626791686344
DP01,2026-01-05,-0.3149387043711641,0.010681279434286274,-0.06970050702863372,0.8105214707208684,-0.07236505701846584,0.7975714338111873,0.013332482855549783,0.7683569568652814,0.8160891629699996,0.72192280522303,0.3481471323461939,99.85356162670038,0.0700389105058365,0.0194552529182879,0.0,0.0,2,"['Power_Efficiency', 'Top_Kerf']",0.4393151198988505,2.785177058769551,10.0,86.8,-0.3149387043711641,0.010681279434286274,-0.06970050702863372,0.8105214707208684,-0.07236505701846584,0.7975714338111873,0.013332482855549783,0.7683569568652814,0.8160891629699996,0.72192280522303
DP01,2026-01-06,-0.20402065084593593,0.02066166641110621,-0.0484171185163162,0.7491388269839723,-0.10749724403456626,0.8372062029857587,0.11779978287562204,0.7993529663418545,0.7643467115959315,0.776110154364528,0.3704681298161955,99.8556521670693,0.0561797752808988,0.0262172284644194,0.0,0.0,2,"['Power_Efficiency', 'Top_Kerf']",0.43304349879211657,2.963745038529564,10.0,86.6,-0.20402065084593593,0.02066166641110621,-0.0484171185163162,0.7491388269839723,-0.10749724403456626,0.8372062029857587,0.11779978287562204,0.7993529663418545,0.7643467115959315,0.776110154364528
DP01,2026-01-07,-0.16590516532235527,0.08520057667262834,-0.18055914908695006,0.7974119108908435,-0.10148295302431122,0.8010328438229708,-0.046310187064542735,0.8089618540337776,0.7896968863577188,0.8087701633095673,0.3596816780589347,99.8562732860594,0.0654545454545454,0.0181818181818181,0.0036363636363636,0.0,2,"['Power_Efficiency', 'Top_Kerf']",0.431180141821784,2.8774534244714776,10.0,86.7,-0.16590516532235527,0.08520057667262834,-0.18055914908695006,0.7974119108908435,-0.10148295302431122,0.8010328438229708,-0.046310187064542735,0.8089618540337776,0.7896968863577188,0.8087701633095673
DP01,2026-01-08,-0.1828258744405194,0.03293277104319249,-0.23654447728449537,0.8032681474496386,-0.05743595221530241,0.7999880652749455,0.004073918027414544,0.8099730694952461,0.8120390598065568,0.8399433137021374,0.3625412040858814,99.8454579360841,0.1056338028169014,0.0246478873239436,0.0,0.0,2,"['Power_Efficiency', 'Top_Kerf']",0.46362619174769293,2.9003296326870514,10.0,86.6,-0.1828258744405194,0.03293277104319249,-0.23654447728449537,0.8032681474496386,-0.05743595221530241,0.7999880652749455,0.004073918027414544,0.8099730694952461,0.8120390598065568,0.8399433137021374
DP01,2026-01-09,-0.26882376825105136,-0.0060817472724747105,-0.15988116669039665,0.8015015115668085,-0.08568773332794925,0.8271267206591212,0.006647018557511738,0.7570592387525431,0.8130335573923037,0.6940282675770781,0.33789218989634945,99.84265295425013,0.0476190476190476,0.0256410256410256,0.0,0.0,2,"['Power_Efficiency', 'Top_Kerf']",0.4720411372496187,2.7031375191707956,10.0,86.8,-0.26882376825105136,-0.0060817472724747105,-0.15988116669039665,0.8015015115668085,-0.08568773332794925,0.8271267206591212,0.006647018557511738,0.7570592387525431,0.8130335573923037,0.6940282675770781
DP01,2026-01-10,-0.2903258248670645,0.03883873475877357,-0.1811748604595681,0.6999757436126045,-0.008345312113338159,0.7314927268887027,-0.05389636807523724,0.8280186471490287,0.7219304765405259,0.7757285366464611,0.32622425000808886,99.8514179816134,0.0551470588235294,0.0147058823529411,0.0,0.0,2,"['Power_Efficiency', 'Top_Kerf']",0.445746055159816,2.609794000064711,10.0,86.9,-0.2903258248670645,0.03883873475877357,-0.1811748604595681,0.6999757436126045,-0.008345312113338159,0.7314927268887027,-0.05389636807523724,0.8280186471490287,0.7219304765405259,0.7757285366464611
DP01,2026-01-11,-0.3652462115792248,-0.05952377030780684,-0.13619339693917593,0.7558951962228673,-0.00774474382868739,0.7847141936589889,-0.06671314269893372,0.772592943968189,0.7638463201752766,0.7357472800216835,0.3177374668693177,99.85696147224384,0.0557620817843866,0.0185873605947955,0.0,0.0,2,"['Power_Efficiency', 'Top_Kerf']",0.42911558326848365,2.5418997349545416,10.0,87.0,-0.3652462115792248,-0.05952377030780684,-0.13619339693917593,0.7558951962228673,-0.00774474382868739,0.7847141936589889,-0.06671314269893372,0.772592943968189,0.7638463201752766,0.7357472800216835
DP01,2026-01-12,-0.22044640627549023,0.07319637667245141,-0.18086438752069178,0.7812023445054066,-0.07921462717828011,0.8025295219289809,0.057003037238304056,0.7610842926413953,0.7712224606460696,0.743762360158024,0.350947497281617,99.86264932186673,0.0468227424749163,0.0267558528428093,0.0,0.0,2,"['Power_Efficiency', 'Top_Kerf']",0.41205203439982085,2.807579978252936,10.0,86.8,-0.22044640627549023,0.07319637667245141,-0.18086438752069178,0.7812023445054066,-0.07921462717828011,0.8025295219289809,0.057003037238304056,0.7610842926413953,0.7712224606460696,0.743762360158024
DP01,2026-01-13,-0.23381041776207598,0.04918916336268374,-0.08514017281652908,0.7309843682350426,-0.14634581492948767,0.735247955985772,0.036513762011455335,0.7299088962657763,0.76982209601336,0.7385012620124933,0.33248710983784907,99.85913797255456,0.0779661016949152,0.0169491525423728,0.0,0.0,2,"['Power_Efficiency', 'Top_Kerf']",0.42258608233630923,2.6598968787027926,10.0,86.9,-0.23381041776207598,0.04918916336268374,-0.08514017281652908,0.7309843682350426,-0.14634581492948767,0.735247955985772,0.036513762011455335,0.7299088962657763,0.76982209601336,0.7385012620124933
DP01,2026-01-14,-0.25904148958895623,0.030062616319266912,-0.2800600666238545,0.7706764181704076,-0.1727448988797499,0.7973796613811646,-0.02046801410012242,0.7744548587865561,0.7267315486400884,0.7707530830392928,0.31377437171440936,99.86033433802656,0.0671378091872791,0.0106007067137809,0.0,0.0,2,"['Power_Efficiency', 'Top_Kerf']",0.418996985920316,2.510194973715275,10.0,87.1,-0.25904148958895623,0.030062616319266912,-0.2800600666238545,0.7706764181704076,-0.1727448988797499,0.7973796613811646,-0.02046801410012242,0.7744548587865561,0.7267315486400884,0.7707530830392928
DP01,2026-01-15,-0.30454286056271573,0.05740452553953041,-0.13000520679726527,0.7633641450856153,-0.08604514029800492,0.8471686105312373,0.03696830028391817,0.7457099436720935,0.7934281010215434,0.7594800845689563,0.34829305030449087,99.87029604429108,0.0572390572390572,0.0134680134680134,0.0,0.0,2,"['Power_Efficiency', 'Top_Kerf']",0.3891118671267577,2.786344402435927,10.0,86.8,-0.30454286056271573,0.05740452553953041,-0.13000520679726527,0.7633641450856153,-0.08604514029800492,0.8471686105312373,0.03696830028391817,0.7457099436720935,0.7934281010215434,0.7594800845689563
DP01,2026-01-16,-0.228787515215906,0.061304759427017415,-0.149717577298942,0.7547418330308628,-0.05806157748939298,0.8144691315256503,-0.22624485236119984,0.7454898015332309,0.7389310086584769,0.7579418035212113,0.32100668153310086,99.87089752272507,0.057471264367816,0.0114942528735632,0.0,0.0,2,"['Power_Efficiency', 'Top_Kerf']",0.3873074318247802,2.568053452264807,10.0,87.0,-0.228787515215906,0.061304759427017415,-0.149717577298942,0.7547418330308628,-0.05806157748939298,0.8144691315256503,-0.22624485236119984,0.7454898015332309,0.7389310086584769,0.7579418035212113
DP01,2026-01-17,-0.22841359832557742,-0.09695572611023692,-0.13661381039101825,0.8202947440945765,-0.03808586341907646,0.8267817066892659,-0.036596830663689135,0.7667182068019212,0.7847210209234717,0.7319683499431674,0.33938181995428046,99.86634681003493,0.0759493670886076,0.0126582278481012,0.0,0.0,2,"['Power_Efficiency', 'Top_Kerf']",0.4009595698952211,2.7150545596342437,10.0,86.9,-0.22841359832557742,-0.09695572611023692,-0.13661381039101825,0.8202947440945765,-0.03808586341907646,0.8267817066892659,-0.036596830663689135,0.7667182068019212,0.7847210209234717,0.7319683499431674
DP01,2026-01-18,-0.22008982558341153,0.007593256397320338,-0.1296562756377057,0.7718315341819724,-0.1404098775296003,0.7966390711693367,0.029674444953994912,0.823995168577018,0.8047605493747502,0.7438137865223654,0.348815183242604,99.86473777780324,0.0615384615384615,0.0153846153846153,0.0,0.0,2,"['Power_Efficiency', 'Top_Kerf']",0.4057866665902736,2.790521465940832,10.0,86.8,-0.22008982558341153,0.007593256397320338,-0.1296562756377057,0.7718315341819724,-0.1404098775296003,0.7966390711693367,0.029674444953994912,0.823995168577018,0.8047605493747502,0.7438137865223654
DP01,2026-01-19,-0.2935726854015162,0.08308338691070058,-0.10950865046808542,0.831755018241679,-0.05677745634653339,0.7944445434055684,-0.09246358879854975,0.7523388637584801,0.7249306661231949,0.7488394854375467,0.3383069582862485,99.86405801523486,0.0590277777777777,0.0208333333333333,0.0,0.0,2,"['Power_Efficiency', 'Top_Kerf']",0.40782595429541857,2.706455666289988,10.0,86.9,-0.2935726854015162,0.08308338691070058,-0.10950865046808542,0.831755018241679,-0.05677745634653339,0.7944445434055684,-0.09246358879854975,0.7523388637584801,0.7249306661231949,0.7488394854375467
DP01,2026-01-20,-0.16256519318121151,0.015175877762028816,-0.13437665457207013,0.8248274537714577,-0.06765627909165892,0.7967308724843097,0.08418475349185395,0.8097342876791882,0.7656519238322067,0.7740857497561395,0.3705792791932244,99.8543545830738,0.0909090909090909,0.0244755244755244,0.0,0.0,2,"['Power_Efficiency', 'Top_Kerf']",0.43693625077860077,2.9646342335457954,10.0,86.6,-0.16256519318121151,0.015175877762028816,-0.13437665457207013,0.8248274537714577,-0.06765627909165892,0.7967308724843097,0.08418475349185395,0.8097342876791882,0.7656519238322067,0.7740857497561395
DP01,2026-01-21,-0.26352529217251985,-0.028485351293385586,-0.1312920207882089,0.8008338433046217,-0.06590703287122858,0.8111193648209188,-0.02555082693486132,0.815935779439136,0.7465592384157421,0.7659496904516278,0.3425637392371842,99.8534860864543,0.0754098360655737,0.0163934426229508,0.0,0.0,2,"['Power_Efficiency', 'Top_Kerf']",0.43954174063711093,2.7405099138974736,10.0,86.8,-0.26352529217251985,-0.028485351293385586,-0.1312920207882089,0.8008338433046217,-0.06590703287122858,0.8111193648209188,-0.02555082693486132,0.815935779439136,0.7465592384157421,0.7659496904516278
DP01,2026-01-22,-0.1990299419853317,0.06979707164849948,-0.08890122558072704,0.7198838333265745,-0.15181102968434343,0.7953405682825024,0.07106122337244926,0.722730883673034,0.72037064704525,0.7113411818080209,0.3370783211905929,99.8395925725608,0.0804195804195804,0.0349650349650349,0.0,0.0,2,"['Power_Efficiency', 'Top_Kerf']",0.4812222823175887,2.696626569524743,10.0,86.8,-0.1990299419853317,0.06979707164849948,-0.08890122558072704,0.7198838333265745,-0.15181102968434343,0.7953405682825024,0.07106122337244926,0.722730883673034,0.72037064704525,0.7113411818080209
DP01,2026-01-23,-0.21759438178857,-0.05572204615538439,-0.10582099937185233,0.8044847651068131,-0.06383702880875532,0.772193192514234,-0.030373261478807756,0.79183589342462,0.7954353885159762,0.8354586370953857,0.35260601590536594,99.8417556742329,0.0728476821192053,0.009933774834437,0.0,0.0,2,"['Power_Efficiency', 'Top_Kerf']",0.4747329773013007,2.8208481272429275,10.0,86.7,-0.21759438178857,-0.05572204615538439,-0.10582099937185233,0.8044847651068131,-0.06383702880875532,0.772193192514234,-0.030373261478807756,0.79183589342462,0.7954353885159762,0.8354586370953857
DP01,2026-01-24,-0.3324104836868052,0.08088038376493348,-0.15801987186388464,0.8624451283385608,-0.027160055109581943,0.8454055883056357,0.06247674137304639,0.8282469970113321,0.8838907945430036,0.8379118208257121,0.3883667043501952,99.8354063179402,0.0783582089552238,0.0298507462686567,0.0,0.0,2,"['Power_Efficiency', 'Top_Kerf']",0.4937810461794072,3.1069336348015617,10.0,86.4,-0.3324104836868052,0.08088038376493348,-0.15801987186388464,0.8624451283385608,-0.027160055109581943,0.8454055883056357,0.06247674137304639,0.8282469970113321,0.8838907945430036,0.8379118208257121
DP01,2026-01-25,-0.2443817568923188,0.04124167933274006,-0.1822851695037105,0.6839963538667017,-0.028460709265066008,0.8070331335043884,0.03972417975577504,0.8038889434541495,0.7802839326790911,0.7987294646321985,0.34997700515639496,99.83370866889936,0.0696864111498257,0.0104529616724738,0.0,0.0,2,"['Power_Efficiency', 'Top_Kerf']",0.4988739933019133,2.7998160412511597,10.0,86.7,-0.2443817568923188,0.04124167933274006,-0.1822851695037105,0.6839963538667017,-0.028460709265066008,0.8070331335043884,0.03972417975577504,0.8038889434541495,0.7802839326790911,0.7987294646321985
DP01,2026-01-26,-0.17880580786288358,0.08608553040259473,-0.26485167908218965,0.8085794314053967,-0.0418256361017026,0.8568757572462403,0.043406667048743554,0.7239722341718694,0.7558053261067363,0.7641602168052151,0.355340204014002,99.8233396975929,0.1057692307692307,0.0224358974358974,0.0,0.0,2,"['Power_Efficiency', 'Top_Kerf']",0.5299809072213009,2.842721632112016,10.0,86.6,-0.17880580786288358,0.08608553040259473,-0.26485167908218965,0.8085794314053967,-0.0418256361017026,0.8568757572462403,0.043406667048743554,0.7239722341718694,0.7558053261067363,0.7641602168052151
DP01,2026-01-27,-0.18485209693088206,-0.051070280246656934,-0.07701093123969034,0.7200883764323497,-0.06785600755568358,0.7861526383543069,0.02198799292966553,0.8857906946767815,0.8211408491105565,0.8360948433225147,0.36904660788532617,99.83644191227962,0.0739436619718309,0.0140845070422535,0.0035211267605633,0.0,2,"['Power_Efficiency', 'Top_Kerf']",0.49067426316112517,2.9523728630826094,10.0,86.6,-0.18485209693088206,-0.051070280246656934,-0.07701093123969034,0.7200883764323497,-0.06785600755568358,0.7861526383543069,0.02198799292966553,0.8857906946767815,0.8211408491105565,0.8360948433225147
DP01,2026-01-28,-0.18880763790561464,0.047468176426255934,-0.044114991319065336,0.7688676300864983,0.06388875468633967,0.7725844920622299,0.08292252402585638,0.7999038940919598,0.8327048444421883,0.8042847599897982,0.39397024465864466,99.83460866708307,0.050179211469534,0.025089605734767,0.0,0.0,2,"['Power_Efficiency', 'Top_Kerf']",0.49617399875077695,3.1517619572691573,10.0,86.4,-0.18880763790561464,0.047468176426255934,-0.044114991319065336,0.7688676300864983,0.06388875468633967,0.7725844920622299,0.08292252402585638,0.7999038940919598,0.8327048444421883,0.8042847599897982
DP01,2026-01-29,-0.2605178641625207,-0.03332331163498472,-0.15461485172532324,0.7999665255997621,-0.16475225940216645,0.8087931239072716,-0.04811083941496123,0.753920333459138,0.767690395988688,0.750869467065622,0.3219920719680526,99.84791395385405,0.0685920577617328,0.0180505415162454,0.0,0.0,2,"['Power_Efficiency', 'Top_Kerf']",0.45625813843786034,2.5759365757444206,10.0,87.0,-0.2605178641625207,-0.03332331163498472,-0.15461485172532324,0.7999665255997621,-0.16475225940216645,0.8087931239072716,-0.04811083941496123,0.753920333459138,0.767690395988688,0.750869467065622
DP01,2026-01-30,-0.25737058259901163,0.004728902195919842,-0.2046986242762174,0.7394101705899683,0.009222797042805361,0.781290110992414,0.031055386231359863,0.8280397972017315,0.7997951000179446,0.7558820446106665,0.34873551020075805,99.85052181154204,0.0520446096654275,0.0148698884758364,0.0,0.0,2,"['Power_Efficiency', 'Top_Kerf']",0.44843456537388704,2.7898840816060644,10.0,86.8,-0.25737058259901163,0.004728902195919842,-0.2046986242762174,0.7394101705899683,0.009222797042805361,0.781290110992414,0.031055386231359863,0.8280397972017315,0.7997951000179446,0.7558820446106665
DP01,2026-01-31,-0.27932439704521145,0.015884615420344826,-0.19261973967119123,0.7441437981359635,0.012606332894422676,0.7501287224281502,-0.031696798268048325,0.7964100044035487,0.8130844007065896,0.8248254628349133,0.34534424018394816,99.86336362437568,0.0401459854014598,0.0218978102189781,0.0,0.0,2,"['Power_Efficiency', 'Top_Kerf']",0.4099091268729609,2.7627539214715853,10.0,86.8,-0.27932439704521145,0.015884615420344826,-0.19261973967119123,0.7441437981359635,0.012606332894422676,0.7501287224281502,-0.031696798268048325,0.7964100044035487,0.8130844007065896,0.8248254628349133
DP01,2026-02-01,-0.27511441828679206,-0.013090442567640444,-0.12563961510564284,0.8425596054120363,-0.07707790688018262,0.8631676162252918,0.08069208105706542,0.7724168186015584,0.8038433106290108,0.753463080502201,0.3625220129586906,99.85849396080084,0.050179211469534,0.025089605734767,0.0,0.0,2,"['Power_Efficiency', 'Top_Kerf']",0.42451811759747216,2.9001761036695246,10.0,86.7,-0.27511441828679206,-0.013090442567640444,-0.12563961510564284,0.8425596054120363,-0.07707790688018262,0.8631676162252918,0.08069208105706542,0.7724168186015584,0.8038433106290108,0.753463080502201
DP01,2026-02-02,-0.35505501581074966,0.044292548479278375,-0.10381193454560357,0.7726383768392459,-0.02862462526200511,0.8429516984194956,-0.038747333570122326,0.8462628158581608,0.8382578659891561,0.8337312479323373,0.36518956443291933,99.86955299980106,0.0627450980392156,0.0196078431372549,0.0,0.0,2,"['Power_Efficiency', 'Top_Kerf']",0.39134100059682453,2.9215165154633547,10.0,86.7,-0.35505501581074966,0.044292548479278375,-0.10381193454560357,0.7726383768392459,-0.02862462526200511,0.8429516984194956,-0.038747333570122326,0.8462628158581608,0.8382578659891561,0.8337312479323373
DP01,2026-02-03,-0.21971468311219722,0.03790967267240215,-0.2192437959093473,0.7978308936181807,-0.09750503915215282,0.8045773639250507,0.052493054185213904,0.7767118451289429,0.8067393354973132,0.706016413907307,0.34458150607607135,99.8594519660895,0.0817843866171003,0.0297397769516728,0.0,0.0,2,"['Power_Efficiency', 'Top_Kerf']",0.42164410173151623,2.756652048608571,10.0,86.8,-0.21971468311219722,0.03790967267240215,-0.2192437959093473,0.7978308936181807,-0.09750503915215282,0.8045773639250507,0.052493054185213904,0.7767118451289429,0.8067393354973132,0.706016413907307
DP01,2026-02-04,-0.2643779127374381,-0.11117964576262696,-0.03253042663362709,0.8426202040882799,-0.04318181787948889,0.7874894040631584,-0.1127855690470714,0.7520982884995384,0.7486939760347816,0.7700678190436231,0.3336914319669129,99.8577718585626,0.0766129032258064,0.0241935483870967,0.0,0.0,2,"['Power_Efficiency', 'Top_Kerf']",0.42668442431219944,2.6695314557353034,10.0,86.9,-0.2643779127374381,-0.11117964576262696,-0.03253042663362709,0.8426202040882799,-0.04318181787948889,0.7874894040631584,-0.1127855690470714,0.7520982884995384,0.7486939760347816,0.7700678190436231
DP01,2026-02-05,-0.17501743792844116,0.020989130647970394,-0.08917028784036854,0.795958660039539,-0.057718012614302934,0.7547260934955596,0.08063722264889917,0.7133948121217313,0.7634365590052675,0.786265841248653,0.35935025808245075,99.85596635672891,0.0868055555555555,0.0138888888888888,0.0,0.0,2,"['Power_Efficiency', 'Top_Kerf']",0.4321009298132594,2.874802064659606,10.0,86.7,-0.17501743792844116,0.020989130647970394,-0.08917028784036854,0.795958660039539,-0.057718012614302934,0.7547260934955596,0.08063722264889917,0.7133948121217313,0.7634365590052675,0.786265841248653
DP01,2026-02-06,-0.3264502893994517,0.002380922751787871,-0.14355749506458604,0.7496649475941689,-0.15332655362007863,0.8160799415907724,0.10991969070583024,0.8125625413306881,0.7709873720598064,0.7847804444376073,0.34230415223865446,99.85251672331296,0.0590277777777777,0.0173611111111111,0.0,0.0,2,"['Power_Efficiency', 'Top_Kerf']",0.44244983006112193,2.7384332179092357,10.0,86.8,-0.3264502893994517,0.002380922751787871,-0.14355749506458604,0.7496649475941689,-0.15332655362007863,0.8160799415907724,0.10991969070583024,0.8125625413306881,0.7709873720598064,0.7847804444376073
DP01,2026-02-07,-0.20812217792468735,-0.06722746900361845,-0.11540649963911,0.8014642298343733,0.017967762051478882,0.8198476796968295,-0.09729959275883437,0.7904675545672382,0.7837112125097386,0.8043212290622151,0.3529723928395624,99.84653517861032,0.0547945205479452,0.0205479452054794,0.0,0.0,2,"['Power_Efficiency', 'Top_Kerf']",0.46039446416902763,2.823779142716499,10.0,86.7,-0.20812217792468735,-0.06722746900361845,-0.11540649963911,0.8014642298343733,0.017967762051478882,0.8198476796968295,-0.09729959275883437,0.7904675545672382,0.7837112125097386,0.8043212290622151
DP01,2026-02-08,-0.2539056971254477,0.08740845663579926,-0.09294302792765272,0.7515172509492771,-0.0008633657607000746,0.827052335091468,-0.02468364483216208,0.8508314067509295,0.817506791116204,0.7984255183610871,0.3760346023258802,99.84712721650074,0.05859375,0.0234375,0.00390625,0.0,2,"['Power_Efficiency', 'Top_Kerf']",0.45861835049778676,3.0082768186070417,10.0,86.5,-0.2539056971254477,0.08740845663579926,-0.09294302792765272,0.7515172509492771,-0.0008633657607000746,0.827052335091468,-0.02468364483216208,0.8508314067509295,0.817506791116204,0.7984255183610871
DP01,2026-02-09,-0.2692317716062324,-0.10363579630419398,-0.16146023477325377,0.7534133997154977,-0.11650362261631982,0.7925323755244715,-0.06923359561425174,0.7968970551305826,0.7810225417008868,0.7927699862174516,0.31965703373746385,99.84015930298152,0.0866425992779783,0.0180505415162454,0.0,0.0,2,"['Power_Efficiency', 'Top_Kerf']",0.4795220910554434,2.5572562698997108,10.0,87.0,-0.2692317716062324,-0.10363579630419398,-0.16146023477325377,0.7534133997154977,-0.11650362261631982,0.7925323755244715,-0.06923359561425174,0.7968970551305826,0.7810225417008868,0.7927699862174516
DP01,2026-02-10,-0.3080855057730164,0.0075827301180684545,-0.07061374407740202,0.7514579827357353,-0.15903669967442513,0.8046725141596246,0.055015747226752995,0.8137344819143777,0.86018270165885,0.8020410364847612,0.35569512447733265,99.84711465098464,0.0652173913043478,0.0217391304347826,0.0036231884057971,0.0036231884057971,2,"['Power_Efficiency', 'Top_Kerf']",0.458656047046091,2.845560995818661,10.0,86.7,-0.3080855057730164,0.0075827301180684545,-0.07061374407740202,0.7514579827357353,-0.15903669967442513,0.8046725141596246,0.055015747226752995,0.8137344819143777,0.86018270165885,0.8020410364847612
DP01,2026-02-11,-0.2083927133718348,-0.05769006508802319,-0.13784992100047286,0.7854632132264291,-0.1371895574820359,0.7332632174828033,-0.026721431748973113,0.7801985040313896,0.7888078053813886,0.6958507947329376,0.3215739846163609,99.84395148350696,0.0804195804195804,0.0279720279720279,0.0,0.0,2,"['Power_Efficiency', 'Top_Kerf']",0.46814554947913223,2.572591876930887,10.0,87.0,-0.2083927133718348,-0.05769006508802319,-0.13784992100047286,0.7854632132264291,-0.1371895574820359,0.7332632174828033,-0.026721431748973113,0.7801985040313896,0.7888078053813886,0.6958507947329376
DP01,2026-02-12,-0.24197608784339264,0.019801028012550886,-0.11716503476865946,0.7812077599418396,-0.018433726763112095,0.8317811818603962,-0.08463175633147929,0.834721574396298,0.8041106894881835,0.821184706957948,0.3630600334950572,99.83615498453102,0.082437275985663,0.032258064516129,0.0,0.0,2,"['Power_Efficiency', 'Top_Kerf']",0.4915350464069377,2.9044802679604578,10.0,86.6,-0.24197608784339264,0.019801028012550886,-0.11716503476865946,0.7812077599418396,-0.018433726763112095,0.8317811818603962,-0.08463175633147929,0.834721574396298,0.8041106894881835,0.821184706957948
DP01,2026-02-13,-0.19655570944101358,0.04907325986942422,-0.021815374801561243,0.8293565790702401,-0.053106436271367276,0.8191867252021982,-0.07776269578498242,0.8091044680705967,0.813679477070416,0.7774121884766189,0.3748572481460569,99.84354711864457,0.047457627118644,0.0169491525423728,0.0,0.0,2,"['Power_Efficiency', 'Top_Kerf']",0.469358644066304,2.9988579851684554,10.0,86.5,-0.19655570944101358,0.04907325986942422,-0.021815374801561243,0.8293565790702401,-0.053106436271367276,0.8191867252021982,-0.07776269578498242,0.8091044680705967,0.813679477070416,0.7774121884766189
DP01,2026-02-14,-0.1816030464768384,-0.1481480228455327,-0.20141720316979,0.7658525428446654,-0.14167376382630711,0.7743938558842325,-0.0007488598976101937,0.8278852965887603,0.7771722201323363,0.7915415087972165,0.32632545280311326,99.85178490150612,0.0528169014084507,0.0070422535211267,0.0,0.0,2,"['Power_Efficiency', 'Top_Kerf']",0.4446452954816351,2.610603622424906,10.0,86.9,-0.1816030464768384,-0.1481480228455327,-0.20141720316979,0.7658525428446654,-0.14167376382630711,0.7743938558842325,-0.0007488598976101937,0.8278852965887603,0.7771722201323363,0.7915415087972165
DP01,2026-02-15,-0.24085583377571904,-0.02438557198704663,-0.11491966880325574,0.7623927697295582,-0.12392911433095943,0.8234153055043149,-0.0039691671626725005,0.7388395220557047,0.8374688438268098,0.8582235147530656,0.35122805998097995,99.85611691208813,0.0629629629629629,0.0148148148148148,0.0,0.0,2,"['Power_Efficiency', 'Top_Kerf']",0.43164926373562196,2.8098244798478396,10.0,86.8,-0.24085583377571904,-0.02438557198704663,-0.11491966880325574,0.7623927697295582,-0.12392911433095943,0.8234153055043149,-0.0039691671626725005,0.7388395220557047,0.8374688438268098,0.8582235147530656
DP01,2026-02-16,-0.24648605574276047,-0.02592872382765969,-0.14098105079769302,0.8136066621673522,-0.09132119066099134,0.7865782877192238,0.11199041419558704,0.8264731709807012,0.7632496151398889,0.8029833078427834,0.3600164437016432,99.86405755046368,0.0583941605839416,0.0145985401459854,0.0,0.0,2,"['Power_Efficiency', 'Top_Kerf']",0.4078273486089472,2.8801315496131457,10.0,86.7,-0.24648605574276047,-0.02592872382765969,-0.14098105079769302,0.8136066621673522,-0.09132119066099134,0.7865782877192238,0.11199041419558704,0.8264731709807012,0.7632496151398889,0.8029833078427834
DP01,2026-02-17,-0.1979127785950036,-0.014425223375012442,-0.05158719948177441,0.7633045295153421,-0.12503124757956158,0.8000580015466434,-0.12471757874566806,0.867998663554995,0.8665280332949435,0.8148201777508226,0.35990353778857265,99.85491568301435,0.0842490842490842,0.0476190476190476,0.0,0.0,2,"['Power_Efficiency', 'Top_Kerf']",0.4352529509569365,2.879228302308581,10.0,86.7,-0.1979127785950036,-0.014425223375012442,-0.05158719948177441,0.7633045295153421,-0.12503124757956158,0.8000580015466434,-0.12471757874566806,0.867998663554995,0.8665280332949435,0.8148201777508226
DP01,2026-02-18,-0.2375004151202114,-0.1058931534982602,-0.19513351285550146,0.7954932647822751,0.006059958968204202,0.8301858172702405,0.04299959000257252,0.7688042472856536,0.7978169314017797,0.8283846667685328,0.3531217395005285,99.86792201630372,0.0679245283018867,0.0,0.0,0.0,2,"['Power_Efficiency', 'Top_Kerf']",0.3962339510888313,2.824973916004228,10.0,86.8,-0.2375004151202114,-0.1058931534982602,-0.19513351285550146,0.7954932647822751,0.006059958968204202,0.8301858172702405,0.04299959000257252,0.7688042472856536,0.7978169314017797,0.8283846667685328
DP01,2026-02-19,-0.25882952513097357,0.03225293016812026,-0.10051958558302337,0.7805040619132372,-0.053593529608322706,0.8384074615560609,0.022094902402091283,0.784279590497476,0.7269905129891681,0.8331240723379527,0.36047108915417864,99.86099323243602,0.0744680851063829,0.0460992907801418,0.0,0.0,2,"['Power_Efficiency', 'Top_Kerf']",0.41702030269195234,2.883768713233429,10.0,86.7,-0.25882952513097357,0.03225293016812026,-0.10051958558302337,0.7805040619132372,-0.053593529608322706,0.8384074615560609,0.022094902402091283,0.784279590497476,0.7269905129891681,0.8331240723379527
DP01,2026-02-20,-0.19175014715697866,0.016770334074850356,-0.2403376681264762,0.7649739874883863,-0.07427132864493866,0.7994680771507254,-0.04121942137198692,0.8346790226215544,0.7940657856840818,0.7944519427175863,0.3456830584436804,99.84375637700556,0.0874524714828897,0.0304182509505703,0.0,0.0,2,"['Power_Efficiency', 'Top_Kerf']",0.4687308689833145,2.7654644675494433,10.0,86.8,-0.19175014715697866,0.016770334074850356,-0.2403376681264762,0.7649739874883863,-0.07427132864493866,0.7994680771507254,-0.04121942137198692,0.8346790226215544,0.7940657856840818,0.7944519427175863
DP01,2026-02-21,-0.16538788563624496,0.0014567034208261885,-0.12065094443741314,0.7537268814975635,-0.09019282344894641,0.762573061455447,-0.050330080660748934,0.8244043485698838,0.7173074111846028,0.7571323821521806,0.33900390540971503,99.83665499679444,0.0842105263157894,0.0070175438596491,0.0,0.0,2,"['Power_Efficiency', 'Top_Kerf']",0.49003500961669033,2.7120312432777203,10.0,86.8,-0.16538788563624496,0.0014567034208261885,-0.12065094443741314,0.7537268814975635,-0.09019282344894641,0.762573061455447,-0.050330080660748934,0.8244043485698838,0.7173074111846028,0.7571323821521806
DP01,2026-02-22,-0.1788277710146095,0.11303905530120689,-0.11930784645196704,0.7639424473924534,0.012662417554838793,0.8394552847490139,0.017915524821384865,0.7458731378443556,0.7458078249157203,0.739412141311869,0.36799722164242665,99.8315789385934,0.0729166666666666,0.03125,0.0,0.0,2,"['Power_Efficiency', 'Top_Kerf']",0.5052631842198139,2.9439777731394132,10.0,86.6,-0.1788277710146095,0.11303905530120689,-0.11930784645196704,0.7639424473924534,0.012662417554838793,0.8394552847490139,0.017915524821384865,0.7458731378443556,0.7458078249157203,0.739412141311869
DP01,2026-02-23,-0.1104578834423146,0.035852163634788436,-0.05453855785340553,0.8119891627419593,-0.0011500421832158643,0.791037863921532,0.10915196095882698,0.7552263373668483,0.7990640799150964,0.7852134321161096,0.39213885171762247,99.82205969386328,0.0886075949367088,0.0221518987341772,0.0,0.0,2,"['Power_Efficiency', 'Top_Kerf']",0.5338209184101572,3.1371108137409798,10.0,86.3,-0.1104578834423146,0.035852163634788436,-0.05453855785340553,0.8119891627419593,-0.0011500421832158643,0.791037863921532,0.10915196095882698,0.7552263373668483,0.7990640799150964,0.7852134321161096
DP01,2026-02-24,-0.2347055508017802,0.07545193650703093,-0.08608247307147475,0.831109646018368,-0.06886149060869515,0.8206373089565062,-0.04246511861461565,0.8134978295340052,0.7936044081553917,0.7952504190799445,0.36974369151546804,99.82968763535868,0.0760456273764258,0.0152091254752851,0.0,0.0,2,"['Power_Efficiency', 'Top_Kerf']",0.5109370939239568,2.9579495321237443,10.0,86.5,-0.2347055508017802,0.07545193650703093,-0.08608247307147475,0.831109646018368,-0.06886149060869515,0.8206373089565062,-0.04246511861461565,0.8134978295340052,0.7936044081553917,0.7952504190799445
DP01,2026-02-25,-0.17036724200522171,0.03327071211219529,-0.09762530029428527,0.8216112544208996,0.009477639603908143,0.7835590468482299,0.056182019447895255,0.7574574006878244,0.7724729491049968,0.786855908262656,0.3752894388189098,99.8244015718328,0.0498338870431893,0.0265780730897009,0.0,0.0,2,"['Power_Efficiency', 'Top_Kerf']",0.5267952845016168,3.0023155105512784,10.0,86.5,-0.17036724200522171,0.03327071211219529,-0.09762530029428527,0.8216112544208996,0.009477639603908143,0.7835590468482299,0.056182019447895255,0.7574574006878244,0.7724729491049968,0.786855908262656
DP01,2026-02-26,-0.27158260488443914,0.005029605275375645,-0.06552477669851162,0.8083575505915791,-0.02497329322138291,0.7713344970532604,-0.12043698875408701,0.7973058859326306,0.8182109322903808,0.8502327670143645,0.3567953574599171,99.83219346044416,0.0924092409240924,0.0198019801980198,0.0,0.0,2,"['Power_Efficiency', 'Top_Kerf']",0.5034196186675217,2.8543628596793367,10.0,86.6,-0.27158260488443914,0.005029605275375645,-0.06552477669851162,0.8083575505915791,-0.02497329322138291,0.7713344970532604,-0.12043698875408701,0.7973058859326306,0.8182109322903808,0.8502327670143645
DP01,2026-02-27,-0.2657308388051666,0.06629765613118005,-0.1805740140738418,0.8394366244479206,-0.05180408052977868,0.7701929627772327,-0.05532522680354766,0.803370610404787,0.7905050185794255,0.8354803637201813,0.3551849075848392,99.84386261507156,0.0647482014388489,0.0215827338129496,0.0,0.0,2,"['Power_Efficiency', 'Top_Kerf']",0.4684121547853266,2.841479260678714,10.0,86.7,-0.2657308388051666,0.06629765613118005,-0.1805740140738418,0.8394366244479206,-0.05180408052977868,0.7701929627772327,-0.05532522680354766,0.803370610404787,0.7905050185794255,0.8354803637201813
DP01,2026-02-28,-0.19441409068581986,-0.012752173281416139,-0.14867813038021466,0.7746390459048212,-0.086560695526011,0.7724779808771097,0.001157741576105208,0.7694892127390894,0.7925618314110128,0.7642345036298737,0.3432155226264551,99.8351810506026,0.0916334661354581,0.0239043824701195,0.0,0.0,2,"['Power_Efficiency', 'Top_Kerf']",0.4944568481922005,2.745724181011641,10.0,86.8,-0.19441409068581986,-0.012752173281416139,-0.14867813038021466,0.7746390459048212,-0.086560695526011,0.7724779808771097,0.001157741576105208,0.7694892127390894,0.7925618314110128,0.7642345036298737
DP01,2026-03-01,-0.2940005797599048,0.008490086539662612,-0.1420096380668304,0.7737020757835684,-0.16314949721614747,0.7553486942980003,0.09526188168091673,0.7820422278717195,0.7603405588268772,0.7784764405667838,0.3354502250524646,99.8297497622336,0.0940766550522648,0.0278745644599303,0.0,0.0,2,"['Power_Efficiency', 'Top_Kerf']",0.5107507132991884,2.6836018004197166,10.0,86.8,-0.2940005797599048,0.008490086539662612,-0.1420096380668304,0.7737020757835684,-0.16314949721614747,0.7553486942980003,0.09526188168091673,0.7820422278717195,0.7603405588268772,0.7784764405667838
DP01,2026-03-02,-0.24604976061033,-0.02047052275728591,-0.07612666277277837,0.7235069229335109,-0.06091372748876537,0.7877977858318554,0.08789212964043966,0.800399948217449,0.7600287444465738,0.7807236850877152,0.3536788542528384,99.82896920679563,0.0735785953177257,0.0234113712374581,0.0,0.0,2,"['Power_Efficiency', 'Top_Kerf']",0.5130923796130986,2.8294308340227072,10.0,86.7,-0.24604976061033,-0.02047052275728591,-0.07612666277277837,0.7235069229335109,-0.06091372748876537,0.7877977858318554,0.08789212964043966,0.800399948217449,0.7600287444465738,0.7807236850877152
DP01,2026-03-03,-0.32782375379731643,0.11224690669986688,-0.16824558941483148,0.7337142293314378,-0.002746692527652994,0.7857856450768633,-0.08128202693900813,0.7768913754374784,0.7728555641219756,0.7793195654547129,0.33807152234435256,99.82415055713751,0.0790378006872852,0.0378006872852233,0.0,0.0,2,"['Power_Efficiency', 'Top_Kerf']",0.5275483285874571,2.7045721787548205,10.0,86.8,-0.32782375379731643,0.11224690669986688,-0.16824558941483148,0.7337142293314378,-0.002746692527652994,0.7857856450768633,-0.08128202693900813,0.7768913754374784,0.7728555641219756,0.7793195654547129
DP01,2026-03-04,-0.181224536934489,0.03898585186526283,-0.23241154832140734,0.9013399229773209,-0.08318122093692944,0.8098594772598785,0.045554214930566606,0.815275032595054,0.8422373398611644,0.7981922018266724,0.3754626735123094,99.81612648669712,0.0783582089552238,0.0261194029850746,0.0,0.0,2,"['Power_Efficiency', 'Top_Kerf']",0.5516205399086545,3.003701388098475,10.0,86.4,-0.181224536934489,0.03898585186526283,-0.23241154832140734,0.9013399229773209,-0.08318122093692944,0.8098594772598785,0.045554214930566606,0.815275032595054,0.8422373398611644,0.7981922018266724
DP01,2026-03-05,-0.2173908790042039,0.004462034826128949,-0.07807665737053984,0.7628184223594994,-0.03347602870022339,0.7414385091434431,0.019293373153533595,0.7939951580019559,0.7832039783060768,0.809883514856912,0.35861514255725824,99.81530540728458,0.0754716981132075,0.0377358490566037,0.0037735849056603,0.0,2,"['Power_Efficiency', 'Top_Kerf']",0.55408377814625,2.868921140458066,10.0,86.6,-0.2173908790042039,0.004462034826128949,-0.07807665737053984,0.7628184223594994,-0.03347602870022339,0.7414385091434431,0.019293373153533595,0.7939951580019559,0.7832039783060768,0.809883514856912
DP01,2026-03-06,-0.24757227073089047,0.04540999290503063,-0.12771923979619718,0.8147294157166236,-0.13176805541240144,0.8563352970185507,-0.10292284462892394,0.6941303073787969,0.7695407112135445,0.7481897835342932,0.33183530971984265,99.80917692323396,0.0786516853932584,0.0262172284644194,0.0,0.0,2,"['Power_Efficiency', 'Top_Kerf']",0.5724692302981111,2.654682477758741,10.0,86.8,-0.24757227073089047,0.04540999290503063,-0.12771923979619718,0.8147294157166236,-0.13176805541240144,0.8563352970185507,-0.10292284462892394,0.6941303073787969,0.7695407112135445,0.7481897835342932
DP01,2026-03-07,-0.28218884292159274,0.03087198782128946,-0.14079608811087493,0.7940987102415475,-0.030031955703414923,0.7755949671245923,-0.06971665124977663,0.7171893644977266,0.741073516955684,0.7661582839938662,0.3302253292649047,99.81810335782872,0.0600706713780918,0.0176678445229682,0.0035335689045936,0.0,2,"['Power_Efficiency', 'Top_Kerf']",0.5456899265138446,2.6418026341192378,10.0,86.8,-0.28218884292159274,0.03087198782128946,-0.14079608811087493,0.7940987102415475,-0.030031955703414923,0.7755949671245923,-0.06971665124977663,0.7171893644977266,0.741073516955684,0.7661582839938662
DP01,2026-03-08,-0.1730714024162977,0.10097102082063364,-0.167420143700201,0.8017810440060754,-0.015046707240729975,0.7864737037624616,-0.03416338048291245,0.7666992126618941,0.7703962107559081,0.7496833238550771,0.3586302882021909,99.82536840135334,0.0826771653543307,0.0118110236220472,0.0,0.0,2,"['Power_Efficiency', 'Top_Kerf']",0.5238947959399667,2.869042305617527,10.0,86.6,-0.1730714024162977,0.10097102082063364,-0.167420143700201,0.8017810440060754,-0.015046707240729975,0.7864737037624616,-0.03416338048291245,0.7666992126618941,0.7703962107559081,0.7496833238550771
DP01,2026-03-09,-0.21112969203343937,0.005562774796446082,-0.18557197169030412,0.7402844277450688,-0.15068872992063215,0.7915844709445742,-0.03573332659873424,0.7924812900112075,0.7166546503981761,0.7776431760050584,0.3241087069657421,99.83073773120528,0.066420664206642,0.018450184501845,0.0,0.0,2,"['Power_Efficiency', 'Top_Kerf']",0.5077868063841748,2.592869655725937,10.0,86.9,-0.21112969203343937,0.005562774796446082,-0.18557197169030412,0.7402844277450688,-0.15068872992063215,0.7915844709445742,-0.03573332659873424,0.7924812900112075,0.7166546503981761,0.7776431760050584
DP01,2026-03-10,-0.2438177604642239,-0.15070499225768255,-0.24688715776562417,0.8311380911305342,-0.19152671444475045,0.7859193522308824,-0.11785401407617462,0.8014197358283407,0.754895745347265,0.7682641383042377,0.2990846423832804,99.8389512749427,0.053231939163498,0.0190114068441064,0.0,0.0,2,"['Power_Efficiency', 'Top_Kerf']",0.4831461751718962,2.3926771390662434,10.0,87.1,-0.2438177604642239,-0.15070499225768255,-0.24688715776562417,0.8311380911305342,-0.19152671444475045,0.7859193522308824,-0.11785401407617462,0.8014197358283407,0.754895745347265,0.7682641383042377
DP01,2026-03-11,-0.2655220082514577,0.10563825067680234,-0.04583516362996092,0.7424575816463087,-0.11627443140695122,0.8238928412990059,-0.14369193074254297,0.7850641183603799,0.7174441977629188,0.7822916668716908,0.33854651225861937,99.84722137402711,0.0625,0.0147058823529411,0.0,0.0,2,"['Power_Efficiency', 'Top_Kerf']",0.4583358779186568,2.708372098068955,10.0,86.8,-0.2655220082514577,0.10563825067680234,-0.04583516362996092,0.7424575816463087,-0.11627443140695122,0.8238928412990059,-0.14369193074254297,0.7850641183603799,0.7174441977629188,0.7822916668716908
DP01,2026-03-12,-0.33637047527196257,-0.0021128988923093538,-0.18511445236974788,0.7691308890013625,0.02460338003903576,0.7736810157733505,0.06286221598741068,0.7451426286046791,0.75339191905389,0.7318791061552935,0.3337093328081002,99.85765511077824,0.0517928286852589,0.0159362549800796,0.0,0.0,2,"['Power_Efficiency', 'Top_Kerf']",0.4270346676652821,2.669674662464802,10.0,86.9,-0.33637047527196257,-0.0021128988923093538,-0.18511445236974788,0.7691308890013625,0.02460338003903576,0.7736810157733505,0.06286221598741068,0.7451426286046791,0.75339191905389,0.7318791061552935
DP01,2026-03-13,-0.20442324186475308,-0.01885814822425868,-0.07526693932394342,0.7764636380218995,-0.06752437782493605,0.8149473391950891,-0.08858528704443396,0.7951594396239576,0.854018597103108,0.806775714914088,0.35927067345758174,99.86282721707391,0.057471264367816,0.0153256704980842,0.0,0.0,2,"['Power_Efficiency', 'Top_Kerf']",0.41151834877825877,2.874165387660654,10.0,86.7,-0.20442324186475308,-0.01885814822425868,-0.07526693932394342,0.7764636380218995,-0.06752437782493605,0.8149473391950891,-0.08858528704443396,0.7951594396239576,0.854018597103108,0.806775714914088
DP01,2026-03-14,-0.2451867196966992,-0.0016096646546943818,-0.22540699964235905,0.7703769572432284,-0.08158098338415162,0.7988856356127266,-0.07688875904043894,0.8107239275516297,0.7956982433437206,0.73880802469608,0.3283819662029042,99.85769512890298,0.0689655172413793,0.0191570881226053,0.0,0.0,2,"['Power_Efficiency', 'Top_Kerf']",0.42691461329107483,2.6270557296232337,10.0,86.9,-0.2451867196966992,-0.0016096646546943818,-0.22540699964235905,0.7703769572432284,-0.08158098338415162,0.7988856356127266,-0.07688875904043894,0.8107239275516297,0.7956982433437206,0.73880802469608
DP01,2026-03-15,-0.23868282710476285,-0.01390698235800508,-0.17126838873272082,0.7742678705636051,0.02566302886054285,0.794846203678364,0.0616979942100181,0.8066169982857505,0.8367102818259153,0.8043078145600908,0.3680251993788798,99.85788587540848,0.0813953488372093,0.0116279069767441,0.0,0.0,2,"['Power_Efficiency', 'Top_Kerf']",0.42634237377454554,2.9442015950310383,10.0,86.6,-0.23868282710476285,-0.01390698235800508,-0.17126838873272082,0.7742678705636051,0.02566302886054285,0.794846203678364,0.0616979942100181,0.8066169982857505,0.8367102818259153,0.8043078145600908
DP01,2026-03-16,-0.24640061636456043,-0.02118531406678495,-0.12236008610965796,0.7888701668288277,-0.10548153066751709,0.8650266639486528,-0.02198693934569054,0.7497475071989419,0.8085706951249468,0.7803345412435456,0.34751350877907033,99.85714923315308,0.0717131474103585,0.0239043824701195,0.0,0.0,2,"['Power_Efficiency', 'Top_Kerf']",0.4285523005407583,2.7801080702325627,10.0,86.8,-0.24640061636456043,-0.02118531406678495,-0.12236008610965796,0.7888701668288277,-0.10548153066751709,0.8650266639486528,-0.02198693934569054,0.7497475071989419,0.8085706951249468,0.7803345412435456
DP01,2026-03-17,-0.26152272606873755,-0.032606841541767545,-0.09750933137002424,0.7739098707262513,-0.19161143707550332,0.7747837771546492,0.10448774164942659,0.7833512605383282,0.7990844747876006,0.8465048191338482,0.34988716079340715,99.86223231546998,0.0606060606060606,0.0151515151515151,0.0,0.0,2,"['Power_Efficiency', 'Top_Kerf']",0.4133030535900559,2.799097286347257,10.0,86.8,-0.26152272606873755,-0.032606841541767545,-0.09750933137002424,0.7739098707262513,-0.19161143707550332,0.7747837771546492,0.10448774164942659,0.7833512605383282,0.7990844747876006,0.8465048191338482
DP01,2026-03-18,-0.2622013050223503,0.0716016043587262,-0.11218547363933926,0.7918677839179394,0.015581738524811053,0.823160725250343,-0.06673567229065412,0.7814987865470878,0.7549170031859213,0.7849425810421233,0.35824477718746084,99.8563237020246,0.0698529411764705,0.0294117647058823,0.0,0.0,2,"['Power_Efficiency', 'Top_Kerf']",0.4310288939262108,2.8659582174996867,10.0,86.7,-0.2622013050223503,0.0716016043587262,-0.11218547363933926,0.7918677839179394,0.015581738524811053,0.823160725250343,-0.06673567229065412,0.7814987865470878,0.7549170031859213,0.7849425810421233
DP01,2026-03-19,-0.19483262336075283,0.13738448171574036,-0.25175588895745626,0.7979090248121596,-0.07038510161017687,0.7901832237945546,0.020538672645866375,0.8087100463477488,0.9034014630835797,0.81289281991326,0.3754046118384523,99.85631526597771,0.0632411067193675,0.0158102766798418,0.0,0.0,2,"['Power_Efficiency', 'Top_Kerf']",0.4310542020668606,3.0032368947076185,10.0,86.6,-0.19483262336075283,0.13738448171574036,-0.25175588895745626,0.7979090248121596,-0.07038510161017687,0.7901832237945546,0.020538672645866375,0.8087100463477488,0.9034014630835797,0.81289281991326
DP01,2026-03-20,-0.24534952379332278,0.005424886156228706,-0.16048843463889584,0.8024664107205315,-0.07379152857522432,0.7605946677280476,-0.012515385133634902,0.7466123800709449,0.7455978458627383,0.7171749405553157,0.3285726258952729,99.85286461035314,0.0688405797101449,0.0253623188405797,0.0036231884057971,0.0,2,"['Power_Efficiency', 'Top_Kerf']",0.4414061689405884,2.6285810071621833,10.0,86.9,-0.24534952379332278,0.005424886156228706,-0.16048843463889584,0.8024664107205315,-0.07379152857522432,0.7605946677280476,-0.012515385133634902,0.7466123800709449,0.7455978458627383,0.7171749405553157
DP01,2026-03-21,-0.302481004467746,-0.03370524658275905,-0.15619374296264749,0.8074498003342229,-0.036929704851253686,0.7579384445116882,-0.0015377286847786244,0.8454771589674425,0.7973285224493553,0.8210693967944286,0.34984158955079525,99.8551947238932,0.0676156583629893,0.0177935943060498,0.0,0.0,2,"['Power_Efficiency', 'Top_Kerf']",0.4344158283203825,2.798732716406362,10.0,86.8,-0.302481004467746,-0.03370524658275905,-0.15619374296264749,0.8074498003342229,-0.036929704851253686,0.7579384445116882,-0.0015377286847786244,0.8454771589674425,0.7973285224493553,0.8210693967944286
DP01,2026-03-22,-0.20577191061291408,0.050228413088173766,-0.1251308392674754,0.8106472642441899,-0.1141712463310937,0.835570748363484,-0.1025242795338537,0.7984910174542997,0.8865793343478092,0.8023822377912967,0.3636300739543916,99.85086972164318,0.0671378091872791,0.0176678445229682,0.0,0.0,2,"['Power_Efficiency', 'Top_Kerf']",0.44739083507046473,2.909040591635133,10.0,86.6,-0.20577191061291408,0.050228413088173766,-0.1251308392674754,0.8106472642441899,-0.1141712463310937,0.835570748363484,-0.1025242795338537,0.7984910174542997,0.8865793343478092,0.8023822377912967
DP01,2026-03-23,-0.23656550886205846,0.01813623459872995,-0.15915493694427962,0.7330835919428094,-0.14727953206776548,0.7722236407522372,-0.0826076477599471,0.781466659493206,0.8686209682042688,0.772008842331633,0.33199323116888335,99.8585942797599,0.0694444444444444,0.0138888888888888,0.0,0.0,2,"['Power_Efficiency', 'Top_Kerf']",0.42421716072030335,2.655945849351067,10.0,86.9,-0.23656550886205846,0.01813623459872995,-0.15915493694427962,0.7330835919428094,-0.14727953206776548,0.7722236407522372,-0.0826076477599471,0.781466659493206,0.8686209682042688,0.772008842331633
DP01,2026-03-24,-0.3481182348765756,0.07092400196406533,-0.20022401272033963,0.82118094696741,-0.011078855597076907,0.7449098702427307,-0.031623226519520896,0.8572685737358813,0.8339401760783781,0.7355666495835838,0.3472745888858536,99.85392707196768,0.0477941176470588,0.0220588235294117,0.0,0.0,2,"['Power_Efficiency', 'Top_Kerf']",0.4382187840969749,2.778196711086829,10.0,86.8,-0.3481182348765756,0.07092400196406533,-0.20022401272033963,0.82118094696741,-0.011078855597076907,0.7449098702427307,-0.031623226519520896,0.8572685737358813,0.8339401760783781,0.7355666495835838
DP01,2026-03-25,-0.15142101996077822,0.09381194332567361,-0.07553579993845676,0.7662877809087019,-0.1118627137859913,0.764671438485454,0.08891701835300928,0.7902981230916692,0.8129766643701453,0.8344174222815578,0.3812560857130985,99.8492866983764,0.0697674418604651,0.0271317829457364,0.0,0.0,2,"['Power_Efficiency', 'Top_Kerf']",0.4521399048707906,3.050048685704788,10.0,86.5,-0.15142101996077822,0.09381194332567361,-0.07553579993845676,0.7662877809087019,-0.1118627137859913,0.764671438485454,0.08891701835300928,0.7902981230916692,0.8129766643701453,0.8344174222815578
DP01,2026-03-26,-0.24456455179399933,0.02961944919466169,-0.10725904119162101,0.7910560983442961,-0.04532208557196286,0.8134792303785202,0.0033988453679514056,0.7835778228889724,0.7642781893004227,0.79501800594752,0.3583281962864761,99.84243020083667,0.0844155844155844,0.0129870129870129,0.0,0.0,2,"['Power_Efficiency', 'Top_Kerf']",0.47270939748997876,2.866625570291809,10.0,86.7,-0.24456455179399933,0.02961944919466169,-0.10725904119162101,0.7910560983442961,-0.04532208557196286,0.8134792303785202,0.0033988453679514056,0.7835778228889724,0.7642781893004227,0.79501800594752
DP01,2026-03-27,-0.18860284715859582,-0.07883474930560579,-0.023984740429829222,0.7634544664830618,-0.08136779235496719,0.7163346393956472,0.0434951719342614,0.7980976173238826,0.8030093319201881,0.7950698468545843,0.3546670944662627,99.84191260249295,0.0744680851063829,0.0248226950354609,0.0,0.0,2,"['Power_Efficiency', 'Top_Kerf']",0.4742621925211381,2.8373367557301017,10.0,86.7,-0.18860284715859582,-0.07883474930560579,-0.023984740429829222,0.7634544664830618,-0.08136779235496719,0.7163346393956472,0.0434951719342614,0.7980976173238826,0.8030093319201881,0.7950698468545843
DP01,2026-03-28,-0.10963456312213381,0.06916583281107878,-0.18721643869489552,0.7668634251595167,-0.15504051389941206,0.773106887650099,-0.0018390430116785737,0.8243825051596959,0.765678373432274,0.8219182953965738,0.35673847608811177,99.84376877885347,0.0732600732600732,0.0219780219780219,0.0,0.0,2,"['Power_Efficiency', 'Top_Kerf']",0.46869366343958063,2.853907808704894,10.0,86.7,-0.10963456312213381,0.06916583281107878,-0.18721643869489552,0.7668634251595167,-0.15504051389941206,0.773106887650099,-0.0018390430116785737,0.8243825051596959,0.765678373432274,0.8219182953965738
DP01,2026-03-29,-0.15070324419443182,-0.027901252010692792,-0.1512927231750914,0.7975201642849288,-0.09649609593970762,0.8011807480857597,-0.07275291450711767,0.8330978703661089,0.8394493003057709,0.7966722379166741,0.3568774091132201,99.85407751322371,0.048780487804878,0.0174216027874564,0.0,0.0,2,"['Power_Efficiency', 'Top_Kerf']",0.43776746032885683,2.8550192729057606,10.0,86.7,-0.15070324419443182,-0.027901252010692792,-0.1512927231750914,0.7975201642849288,-0.09649609593970762,0.8011807480857597,-0.07275291450711767,0.8330978703661089,0.8394493003057709,0.7966722379166741
DP01,2026-03-30,-0.124885125335584,-0.017013714853265215,-0.13294801544379686,0.8161213137000872,-0.185924302149182,0.7927228575471298,0.04933562593407002,0.7831982815543271,0.7948234440233788,0.792060839591674,0.3567491204568839,99.83756942640312,0.1178451178451178,0.0269360269360269,0.0,0.0,2,"['Power_Efficiency', 'Top_Kerf']",0.4872917207906369,2.853992963655071,10.0,86.7,-0.124885125335584,-0.017013714853265215,-0.13294801544379686,0.8161213137000872,-0.185924302149182,0.7927228575471298,0.04933562593407002,0.7831982815543271,0.7948234440233788,0.792060839591674
DP02,2026-01-01,-0.2701959339125494,-0.011602216237253646,-0.09446977180833811,0.7740415304317612,-0.07835815135606558,0.7737207043972151,-0.0001005924906466973,0.7188792003842559,0.7906830777644762,0.8015772835488884,0.3404175130721743,,0.0703703703703703,0.0111111111111111,0.0,0.0,8,"['Bottom_Kerf', 'Head_Temp', 'Kerf_Width_Profile', 'Laser_Centering_Position', 'Laser_Power', 'Power_Efficiency', 'Top_Kerf', 'Vibration']",0.0,2.7233401045773946,20.0,77.3,-0.2701959339125494,-0.011602216237253646,-0.09446977180833811,0.7740415304317612,-0.07835815135606558,0.7737207043972151,-0.0001005924906466973,0.7188792003842559,0.7906830777644762,0.8015772835488884
DP02,2026-01-02,-0.23220569555972784,0.0015536673987153395,-0.15546255376089974,0.7530039316687374,-0.18118330020975318,0.830764872562524,-0.0024621516728894136,0.7687406321071711,0.7914920828428482,0.8044798649287842,0.337872135030551,,0.0854092526690391,0.0177935943060498,0.0,0.0,8,"['Bottom_Kerf', 'Head_Temp', 'Kerf_Width_Profile', 'Laser_Centering_Position', 'Laser_Power', 'Power_Efficiency', 'Top_Kerf', 'Vibration']",0.0,2.702977080244408,20.0,77.3,-0.23220569555972784,0.0015536673987153395,-0.15546255376089974,0.7530039316687374,-0.18118330020975318,0.830764872562524,-0.0024621516728894136,0.7687406321071711,0.7914920828428482,0.8044798649287842
DP02,2026-01-03,-0.3078179034937092,0.06428591725543632,-0.15640163945524416,0.8245518046509105,-0.052329091634291475,0.8306087739292887,0.09105739726435055,0.795595576848749,0.8337612723029568,0.7754035198876433,0.369871562755609,99.8547036564151,0.0687022900763358,0.0190839694656488,0.0,0.0,8,"['Bottom_Kerf', 'Head_Temp', 'Kerf_Width_Profile', 'Laser_Centering_Position', 'Laser_Power', 'Power_Efficiency', 'Top_Kerf', 'Vibration']",0.43588903075470853,2.958972502044872,20.0,76.6,-0.3078179034937092,0.06428591725543632,-0.15640163945524416,0.8245518046509105,-0.052329091634291475,0.8306087739292887,0.09105739726435055,0.795595576848749,0.8337612723029568,0.7754035198876433
DP02,2026-01-04,-0.2018766255493986,-0.016894130167962717,-0.130607939059185,0.7781457679002857,-0.0333607189197696,0.79196768885613,-0.03710628925501378,0.7742539482243478,0.7650107066674804,0.8156684336441347,0.35052008423410486,99.86186107564468,0.0633333333333333,0.01,0.0,0.0,8,"['Bottom_Kerf', 'Head_Temp', 'Kerf_Width_Profile', 'Laser_Centering_Position', 'Laser_Power', 'Power_Efficiency', 'Top_Kerf', 'Vibration']",0.4144167730659518,2.804160673872839,20.0,76.8,-0.2018766255493986,-0.016894130167962717,-0.130607939059185,0.7781457679002857,-0.0333607189197696,0.79196768885613,-0.03710628925501378,0.7742539482243478,0.7650107066674804,0.8156684336441347
DP02,2026-01-05,-0.2353344411549676,0.1315211084325849,-0.14581205655813712,0.7178429176563639,-0.1480660127861415,0.7590499437531179,0.041365282337216515,0.7973983169260043,0.7988560909128947,0.762258810114578,0.3479079959633514,99.8545550856813,0.076158940397351,0.0231788079470198,0.0,0.0,8,"['Bottom_Kerf', 'Head_Temp', 'Kerf_Width_Profile', 'Laser_Centering_Position', 'Laser_Power', 'Power_Efficiency', 'Top_Kerf', 'Vibration']",0.43633474295610597,2.7832639677068114,20.0,76.8,-0.2353344411549676,0.1315211084325849,-0.14581205655813712,0.7178429176563639,-0.1480660127861415,0.7590499437531179,0.041365282337216515,0.7973983169260043,0.7988560909128947,0.762258810114578
DP02,2026-01-06,-0.17559149148575606,0.04207906012190023,-0.1342117831586156,0.7495107240549458,-0.07228323199937511,0.8266901615191565,0.051409963714512806,0.8467734320550258,0.7794100178248515,0.7530183010720956,0.3666805153718741,99.85857084390716,0.0802919708029197,0.0036496350364963,0.0,0.0,8,"['Bottom_Kerf', 'Head_Temp', 'Kerf_Width_Profile', 'Laser_Centering_Position', 'Laser_Power', 'Power_Efficiency', 'Top_Kerf', 'Vibration']",0.4242874682785214,2.933444122974993,20.0,76.6,-0.17559149148575606,0.04207906012190023,-0.1342117831586156,0.7495107240549458,-0.07228323199937511,0.8266901615191565,0.051409963714512806,0.8467734320550258,0.7794100178248515,0.7530183010720956
DP02,2026-01-07,-0.22258343365705519,-0.07063157580503568,-0.1628993863863175,0.7501914431515138,-0.015355803197744095,0.7945603411444033,0.024411111677867397,0.815064952964365,0.7197499321700681,0.7564190874758902,0.33889266695379555,99.86201379194104,0.0541516245487364,0.0144404332129963,0.0,0.0,8,"['Bottom_Kerf', 'Head_Temp', 'Kerf_Width_Profile', 'Laser_Centering_Position', 'Laser_Power', 'Power_Efficiency', 'Top_Kerf', 'Vibration']",0.41395862417688534,2.7111413356303644,20.0,76.9,-0.22258343365705519,-0.07063157580503568,-0.1628993863863175,0.7501914431515138,-0.015355803197744095,0.7945603411444033,0.024411111677867397,0.815064952964365,0.7197499321700681,0.7564190874758902
DP02,2026-01-08,-0.19720847383431706,0.03394799573842051,-0.03497193405320368,0.766717684609386,-0.13551946648611693,0.8394891347190201,-0.14505739012381766,0.7700081059354893,0.7506962680565386,0.7926580199297568,0.3440759944491156,99.8559910875006,0.0675105485232067,0.0295358649789029,0.0,0.0,8,"['Bottom_Kerf', 'Head_Temp', 'Kerf_Width_Profile', 'Laser_Centering_Position', 'Laser_Power', 'Power_Efficiency', 'Top_Kerf', 'Vibration']",0.4320267374982052,2.7526079555929246,20.0,76.8,-0.19720847383431706,0.03394799573842051,-0.03497193405320368,0.766717684609386,-0.13551946648611693,0.8394891347190201,-0.14505739012381766,0.7700081059354893,0.7506962680565386,0.7926580199297568
DP02,2026-01-09,-0.17623610225792824,-0.022767202211201615,-0.04977111170230854,0.8137355527595928,-0.10333901234049675,0.839019210778229,-0.03916702531799086,0.7334610146097627,0.8122925532705028,0.7165765396035543,0.35238044171917154,99.85715579701083,0.0688524590163934,0.0196721311475409,0.0032786885245901,0.0,8,"['Bottom_Kerf', 'Head_Temp', 'Kerf_Width_Profile', 'Laser_Centering_Position', 'Laser_Power', 'Power_Efficiency', 'Top_Kerf', 'Vibration']",0.428532608967501,2.8190435337533724,20.0,76.8,-0.17623610225792824,-0.022767202211201615,-0.04977111170230854,0.8137355527595928,-0.10333901234049675,0.839019210778229,-0.03916702531799086,0.7334610146097627,0.8122925532705028,0.7165765396035543
DP02,2026-01-10,-0.21484413424565296,-0.037912275240643376,-0.16263016004174455,0.7662212321500402,-0.0380576718702774,0.80513046677456,-0.033467428603794466,0.7441551241280933,0.7409428508749755,0.7590313405036714,0.33285693444292275,99.86306389654489,0.0509090909090909,0.0145454545454545,0.0,0.0,8,"['Bottom_Kerf', 'Head_Temp', 'Kerf_Width_Profile', 'Laser_Centering_Position', 'Laser_Power', 'Power_Efficiency', 'Top_Kerf', 'Vibration']",0.41080831036533993,2.662855475543382,20.0,76.9,-0.21484413424565296,-0.037912275240643376,-0.16263016004174455,0.7662212321500402,-0.0380576718702774,0.80513046677456,-0.033467428603794466,0.7441551241280933,0.7409428508749755,0.7590313405036714
DP02,2026-01-11,-0.23395490905233501,0.011906151593143753,-0.13363785030245626,0.8240308950469689,-0.14084369014557632,0.8122189820247382,0.00628983165923296,0.8346721372543165,0.8952569415732448,0.8683568472780465,0.37442953369293236,99.8634128292214,0.0517241379310344,0.0172413793103448,0.0,0.0,8,"['Bottom_Kerf', 'Head_Temp', 'Kerf_Width_Profile', 'Laser_Centering_Position', 'Laser_Power', 'Power_Efficiency', 'Top_Kerf', 'Vibration']",0.40976151233579117,2.995436269543459,20.0,76.6,-0.23395490905233501,0.011906151593143753,-0.13363785030245626,0.8240308950469689,-0.14084369014557632,0.8122189820247382,0.00628983165923296,0.8346721372543165,0.8952569415732448,0.8683568472780465
DP02,2026-01-12,-0.13844675684179808,0.030029053407673437,-0.21403637436296402,0.7657839924332365,-0.02358679558378305,0.7595883281998148,0.08272469034265827,0.7396562098772173,0.7775991762886694,0.8089524117329866,0.35882639354937107,99.87110583355084,0.0594795539033457,0.0223048327137546,0.0,0.0,8,"['Bottom_Kerf', 'Head_Temp', 'Kerf_Width_Profile', 'Laser_Centering_Position', 'Laser_Power', 'Power_Efficiency', 'Top_Kerf', 'Vibration']",0.38668249934747223,2.8706111483949686,20.0,76.7,-0.13844675684179808,0.030029053407673437,-0.21403637436296402,0.7657839924332365,-0.02358679558378305,0.7595883281998148,0.08272469034265827,0.7396562098772173,0.7775991762886694,0.8089524117329866
DP02,2026-01-13,-0.2779879488400384,0.018278368201687916,-0.15763481235041577,0.7744942511948846,-0.07826689617675699,0.8149540655099147,0.05305163558457115,0.7532144908992968,0.7856398508011522,0.7426284913108999,0.3428371496135196,99.8728520308132,0.0674603174603174,0.0039682539682539,0.0,0.0,8,"['Bottom_Kerf', 'Head_Temp', 'Kerf_Width_Profile', 'Laser_Centering_Position', 'Laser_Power', 'Power_Efficiency', 'Top_Kerf', 'Vibration']",0.3814439075603815,2.7426971969081566,20.0,76.9,-0.2779879488400384,0.018278368201687916,-0.15763481235041577,0.7744942511948846,-0.07826689617675699,0.8149540655099147,0.05305163558457115,0.7532144908992968,0.7856398508011522,0.7426284913108999
DP02,2026-01-14,-0.1523098168618716,0.01056171639625796,-0.07741305559244104,0.7542761702599041,-0.14963220976753913,0.7839426968945771,-0.06909758934996872,0.7956454844705855,0.7482089109098997,0.723935813908991,0.3368118121268394,99.86273794932096,0.0668896321070234,0.0301003344481605,0.0033444816053511,0.0,8,"['Bottom_Kerf', 'Head_Temp', 'Kerf_Width_Profile', 'Laser_Centering_Position', 'Laser_Power', 'Power_Efficiency', 'Top_Kerf', 'Vibration']",0.41178615203712354,2.6944944970147153,20.0,76.9,-0.1523098168618716,0.01056171639625796,-0.07741305559244104,0.7542761702599041,-0.14963220976753913,0.7839426968945771,-0.06909758934996872,0.7956454844705855,0.7482089109098997,0.723935813908991
DP02,2026-01-15,-0.2681506254736498,0.01849529417500941,-0.06712920399005842,0.8080721554355752,-0.002443008052190577,0.783576705336599,0.10800227370172148,0.7333907498502319,0.7777607130797412,0.7295918462000786,0.3621166900263058,99.86325962383287,0.0839694656488549,0.0267175572519083,0.0,0.0,8,"['Bottom_Kerf', 'Head_Temp', 'Kerf_Width_Profile', 'Laser_Centering_Position', 'Laser_Power', 'Power_Efficiency', 'Top_Kerf', 'Vibration']",0.4102211285013766,2.8969335202104465,20.0,76.7,-0.2681506254736498,0.01849529417500941,-0.06712920399005842,0.8080721554355752,-0.002443008052190577,0.783576705336599,0.10800227370172148,0.7333907498502319,0.7777607130797412,0.7295918462000786
DP02,2026-01-16,-0.203655095313988,0.019771816542986362,-0.12924275337148453,0.8186274169390348,-0.0484064857660357,0.8104377997358037,-0.09641057024983404,0.7853395614362599,0.7969624954728055,0.7919767774770381,0.3545400962902586,99.86932856923973,0.0505836575875486,0.0155642023346303,0.0,0.0,8,"['Bottom_Kerf', 'Head_Temp', 'Kerf_Width_Profile', 'Laser_Centering_Position', 'Laser_Power', 'Power_Efficiency', 'Top_Kerf', 'Vibration']",0.39201429228081963,2.836320770322069,20.0,76.8,-0.203655095313988,0.019771816542986362,-0.12924275337148453,0.8186274169390348,-0.0484064857660357,0.8104377997358037,-0.09641057024983404,0.7853395614362599,0.7969624954728055,0.7919767774770381
DP02,2026-01-17,-0.17725429354131025,-0.05235892823445276,-0.15089694473676102,0.8075950949995846,-0.012780584356498299,0.7764820959699184,-0.10353115127300663,0.7912060911878921,0.7797614942006161,0.7834148150768638,0.3441637689292846,99.86090199581317,0.0979020979020979,0.0104895104895104,0.0,0.0,8,"['Bottom_Kerf', 'Head_Temp', 'Kerf_Width_Profile', 'Laser_Centering_Position', 'Laser_Power', 'Power_Efficiency', 'Top_Kerf', 'Vibration']",0.4172940125605038,2.7533101514342766,20.0,76.8,-0.17725429354131025,-0.05235892823445276,-0.15089694473676102,0.8075950949995846,-0.012780584356498299,0.7764820959699184,-0.10353115127300663,0.7912060911878921,0.7797614942006161,0.7834148150768638
DP02,2026-01-18,-0.1655094293400054,0.017517424512084896,-0.19795201704158652,0.8151991898130146,-0.11080421214857585,0.7547313338399346,-0.019391926940000786,0.7924586641568377,0.8152652028890995,0.7783977290098526,0.34799119587506555,99.84888639646996,0.1066666666666666,0.02,0.0,0.0,8,"['Bottom_Kerf', 'Head_Temp', 'Kerf_Width_Profile', 'Laser_Centering_Position', 'Laser_Power', 'Power_Efficiency', 'Top_Kerf', 'Vibration']",0.453340810590106,2.7839295670005244,20.0,76.8,-0.1655094293400054,0.017517424512084896,-0.19795201704158652,0.8151991898130146,-0.11080421214857585,0.7547313338399346,-0.019391926940000786,0.7924586641568377,0.8152652028890995,0.7783977290098526
DP02,2026-01-19,-0.10769804536118606,0.03815886139428463,-0.04978344382219074,0.7942121773794222,-0.03608901997900129,0.8023278202021455,-0.018948783327433563,0.7027788122202598,0.7551622823353308,0.7549210756027548,0.36350417366443855,99.84934668576294,0.0766550522648083,0.0069686411149825,0.0,0.0,8,"['Bottom_Kerf', 'Head_Temp', 'Kerf_Width_Profile', 'Laser_Centering_Position', 'Laser_Power', 'Power_Efficiency', 'Top_Kerf', 'Vibration']",0.4519599427111842,2.9080333893155084,20.0,76.6,-0.10769804536118606,0.03815886139428463,-0.04978344382219074,0.7942121773794222,-0.03608901997900129,0.8023278202021455,-0.018948783327433563,0.7027788122202598,0.7551622823353308,0.7549210756027548
DP02,2026-01-20,-0.2135866569672735,-0.02898638769516509,-0.10497960392888746,0.7815501964161645,-0.05793964851795909,0.816734666749666,-0.05952060186977167,0.7578281153757171,0.7636999711983318,0.7801858047903732,0.34349858555511964,99.850460697259,0.0564784053156146,0.0132890365448504,0.0,0.0,8,"['Bottom_Kerf', 'Head_Temp', 'Kerf_Width_Profile', 'Laser_Centering_Position', 'Laser_Power', 'Power_Efficiency', 'Top_Kerf', 'Vibration']",0.44861790822301373,2.747988684440957,20.0,76.8,-0.2135866569672735,-0.02898638769516509,-0.10497960392888746,0.7815501964161645,-0.05793964851795909,0.816734666749666,-0.05952060186977167,0.7578281153757171,0.7636999711983318,0.7801858047903732
DP02,2026-01-21,-0.07838169695298056,-0.06655961070843801,-0.11856846452087737,0.7843919792423871,-0.02529253376489316,0.7817807927100849,-0.1373869541193907,0.8096223115823228,0.7708891036746635,0.780143592838073,0.35006385199809514,99.85805028158772,0.0733333333333333,0.0133333333333333,0.0,0.0,8,"['Bottom_Kerf', 'Head_Temp', 'Kerf_Width_Profile', 'Laser_Centering_Position', 'Laser_Power', 'Power_Efficiency', 'Top_Kerf', 'Vibration']",0.42584915523683264,2.800510815984761,20.0,76.8,-0.07838169695298056,-0.06655961070843801,-0.11856846452087737,0.7843919792423871,-0.02529253376489316,0.7817807927100849,-0.1373869541193907,0.8096223115823228,0.7708891036746635,0.780143592838073
DP02,2026-01-22,-0.1229441933300755,-0.14634957438682258,-0.06584467069572769,0.777321619130112,-0.05908272601191237,0.7420854191281904,0.03276730328594747,0.8034442338005809,0.7673972918138289,0.7742805044712205,0.35030752072053417,99.85586397301496,0.0968992248062015,0.0193798449612403,0.0,0.0,8,"['Bottom_Kerf', 'Head_Temp', 'Kerf_Width_Profile', 'Laser_Centering_Position', 'Laser_Power', 'Power_Efficiency', 'Top_Kerf', 'Vibration']",0.4324080809551134,2.8024601657642734,20.0,76.8,-0.1229441933300755,-0.14634957438682258,-0.06584467069572769,0.777321619130112,-0.05908272601191237,0.7420854191281904,0.03276730328594747,0.8034442338005809,0.7673972918138289,0.7742805044712205
DP02,2026-01-23,-0.15400821457924674,0.11640836666390843,-0.01987045341732123,0.7954806141867701,-0.058183092891742956,0.8176244889577108,0.047675194599889274,0.7662157363510171,0.7811336205472859,0.7625393316971941,0.38550155921154644,99.85675599251634,0.0553359683794466,0.0039525691699604,0.0,0.0,8,"['Bottom_Kerf', 'Head_Temp', 'Kerf_Width_Profile', 'Laser_Centering_Position', 'Laser_Power', 'Power_Efficiency', 'Top_Kerf', 'Vibration']",0.4297320224509775,3.0840124736923715,20.0,76.5,-0.15400821457924674,0.11640836666390843,-0.01987045341732123,0.7954806141867701,-0.058183092891742956,0.8176244889577108,0.047675194599889274,0.7662157363510171,0.7811336205472859,0.7625393316971941
DP02,2026-01-24,-0.06954943651598264,0.025423128231003185,-0.011253192003017045,0.7830027233537127,0.01216957500222474,0.8757686469088706,-0.02260975513399805,0.8130211987494919,0.7957508835432383,0.7403965581075805,0.3942120330243124,99.8600455861344,0.0802919708029197,0.010948905109489,0.0,0.0,8,"['Bottom_Kerf', 'Head_Temp', 'Kerf_Width_Profile', 'Laser_Centering_Position', 'Laser_Power', 'Power_Efficiency', 'Top_Kerf', 'Vibration']",0.41986324159678645,3.153696264194499,20.0,76.4,-0.06954943651598264,0.025423128231003185,-0.011253192003017045,0.7830027233537127,0.01216957500222474,0.8757686469088706,-0.02260975513399805,0.8130211987494919,0.7957508835432383,0.7403965581075805
DP02,2026-01-25,-0.1293384950087829,0.14026850021013862,0.05105345007989944,0.7613583241380433,-0.12612978239397737,0.7617809106273721,0.032050915573316865,0.7417126721392018,0.8048714412423988,0.7748421425768444,0.38124700791844546,99.8705217766106,0.0522388059701492,0.0186567164179104,0.0,0.0,8,"['Bottom_Kerf', 'Head_Temp', 'Kerf_Width_Profile', 'Laser_Centering_Position', 'Laser_Power', 'Power_Efficiency', 'Top_Kerf', 'Vibration']",0.3884346701681949,3.0499760633475637,20.0,76.6,-0.1293384950087829,0.14026850021013862,0.05105345007989944,0.7613583241380433,-0.12612978239397737,0.7617809106273721,0.032050915573316865,0.7417126721392018,0.8048714412423988,0.7748421425768444
DP02,2026-01-26,-0.021322567147884542,-0.010127513427358056,-0.006062305457996696,0.7612775902432745,-0.05584006003407008,0.7909100729082645,0.010379591615094705,0.7349819660241176,0.8220396226107313,0.8249326842544321,0.3851169081588605,99.870194254179,0.0408921933085501,0.0185873605947955,0.0,0.0,8,"['Bottom_Kerf', 'Head_Temp', 'Kerf_Width_Profile', 'Laser_Centering_Position', 'Laser_Power', 'Power_Efficiency', 'Top_Kerf', 'Vibration']",0.3894172374630074,3.080935265270884,20.0,76.5,-0.021322567147884542,-0.010127513427358056,-0.006062305457996696,0.7612775902432745,-0.05584006003407008,0.7909100729082645,0.010379591615094705,0.7349819660241176,0.8220396226107313,0.8249326842544321
DP02,2026-01-27,-0.056679406587218095,-7.885375295506172e-06,0.0784715847142337,0.7509276040359326,0.014046986850773324,0.755892217815402,0.004501943726085502,0.8115316298454761,0.800005348652815,0.7490394075728889,0.39077294312510935,99.85387271039464,0.0760869565217391,0.0326086956521739,0.0,0.0,8,"['Bottom_Kerf', 'Head_Temp', 'Kerf_Width_Profile', 'Laser_Centering_Position', 'Laser_Power', 'Power_Efficiency', 'Top_Kerf', 'Vibration']",0.4383818688160801,3.126183545000875,20.0,76.4,-0.056679406587218095,-7.885375295506172e-06,0.0784715847142337,0.7509276040359326,0.014046986850773324,0.755892217815402,0.004501943726085502,0.8115316298454761,0.800005348652815,0.7490394075728889
DP02,2026-01-28,-0.0005764355740580593,0.0336315599676562,0.12075557756120135,0.715365072957943,-0.13950052727655737,0.8532371908690596,-0.031348135607295345,0.8087577917474899,0.742154872462397,0.7701610558349082,0.3872638022942745,99.85132554058332,0.0830188679245283,0.0113207547169811,0.0,0.0,8,"['Bottom_Kerf', 'Head_Temp', 'Kerf_Width_Profile', 'Laser_Centering_Position', 'Laser_Power', 'Power_Efficiency', 'Top_Kerf', 'Vibration']",0.4460233782500467,3.098110418354196,20.0,76.5,-0.0005764355740580593,0.0336315599676562,0.12075557756120135,0.715365072957943,-0.13950052727655737,0.8532371908690596,-0.031348135607295345,0.8087577917474899,0.742154872462397,0.7701610558349082
DP02,2026-01-29,0.026396051472950193,0.10890065484531747,0.09087077569155706,0.7453568631788198,-0.034684950908425924,0.7703368261160474,0.012518007581693049,0.7348634584560234,0.7403602446028226,0.7174423487992196,0.3912360279836025,99.8556957541126,0.0669014084507042,0.0316901408450704,0.0,0.0,8,"['Bottom_Kerf', 'Head_Temp', 'Kerf_Width_Profile', 'Laser_Centering_Position', 'Laser_Power', 'Power_Efficiency', 'Top_Kerf', 'Vibration']",0.4329127376621926,3.12988822386882,20.0,76.4,0.026396051472950193,0.10890065484531747,0.09087077569155706,0.7453568631788198,-0.034684950908425924,0.7703368261160474,0.012518007581693049,0.7348634584560234,0.7403602446028226,0.7174423487992196
DP02,2026-01-30,-0.0466482508302451,-0.15804077415718207,0.0847223291666438,0.7962654849199413,0.03695030507983919,0.8314066961117096,-0.037158539911548244,0.7693683613206788,0.7541632910737991,0.8077404692044639,0.38387693719781,99.8532911785048,0.0578231292517006,0.0170068027210884,0.0,0.0,8,"['Bottom_Kerf', 'Head_Temp', 'Kerf_Width_Profile', 'Laser_Centering_Position', 'Laser_Power', 'Power_Efficiency', 'Top_Kerf', 'Vibration']",0.4401264644855871,3.07101549758248,20.0,76.5,-0.0466482508302451,-0.15804077415718207,0.0847223291666438,0.7962654849199413,0.03695030507983919,0.8314066961117096,-0.037158539911548244,0.7693683613206788,0.7541632910737991,0.8077404692044639
DP02,2026-01-31,-0.0483178424466792,-0.10920369352407332,0.2242905320017227,0.8528988468506032,0.0030139533756800294,0.7991063334244276,-0.03169822925181494,0.8228242772384676,0.8265624504478073,0.789247415436889,0.412872404355303,99.84868121408108,0.0772058823529411,0.0294117647058823,0.0,0.0,8,"['Bottom_Kerf', 'Head_Temp', 'Kerf_Width_Profile', 'Laser_Centering_Position', 'Laser_Power', 'Power_Efficiency', 'Top_Kerf', 'Vibration']",0.453956357756752,3.302979234842424,20.0,76.2,-0.0483178424466792,-0.10920369352407332,0.2242905320017227,0.8528988468506032,0.0030139533756800294,0.7991063334244276,-0.03169822925181494,0.8228242772384676,0.8265624504478073,0.789247415436889
DP02,2026-02-01,-0.024713273160881795,-0.0697111524620363,0.1879058591878331,0.7937225691798101,-0.03459121760529887,0.8271091811599716,0.006651504177249806,0.8646190104182145,0.7986477729974771,0.8133148266884316,0.4162955080580771,99.84792133566164,0.0673758865248227,0.0141843971631205,0.0,0.0,8,"['Bottom_Kerf', 'Head_Temp', 'Kerf_Width_Profile', 'Laser_Centering_Position', 'Laser_Power', 'Power_Efficiency', 'Top_Kerf', 'Vibration']",0.4562359930150848,3.3303640644646166,20.0,76.2,-0.024713273160881795,-0.0697111524620363,0.1879058591878331,0.7937225691798101,-0.03459121760529887,0.8271091811599716,0.006651504177249806,0.8646190104182145,0.7986477729974771,0.8133148266884316
DP02,2026-02-02,0.07633689648064731,-0.04346474674050105,0.14820627140579445,0.7842525381552597,-0.08215195099384233,0.7737729879846575,0.02806068664656582,0.7339516521535576,0.7598565939765234,0.7639901463434846,0.39428110754121476,99.83634928118929,0.1,0.025,0.0,0.0,8,"['Bottom_Kerf', 'Head_Temp', 'Kerf_Width_Profile', 'Laser_Centering_Position', 'Laser_Power', 'Power_Efficiency', 'Top_Kerf', 'Vibration']",0.49095215643214374,3.154248860329718,20.0,76.4,0.07633689648064731,-0.04346474674050105,0.14820627140579445,0.7842525381552597,-0.08215195099384233,0.7737729879846575,0.02806068664656582,0.7339516521535576,0.7598565939765234,0.7639901463434846
DP02,2026-02-03,0.023312045506834817,-0.010265165521865639,0.26218608875458665,0.815318635716568,-0.0027212344397550764,0.7765992567850967,-0.14126539358404896,0.7539380064359535,0.7745997141314008,0.8261005600706268,0.40778025138553975,99.84816536365754,0.0629370629370629,0.0209790209790209,0.0,0.0,8,"['Bottom_Kerf', 'Head_Temp', 'Kerf_Width_Profile', 'Laser_Centering_Position', 'Laser_Power', 'Power_Efficiency', 'Top_Kerf', 'Vibration']",0.4555039090273709,3.262242011084318,20.0,76.3,0.023312045506834817,-0.010265165521865639,0.26218608875458665,0.815318635716568,-0.0027212344397550764,0.7765992567850967,-0.14126539358404896,0.7539380064359535,0.7745997141314008,0.8261005600706268
DP02,2026-02-04,0.01865023077753438,0.13821426353012656,0.3938195211880792,0.8209439471414545,-0.056300423265405596,0.8232267261253606,-0.0455784919981592,0.8394561233987136,0.7887898440816852,0.8285318814574694,0.45497536224368595,99.84610576393176,0.0766550522648083,0.024390243902439,0.0,0.0,8,"['Bottom_Kerf', 'Head_Temp', 'Kerf_Width_Profile', 'Laser_Centering_Position', 'Laser_Power', 'Power_Efficiency', 'Top_Kerf', 'Vibration']",0.46168270820471946,3.6398028979494876,20.0,75.9,0.01865023077753438,0.13821426353012656,0.3938195211880792,0.8209439471414545,-0.056300423265405596,0.8232267261253606,-0.0455784919981592,0.8394561233987136,0.7887898440816852,0.8285318814574694
DP02,2026-02-05,0.15549864581596703,0.09252900000466778,0.1929267297017668,0.8422709169511791,-0.07976801563519577,0.8286623145260359,-0.010759457506807325,0.8009265237139634,0.8452052181823078,0.8660843545260655,0.453357623027995,99.84435264942591,0.1045296167247386,0.0069686411149825,0.0,0.0,8,"['Bottom_Kerf', 'Head_Temp', 'Kerf_Width_Profile', 'Laser_Centering_Position', 'Laser_Power', 'Power_Efficiency', 'Top_Kerf', 'Vibration']",0.4669420517222562,3.62686098422396,20.0,75.9,0.15549864581596703,0.09252900000466778,0.1929267297017668,0.8422709169511791,-0.07976801563519577,0.8286623145260359,-0.010759457506807325,0.8009265237139634,0.8452052181823078,0.8660843545260655
DP02,2026-02-06,-0.008227182375951148,0.05070254925858344,0.2052468642001228,0.7884404698142187,0.06503012831055338,0.7900880118935533,-0.07435670996756674,0.7934028078739763,0.8321452810203729,0.8395392461446767,0.42820114661725395,99.83043876088917,0.0695652173913043,0.0391304347826087,0.0,0.0,8,"['Bottom_Kerf', 'Head_Temp', 'Kerf_Width_Profile', 'Laser_Centering_Position', 'Laser_Power', 'Power_Efficiency', 'Top_Kerf', 'Vibration']",0.5086837173325023,3.4256091729380316,20.0,76.1,-0.008227182375951148,0.05070254925858344,0.2052468642001228,0.7884404698142187,0.06503012831055338,0.7900880118935533,-0.07435670996756674,0.7934028078739763,0.8321452810203729,0.8395392461446767
DP02,2026-02-07,0.15274008911609388,0.12840181735234021,0.34655753967230946,0.7781280361014825,0.04969517060787062,0.798731258557266,0.050001445496720726,0.7683478999534077,0.8665479529225537,0.8634063634840226,0.48025575732640674,99.83294544538111,0.0757575757575757,0.0265151515151515,0.0,0.0,8,"['Bottom_Kerf', 'Head_Temp', 'Kerf_Width_Profile', 'Laser_Centering_Position', 'Laser_Power', 'Power_Efficiency', 'Top_Kerf', 'Vibration']",0.5011636638566586,3.842046058611254,20.0,75.7,0.15274008911609388,0.12840181735234021,0.34655753967230946,0.7781280361014825,0.04969517060787062,0.798731258557266,0.050001445496720726,0.7683478999534077,0.8665479529225537,0.8634063634840226
DP02,2026-02-08,0.1555191174836256,0.006008360079887671,0.318170057475778,0.8264423134310803,-0.02936311431459988,0.7524806858839056,-0.0498304795992402,0.8235935208428717,0.8325315188660152,0.7733080633297592,0.4408860043479084,99.8268964851572,0.0827338129496402,0.0251798561151079,0.0,0.0,8,"['Bottom_Kerf', 'Head_Temp', 'Kerf_Width_Profile', 'Laser_Centering_Position', 'Laser_Power', 'Power_Efficiency', 'Top_Kerf', 'Vibration']",0.5193105445283805,3.5270880347832674,20.0,76.0,0.1555191174836256,0.006008360079887671,0.318170057475778,0.8264423134310803,-0.02936311431459988,0.7524806858839056,-0.0498304795992402,0.8235935208428717,0.8325315188660152,0.7733080633297592
DP02,2026-02-09,0.18223788418888254,0.062194360760789116,0.2241722728403803,0.8316759254174266,-0.02172598130419432,0.7534859001397487,0.001848345795268275,0.7854254780787632,0.8139636953456769,0.7806337552300522,0.44139116364927933,99.8343429496585,0.0669014084507042,0.0211267605633802,0.0,0.0,8,"['Bottom_Kerf', 'Head_Temp', 'Kerf_Width_Profile', 'Laser_Centering_Position', 'Laser_Power', 'Power_Efficiency', 'Top_Kerf', 'Vibration']",0.4969711510244821,3.5311293091942346,20.0,76.0,0.18223788418888254,0.062194360760789116,0.2241722728403803,0.8316759254174266,-0.02172598130419432,0.7534859001397487,0.001848345795268275,0.7854254780787632,0.8139636953456769,0.7806337552300522
DP02,2026-02-10,0.12813498016814018,-0.03161523050331468,0.44775195675028506,0.8509124328004094,0.020936972547296723,0.7865773739081676,-0.03063178368789836,0.8325810070856305,0.8101788728093241,0.8527418965111369,0.46675684783891774,99.83231556527817,0.0784313725490196,0.0117647058823529,0.0,0.0,8,"['Bottom_Kerf', 'Head_Temp', 'Kerf_Width_Profile', 'Laser_Centering_Position', 'Laser_Power', 'Power_Efficiency', 'Top_Kerf', 'Vibration']",0.5030533041655048,3.734054782711342,20.0,75.8,0.12813498016814018,-0.03161523050331468,0.44775195675028506,0.8509124328004094,0.020936972547296723,0.7865773739081676,-0.03063178368789836,0.8325810070856305,0.8101788728093241,0.8527418965111369
DP02,2026-02-11,0.2171429925033915,-0.10066674131701392,0.5205479855616493,0.8328288892939745,0.014961389422227243,0.8015625644152801,0.03016092872464842,0.8129045969271421,0.8080719470359711,0.8769970450632002,0.481451159763047,99.833492249,0.0812720848056537,0.0141342756183745,0.0,0.0,8,"['Bottom_Kerf', 'Head_Temp', 'Kerf_Width_Profile', 'Laser_Centering_Position', 'Laser_Power', 'Power_Efficiency', 'Top_Kerf', 'Vibration']",0.49952325299999245,3.851609278104376,20.0,75.6,0.2171429925033915,-0.10066674131701392,0.5205479855616493,0.8328288892939745,0.014961389422227243,0.8015625644152801,0.03016092872464842,0.8129045969271421,0.8080719470359711,0.8769970450632002
DP02,2026-02-12,0.23303278453655657,0.16084438513045693,0.4811360136151278,0.8594080903654377,-0.09995251048709851,0.8242740516762197,0.045961297816209085,0.9439818218874543,0.8409201981839686,0.8917425459966634,0.5181348678720996,99.8273946880244,0.0902255639097744,0.0263157894736842,0.0,0.0,8,"['Bottom_Kerf', 'Head_Temp', 'Kerf_Width_Profile', 'Laser_Centering_Position', 'Laser_Power', 'Power_Efficiency', 'Top_Kerf', 'Vibration']",0.5178159359268051,4.145078942976797,20.0,75.3,0.23303278453655657,0.16084438513045693,0.4811360136151278,0.8594080903654377,-0.09995251048709851,0.8242740516762197,0.045961297816209085,0.9439818218874543,0.8409201981839686,0.8917425459966634
DP02,2026-02-13,0.1986917524276845,0.07492537031210611,0.3569848969577272,0.8794357178657186,0.02220766211894968,0.8474352420686145,-0.03307454775582077,0.8548470946422568,0.8240443355551273,0.8773982822066665,0.490289580639903,99.84181523575764,0.0747330960854092,0.0071174377224199,0.0,0.0,8,"['Bottom_Kerf', 'Head_Temp', 'Kerf_Width_Profile', 'Laser_Centering_Position', 'Laser_Power', 'Power_Efficiency', 'Top_Kerf', 'Vibration']",0.4745542927270918,3.922316645119224,20.0,75.6,0.1986917524276845,0.07492537031210611,0.3569848969577272,0.8794357178657186,0.02220766211894968,0.8474352420686145,-0.03307454775582077,0.8548470946422568,0.8240443355551273,0.8773982822066665
DP02,2026-02-14,0.203681794768627,0.10302690347069413,0.4918032423688592,0.8799763938257259,0.03271742369409196,0.8280289879562129,0.004229751446771274,0.8420767327617363,0.8492771232280892,0.8488726396076739,0.508369099312848,99.84501160835056,0.0758620689655172,0.0172413793103448,0.0,0.0,8,"['Bottom_Kerf', 'Head_Temp', 'Kerf_Width_Profile', 'Laser_Centering_Position', 'Laser_Power', 'Power_Efficiency', 'Top_Kerf', 'Vibration']",0.46496517494831835,4.066952794502784,20.0,75.5,0.203681794768627,0.10302690347069413,0.4918032423688592,0.8799763938257259,0.03271742369409196,0.8280289879562129,0.004229751446771274,0.8420767327617363,0.8492771232280892,0.8488726396076739
DP02,2026-02-15,0.2960166618533065,-0.02654959083044244,0.5236674430986705,0.82542486734944,0.15281183374499568,0.8217942304321179,-0.03412252256050744,0.9162741469380051,0.8236952865400383,0.902832123665081,0.5201844480230705,99.8396727307646,0.0918367346938775,0.0238095238095238,0.0,0.0,8,"['Bottom_Kerf', 'Head_Temp', 'Kerf_Width_Profile', 'Laser_Centering_Position', 'Laser_Power', 'Power_Efficiency', 'Top_Kerf', 'Vibration']",0.48098180770618626,4.161475584184564,20.0,75.4,0.2960166618533065,-0.02654959083044244,0.5236674430986705,0.82542486734944,0.15281183374499568,0.8217942304321179,-0.03412252256050744,0.9162741469380051,0.8236952865400383,0.902832123665081
DP02,2026-02-16,0.3471567042766718,0.048742664072605364,0.5322471923755537,0.8890037099519899,-0.11075283096813462,0.8599924179542199,-0.11061771779444328,0.893355666564364,0.8549136590350226,0.8497385540474247,0.5053780019515275,99.82894230342444,0.0895522388059701,0.0335820895522388,0.003731343283582,0.0,8,"['Bottom_Kerf', 'Head_Temp', 'Kerf_Width_Profile', 'Laser_Centering_Position', 'Laser_Power', 'Power_Efficiency', 'Top_Kerf', 'Vibration']",0.5131730897266777,4.04302401561222,20.0,75.4,0.3471567042766718,0.048742664072605364,0.5322471923755537,0.8890037099519899,-0.11075283096813462,0.8599924179542199,-0.11061771779444328,0.893355666564364,0.8549136590350226,0.8497385540474247
DP02,2026-02-17,0.21370129125456683,-0.042942421848379736,0.5384957750666439,0.8472156424976409,-0.0743953134482389,0.8156982280507028,0.030536721791078258,0.8358397371183326,0.8213289339045037,0.9308995515273569,0.4916378145914207,99.82598454137224,0.0953947368421052,0.0164473684210526,0.0,0.0,8,"['Bottom_Kerf', 'Head_Temp', 'Kerf_Width_Profile', 'Laser_Centering_Position', 'Laser_Power', 'Power_Efficiency', 'Top_Kerf', 'Vibration']",0.5220463758832921,3.9331025167313656,20.0,75.5,0.21370129125456683,-0.042942421848379736,0.5384957750666439,0.8472156424976409,-0.0743953134482389,0.8156982280507028,0.030536721791078258,0.8358397371183326,0.8213289339045037,0.9308995515273569
DP02,2026-02-18,0.36545804615270794,0.09771402281778094,0.5323811605542986,0.8524581604909912,0.021339215513540757,0.832706155487467,0.019078457978045867,0.9059569991552707,0.8795451485103261,0.9420698722078371,0.5448707238868267,99.82402276210811,0.0694444444444444,0.0277777777777777,0.0,0.0,8,"['Bottom_Kerf', 'Head_Temp', 'Kerf_Width_Profile', 'Laser_Centering_Position', 'Laser_Power', 'Power_Efficiency', 'Top_Kerf', 'Vibration']",0.5279317136756561,4.358965791094613,20.0,75.1,0.36545804615270794,0.09771402281778094,0.5323811605542986,0.8524581604909912,0.021339215513540757,0.832706155487467,0.019078457978045867,0.9059569991552707,0.8795451485103261,0.9420698722078371
DP02,2026-02-19,0.2592948839570448,-0.002680382482981275,0.5543649798957768,0.8238741304831507,-0.0005417200005109111,0.7844347092720347,0.01105894061245457,0.8680837959850117,0.8658537853843961,0.9047921100241424,0.5068535233130519,99.82374345330432,0.0875912408759124,0.0328467153284671,0.0,0.0,8,"['Bottom_Kerf', 'Head_Temp', 'Kerf_Width_Profile', 'Laser_Centering_Position', 'Laser_Power', 'Power_Efficiency', 'Top_Kerf', 'Vibration']",0.5287696400870487,4.054828186504415,20.0,75.4,0.2592948839570448,-0.002680382482981275,0.5543649798957768,0.8238741304831507,-0.0005417200005109111,0.7844347092720347,0.01105894061245457,0.8680837959850117,0.8658537853843961,0.9047921100241424
DP02,2026-02-20,0.27936738103509606,0.01444788705075062,0.5081693841949756,0.8818819434433096,-0.07882282514552899,0.782951786764367,0.03454017583892191,0.8600188690905577,0.9027952281523861,0.9286674230677098,0.5114017253492545,99.81804648571315,0.0899280575539568,0.0215827338129496,0.0,0.0,8,"['Bottom_Kerf', 'Head_Temp', 'Kerf_Width_Profile', 'Laser_Centering_Position', 'Laser_Power', 'Power_Efficiency', 'Top_Kerf', 'Vibration']",0.5458605428605381,4.091213802794036,20.0,75.4,0.27936738103509606,0.01444788705075062,0.5081693841949756,0.8818819434433096,-0.07882282514552899,0.782951786764367,0.03454017583892191,0.8600188690905577,0.9027952281523861,0.9286674230677098
DP02,2026-02-21,0.2957206877940865,0.0194820681512135,0.5280928919936033,0.875131382247435,0.007695886945657688,0.8663662774518878,0.059546178669592616,0.8523033674685825,0.860705340651244,0.8646990351713623,0.5229743116544665,99.81218942634938,0.0711864406779661,0.0271186440677966,0.0,0.0,8,"['Bottom_Kerf', 'Head_Temp', 'Kerf_Width_Profile', 'Laser_Centering_Position', 'Laser_Power', 'Power_Efficiency', 'Top_Kerf', 'Vibration']",0.5634317209518684,4.183794493235732,20.0,75.3,0.2957206877940865,0.0194820681512135,0.5280928919936033,0.875131382247435,0.007695886945657688,0.8663662774518878,0.059546178669592616,0.8523033674685825,0.860705340651244,0.8646990351713623
DP02,2026-02-22,0.3049701640750506,0.00969773657318098,0.4303555180701684,0.9094999666278116,-0.0798690714051979,0.777836865413211,0.012162752528941077,0.8565100893986489,0.8303437186185433,0.9378489300167532,0.4989356669917111,99.8144828664201,0.1070234113712374,0.020066889632107,0.0033444816053511,0.0,8,"['Bottom_Kerf', 'Head_Temp', 'Kerf_Width_Profile', 'Laser_Centering_Position', 'Laser_Power', 'Power_Efficiency', 'Top_Kerf', 'Vibration']",0.5565514007397212,3.991485335933689,20.0,75.5,0.3049701640750506,0.00969773657318098,0.4303555180701684,0.9094999666278116,-0.0798690714051979,0.777836865413211,0.012162752528941077,0.8565100893986489,0.8303437186185433,0.9378489300167532
DP02,2026-02-23,0.1855658359723651,0.0823796805708774,0.48166818704346664,0.9300031632235224,-0.03045985488972417,0.8215818646228165,-0.08825788777683953,0.8447864666933,0.8281780163817268,0.9425395391319982,0.499798501097351,99.82097363318196,0.07773851590106,0.0247349823321554,0.0,0.0,8,"['Bottom_Kerf', 'Head_Temp', 'Kerf_Width_Profile', 'Laser_Centering_Position', 'Laser_Power', 'Power_Efficiency', 'Top_Kerf', 'Vibration']",0.5370791004541076,3.998388008778808,20.0,75.5,0.1855658359723651,0.0823796805708774,0.48166818704346664,0.9300031632235224,-0.03045985488972417,0.8215818646228165,-0.08825788777683953,0.8447864666933,0.8281780163817268,0.9425395391319982
DP02,2026-02-24,0.35570458202908856,0.09756786045996625,0.5619506903433675,0.907394553331702,0.05039551095485921,0.8678280945374083,0.0530472390791941,0.8639383966742404,0.9462343874383562,0.9341531147732344,0.5638214429621418,99.81317959451384,0.1035714285714285,0.0285714285714285,0.0,0.0,8,"['Bottom_Kerf', 'Head_Temp', 'Kerf_Width_Profile', 'Laser_Centering_Position', 'Laser_Power', 'Power_Efficiency', 'Top_Kerf', 'Vibration']",0.5604612164584779,4.510571543697134,20.0,74.9,0.35570458202908856,0.09756786045996625,0.5619506903433675,0.907394553331702,0.05039551095485921,0.8678280945374083,0.0530472390791941,0.8639383966742404,0.9462343874383562,0.9341531147732344
DP02,2026-02-25,0.3080661532744596,-0.00787079736514303,0.49258476628917236,0.7852721095422432,-0.0675813823407539,0.7965709440352322,-0.046736669333119416,0.8145789059435536,0.8685996609962876,0.8188076444495332,0.4762291335491466,99.81640144329774,0.0950570342205323,0.0114068441064638,0.0,0.0,8,"['Bottom_Kerf', 'Head_Temp', 'Kerf_Width_Profile', 'Laser_Centering_Position', 'Laser_Power', 'Power_Efficiency', 'Top_Kerf', 'Vibration']",0.550795670106794,3.8098330683931727,20.0,75.6,0.3080661532744596,-0.00787079736514303,0.49258476628917236,0.7852721095422432,-0.0675813823407539,0.7965709440352322,-0.046736669333119416,0.8145789059435536,0.8685996609962876,0.8188076444495332
DP02,2026-02-26,0.21709806975683427,0.12364076391999057,0.5022727714828291,0.8124684771490088,-0.03694122411539677,0.7860207225380421,-0.0006726788740054991,0.8784948246911766,0.832951891235543,0.9007564862620074,0.5016090104046029,99.82053714415667,0.0869565217391304,0.0234113712374581,0.0,0.0,8,"['Bottom_Kerf', 'Head_Temp', 'Kerf_Width_Profile', 'Laser_Centering_Position', 'Laser_Power', 'Power_Efficiency', 'Top_Kerf', 'Vibration']",0.538388567529978,4.012872083236823,20.0,75.4,0.21709806975683427,0.12364076391999057,0.5022727714828291,0.8124684771490088,-0.03694122411539677,0.7860207225380421,-0.0006726788740054991,0.8784948246911766,0.832951891235543,0.9007564862620074
DP02,2026-02-27,0.2891803834745843,-0.012938198930351417,0.5397911568120345,0.9459340294565128,0.04372920750829734,0.8051313491322183,-0.03926907860734474,0.8645016261758203,0.8664656802197509,0.8892941198394688,0.519182027508099,99.8241324045943,0.0579710144927536,0.0144927536231884,0.0036231884057971,0.0,8,"['Bottom_Kerf', 'Head_Temp', 'Kerf_Width_Profile', 'Laser_Centering_Position', 'Laser_Power', 'Power_Efficiency', 'Top_Kerf', 'Vibration']",0.5276027862171162,4.153456220064792,20.0,75.3,0.2891803834745843,-0.012938198930351417,0.5397911568120345,0.9459340294565128,0.04372920750829734,0.8051313491322183,-0.03926907860734474,0.8645016261758203,0.8664656802197509,0.8892941198394688
DP02,2026-02-28,0.25127710632001954,0.05734553923769339,0.5230556113688426,0.892039463254131,-0.014261258447036478,0.7965674528836392,0.05517163022794754,0.8249548773412883,0.8808846030799595,0.8722299870990107,0.5139265012365495,99.82897840605048,0.0979020979020979,0.0104895104895104,0.0,0.0,8,"['Bottom_Kerf', 'Head_Temp', 'Kerf_Width_Profile', 'Laser_Centering_Position', 'Laser_Power', 'Power_Efficiency', 'Top_Kerf', 'Vibration']",0.5130647818485556,4.111412009892396,20.0,75.4,0.25127710632001954,0.05734553923769339,0.5230556113688426,0.892039463254131,-0.014261258447036478,0.7965674528836392,0.05517163022794754,0.8249548773412883,0.8808846030799595,0.8722299870990107
DP02,2026-03-01,0.31239584094263906,0.021223569708845556,0.6011232436528255,0.8648674605481272,-0.09806762831308301,0.7818890868758089,0.010136911815220516,0.8946817251497088,0.901525745475043,0.924938667200324,0.521471462305546,99.82906615423867,0.1067961165048543,0.0129449838187702,0.0,0.0032362459546925,8,"['Bottom_Kerf', 'Head_Temp', 'Kerf_Width_Profile', 'Laser_Centering_Position', 'Laser_Power', 'Power_Efficiency', 'Top_Kerf', 'Vibration']",0.5128015372839769,4.171771698444368,20.0,75.3,0.31239584094263906,0.021223569708845556,0.6011232436528255,0.8648674605481272,-0.09806762831308301,0.7818890868758089,0.010136911815220516,0.8946817251497088,0.901525745475043,0.924938667200324
DP02,2026-03-02,0.37580748350005627,0.0717470476268586,0.5357260011963285,0.8341171260490085,-0.09451144489678245,0.8629851347785059,-0.07924286392853469,0.8967503639873331,0.8730994993300905,0.9187077583657312,0.5195186106008596,99.8135793885302,0.1394422310756972,0.0239043824701195,0.0,0.0,8,"['Bottom_Kerf', 'Head_Temp', 'Kerf_Width_Profile', 'Laser_Centering_Position', 'Laser_Power', 'Power_Efficiency', 'Top_Kerf', 'Vibration']",0.5592618344093978,4.156148884806877,20.0,75.3,0.37580748350005627,0.0717470476268586,0.5357260011963285,0.8341171260490085,-0.09451144489678245,0.8629851347785059,-0.07924286392853469,0.8967503639873331,0.8730994993300905,0.9187077583657312
DP02,2026-03-03,0.40886527992425165,0.004087580567951162,0.5713700980155841,0.9416360200588604,0.024671667519683745,0.8157097770008892,-0.06901734371008635,0.831550829104677,0.79934157838504,0.8920147723690796,0.5220230259235931,99.82641728684742,0.0631578947368421,0.0175438596491228,0.0,0.0,8,"['Bottom_Kerf', 'Head_Temp', 'Kerf_Width_Profile', 'Laser_Centering_Position', 'Laser_Power', 'Power_Efficiency', 'Top_Kerf', 'Vibration']",0.5207481394577513,4.1761842073887445,20.0,75.3,0.40886527992425165,0.004087580567951162,0.5713700980155841,0.9416360200588604,0.024671667519683745,0.8157097770008892,-0.06901734371008635,0.831550829104677,0.79934157838504,0.8920147723690796
DP02,2026-03-04,0.24836398086476555,0.05007253207075057,0.4447731130458459,0.8714145906339774,0.03960068654161851,0.82748239575394,-0.016998178331702064,0.8098993160900216,0.7772761109001582,0.8910010075573864,0.49428855551267625,99.8261566385694,0.0659340659340659,0.0256410256410256,0.0,0.0,8,"['Bottom_Kerf', 'Head_Temp', 'Kerf_Width_Profile', 'Laser_Centering_Position', 'Laser_Power', 'Power_Efficiency', 'Top_Kerf', 'Vibration']",0.5215300842917969,3.95430844410141,20.0,75.5,0.24836398086476555,0.05007253207075057,0.4447731130458459,0.8714145906339774,0.03960068654161851,0.82748239575394,-0.016998178331702064,0.8098993160900216,0.7772761109001582,0.8910010075573864
DP02,2026-03-05,0.23925099388541346,-0.02280663557229603,0.5505056099987784,0.8463549793935021,-0.03764568582256446,0.8178054069282076,0.03645418981628676,0.9137278668921339,0.8213478591817566,0.8980445416685797,0.5063039126369798,99.8259368075216,0.1028368794326241,0.0248226950354609,0.0,0.0,8,"['Bottom_Kerf', 'Head_Temp', 'Kerf_Width_Profile', 'Laser_Centering_Position', 'Laser_Power', 'Power_Efficiency', 'Top_Kerf', 'Vibration']",0.5221895774351992,4.050431301095839,20.0,75.4,0.23925099388541346,-0.02280663557229603,0.5505056099987784,0.8463549793935021,-0.03764568582256446,0.8178054069282076,0.03645418981628676,0.9137278668921339,0.8213478591817566,0.8980445416685797
DP02,2026-03-06,0.29435830789161477,0.10375168195389123,0.5173444443634692,0.8717488182349474,0.059852499147672114,0.8270467497389181,0.08007756199312942,0.8418777996625124,0.8483952194122589,0.8907247898374303,0.5335177872235844,99.8133703735074,0.1237113402061855,0.0137457044673539,0.0034364261168384,0.0,8,"['Bottom_Kerf', 'Head_Temp', 'Kerf_Width_Profile', 'Laser_Centering_Position', 'Laser_Power', 'Power_Efficiency', 'Top_Kerf', 'Vibration']",0.5598888794778105,4.268142297788676,20.0,75.2,0.29435830789161477,0.10375168195389123,0.5173444443634692,0.8717488182349474,0.059852499147672114,0.8270467497389181,0.08007756199312942,0.8418777996625124,0.8483952194122589,0.8907247898374303
DP02,2026-03-07,0.3324962430797989,-0.053587817833858985,0.5091870778671437,0.9079609308113951,-0.04527492080745411,0.8480104466590783,-0.033830178087905574,0.8792492499168018,0.8450628794875845,0.8107914668704921,0.5000065377963075,99.81130442475026,0.0735294117647058,0.0220588235294117,0.0,0.0,8,"['Bottom_Kerf', 'Head_Temp', 'Kerf_Width_Profile', 'Laser_Centering_Position', 'Laser_Power', 'Power_Efficiency', 'Top_Kerf', 'Vibration']",0.5660867257492157,4.00005230237046,20.0,75.4,0.3324962430797989,-0.053587817833858985,0.5091870778671437,0.9079609308113951,-0.04527492080745411,0.8480104466590783,-0.033830178087905574,0.8792492499168018,0.8450628794875845,0.8107914668704921
DP02,2026-03-08,0.26643021772043246,0.08739518208645794,0.5230819394828351,0.8150574848958038,0.09641889569724349,0.8183849633027346,-0.051986351137308366,0.8406872572993122,0.8272918090213288,0.8830341233172431,0.5105795521686083,99.81445948460404,0.0726643598615917,0.0276816608996539,0.0,0.0,8,"['Bottom_Kerf', 'Head_Temp', 'Kerf_Width_Profile', 'Laser_Centering_Position', 'Laser_Power', 'Power_Efficiency', 'Top_Kerf', 'Vibration']",0.5566215461878699,4.084636417348866,20.0,75.4,0.26643021772043246,0.08739518208645794,0.5230819394828351,0.8150574848958038,0.09641889569724349,0.8183849633027346,-0.051986351137308366,0.8406872572993122,0.8272918090213288,0.8830341233172431
DP02,2026-03-09,0.244885730969116,-0.01735943286347465,0.5715900984262315,0.814070469979446,-0.055238112710147814,0.8144162637281074,0.05510519907814377,0.8667251773401886,0.9089905026991394,0.8931272991259451,0.5096313195772696,99.83877175931472,0.0703703703703703,0.0111111111111111,0.0,0.0,8,"['Bottom_Kerf', 'Head_Temp', 'Kerf_Width_Profile', 'Laser_Centering_Position', 'Laser_Power', 'Power_Efficiency', 'Top_Kerf', 'Vibration']",0.4836847220558269,4.077050556618157,20.0,75.4,0.244885730969116,-0.01735943286347465,0.5715900984262315,0.814070469979446,-0.055238112710147814,0.8144162637281074,0.05510519907814377,0.8667251773401886,0.9089905026991394,0.8931272991259451
DP02,2026-03-10,0.2628654577492942,0.09758207330214379,0.5192394061646756,0.891377922648085,0.10645863919007237,0.8095989892569581,0.07462577795122234,0.9241092395376954,0.8277199550694923,0.9241025167011341,0.5437679977570773,99.8381088116229,0.086021505376344,0.010752688172043,0.0,0.0,8,"['Bottom_Kerf', 'Head_Temp', 'Kerf_Width_Profile', 'Laser_Centering_Position', 'Laser_Power', 'Power_Efficiency', 'Top_Kerf', 'Vibration']",0.4856735651312931,4.350143982056618,20.0,75.2,0.2628654577492942,0.09758207330214379,0.5192394061646756,0.891377922648085,0.10645863919007237,0.8095989892569581,0.07462577795122234,0.9241092395376954,0.8277199550694923,0.9241025167011341
DP02,2026-03-11,0.28085473969457925,-0.08960981324075895,0.5572939058795912,0.8987481232795992,-0.00756105438209583,0.7749794636909516,-0.0645892670112147,0.833558024381822,0.8711916753441576,0.9189223887181496,0.4973788186354781,99.837639043296,0.0848484848484848,0.0212121212121212,0.003030303030303,0.0,8,"['Bottom_Kerf', 'Head_Temp', 'Kerf_Width_Profile', 'Laser_Centering_Position', 'Laser_Power', 'Power_Efficiency', 'Top_Kerf', 'Vibration']",0.4870828701120189,3.979030549083825,20.0,75.5,0.28085473969457925,-0.08960981324075895,0.5572939058795912,0.8987481232795992,-0.00756105438209583,0.7749794636909516,-0.0645892670112147,0.833558024381822,0.8711916753441576,0.9189223887181496
DP02,2026-03-12,0.3977807481267384,-0.01447725902842339,0.6555003552519334,0.8877384792325069,0.003521731801129099,0.8161515430685112,0.05501170270990178,0.8950778474965534,0.8625085374676207,0.9344468083220081,0.549326049444848,99.83554799100304,0.0948905109489051,0.0218978102189781,0.0,0.0,8,"['Bottom_Kerf', 'Head_Temp', 'Kerf_Width_Profile', 'Laser_Centering_Position', 'Laser_Power', 'Power_Efficiency', 'Top_Kerf', 'Vibration']",0.493356026990881,4.394608395558784,20.0,75.1,0.3977807481267384,-0.01447725902842339,0.6555003552519334,0.8877384792325069,0.003521731801129099,0.8161515430685112,0.05501170270990178,0.8950778474965534,0.8625085374676207,0.9344468083220081
DP02,2026-03-13,0.20866658082657005,0.0018648086332394007,0.591340135430191,0.9152479100603156,0.09540992937972975,0.8738025899403734,0.1020249558853987,0.8831127561389428,0.8645454486577705,0.9451032517626421,0.5481118366715173,99.84006605516764,0.0805860805860805,0.0219780219780219,0.0,0.0,8,"['Bottom_Kerf', 'Head_Temp', 'Kerf_Width_Profile', 'Laser_Centering_Position', 'Laser_Power', 'Power_Efficiency', 'Top_Kerf', 'Vibration']",0.47980183449708136,4.384894693372138,20.0,75.1,0.20866658082657005,0.0018648086332394007,0.591340135430191,0.9152479100603156,0.09540992937972975,0.8738025899403734,0.1020249558853987,0.8831127561389428,0.8645454486577705,0.9451032517626421
DP02,2026-03-14,0.21833892981877892,-0.13528514846648426,0.5252707063276995,0.8377031159780518,-0.11752258578789236,0.8354062241458577,-0.10310967569073329,0.8960755087097405,0.9119122665175059,0.9202375066211781,0.47890268481737025,99.84924238471008,0.0530035335689045,0.0070671378091872,0.0035335689045936,0.0,8,"['Bottom_Kerf', 'Head_Temp', 'Kerf_Width_Profile', 'Laser_Centering_Position', 'Laser_Power', 'Power_Efficiency', 'Top_Kerf', 'Vibration']",0.45227284586975713,3.831221478538962,20.0,75.7,0.21833892981877892,-0.13528514846648426,0.5252707063276995,0.8377031159780518,-0.11752258578789236,0.8354062241458577,-0.10310967569073329,0.8960755087097405,0.9119122665175059,0.9202375066211781
DP02,2026-03-15,0.4294380262595287,-0.06402614390098262,0.5611479889466906,0.869762805464423,-0.048123597034692094,0.8129603666092452,-0.08918676798314906,0.9023434497677915,0.8849930870246243,0.8929210454887041,0.5152230260642183,99.84211758909044,0.0961538461538461,0.0224358974358974,0.0,0.0,8,"['Bottom_Kerf', 'Head_Temp', 'Kerf_Width_Profile', 'Laser_Centering_Position', 'Laser_Power', 'Power_Efficiency', 'Top_Kerf', 'Vibration']",0.4736472327286947,4.121784208513747,20.0,75.4,0.4294380262595287,-0.06402614390098262,0.5611479889466906,0.869762805464423,-0.048123597034692094,0.8129603666092452,-0.08918676798314906,0.9023434497677915,0.8849930870246243,0.8929210454887041
DP02,2026-03-16,0.31843884339703776,-0.024185343089899093,0.47907855592117854,0.8493441085802612,-0.0552686296331421,0.8179773236143689,-0.015460261411700557,0.8289255918605902,0.8369909913322271,0.8810879259228891,0.4916929106493811,99.83954462442072,0.0838709677419354,0.0129032258064516,0.0,0.0,8,"['Bottom_Kerf', 'Head_Temp', 'Kerf_Width_Profile', 'Laser_Centering_Position', 'Laser_Power', 'Power_Efficiency', 'Top_Kerf', 'Vibration']",0.4813661267378251,3.9335432851950487,20.0,75.6,0.31843884339703776,-0.024185343089899093,0.47907855592117854,0.8493441085802612,-0.0552686296331421,0.8179773236143689,-0.015460261411700557,0.8289255918605902,0.8369909913322271,0.8810879259228891
DP02,2026-03-17,0.3328991587739205,0.012836825921822694,0.4036386703499867,0.8791181279623428,-0.05875303504517345,0.7804303256840885,-0.002903934611185274,0.81708271661209,0.8554625215322572,0.8629065849065607,0.488271796208671,99.83718936105588,0.0648464163822525,0.0170648464163822,0.0,0.0,8,"['Bottom_Kerf', 'Head_Temp', 'Kerf_Width_Profile', 'Laser_Centering_Position', 'Laser_Power', 'Power_Efficiency', 'Top_Kerf', 'Vibration']",0.48843191683236853,3.906174369669368,20.0,75.6,0.3328991587739205,0.012836825921822694,0.4036386703499867,0.8791181279623428,-0.05875303504517345,0.7804303256840885,-0.002903934611185274,0.81708271661209,0.8554625215322572,0.8629065849065607
DP02,2026-03-18,0.35967700696639465,0.05304395828246826,0.5375044329810177,0.8207884532001075,-0.09504652345297279,0.835337079645462,-0.008896740213497723,0.8723270461692069,0.832648421953641,0.9299083404185361,0.5137291475950364,99.82913658340378,0.0940766550522648,0.0383275261324041,0.0,0.0,8,"['Bottom_Kerf', 'Head_Temp', 'Kerf_Width_Profile', 'Laser_Centering_Position', 'Laser_Power', 'Power_Efficiency', 'Top_Kerf', 'Vibration']",0.5125902497886585,4.109833180760291,20.0,75.4,0.35967700696639465,0.05304395828246826,0.5375044329810177,0.8207884532001075,-0.09504652345297279,0.835337079645462,-0.008896740213497723,0.8723270461692069,0.832648421953641,0.9299083404185361
DP02,2026-03-19,0.2502601404341489,0.01162400591463511,0.6249551705892811,0.8777702225551979,-0.005495617297064023,0.7649908792551189,0.032627472964516145,0.892717076765457,0.867297771534097,0.9396929210432372,0.5256440043758626,99.84143424636665,0.064516129032258,0.010752688172043,0.003584229390681,0.0,8,"['Bottom_Kerf', 'Head_Temp', 'Kerf_Width_Profile', 'Laser_Centering_Position', 'Laser_Power', 'Power_Efficiency', 'Top_Kerf', 'Vibration']",0.4756972609000627,4.2051520350069005,20.0,75.3,0.2502601404341489,0.01162400591463511,0.6249551705892811,0.8777702225551979,-0.005495617297064023,0.7649908792551189,0.032627472964516145,0.892717076765457,0.867297771534097,0.9396929210432372
DP02,2026-03-20,0.23252421117239905,0.12618688826149582,0.625710244894294,0.9092223692563488,-0.021128909950170516,0.7993219401228213,0.03224061728105804,0.8416723494423991,0.8952887667359452,0.967539744438979,0.540857822165557,99.8440111382026,0.0932835820895522,0.0186567164179104,0.0,0.0,8,"['Bottom_Kerf', 'Head_Temp', 'Kerf_Width_Profile', 'Laser_Centering_Position', 'Laser_Power', 'Power_Efficiency', 'Top_Kerf', 'Vibration']",0.4679665853921904,4.326862577324456,20.0,75.2,0.23252421117239905,0.12618688826149582,0.625710244894294,0.9092223692563488,-0.021128909950170516,0.7993219401228213,0.03224061728105804,0.8416723494423991,0.8952887667359452,0.967539744438979
DP02,2026-03-21,0.2810798223742585,0.04333411097089292,0.48173330748610393,0.8566704059279087,-0.052117481034669504,0.8293418884314155,-0.03518798350392437,0.8077199743304865,0.8128808316273158,0.8926479281376913,0.49181028047474795,99.82800894001484,0.0957446808510638,0.0248226950354609,0.0,0.0,8,"['Bottom_Kerf', 'Head_Temp', 'Kerf_Width_Profile', 'Laser_Centering_Position', 'Laser_Power', 'Power_Efficiency', 'Top_Kerf', 'Vibration']",0.5159731799554805,3.9344822437979836,20.0,75.5,0.2810798223742585,0.04333411097089292,0.48173330748610393,0.8566704059279087,-0.052117481034669504,0.8293418884314155,-0.03518798350392437,0.8077199743304865,0.8128808316273158,0.8926479281376913
DP02,2026-03-22,0.3141905349069322,-0.06396968689156772,0.5475519788137269,0.8240137109385538,-0.07799913769662524,0.7884622394730809,0.035946097392012114,0.9015405200479754,0.836914428403266,0.8602489930651327,0.49668996784524877,99.83644963724863,0.0793103448275862,0.0137931034482758,0.0034482758620689,0.0,8,"['Bottom_Kerf', 'Head_Temp', 'Kerf_Width_Profile', 'Laser_Centering_Position', 'Laser_Power', 'Power_Efficiency', 'Top_Kerf', 'Vibration']",0.4906510882540971,3.97351974276199,20.0,75.5,0.3141905349069322,-0.06396968689156772,0.5475519788137269,0.8240137109385538,-0.07799913769662524,0.7884622394730809,0.035946097392012114,0.9015405200479754,0.836914428403266,0.8602489930651327
DP02,2026-03-23,0.26131445813581466,-0.1290947301979668,0.5429281072666479,0.87525021166821,-0.03262760151122128,0.8051010609745007,0.059366966553848086,0.8116146893985664,0.8502113479444942,0.9072227373301625,0.4951287247563056,99.83220025759604,0.0923076923076923,0.0115384615384615,0.0,0.0,8,"['Bottom_Kerf', 'Head_Temp', 'Kerf_Width_Profile', 'Laser_Centering_Position', 'Laser_Power', 'Power_Efficiency', 'Top_Kerf', 'Vibration']",0.5033992272118724,3.9610297980504448,20.0,75.5,0.26131445813581466,-0.1290947301979668,0.5429281072666479,0.87525021166821,-0.03262760151122128,0.8051010609745007,0.059366966553848086,0.8116146893985664,0.8502113479444942,0.9072227373301625
DP02,2026-03-24,0.33664740037147894,0.03794147778895672,0.5142439643979629,0.8820678436417208,-0.022851322890611186,0.8076954891000603,-0.003019394447951315,0.8741544829813485,0.9259776917992318,0.9468079374127523,0.529966557015495,99.83647564384874,0.075268817204301,0.010752688172043,0.0,0.0,8,"['Bottom_Kerf', 'Head_Temp', 'Kerf_Width_Profile', 'Laser_Centering_Position', 'Laser_Power', 'Power_Efficiency', 'Top_Kerf', 'Vibration']",0.49057306845377013,4.23973245612396,20.0,75.3,0.33664740037147894,0.03794147778895672,0.5142439643979629,0.8820678436417208,-0.022851322890611186,0.8076954891000603,-0.003019394447951315,0.8741544829813485,0.9259776917992318,0.9468079374127523
DP02,2026-03-25,0.32037400620202067,0.04394956598758798,0.5472924739964171,0.8554360056466949,0.06365155909559758,0.7917736431399931,0.016693991783616146,0.9146797286181902,0.8861022748406597,0.9263293607129311,0.5366282610023709,99.83277236585164,0.1297709923664122,0.0267175572519083,0.0,0.0,8,"['Bottom_Kerf', 'Head_Temp', 'Kerf_Width_Profile', 'Laser_Centering_Position', 'Laser_Power', 'Power_Efficiency', 'Top_Kerf', 'Vibration']",0.5016829024450828,4.2930260880189675,20.0,75.2,0.32037400620202067,0.04394956598758798,0.5472924739964171,0.8554360056466949,0.06365155909559758,0.7917736431399931,0.016693991783616146,0.9146797286181902,0.8861022748406597,0.9263293607129311
DP02,2026-03-26,0.43057799464254043,-0.12389090536845723,0.6053795219121465,0.7850172066655584,-0.014653655652175185,0.7491942600312618,-0.046167518465414496,0.8366123601643545,0.8442832257063055,0.8657044695516534,0.4932056959187774,99.8253021404648,0.0938628158844765,0.0180505415162454,0.0,0.0,8,"['Bottom_Kerf', 'Head_Temp', 'Kerf_Width_Profile', 'Laser_Centering_Position', 'Laser_Power', 'Power_Efficiency', 'Top_Kerf', 'Vibration']",0.5240935786056014,3.945645567350219,20.0,75.5,0.43057799464254043,-0.12389090536845723,0.6053795219121465,0.7850172066655584,-0.014653655652175185,0.7491942600312618,-0.046167518465414496,0.8366123601643545,0.8442832257063055,0.8657044695516534
DP02,2026-03-27,0.35022544024793534,-0.027581948538320293,0.6139074032593089,0.8818551973990508,-0.07768239587799837,0.7257628098604444,0.07430990467616919,0.8847771834440502,0.8619866384547232,0.8916008596838327,0.5179161092609197,99.82840438530528,0.060377358490566,0.0188679245283018,0.0,0.0,8,"['Bottom_Kerf', 'Head_Temp', 'Kerf_Width_Profile', 'Laser_Centering_Position', 'Laser_Power', 'Power_Efficiency', 'Top_Kerf', 'Vibration']",0.5147868440841705,4.1433288740873575,20.0,75.3,0.35022544024793534,-0.027581948538320293,0.6139074032593089,0.8818551973990508,-0.07768239587799837,0.7257628098604444,0.07430990467616919,0.8847771834440502,0.8619866384547232,0.8916008596838327
DP02,2026-03-28,0.30145040309034266,0.02570294072472545,0.5713321141869265,0.8726828931465626,0.03617356589239993,0.827874461017027,-0.022355845419415758,0.8633758134464439,0.8529772015478543,0.9346434526907463,0.5263857000323613,99.83391722874052,0.0830449826989619,0.0173010380622837,0.0,0.0,8,"['Bottom_Kerf', 'Head_Temp', 'Kerf_Width_Profile', 'Laser_Centering_Position', 'Laser_Power', 'Power_Efficiency', 'Top_Kerf', 'Vibration']",0.498248313778447,4.21108560025889,20.0,75.3,0.30145040309034266,0.02570294072472545,0.5713321141869265,0.8726828931465626,0.03617356589239993,0.827874461017027,-0.022355845419415758,0.8633758134464439,0.8529772015478543,0.9346434526907463
DP02,2026-03-29,0.2770949642869768,0.0400686861101132,0.5751570969668212,0.8090036667660662,0.07956997205389252,0.8608371585620983,-0.013727022478181493,0.8779368413215705,0.8199842007717724,0.8782845128124754,0.5204210077173606,99.82950101579436,0.0736842105263157,0.0350877192982456,0.0,0.0,8,"['Bottom_Kerf', 'Head_Temp', 'Kerf_Width_Profile', 'Laser_Centering_Position', 'Laser_Power', 'Power_Efficiency', 'Top_Kerf', 'Vibration']",0.5114969526169091,4.163368061738884,20.0,75.3,0.2770949642869768,0.0400686861101132,0.5751570969668212,0.8090036667660662,0.07956997205389252,0.8608371585620983,-0.013727022478181493,0.8779368413215705,0.8199842007717724,0.8782845128124754
DP02,2026-03-30,0.25030987419684975,0.01408804959727399,0.5571709259301734,0.8556113517357194,-0.005342488989690604,0.8389802005323764,-0.10425197888338972,0.8567559927883754,0.9003966512647231,0.9244288430888405,0.5088147421261251,99.81940440710504,0.0927152317880794,0.0331125827814569,0.0,0.0,8,"['Bottom_Kerf', 'Head_Temp', 'Kerf_Width_Profile', 'Laser_Centering_Position', 'Laser_Power', 'Power_Efficiency', 'Top_Kerf', 'Vibration']",0.5417867786848802,4.070517937009001,20.0,75.4,0.25030987419684975,0.01408804959727399,0.5571709259301734,0.8556113517357194,-0.005342488989690604,0.8389802005323764,-0.10425197888338972,0.8567559927883754,0.9003966512647231,0.9244288430888405
DP03,2026-01-01,-0.2882190690857312,-0.015636108893957466,-0.13492298930967386,0.7836337046416072,-0.040933415390397396,0.806942300408719,-0.06901599420323076,0.7894235916063526,0.7490120123568087,0.753544347790978,0.3333828379921475,,0.0544747081712062,0.0233463035019455,0.0,0.0,8,"['Bottom_Kerf', 'Cooling_Flow', 'Head_Temp', 'Kerf_Width_Profile', 'Laser_Power', 'Power_Efficiency', 'Top_Kerf', 'Vibration']",0.0,2.66706270393718,20.0,77.3,-0.2882190690857312,-0.015636108893957466,-0.13492298930967386,0.7836337046416072,-0.040933415390397396,0.806942300408719,-0.06901599420323076,0.7894235916063526,0.7490120123568087,0.753544347790978
DP03,2026-01-02,-0.2190901267695861,0.05347209582202397,-0.12652419007028917,0.8092587862144884,-0.005101539885028497,0.8088292173850763,-0.06327281252982896,0.7543630292135814,0.8313743786172252,0.7606181055361005,0.36039269435337634,,0.0790378006872852,0.0137457044673539,0.0,0.0,8,"['Bottom_Kerf', 'Cooling_Flow', 'Head_Temp', 'Kerf_Width_Profile', 'Laser_Power', 'Power_Efficiency', 'Top_Kerf', 'Vibration']",0.0,2.8831415548270107,20.0,77.1,-0.2190901267695861,0.05347209582202397,-0.12652419007028917,0.8092587862144884,-0.005101539885028497,0.8088292173850763,-0.06327281252982896,0.7543630292135814,0.8313743786172252,0.7606181055361005
DP03,2026-01-03,-0.2455742044810119,0.008061011625458398,-0.062025322424559604,0.8304619446217938,-0.14287581083629977,0.7770085313628856,-0.07418789722967674,0.8324068352433112,0.8770618666970752,0.800525516066311,0.3600862470645287,99.83471120084972,0.0874524714828897,0.0304182509505703,0.0,0.0,8,"['Bottom_Kerf', 'Cooling_Flow', 'Head_Temp', 'Kerf_Width_Profile', 'Laser_Power', 'Power_Efficiency', 'Top_Kerf', 'Vibration']",0.4958663974508255,2.8806899765162295,20.0,76.6,-0.2455742044810119,0.008061011625458398,-0.062025322424559604,0.8304619446217938,-0.14287581083629977,0.7770085313628856,-0.07418789722967674,0.8324068352433112,0.8770618666970752,0.800525516066311
DP03,2026-01-04,-0.25334546467870545,0.007411186790494948,-0.09219979829335376,0.8006552391897559,-0.04714944826796958,0.7434710313673026,-0.04396237041381104,0.7573670036536345,0.7542819981642561,0.7859413063967349,0.34124706839083396,99.84820805817152,0.047945205479452,0.0205479452054794,0.0,0.0,8,"['Bottom_Kerf', 'Cooling_Flow', 'Head_Temp', 'Kerf_Width_Profile', 'Laser_Power', 'Power_Efficiency', 'Top_Kerf', 'Vibration']",0.455375825485433,2.7299765471266717,20.0,76.8,-0.25334546467870545,0.007411186790494948,-0.09219979829335376,0.8006552391897559,-0.04714944826796958,0.7434710313673026,-0.04396237041381104,0.7573670036536345,0.7542819981642561,0.7859413063967349
DP03,2026-01-05,-0.28877541013790997,-0.017305875641576207,-0.10271471888699303,0.752186859892163,-0.12568808944246296,0.7759924909926252,-0.05045602027292794,0.8132876064781182,0.736560280059739,0.8280336203670066,0.3321120743407782,99.8584344333359,0.0429042904290429,0.0132013201320132,0.0,0.0,8,"['Bottom_Kerf', 'Cooling_Flow', 'Head_Temp', 'Kerf_Width_Profile', 'Laser_Power', 'Power_Efficiency', 'Top_Kerf', 'Vibration']",0.4246966999922961,2.6568965947262257,20.0,76.9,-0.28877541013790997,-0.017305875641576207,-0.10271471888699303,0.752186859892163,-0.12568808944246296,0.7759924909926252,-0.05045602027292794,0.8132876064781182,0.736560280059739,0.8280336203670066
DP03,2026-01-06,-0.16921725700180887,0.019440321274914716,-0.13260912539056027,0.7410489122329866,-0.09051718858778893,0.8030610480385836,-0.11901359354626463,0.7499701931382815,0.7913680827797352,0.7761986488972393,0.3369730041835318,99.8602295774488,0.0695364238410596,0.0165562913907284,0.0,0.0,8,"['Bottom_Kerf', 'Cooling_Flow', 'Head_Temp', 'Kerf_Width_Profile', 'Laser_Power', 'Power_Efficiency', 'Top_Kerf', 'Vibration']",0.4193112676535833,2.6957840334682546,20.0,76.9,-0.16921725700180887,0.019440321274914716,-0.13260912539056027,0.7410489122329866,-0.09051718858778893,0.8030610480385836,-0.11901359354626463,0.7499701931382815,0.7913680827797352,0.7761986488972393
DP03,2026-01-07,-0.28396383553980764,0.05010350582680509,-0.12975296086028504,0.7785768962505142,-0.0713370023381024,0.8151556500978204,-0.07780010850727762,0.8064489754210393,0.8304958222056279,0.8255194818954287,0.35434464244517627,99.86341232837356,0.0636042402826855,0.0106007067137809,0.0,0.0,8,"['Bottom_Kerf', 'Cooling_Flow', 'Head_Temp', 'Kerf_Width_Profile', 'Laser_Power', 'Power_Efficiency', 'Top_Kerf', 'Vibration']",0.4097630148793314,2.83475713956141,20.0,76.8,-0.28396383553980764,0.05010350582680509,-0.12975296086028504,0.7785768962505142,-0.0713370023381024,0.8151556500978204,-0.07780010850727762,0.8064489754210393,0.8304958222056279,0.8255194818954287
DP03,2026-01-08,-0.31706489644703617,0.03209695033946094,-0.08269984056486036,0.7679744405325739,-0.25209131486996766,0.8061620540306983,0.06826567332016997,0.8222084279782168,0.7973035810732024,0.8007925176586005,0.34429475930510584,99.85556619846066,0.0648464163822525,0.0341296928327645,0.0,0.0,8,"['Bottom_Kerf', 'Cooling_Flow', 'Head_Temp', 'Kerf_Width_Profile', 'Laser_Power', 'Power_Efficiency', 'Top_Kerf', 'Vibration']",0.4333014046180068,2.7543580744408467,20.0,76.8,-0.31706489644703617,0.03209695033946094,-0.08269984056486036,0.7679744405325739,-0.25209131486996766,0.8061620540306983,0.06826567332016997,0.8222084279782168,0.7973035810732024,0.8007925176586005
DP03,2026-01-09,-0.18997209075911836,0.10119413377282027,-0.16545429768515976,0.8153573444092103,-0.10046403456724462,0.8511680254676973,0.022732507810918644,0.7626210116499196,0.8207518030487743,0.7984894332140582,0.37164238363618757,99.85317847760872,0.0830564784053156,0.0166112956810631,0.0,0.0,8,"['Bottom_Kerf', 'Cooling_Flow', 'Head_Temp', 'Kerf_Width_Profile', 'Laser_Power', 'Power_Efficiency', 'Top_Kerf', 'Vibration']",0.44046456717383364,2.9731390690895005,20.0,76.6,-0.18997209075911836,0.10119413377282027,-0.16545429768515976,0.8153573444092103,-0.10046403456724462,0.8511680254676973,0.022732507810918644,0.7626210116499196,0.8207518030487743,0.7984894332140582
DP03,2026-01-10,-0.2500827900325349,0.05589301648722003,-0.1984623325098809,0.8258550610714078,-0.12478977590709972,0.7657462023198378,-0.07202568361272964,0.7661983428698405,0.7358455767843117,0.7669405302894012,0.3271118147759774,99.8670078987998,0.0462633451957295,0.0177935943060498,0.0,0.0,8,"['Bottom_Kerf', 'Cooling_Flow', 'Head_Temp', 'Kerf_Width_Profile', 'Laser_Power', 'Power_Efficiency', 'Top_Kerf', 'Vibration']",0.3989763036006053,2.616894518207819,20.0,77.0,-0.2500827900325349,0.05589301648722003,-0.1984623325098809,0.8258550610714078,-0.12478977590709972,0.7657462023198378,-0.07202568361272964,0.7661983428698405,0.7358455767843117,0.7669405302894012
DP03,2026-01-11,-0.2969836903565884,-0.005495275778810828,-0.1647720212519889,0.8631542594759956,-0.041780463460703854,0.7939502135359044,0.1428076928240555,0.7747334404538335,0.7739530643923507,0.7854260711942206,0.3624993291028268,99.8627428855538,0.064625850340136,0.0170068027210884,0.0,0.0,8,"['Bottom_Kerf', 'Cooling_Flow', 'Head_Temp', 'Kerf_Width_Profile', 'Laser_Power', 'Power_Efficiency', 'Top_Kerf', 'Vibration']",0.4117713433386001,2.8999946328226143,20.0,76.7,-0.2969836903565884,-0.005495275778810828,-0.1647720212519889,0.8631542594759956,-0.041780463460703854,0.7939502135359044,0.1428076928240555,0.7747334404538335,0.7739530643923507,0.7854260711942206
DP03,2026-01-12,-0.1779734182505507,-0.05728191756111963,-0.13523245952353743,0.7861970701318015,-0.04912382895007767,0.8347112496891576,-0.07996574435721444,0.7910924147836861,0.7761209684936352,0.8023198278290827,0.34908641622848635,99.86273622158603,0.03886925795053,0.0176678445229682,0.0,0.0,8,"['Bottom_Kerf', 'Cooling_Flow', 'Head_Temp', 'Kerf_Width_Profile', 'Laser_Power', 'Power_Efficiency', 'Top_Kerf', 'Vibration']",0.4117913352419009,2.792691329827891,20.0,76.8,-0.1779734182505507,-0.05728191756111963,-0.13523245952353743,0.7861970701318015,-0.04912382895007767,0.8347112496891576,-0.07996574435721444,0.7910924147836861,0.7761209684936352,0.8023198278290827
DP03,2026-01-13,-0.19256659188423872,-0.0211451754691219,-0.2077079647928408,0.7776819423973875,-0.16915801573796707,0.815238891818275,0.032086204847348754,0.7889926310789284,0.7972781104502227,0.7599391891750727,0.33806392218830666,99.86090169849328,0.0727272727272727,0.0181818181818181,0.0,0.0,8,"['Bottom_Kerf', 'Cooling_Flow', 'Head_Temp', 'Kerf_Width_Profile', 'Laser_Power', 'Power_Efficiency', 'Top_Kerf', 'Vibration']",0.41729490452016194,2.7045113775064533,20.0,76.9,-0.19256659188423872,-0.0211451754691219,-0.2077079647928408,0.7776819423973875,-0.16915801573796707,0.815238891818275,0.032086204847348754,0.7889926310789284,0.7972781104502227,0.7599391891750727
DP03,2026-01-14,-0.17138929029216135,-0.04942435636726015,-0.10938791414698275,0.7695740163719564,-0.12329095817131883,0.78278344281458,-0.02582063772974751,0.7724610616993113,0.7473060324604802,0.7202351799841095,0.3313046576622967,99.859969615357,0.0551181102362204,0.0196850393700787,0.0,0.0,8,"['Bottom_Kerf', 'Cooling_Flow', 'Head_Temp', 'Kerf_Width_Profile', 'Laser_Power', 'Power_Efficiency', 'Top_Kerf', 'Vibration']",0.4200911539289933,2.6504372612983738,20.0,76.9,-0.17138929029216135,-0.04942435636726015,-0.10938791414698275,0.7695740163719564,-0.12329095817131883,0.78278344281458,-0.02582063772974751,0.7724610616993113,0.7473060324604802,0.7202351799841095
DP03,2026-01-15,-0.2603032541683688,-0.06758879333833429,-0.1724849781675745,0.8113026465043673,-0.029518388071611033,0.8528459064477215,0.018903136393137437,0.8398346840235348,0.8371842574976811,0.7913592743500303,0.3621534491470584,99.87085422009828,0.054054054054054,0.0115830115830115,0.0,0.0,8,"['Bottom_Kerf', 'Cooling_Flow', 'Head_Temp', 'Kerf_Width_Profile', 'Laser_Power', 'Power_Efficiency', 'Top_Kerf', 'Vibration']",0.3874373397051585,2.897227593176467,20.0,76.7,-0.2603032541683688,-0.06758879333833429,-0.1724849781675745,0.8113026465043673,-0.029518388071611033,0.8528459064477215,0.018903136393137437,0.8398346840235348,0.8371842574976811,0.7913592743500303
DP03,2026-01-16,-0.3307358934644316,-0.0003178842408506086,-0.06414747156921415,0.8226938217127736,-0.16407616382984624,0.758593873773794,0.039881452699399925,0.7902084157567988,0.7805148811694332,0.7680827759099595,0.3400697807917817,99.8780398576912,0.0622837370242214,0.0069204152249134,0.0,0.0,8,"['Bottom_Kerf', 'Cooling_Flow', 'Head_Temp', 'Kerf_Width_Profile', 'Laser_Power', 'Power_Efficiency', 'Top_Kerf', 'Vibration']",0.3658804269263811,2.7205582463342535,20.0,76.9,-0.3307358934644316,-0.0003178842408506086,-0.06414747156921415,0.8226938217127736,-0.16407616382984624,0.758593873773794,0.039881452699399925,0.7902084157567988,0.7805148811694332,0.7680827759099595
DP03,2026-01-17,-0.23496246101215162,0.025232618567897387,-0.10936818914142601,0.7776836976265719,-0.07084871549890386,0.7792187720576546,-0.0756135141072611,0.8481359794228749,0.7637033517655454,0.7873782918543191,0.349055983153512,99.87084427546073,0.0742049469964664,0.0282685512367491,0.0,0.0,8,"['Bottom_Kerf', 'Cooling_Flow', 'Head_Temp', 'Kerf_Width_Profile', 'Laser_Power', 'Power_Efficiency', 'Top_Kerf', 'Vibration']",0.38746717361782146,2.792447865228096,20.0,76.8,-0.23496246101215162,0.025232618567897387,-0.10936818914142601,0.7776836976265719,-0.07084871549890386,0.7792187720576546,-0.0756135141072611,0.8481359794228749,0.7637033517655454,0.7873782918543191
DP03,2026-01-18,-0.227481973777658,0.007469848524731176,-0.1656832242964445,0.7864013426370828,-0.08746265907888182,0.7562253731704534,-0.023804078796690362,0.763967333772416,0.8222446890438578,0.7837374479838904,0.34156140991827566,99.878877532384,0.0534351145038167,0.0114503816793893,0.0,0.0,8,"['Bottom_Kerf', 'Cooling_Flow', 'Head_Temp', 'Kerf_Width_Profile', 'Laser_Power', 'Power_Efficiency', 'Top_Kerf', 'Vibration']",0.36336740284801294,2.7324912793462053,20.0,76.9,-0.227481973777658,0.007469848524731176,-0.1656832242964445,0.7864013426370828,-0.08746265907888182,0.7562253731704534,-0.023804078796690362,0.763967333772416,0.8222446890438578,0.7837374479838904
DP03,2026-01-19,-0.1699372365444841,0.0002187792465665931,-0.1133518314368041,0.8035548827254186,-0.09645786575134258,0.8153578997250986,-0.003364213919811018,0.7450225541039036,0.7328677114800759,0.7504819550293628,0.34643926346579845,99.87315206536196,0.0511945392491467,0.0238907849829351,0.0,0.0,8,"['Bottom_Kerf', 'Cooling_Flow', 'Head_Temp', 'Kerf_Width_Profile', 'Laser_Power', 'Power_Efficiency', 'Top_Kerf', 'Vibration']",0.380543803914108,2.7715141077263876,20.0,76.8,-0.1699372365444841,0.0002187792465665931,-0.1133518314368041,0.8035548827254186,-0.09645786575134258,0.8153578997250986,-0.003364213919811018,0.7450225541039036,0.7328677114800759,0.7504819550293628
DP03,2026-01-20,-0.152793277820706,-0.04607509462439863,-0.0917200006091303,0.7565414243774968,-0.008170200318972639,0.8135286295717803,0.07651619386001886,0.7710834342250293,0.834898904498739,0.7442102934757308,0.3698020306635587,99.87278449069836,0.0613718411552346,0.0324909747292418,0.0,0.0,8,"['Bottom_Kerf', 'Cooling_Flow', 'Head_Temp', 'Kerf_Width_Profile', 'Laser_Power', 'Power_Efficiency', 'Top_Kerf', 'Vibration']",0.3816465279049055,2.9584162453084697,20.0,76.7,-0.152793277820706,-0.04607509462439863,-0.0917200006091303,0.7565414243774968,-0.008170200318972639,0.8135286295717803,0.07651619386001886,0.7710834342250293,0.834898904498739,0.7442102934757308
DP03,2026-01-21,-0.21203022159944646,-0.013852857967187469,-0.0979247460124896,0.8328922439013803,-0.05737169836485885,0.7621842734849144,-0.001990062251645442,0.7623352702192415,0.8228933257411551,0.7843870636549698,0.35815225908060333,99.86848361701723,0.075268817204301,0.014336917562724,0.0,0.0,8,"['Bottom_Kerf', 'Cooling_Flow', 'Head_Temp', 'Kerf_Width_Profile', 'Laser_Power', 'Power_Efficiency', 'Top_Kerf', 'Vibration']",0.3945491489483004,2.8652180726448266,20.0,76.7,-0.21203022159944646,-0.013852857967187469,-0.0979247460124896,0.8328922439013803,-0.05737169836485885,0.7621842734849144,-0.001990062251645442,0.7623352702192415,0.8228933257411551,0.7843870636549698
DP03,2026-01-22,-0.19052721314700918,0.07988287801047057,-0.16010130547261164,0.7519838504135908,-0.11421769631719741,0.8125850600288524,0.002166369012394151,0.830907332617083,0.813905536340565,0.7893885417303704,0.3615973353216508,99.86291164483876,0.075812274368231,0.0180505415162454,0.0,0.0,8,"['Bottom_Kerf', 'Cooling_Flow', 'Head_Temp', 'Kerf_Width_Profile', 'Laser_Power', 'Power_Efficiency', 'Top_Kerf', 'Vibration']",0.4112650654837182,2.8927786825732063,20.0,76.7,-0.19052721314700918,0.07988287801047057,-0.16010130547261164,0.7519838504135908,-0.11421769631719741,0.8125850600288524,0.002166369012394151,0.830907332617083,0.813905536340565,0.7893885417303704
DP03,2026-01-23,-0.19498980640933056,-0.016982647970198054,-0.23625680012721362,0.7885773051464318,-0.0062757607598227134,0.7797464838233045,-0.06863371042266968,0.7823313572966657,0.7861647590377342,0.7591160764601078,0.3372797256075009,99.85502213229748,0.0774193548387096,0.0258064516129032,0.0032258064516129,0.0,8,"['Bottom_Kerf', 'Cooling_Flow', 'Head_Temp', 'Kerf_Width_Profile', 'Laser_Power', 'Power_Efficiency', 'Top_Kerf', 'Vibration']",0.43493360310756657,2.6982378048600073,20.0,76.9,-0.19498980640933056,-0.016982647970198054,-0.23625680012721362,0.7885773051464318,-0.0062757607598227134,0.7797464838233045,-0.06863371042266968,0.7823313572966657,0.7861647590377342,0.7591160764601078
DP03,2026-01-24,-0.19172906493299294,-0.04895277896631832,-0.17416651983313433,0.8088550206298304,-0.15179581778247173,0.7922151669095696,0.06005764268840931,0.7766482750329681,0.8118463693543392,0.8767833360973804,0.355976162919758,99.84939274216002,0.1052631578947368,0.0323886639676113,0.0,0.0,8,"['Bottom_Kerf', 'Cooling_Flow', 'Head_Temp', 'Kerf_Width_Profile', 'Laser_Power', 'Power_Efficiency', 'Top_Kerf', 'Vibration']",0.4518217735199386,2.847809303358064,20.0,76.7,-0.19172906493299294,-0.04895277896631832,-0.17416651983313433,0.8088550206298304,-0.15179581778247173,0.7922151669095696,0.06005764268840931,0.7766482750329681,0.8118463693543392,0.8767833360973804
DP03,2026-01-25,-0.2014276636772137,-0.013440475915804145,-0.12084580139514094,0.77815617575845,-0.09497120723330943,0.811008449617209,-0.011487944652324982,0.7287402500393486,0.7244123919505134,0.7845920491830897,0.3384736223674817,99.84845849208688,0.0418118466898954,0.0174216027874564,0.0,0.0,8,"['Bottom_Kerf', 'Cooling_Flow', 'Head_Temp', 'Kerf_Width_Profile', 'Laser_Power', 'Power_Efficiency', 'Top_Kerf', 'Vibration']",0.4546245237393691,2.7077889789398535,20.0,76.8,-0.2014276636772137,-0.013440475915804145,-0.12084580139514094,0.77815617575845,-0.09497120723330943,0.811008449617209,-0.011487944652324982,0.7287402500393486,0.7244123919505134,0.7845920491830897
DP03,2026-01-26,-0.3498927265242504,0.06477347474395692,-0.25195346487966536,0.7837788847448713,-0.1010770708827399,0.7646553745162775,0.004160743828026425,0.755904386802053,0.7744530233950935,0.7657280981166319,0.32105307238602554,99.84584335977893,0.069090909090909,0.0218181818181818,0.0,0.0,8,"['Bottom_Kerf', 'Cooling_Flow', 'Head_Temp', 'Kerf_Width_Profile', 'Laser_Power', 'Power_Efficiency', 'Top_Kerf', 'Vibration']",0.46246992066322434,2.5684245790882043,20.0,77.0,-0.3498927265242504,0.06477347474395692,-0.25195346487966536,0.7837788847448713,-0.1010770708827399,0.7646553745162775,0.004160743828026425,0.755904386802053,0.7744530233950935,0.7657280981166319
DP03,2026-01-27,-0.2202971457548207,0.04966533401976886,-0.16233823504029682,0.7684908460197856,-0.11865819333439682,0.8488505989297057,-0.01641346636769071,0.7795261243976522,0.8413255082669856,0.8573783380428597,0.3627529709179553,99.84412474347992,0.0861423220973782,0.0074906367041198,0.0,0.0,8,"['Bottom_Kerf', 'Cooling_Flow', 'Head_Temp', 'Kerf_Width_Profile', 'Laser_Power', 'Power_Efficiency', 'Top_Kerf', 'Vibration']",0.46762576956022883,2.902023767343642,20.0,76.6,-0.2202971457548207,0.04966533401976886,-0.16233823504029682,0.7684908460197856,-0.11865819333439682,0.8488505989297057,-0.01641346636769071,0.7795261243976522,0.8413255082669856,0.8573783380428597
DP03,2026-01-28,-0.2538144741234598,0.09880505694542899,-0.20270364065268398,0.8200364706035749,-0.02953568034155615,0.7641950406387404,0.012934674346475111,0.8009157131227406,0.8613975776260352,0.7740686777565391,0.3646299415921834,99.84109722896429,0.0880503144654088,0.0188679245283018,0.0,0.0,8,"['Bottom_Kerf', 'Cooling_Flow', 'Head_Temp', 'Kerf_Width_Profile', 'Laser_Power', 'Power_Efficiency', 'Top_Kerf', 'Vibration']",0.4767083131071388,2.9170395327374674,20.0,76.6,-0.2538144741234598,0.09880505694542899,-0.20270364065268398,0.8200364706035749,-0.02953568034155615,0.7641950406387404,0.012934674346475111,0.8009157131227406,0.8613975776260352,0.7740686777565391
DP03,2026-01-29,-0.2928894774878775,0.05241108040770248,-0.2185438547973197,0.7557073088230819,-0.05117835555464103,0.7951295874745331,0.032486466821795554,0.7321205694840889,0.7790225282835445,0.8156483406420575,0.33999141940969657,99.84111179276142,0.0963455149501661,0.0066445182724252,0.0033222591362126,0.0,8,"['Bottom_Kerf', 'Cooling_Flow', 'Head_Temp', 'Kerf_Width_Profile', 'Laser_Power', 'Power_Efficiency', 'Top_Kerf', 'Vibration']",0.4766646217157273,2.7199313552775726,20.0,76.8,-0.2928894774878775,0.05241108040770248,-0.2185438547973197,0.7557073088230819,-0.05117835555464103,0.7951295874745331,0.032486466821795554,0.7321205694840889,0.7790225282835445,0.8156483406420575
DP03,2026-01-30,-0.2249002331285433,0.057049340036042666,-0.013233496248119514,0.8014430803157979,-0.06263158328112145,0.7864131213365595,-0.08513334178059587,0.815200250339951,0.7206520918922176,0.6746283616218444,0.3469487591104033,99.8379597013724,0.0881226053639846,0.0229885057471264,0.0,0.0,8,"['Bottom_Kerf', 'Cooling_Flow', 'Head_Temp', 'Kerf_Width_Profile', 'Laser_Power', 'Power_Efficiency', 'Top_Kerf', 'Vibration']",0.4861208958828058,2.7755900728832263,20.0,76.7,-0.2249002331285433,0.057049340036042666,-0.013233496248119514,0.8014430803157979,-0.06263158328112145,0.7864131213365595,-0.08513334178059587,0.815200250339951,0.7206520918922176,0.6746283616218444
DP03,2026-01-31,-0.22979836767586262,0.14893644823496727,-0.1728557824757713,0.8420086406133062,0.015144588183569977,0.8053306695190031,0.03865515932694122,0.8184495949832775,0.7333819718701894,0.7236427826723347,0.37228957052519557,99.83785454337252,0.0909090909090909,0.0349650349650349,0.0,0.0,8,"['Bottom_Kerf', 'Cooling_Flow', 'Head_Temp', 'Kerf_Width_Profile', 'Laser_Power', 'Power_Efficiency', 'Top_Kerf', 'Vibration']",0.48643636988245476,2.9783165642015645,20.0,76.5,-0.22979836767586262,0.14893644823496727,-0.1728557824757713,0.8420086406133062,0.015144588183569977,0.8053306695190031,0.03865515932694122,0.8184495949832775,0.7333819718701894,0.7236427826723347
DP03,2026-02-01,-0.17586288730760222,0.026632514441494635,-0.21587665361579894,0.8200560095991656,-0.058725085374586566,0.7171829478859109,0.023777785503700126,0.8244883969976832,0.8039772595638421,0.7933238195516511,0.35589741072454595,99.82649164296708,0.0780669144981412,0.0185873605947955,0.0037174721189591,0.0,8,"['Bottom_Kerf', 'Cooling_Flow', 'Head_Temp', 'Kerf_Width_Profile', 'Laser_Power', 'Power_Efficiency', 'Top_Kerf', 'Vibration']",0.5205250710987457,2.8471792857963676,20.0,76.6,-0.17586288730760222,0.026632514441494635,-0.21587665361579894,0.8200560095991656,-0.058725085374586566,0.7171829478859109,0.023777785503700126,0.8244883969976832,0.8039772595638421,0.7933238195516511
DP03,2026-02-02,-0.35742108425674496,-0.01670869824872404,-0.11931944890138646,0.7842097086853689,-0.13664167440175898,0.7790992729810876,0.0998644508562049,0.8174021138747956,0.8177972801933863,0.7152712277322087,0.3383553148514437,99.82989807260304,0.0655737704918032,0.0204918032786885,0.0,0.0,8,"['Bottom_Kerf', 'Cooling_Flow', 'Head_Temp', 'Kerf_Width_Profile', 'Laser_Power', 'Power_Efficiency', 'Top_Kerf', 'Vibration']",0.5103057821908692,2.7068425188115497,20.0,76.8,-0.35742108425674496,-0.01670869824872404,-0.11931944890138646,0.7842097086853689,-0.13664167440175898,0.7790992729810876,0.0998644508562049,0.8174021138747956,0.8177972801933863,0.7152712277322087
DP03,2026-02-03,-0.17202056900584156,0.07737225499765735,-0.12701164871915815,0.7477865131705854,-0.04507882374090251,0.7534812381357564,-0.0316952458580277,0.7988806018774661,0.709310946101325,0.7151695844527701,0.3426194851411631,99.83246263411591,0.0827338129496402,0.0071942446043165,0.0,0.0,8,"['Bottom_Kerf', 'Cooling_Flow', 'Head_Temp', 'Kerf_Width_Profile', 'Laser_Power', 'Power_Efficiency', 'Top_Kerf', 'Vibration']",0.5026120976522606,2.7409558811293047,20.0,76.8,-0.17202056900584156,0.07737225499765735,-0.12701164871915815,0.7477865131705854,-0.04507882374090251,0.7534812381357564,-0.0316952458580277,0.7988806018774661,0.709310946101325,0.7151695844527701
DP03,2026-02-04,-0.23233832017836323,0.0882839840212126,-0.20068783632588838,0.7969034754102594,-0.00959716339873876,0.7492080879704175,0.0660190600700478,0.7678856272916696,0.8085548659850453,0.8060397459160156,0.3640271526761677,99.8329285246116,0.0684410646387832,0.0228136882129277,0.0,0.0,8,"['Bottom_Kerf', 'Cooling_Flow', 'Head_Temp', 'Kerf_Width_Profile', 'Laser_Power', 'Power_Efficiency', 'Top_Kerf', 'Vibration']",0.5012144261651912,2.9122172214093416,20.0,76.6,-0.23233832017836323,0.0882839840212126,-0.20068783632588838,0.7969034754102594,-0.00959716339873876,0.7492080879704175,0.0660190600700478,0.7678856272916696,0.8085548659850453,0.8060397459160156
DP03,2026-02-05,-0.20428832937351718,0.08775091143099706,-0.1263339949385921,0.7039794473333383,-0.008794904529491747,0.8604541422937028,0.04682117031608908,0.7326453215741027,0.7843231781065262,0.8094882172807648,0.368604515949392,99.84041308335756,0.0625,0.0069444444444444,0.0,0.0,8,"['Bottom_Kerf', 'Cooling_Flow', 'Head_Temp', 'Kerf_Width_Profile', 'Laser_Power', 'Power_Efficiency', 'Top_Kerf', 'Vibration']",0.4787607499273179,2.948836127595136,20.0,76.6,-0.20428832937351718,0.08775091143099706,-0.1263339949385921,0.7039794473333383,-0.008794904529491747,0.8604541422937028,0.04682117031608908,0.7326453215741027,0.7843231781065262,0.8094882172807648
DP03,2026-02-06,-0.1689389250827341,0.07519703482938478,-0.13263393643679885,0.786771729934435,-0.1316803103764025,0.7962759889208686,0.0725222013084333,0.8433815416486076,0.8153653351552632,0.7992202284564761,0.3755480888357533,99.84844228688176,0.057347670250896,0.017921146953405,0.0,0.0,8,"['Bottom_Kerf', 'Cooling_Flow', 'Head_Temp', 'Kerf_Width_Profile', 'Laser_Power', 'Power_Efficiency', 'Top_Kerf', 'Vibration']",0.45467313935471054,3.0043847106860264,20.0,76.5,-0.1689389250827341,0.07519703482938478,-0.13263393643679885,0.786771729934435,-0.1316803103764025,0.7962759889208686,0.0725222013084333,0.8433815416486076,0.8153653351552632,0.7992202284564761
DP03,2026-02-07,-0.15343156613625966,-0.057605740920627084,-0.07357114980638416,0.876379030002202,-0.04725563158801255,0.7236800208848138,-0.012961104825436843,0.7997160395892119,0.8400580336691909,0.785662098605879,0.3680670029474577,99.86072027106988,0.0599250936329588,0.0149812734082397,0.0,0.0,8,"['Bottom_Kerf', 'Cooling_Flow', 'Head_Temp', 'Kerf_Width_Profile', 'Laser_Power', 'Power_Efficiency', 'Top_Kerf', 'Vibration']",0.4178391867903599,2.9445360235796616,20.0,76.6,-0.15343156613625966,-0.057605740920627084,-0.07357114980638416,0.876379030002202,-0.04725563158801255,0.7236800208848138,-0.012961104825436843,0.7997160395892119,0.8400580336691909,0.785662098605879
DP03,2026-02-08,-0.20321804980313646,0.0731108980050778,-0.12319683604824917,0.7260245036496534,0.00040050365327143285,0.8142294524804091,-0.012461845232617813,0.7648292583921897,0.8506790051889148,0.8054879128947237,0.36958848031802366,99.86813638655288,0.0545454545454545,0.0218181818181818,0.0,0.0,8,"['Bottom_Kerf', 'Cooling_Flow', 'Head_Temp', 'Kerf_Width_Profile', 'Laser_Power', 'Power_Efficiency', 'Top_Kerf', 'Vibration']",0.39559084034137015,2.9567078425441893,20.0,76.6,-0.20321804980313646,0.0731108980050778,-0.12319683604824917,0.7260245036496534,0.00040050365327143285,0.8142294524804091,-0.012461845232617813,0.7648292583921897,0.8506790051889148,0.8054879128947237
DP03,2026-02-09,-0.09077158059267329,0.0894727126317245,-0.11174913989004398,0.7734042198535412,0.08003799225746665,0.7418140029694709,0.03234797805289826,0.8042109575824959,0.7838668990226431,0.7334492002221095,0.38360832421096325,99.85162920416651,0.1019108280254777,0.0350318471337579,0.0,0.0,8,"['Bottom_Kerf', 'Cooling_Flow', 'Head_Temp', 'Kerf_Width_Profile', 'Laser_Power', 'Power_Efficiency', 'Top_Kerf', 'Vibration']",0.44511238750045834,3.068866593687706,20.0,76.5,-0.09077158059267329,0.0894727126317245,-0.11174913989004398,0.7734042198535412,0.08003799225746665,0.7418140029694709,0.03234797805289826,0.8042109575824959,0.7838668990226431,0.7334492002221095
DP03,2026-02-10,0.0197791449307324,-0.032188552738281105,-0.06971932542943929,0.7697415877885155,0.035295190810180836,0.7700487062553738,0.06475166779229367,0.7617776914365865,0.7496883577826527,0.7016106513139104,0.3770785119942526,99.85196176181844,0.0769230769230769,0.020066889632107,0.0,0.0,8,"['Bottom_Kerf', 'Cooling_Flow', 'Head_Temp', 'Kerf_Width_Profile', 'Laser_Power', 'Power_Efficiency', 'Top_Kerf', 'Vibration']",0.4441147145446678,3.0166280959540206,20.0,76.5,0.0197791449307324,-0.032188552738281105,-0.06971932542943929,0.7697415877885155,0.035295190810180836,0.7700487062553738,0.06475166779229367,0.7617776914365865,0.7496883577826527,0.7016106513139104
DP03,2026-02-11,0.06132292454667198,0.04774876095384591,-0.06692638217337303,0.7811424751012901,0.11061885732322461,0.7844722491295357,-0.03015735863718092,0.7285063331032967,0.7503445065946679,0.7691069155300017,0.3936179281471981,99.86154333689464,0.0569395017793594,0.0071174377224199,0.0,0.0,8,"['Bottom_Kerf', 'Cooling_Flow', 'Head_Temp', 'Kerf_Width_Profile', 'Laser_Power', 'Power_Efficiency', 'Top_Kerf', 'Vibration']",0.41536998931607627,3.1489434251775847,20.0,76.4,0.06132292454667198,0.04774876095384591,-0.06692638217337303,0.7811424751012901,0.11061885732322461,0.7844722491295357,-0.03015735863718092,0.7285063331032967,0.7503445065946679,0.7691069155300017
DP03,2026-02-12,0.10844768571197184,0.023088268317372273,-0.08851115006160268,0.7468826462086612,0.13573701185482218,0.7892082710527059,0.05335513063238329,0.7576666904662199,0.7677100887744345,0.8383423833300305,0.41319270262869984,99.8511253648813,0.0771929824561403,0.0210526315789473,0.0,0.0,8,"['Bottom_Kerf', 'Cooling_Flow', 'Head_Temp', 'Kerf_Width_Profile', 'Laser_Power', 'Power_Efficiency', 'Top_Kerf', 'Vibration']",0.4466239053561054,3.3055416210295987,20.0,76.2,0.10844768571197184,0.023088268317372273,-0.08851115006160268,0.7468826462086612,0.13573701185482218,0.7892082710527059,0.05335513063238329,0.7576666904662199,0.7677100887744345,0.8383423833300305
DP03,2026-02-13,0.23864838874437613,0.04038086022887669,-0.04202653265274151,0.7609986560634339,0.23071777210896036,0.8123900286008876,-0.06599200807494832,0.825702207560097,0.7915981299798323,0.7839090803994084,0.4376326582958182,99.85083368209143,0.0801526717557251,0.0114503816793893,0.0,0.0,8,"['Bottom_Kerf', 'Cooling_Flow', 'Head_Temp', 'Kerf_Width_Profile', 'Laser_Power', 'Power_Efficiency', 'Top_Kerf', 'Vibration']",0.4474989537256988,3.5010612663665457,20.0,76.1,0.23864838874437613,0.04038086022887669,-0.04202653265274151,0.7609986560634339,0.23071777210896036,0.8123900286008876,-0.06599200807494832,0.825702207560097,0.7915981299798323,0.7839090803994084
DP03,2026-02-14,0.22120246582718442,-0.10663789942065538,-0.10225660382271658,0.7326100199102057,0.20745648333535766,0.8008900812068944,-0.01737652364694697,0.7150535991303926,0.7554523321638484,0.7950342339833187,0.40014281886668834,99.85375429241228,0.0586206896551724,0.0172413793103448,0.0,0.0,8,"['Bottom_Kerf', 'Cooling_Flow', 'Head_Temp', 'Kerf_Width_Profile', 'Laser_Power', 'Power_Efficiency', 'Top_Kerf', 'Vibration']",0.4387371227631718,3.2011425509335067,20.0,76.4,0.22120246582718442,-0.10663789942065538,-0.10225660382271658,0.7326100199102057,0.20745648333535766,0.8008900812068944,-0.01737652364694697,0.7150535991303926,0.7554523321638484,0.7950342339833187
DP03,2026-02-15,0.31865922512659006,0.02980027934381996,0.036318124893031496,0.7469087502352348,0.20609829770577143,0.7553694597382345,-0.023043696408774236,0.818868742338443,0.7890086062770392,0.7748215347033801,0.44528093239527705,99.85479945884995,0.0546075085324232,0.0136518771331058,0.0,0.0,8,"['Bottom_Kerf', 'Cooling_Flow', 'Head_Temp', 'Kerf_Width_Profile', 'Laser_Power', 'Power_Efficiency', 'Top_Kerf', 'Vibration']",0.43560162345013964,3.5622474591622164,20.0,76.0,0.31865922512659006,0.02980027934381996,0.036318124893031496,0.7469087502352348,0.20609829770577143,0.7553694597382345,-0.023043696408774236,0.818868742338443,0.7890086062770392,0.7748215347033801
DP03,2026-02-16,0.2664841227175523,0.1306551977894438,0.04067507289512839,0.8121893011243676,0.1966798202207292,0.7417904833946134,0.038312388382404076,0.7903483289560862,0.7941450197277428,0.8110996778225942,0.46223794130306617,99.85849742800404,0.1003584229390681,0.028673835125448,0.0,0.0,8,"['Bottom_Kerf', 'Cooling_Flow', 'Head_Temp', 'Kerf_Width_Profile', 'Laser_Power', 'Power_Efficiency', 'Top_Kerf', 'Vibration']",0.42450771598787185,3.6979035304245294,20.0,75.9,0.2664841227175523,0.1306551977894438,0.04067507289512839,0.8121893011243676,0.1966798202207292,0.7417904833946134,0.038312388382404076,0.7903483289560862,0.7941450197277428,0.8110996778225942
DP03,2026-02-17,0.2745151213653748,-0.06310005305167227,-0.026438012580780636,0.8271949510659383,0.327857180765177,0.7637371076979889,0.09099416001482363,0.8221125403032863,0.7235087454792758,0.7658623458302647,0.45062440868896764,99.85819159872972,0.0704697986577181,0.0134228187919463,0.0,0.0,8,"['Bottom_Kerf', 'Cooling_Flow', 'Head_Temp', 'Kerf_Width_Profile', 'Laser_Power', 'Power_Efficiency', 'Top_Kerf', 'Vibration']",0.42542520381084614,3.604995269511741,20.0,76.0,0.2745151213653748,-0.06310005305167227,-0.026438012580780636,0.8271949510659383,0.327857180765177,0.7637371076979889,0.09099416001482363,0.8221125403032863,0.7235087454792758,0.7658623458302647
DP03,2026-02-18,0.4981061647691288,0.047522273180503206,0.10043014002544629,0.7753469646270662,0.3681862692341089,0.8513835000938805,0.02516641670575245,0.7970462687230022,0.8070457170640902,0.8240458693501606,0.509427958377314,99.84870267360566,0.0836120401337792,0.0167224080267558,0.0,0.0,8,"['Bottom_Kerf', 'Cooling_Flow', 'Head_Temp', 'Kerf_Width_Profile', 'Laser_Power', 'Power_Efficiency', 'Top_Kerf', 'Vibration']",0.4538919791830267,4.075423667018512,20.0,75.5,0.4981061647691288,0.047522273180503206,0.10043014002544629,0.7753469646270662,0.3681862692341089,0.8513835000938805,0.02516641670575245,0.7970462687230022,0.8070457170640902,0.8240458693501606
DP03,2026-02-19,0.5996936855085094,-0.0010302433550843301,-0.04016675980687036,0.7670996760619765,0.3404229980330714,0.7540261631258682,0.03450583797136186,0.7219627910606904,0.7544836412073646,0.7696027131262004,0.4700600502933088,99.84818230488725,0.1050847457627118,0.0101694915254237,0.0,0.0,8,"['Bottom_Kerf', 'Cooling_Flow', 'Head_Temp', 'Kerf_Width_Profile', 'Laser_Power', 'Power_Efficiency', 'Top_Kerf', 'Vibration']",0.455453085338263,3.76048040234647,20.0,75.8,0.5996936855085094,-0.0010302433550843301,-0.04016675980687036,0.7670996760619765,0.3404229980330714,0.7540261631258682,0.03450583797136186,0.7219627910606904,0.7544836412073646,0.7696027131262004
DP03,2026-02-20,0.5699005556934582,0.11362244519099027,0.08123429827691377,0.7992004284258568,0.3475638138478611,0.812063415443504,0.05504367917578358,0.7862763644685838,0.8253032477798363,0.8141066960472265,0.5204314944350015,99.84003333788648,0.0753424657534246,0.023972602739726,0.0034246575342465,0.0,8,"['Bottom_Kerf', 'Cooling_Flow', 'Head_Temp', 'Kerf_Width_Profile', 'Laser_Power', 'Power_Efficiency', 'Top_Kerf', 'Vibration']",0.47989998634055553,4.163451955480012,20.0,75.4,0.5699005556934582,0.11362244519099027,0.08123429827691377,0.7992004284258568,0.3475638138478611,0.812063415443504,0.05504367917578358,0.7862763644685838,0.8253032477798363,0.8141066960472265
DP03,2026-02-21,0.5767664351258187,-0.026146978879788934,0.026620547051370003,0.7485309233658531,0.36511583935315217,0.7852790505374102,0.10475991372757429,0.8057777511197312,0.8136632237219535,0.8157861238981267,0.5016152829021201,99.83603735655382,0.0789473684210526,0.0131578947368421,0.0,0.0,8,"['Bottom_Kerf', 'Cooling_Flow', 'Head_Temp', 'Kerf_Width_Profile', 'Laser_Power', 'Power_Efficiency', 'Top_Kerf', 'Vibration']",0.4918879303385495,4.012922263216961,20.0,75.5,0.5767664351258187,-0.026146978879788934,0.026620547051370003,0.7485309233658531,0.36511583935315217,0.7852790505374102,0.10475991372757429,0.8057777511197312,0.8136632237219535,0.8157861238981267
DP03,2026-02-22,0.6442073868177719,0.012584916677261498,0.06587120932668072,0.8227260483934743,0.3348327300703844,0.7964357049743137,0.06972236799249196,0.766131872138512,0.761053896924598,0.7930736277580515,0.5066639761073539,99.8271176630684,0.0905511811023622,0.0196850393700787,0.0,0.0,8,"['Bottom_Kerf', 'Cooling_Flow', 'Head_Temp', 'Kerf_Width_Profile', 'Laser_Power', 'Power_Efficiency', 'Top_Kerf', 'Vibration']",0.5186470107947798,4.053311808858831,20.0,75.4,0.6442073868177719,0.012584916677261498,0.06587120932668072,0.8227260483934743,0.3348327300703844,0.7964357049743137,0.06972236799249196,0.766131872138512,0.761053896924598,0.7930736277580515
DP03,2026-02-23,0.6500545613469801,0.10421051352749985,0.08402955569920559,0.8220217863973768,0.4413382915974009,0.7567377752158764,0.017557939958740994,0.7601382165066843,0.8003131510476841,0.7661131764007637,0.5202514967698213,99.82816811197654,0.0954198473282442,0.0267175572519083,0.0,0.0,8,"['Bottom_Kerf', 'Cooling_Flow', 'Head_Temp', 'Kerf_Width_Profile', 'Laser_Power', 'Power_Efficiency', 'Top_Kerf', 'Vibration']",0.5154956640703858,4.16201197415857,20.0,75.3,0.6500545613469801,0.10421051352749985,0.08402955569920559,0.8220217863973768,0.4413382915974009,0.7567377752158764,0.017557939958740994,0.7601382165066843,0.8003131510476841,0.7661131764007637
DP03,2026-02-24,0.8059833265214128,0.0781593949652888,0.1721840112814904,0.8230955084249464,0.445128546849399,0.8209919008279104,0.15728594378998473,0.8062991232727973,0.7685939601999973,0.8119644307799867,0.5689686146913213,99.82441360034528,0.098976109215017,0.0102389078498293,0.0,0.0,8,"['Bottom_Kerf', 'Cooling_Flow', 'Head_Temp', 'Kerf_Width_Profile', 'Laser_Power', 'Power_Efficiency', 'Top_Kerf', 'Vibration']",0.5267591989641573,4.5517489175305705,20.0,74.9,0.8059833265214128,0.0781593949652888,0.1721840112814904,0.8230955084249464,0.445128546849399,0.8209919008279104,0.15728594378998473,0.8062991232727973,0.7685939601999973,0.8119644307799867
DP03,2026-02-25,0.8130835538430594,0.10762663918868405,0.07468080164030397,0.7633526750387203,0.5344373480199752,0.8098975199110775,0.03965221476106572,0.8073363616734671,0.8038525287306119,0.7963399502356235,0.5550259593042588,99.8190530447518,0.1035714285714285,0.0321428571428571,0.0035714285714285,0.0,8,"['Bottom_Kerf', 'Cooling_Flow', 'Head_Temp', 'Kerf_Width_Profile', 'Laser_Power', 'Power_Efficiency', 'Top_Kerf', 'Vibration']",0.5428408657446084,4.44020767443407,20.0,75.0,0.8130835538430594,0.10762663918868405,0.07468080164030397,0.7633526750387203,0.5344373480199752,0.8098975199110775,0.03965221476106572,0.8073363616734671,0.8038525287306119,0.7963399502356235
DP03,2026-02-26,0.8592153572005862,-0.10167276042863402,0.05639441457636378,0.8093201606615701,0.5398039301338481,0.8450365028782163,0.11014812390769597,0.820610520189576,0.8728862375405566,0.844428927336928,0.5656171413996707,99.81611925442394,0.1081081081081081,0.0101351351351351,0.0,0.0,8,"['Bottom_Kerf', 'Cooling_Flow', 'Head_Temp', 'Kerf_Width_Profile', 'Laser_Power', 'Power_Efficiency', 'Top_Kerf', 'Vibration']",0.5516422367281848,4.524937131197365,20.0,74.9,0.8592153572005862,-0.10167276042863402,0.05639441457636378,0.8093201606615701,0.5398039301338481,0.8450365028782163,0.11014812390769597,0.820610520189576,0.8728862375405566,0.844428927336928
DP03,2026-02-27,0.8109268556282656,0.1206591586034924,0.06690749381820932,0.8256012659005667,0.4621638650651482,0.7899819818457751,0.019035973943028014,0.8135300183959637,0.7841511253738115,0.7658908530770625,0.5458848591651323,99.81958948724856,0.0988593155893536,0.0190114068441064,0.0,0.0,8,"['Bottom_Kerf', 'Cooling_Flow', 'Head_Temp', 'Kerf_Width_Profile', 'Laser_Power', 'Power_Efficiency', 'Top_Kerf', 'Vibration']",0.5412315382543085,4.367078873321058,20.0,75.1,0.8109268556282656,0.1206591586034924,0.06690749381820932,0.8256012659005667,0.4621638650651482,0.7899819818457751,0.019035973943028014,0.8135300183959637,0.7841511253738115,0.7658908530770625
DP03,2026-02-28,0.77912058822576,-0.09984479401202782,0.23747875335368032,0.7976101563154118,0.545339020460339,0.6827614575002904,0.048106152600376026,0.8116678434709592,0.8072303869702738,0.7758017798576557,0.5385271344742719,99.80487822993862,0.1284722222222222,0.0277777777777777,0.0,0.0,8,"['Bottom_Kerf', 'Cooling_Flow', 'Head_Temp', 'Kerf_Width_Profile', 'Laser_Power', 'Power_Efficiency', 'Top_Kerf', 'Vibration']",0.5853653101841303,4.308217075794175,20.0,75.1,0.77912058822576,-0.09984479401202782,0.23747875335368032,0.7976101563154118,0.545339020460339,0.6827614575002904,0.048106152600376026,0.8116678434709592,0.8072303869702738,0.7758017798576557
DP03,2026-03-01,0.8687572882631803,-0.053864114248984456,0.06713193441154895,0.8239256775687525,0.43367732761452926,0.7745792471019978,0.08983655993775347,0.810360020394764,0.7818019029988176,0.7820748299372806,0.537828067397964,99.81164791292532,0.0547445255474452,0.0145985401459854,0.0,0.0,8,"['Bottom_Kerf', 'Cooling_Flow', 'Head_Temp', 'Kerf_Width_Profile', 'Laser_Power', 'Power_Efficiency', 'Top_Kerf', 'Vibration']",0.5650562612240293,4.302624539183712,20.0,75.1,0.8687572882631803,-0.053864114248984456,0.06713193441154895,0.8239256775687525,0.43367732761452926,0.7745792471019978,0.08983655993775347,0.810360020394764,0.7818019029988176,0.7820748299372806
DP03,2026-03-02,0.8045559323156231,-0.012868821131386113,0.12577248520445358,0.8259308718057277,0.506515301000888,0.7880746975084557,0.07119253949044167,0.7839618895657985,0.8171680743658252,0.7969041865634245,0.5507207156689252,99.82327226742254,0.0700389105058365,0.0194552529182879,0.0038910505836575,0.0,8,"['Bottom_Kerf', 'Cooling_Flow', 'Head_Temp', 'Kerf_Width_Profile', 'Laser_Power', 'Power_Efficiency', 'Top_Kerf', 'Vibration']",0.5301831977323843,4.405765725351402,20.0,75.1,0.8045559323156231,-0.012868821131386113,0.12577248520445358,0.8259308718057277,0.506515301000888,0.7880746975084557,0.07119253949044167,0.7839618895657985,0.8171680743658252,0.7969041865634245
DP03,2026-03-03,0.772604135166664,0.009879107860212214,0.12550341836633694,0.7191963274202362,0.39894074996621187,0.8493687539032052,0.15052012231866185,0.7754064609632694,0.7979849444938083,0.7606017090286615,0.5360005729487268,99.82004066972732,0.120274914089347,0.0103092783505154,0.0,0.0,8,"['Bottom_Kerf', 'Cooling_Flow', 'Head_Temp', 'Kerf_Width_Profile', 'Laser_Power', 'Power_Efficiency', 'Top_Kerf', 'Vibration']",0.5398779908180416,4.288004583589815,20.0,75.2,0.772604135166664,0.009879107860212214,0.12550341836633694,0.7191963274202362,0.39894074996621187,0.8493687539032052,0.15052012231866185,0.7754064609632694,0.7979849444938083,0.7606017090286615
DP03,2026-03-04,0.8139941090008032,-0.06771600707685548,0.06835706545921433,0.8568553912933956,0.41042775276670607,0.8066967954553982,0.05378038387741478,0.8388152044383198,0.8137510626279891,0.8471730015128193,0.5442134759355205,99.82709716936998,0.0817120622568093,0.0194552529182879,0.0,0.0,8,"['Bottom_Kerf', 'Cooling_Flow', 'Head_Temp', 'Kerf_Width_Profile', 'Laser_Power', 'Power_Efficiency', 'Top_Kerf', 'Vibration']",0.5187084918900666,4.353707807484164,20.0,75.1,0.8139941090008032,-0.06771600707685548,0.06835706545921433,0.8568553912933956,0.41042775276670607,0.8066967954553982,0.05378038387741478,0.8388152044383198,0.8137510626279891,0.8471730015128193
DP03,2026-03-05,0.8564210777242491,0.012289768962752311,0.11070654170581823,0.7772555480679675,0.45403934147490665,0.7708566720770212,0.06457493133130875,0.7717351512088946,0.8067502309594662,0.7852288050668844,0.540985806857927,99.83716607957987,0.0827067669172932,0.0037593984962406,0.0037593984962406,0.0,8,"['Bottom_Kerf', 'Cooling_Flow', 'Head_Temp', 'Kerf_Width_Profile', 'Laser_Power', 'Power_Efficiency', 'Top_Kerf', 'Vibration']",0.48850176126038036,4.327886454863416,20.0,75.2,0.8564210777242491,0.012289768962752311,0.11070654170581823,0.7772555480679675,0.45403934147490665,0.7708566720770212,0.06457493133130875,0.7717351512088946,0.8067502309594662,0.7852288050668844
DP03,2026-03-06,0.7025454460964586,0.02036771824612393,0.09657833401118515,0.7555587995880728,0.5608380728499426,0.7732848362753318,-0.06571863003081295,0.7869591895935002,0.7746457916557673,0.8135830924738628,0.5218642650759432,99.84553608102576,0.0611510791366906,0.0071942446043165,0.0,0.0,8,"['Bottom_Kerf', 'Cooling_Flow', 'Head_Temp', 'Kerf_Width_Profile', 'Laser_Power', 'Power_Efficiency', 'Top_Kerf', 'Vibration']",0.46339175692273216,4.1749141206075455,20.0,75.4,0.7025454460964586,0.02036771824612393,0.09657833401118515,0.7555587995880728,0.5608380728499426,0.7732848362753318,-0.06571863003081295,0.7869591895935002,0.7746457916557673,0.8135830924738628
DP03,2026-03-07,0.7969665474371254,-0.14597145586644575,0.1903144038355174,0.768087477443875,0.4658866690445476,0.807030798097624,0.12637252821367603,0.8139745684266545,0.8454384673359941,0.7759010612405615,0.544400106520913,99.85238775617418,0.0954198473282442,0.015267175572519,0.0,0.0,8,"['Bottom_Kerf', 'Cooling_Flow', 'Head_Temp', 'Kerf_Width_Profile', 'Laser_Power', 'Power_Efficiency', 'Top_Kerf', 'Vibration']",0.44283673147745617,4.355200852167304,20.0,75.2,0.7969665474371254,-0.14597145586644575,0.1903144038355174,0.768087477443875,0.4658866690445476,0.807030798097624,0.12637252821367603,0.8139745684266545,0.8454384673359941,0.7759010612405615
DP03,2026-03-08,0.8388973704750635,0.06663672359143823,0.07373359087045597,0.776164047174687,0.4198707200912749,0.7588150462020996,0.1152263301090531,0.812118006725818,0.8192813678937783,0.807181931934336,0.5487925135068006,99.84337766290776,0.0975609756097561,0.024390243902439,0.0034843205574912,0.0,8,"['Bottom_Kerf', 'Cooling_Flow', 'Head_Temp', 'Kerf_Width_Profile', 'Laser_Power', 'Power_Efficiency', 'Top_Kerf', 'Vibration']",0.46986701127673314,4.390340108054405,20.0,75.1,0.8388973704750635,0.06663672359143823,0.07373359087045597,0.776164047174687,0.4198707200912749,0.7588150462020996,0.1152263301090531,0.812118006725818,0.8192813678937783,0.807181931934336
DP03,2026-03-09,0.8393117210884802,0.11966316111982643,0.30711085626243106,0.7657010935889549,0.44723694653321805,0.76746410681674,0.05031545034981359,0.8782732930409337,0.8544519936185329,0.7715314457881798,0.5801060068207111,99.83675777988933,0.1176470588235294,0.0242214532871972,0.0,0.0,8,"['Bottom_Kerf', 'Cooling_Flow', 'Head_Temp', 'Kerf_Width_Profile', 'Laser_Power', 'Power_Efficiency', 'Top_Kerf', 'Vibration']",0.4897266603320247,4.640848054565689,20.0,74.9,0.8393117210884802,0.11966316111982643,0.30711085626243106,0.7657010935889549,0.44723694653321805,0.76746410681674,0.05031545034981359,0.8782732930409337,0.8544519936185329,0.7715314457881798
DP03,2026-03-10,0.8915010739700848,-0.008905107700947917,0.13034710518124482,0.7395781436146533,0.46411461019763994,0.7449189335643154,0.12199966844756346,0.847964050829286,0.7364319240337838,0.791410830918471,0.5459361233056095,99.83598049302957,0.0972222222222222,0.0173611111111111,0.0,0.0,8,"['Bottom_Kerf', 'Cooling_Flow', 'Head_Temp', 'Kerf_Width_Profile', 'Laser_Power', 'Power_Efficiency', 'Top_Kerf', 'Vibration']",0.4920585209113,4.367488986444876,20.0,75.1,0.8915010739700848,-0.008905107700947917,0.13034710518124482,0.7395781436146533,0.46411461019763994,0.7449189335643154,0.12199966844756346,0.847964050829286,0.7364319240337838,0.791410830918471
DP03,2026-03-11,0.9302807085007009,-0.025417981119599503,0.1978701266649792,0.7779257775397262,0.5511905184825733,0.7996960742173834,0.1695645818979747,0.8053721852038428,0.7907646557637674,0.7652019922750285,0.5762448639426376,99.8408469086204,0.0674157303370786,0.0112359550561797,0.0,0.0,8,"['Bottom_Kerf', 'Cooling_Flow', 'Head_Temp', 'Kerf_Width_Profile', 'Laser_Power', 'Power_Efficiency', 'Top_Kerf', 'Vibration']",0.47745927413878064,4.609958911541101,20.0,74.9,0.9302807085007009,-0.025417981119599503,0.1978701266649792,0.7779257775397262,0.5511905184825733,0.7996960742173834,0.1695645818979747,0.8053721852038428,0.7907646557637674,0.7652019922750285
DP03,2026-03-12,0.8651477361035538,-0.004169722302328024,0.14843997636241818,0.8031635647943804,0.4092862232815097,0.8138290043199917,0.06436225396288979,0.7947182806517699,0.8219881297418852,0.8363408072571673,0.5553106254173239,99.82942433310136,0.1095890410958904,0.0171232876712328,0.0034246575342465,0.0,8,"['Bottom_Kerf', 'Cooling_Flow', 'Head_Temp', 'Kerf_Width_Profile', 'Laser_Power', 'Power_Efficiency', 'Top_Kerf', 'Vibration']",0.5117270006959274,4.442485003338591,20.0,75.0,0.8651477361035538,-0.004169722302328024,0.14843997636241818,0.8031635647943804,0.4092862232815097,0.8138290043199917,0.06436225396288979,0.7947182806517699,0.8219881297418852,0.8363408072571673
DP03,2026-03-13,0.9132071150836594,0.04511778698914537,0.18100310728745952,0.8102272461844264,0.42083675792316605,0.7606792788253788,0.03553796529245534,0.7825750139296715,0.8376260978923891,0.8015735834932721,0.5588383952901024,99.81713881042992,0.1050847457627118,0.023728813559322,0.0,0.0,8,"['Bottom_Kerf', 'Cooling_Flow', 'Head_Temp', 'Kerf_Width_Profile', 'Laser_Power', 'Power_Efficiency', 'Top_Kerf', 'Vibration']",0.5485835687102281,4.470707162320819,20.0,75.0,0.9132071150836594,0.04511778698914537,0.18100310728745952,0.8102272461844264,0.42083675792316605,0.7606792788253788,0.03553796529245534,0.7825750139296715,0.8376260978923891,0.8015735834932721
DP03,2026-03-14,0.8050041432113821,0.01783922460791667,0.2634646295730671,0.7752069657297227,0.4525516662778744,0.7925971369726401,0.11698883762523271,0.8295021318893581,0.8109137013013002,0.8610112202620879,0.5725079657450582,99.81464561217624,0.0955631399317406,0.0136518771331058,0.0,0.0034129692832764,8,"['Bottom_Kerf', 'Cooling_Flow', 'Head_Temp', 'Kerf_Width_Profile', 'Laser_Power', 'Power_Efficiency', 'Top_Kerf', 'Vibration']",0.5560631634712934,4.580063725960466,20.0,74.9,0.8050041432113821,0.01783922460791667,0.2634646295730671,0.7752069657297227,0.4525516662778744,0.7925971369726401,0.11698883762523271,0.8295021318893581,0.8109137013013002,0.8610112202620879
DP03,2026-03-15,0.8397040193722196,-0.027740214020467113,0.1032102500887373,0.7873456953653519,0.4065830674866162,0.770108517569006,0.0456011535546933,0.740800976068273,0.738479371805898,0.7804358522246359,0.5184528689514963,99.81778431818783,0.0830188679245283,0.0226415094339622,0.0,0.0,8,"['Bottom_Kerf', 'Cooling_Flow', 'Head_Temp', 'Kerf_Width_Profile', 'Laser_Power', 'Power_Efficiency', 'Top_Kerf', 'Vibration']",0.5466470454365009,4.147622951611971,20.0,75.3,0.8397040193722196,-0.027740214020467113,0.1032102500887373,0.7873456953653519,0.4065830674866162,0.770108517569006,0.0456011535546933,0.740800976068273,0.738479371805898,0.7804358522246359
DP03,2026-03-16,0.8949808633938893,-0.0027430428370263733,0.03683151359554206,0.8033289050703716,0.48127408970452323,0.8463672756988279,0.13554150127017955,0.784726371240366,0.8599280469491604,0.8247664996203565,0.566500202370619,99.81567763594276,0.0872727272727272,0.029090909090909,0.0,0.0,8,"['Bottom_Kerf', 'Cooling_Flow', 'Head_Temp', 'Kerf_Width_Profile', 'Laser_Power', 'Power_Efficiency', 'Top_Kerf', 'Vibration']",0.5529670921717127,4.532001618964952,20.0,74.9,0.8949808633938893,-0.0027430428370263733,0.03683151359554206,0.8033289050703716,0.48127408970452323,0.8463672756988279,0.13554150127017955,0.784726371240366,0.8599280469491604,0.8247664996203565
DP03,2026-03-17,0.8722426813451883,0.04964111348139505,0.15420038649686496,0.7771189526579644,0.49800771362771007,0.7918552287047187,0.05991536089018878,0.8003133237600457,0.850630630561953,0.7502087380087615,0.560413412953479,99.81314122618986,0.0996563573883161,0.0206185567010309,0.0,0.0,8,"['Bottom_Kerf', 'Cooling_Flow', 'Head_Temp', 'Kerf_Width_Profile', 'Laser_Power', 'Power_Efficiency', 'Top_Kerf', 'Vibration']",0.5605763214304318,4.483307303627832,20.0,75.0,0.8722426813451883,0.04964111348139505,0.15420038649686496,0.7771189526579644,0.49800771362771007,0.7918552287047187,0.05991536089018878,0.8003133237600457,0.850630630561953,0.7502087380087615
DP03,2026-03-18,0.8731353886660227,0.03869946908791389,0.12447830283355506,0.7750605056899166,0.5416391467622635,0.7756304842026576,0.10938918267212601,0.7797358173566761,0.7815112291434398,0.7418011340084462,0.5541080660423017,99.80493869172612,0.110738255033557,0.0100671140939597,0.0,0.0,8,"['Bottom_Kerf', 'Cooling_Flow', 'Head_Temp', 'Kerf_Width_Profile', 'Laser_Power', 'Power_Efficiency', 'Top_Kerf', 'Vibration']",0.5851839248216351,4.432864528338413,20.0,75.0,0.8731353886660227,0.03869946908791389,0.12447830283355506,0.7750605056899166,0.5416391467622635,0.7756304842026576,0.10938918267212601,0.7797358173566761,0.7815112291434398,0.7418011340084462
DP03,2026-03-19,0.9174761654525655,-0.0878718921834231,0.1041498150071716,0.7459695153502566,0.5445190508450352,0.8161179391885853,0.0683294382638288,0.79925948556443,0.8669611298461273,0.7675140713600601,0.5542424718694637,99.8132342430325,0.0877862595419847,0.015267175572519,0.0,0.0,8,"['Bottom_Kerf', 'Cooling_Flow', 'Head_Temp', 'Kerf_Width_Profile', 'Laser_Power', 'Power_Efficiency', 'Top_Kerf', 'Vibration']",0.5602972709025096,4.43393977495571,20.0,75.0,0.9174761654525655,-0.0878718921834231,0.1041498150071716,0.7459695153502566,0.5445190508450352,0.8161179391885853,0.0683294382638288,0.79925948556443,0.8669611298461273,0.7675140713600601
DP03,2026-03-20,0.8666057518009237,-0.028485700094240812,0.13339504766780969,0.8065758119006108,0.4865538754681611,0.7716699573812124,0.03438410304433283,0.8267909481417004,0.8458034098817061,0.7885633549904791,0.5531856560182696,99.81737660490788,0.0833333333333333,0.0113636363636363,0.0,0.0,8,"['Bottom_Kerf', 'Cooling_Flow', 'Head_Temp', 'Kerf_Width_Profile', 'Laser_Power', 'Power_Efficiency', 'Top_Kerf', 'Vibration']",0.5478701852763663,4.425485248146157,20.0,75.0,0.8666057518009237,-0.028485700094240812,0.13339504766780969,0.8065758119006108,0.4865538754681611,0.7716699573812124,0.03438410304433283,0.8267909481417004,0.8458034098817061,0.7885633549904791
DP03,2026-03-21,0.8250249392863267,0.03416496672396555,0.2089414254120149,0.8354952389688587,0.5252365621216092,0.8281168651972384,0.050071656181192116,0.7659973542859814,0.8161263965057572,0.8256884604043417,0.5714863865087286,99.8117746277395,0.1172413793103448,0.0206896551724137,0.0034482758620689,0.0,8,"['Bottom_Kerf', 'Cooling_Flow', 'Head_Temp', 'Kerf_Width_Profile', 'Laser_Power', 'Power_Efficiency', 'Top_Kerf', 'Vibration']",0.5646761167815129,4.571891092069829,20.0,74.9,0.8250249392863267,0.03416496672396555,0.2089414254120149,0.8354952389688587,0.5252365621216092,0.8281168651972384,0.050071656181192116,0.7659973542859814,0.8161263965057572,0.8256884604043417
DP03,2026-03-22,0.8439499941271683,0.019863547325194766,0.0031748696083552124,0.6801322193187396,0.5940847903572334,0.8200458759661852,0.12508644303417765,0.7815423858545357,0.7641046671381607,0.7697437088288692,0.540172850155862,99.80907483111216,0.1046931407942238,0.0180505415162454,0.0,0.0,8,"['Bottom_Kerf', 'Cooling_Flow', 'Head_Temp', 'Kerf_Width_Profile', 'Laser_Power', 'Power_Efficiency', 'Top_Kerf', 'Vibration']",0.5727755066635325,4.321382801246896,20.0,75.1,0.8439499941271683,0.019863547325194766,0.0031748696083552124,0.6801322193187396,0.5940847903572334,0.8200458759661852,0.12508644303417765,0.7815423858545357,0.7641046671381607,0.7697437088288692
DP03,2026-03-23,0.8554303625837651,-0.08408292454910328,0.2120619540236074,0.8278370073862756,0.5157790023995901,0.7899450694991301,0.051642141214541734,0.775470624116141,0.7986950163188211,0.7778162666563042,0.5520594519649074,99.80389563046784,0.1240310077519379,0.0271317829457364,0.0,0.0,8,"['Bottom_Kerf', 'Cooling_Flow', 'Head_Temp', 'Kerf_Width_Profile', 'Laser_Power', 'Power_Efficiency', 'Top_Kerf', 'Vibration']",0.5883131085964948,4.416475615719259,20.0,75.0,0.8554303625837651,-0.08408292454910328,0.2120619540236074,0.8278370073862756,0.5157790023995901,0.7899450694991301,0.051642141214541734,0.775470624116141,0.7986950163188211,0.7778162666563042
DP03,2026-03-24,0.8823916296415714,0.04300764061241627,0.1020280712903556,0.7435392304112172,0.40438482155179795,0.7571092861484029,-0.031462990220873406,0.8091173304757231,0.7391991439172977,0.7715168420828513,0.522083100591076,99.81147086630274,0.0755395683453237,0.0107913669064748,0.0,0.0,8,"['Bottom_Kerf', 'Cooling_Flow', 'Head_Temp', 'Kerf_Width_Profile', 'Laser_Power', 'Power_Efficiency', 'Top_Kerf', 'Vibration']",0.5655874010917756,4.176664804728608,20.0,75.3,0.8823916296415714,0.04300764061241627,0.1020280712903556,0.7435392304112172,0.40438482155179795,0.7571092861484029,-0.031462990220873406,0.8091173304757231,0.7391991439172977,0.7715168420828513
DP03,2026-03-25,0.8572139310426127,-0.03463794850270622,0.19002151877800602,0.7612023281225887,0.4409920125018033,0.7485195233305181,0.07662925198580155,0.771818239410485,0.8545603295623122,0.8042042389404511,0.5470523425171872,99.79932341163176,0.1262798634812286,0.0238907849829351,0.0,0.0,8,"['Bottom_Kerf', 'Cooling_Flow', 'Head_Temp', 'Kerf_Width_Profile', 'Laser_Power', 'Power_Efficiency', 'Top_Kerf', 'Vibration']",0.6020297651047173,4.376418740137497,20.0,75.0,0.8572139310426127,-0.03463794850270622,0.19002151877800602,0.7612023281225887,0.4409920125018033,0.7485195233305181,0.07662925198580155,0.771818239410485,0.8545603295623122,0.8042042389404511
DP03,2026-03-26,0.8183678320922856,-0.003329067062648282,0.11928153743720549,0.7854171805742688,0.3672570400498036,0.7784035024111775,0.11229730104693417,0.7803351826685743,0.7858222984961832,0.7862061049243527,0.5330058912638137,99.78530498730798,0.1048951048951049,0.0244755244755244,0.0,0.0,8,"['Bottom_Kerf', 'Cooling_Flow', 'Head_Temp', 'Kerf_Width_Profile', 'Laser_Power', 'Power_Efficiency', 'Top_Kerf', 'Vibration']",0.6440850380760565,4.26404713011051,20.0,75.1,0.8183678320922856,-0.003329067062648282,0.11928153743720549,0.7854171805742688,0.3672570400498036,0.7784035024111775,0.11229730104693417,0.7803351826685743,0.7858222984961832,0.7862061049243527
DP03,2026-03-27,0.884397462952987,-0.06867018904994895,0.12562832563864876,0.8030673887079994,0.4514110612352859,0.820790777235435,0.07521200735599724,0.8075503611247328,0.8446801906686154,0.8149078173077178,0.555897520317747,99.7757959046185,0.1234177215189873,0.0158227848101265,0.0,0.0,8,"['Bottom_Kerf', 'Cooling_Flow', 'Head_Temp', 'Kerf_Width_Profile', 'Laser_Power', 'Power_Efficiency', 'Top_Kerf', 'Vibration']",0.672612286144485,4.447180162541976,20.0,74.9,0.884397462952987,-0.06867018904994895,0.12562832563864876,0.8030673887079994,0.4514110612352859,0.820790777235435,0.07521200735599724,0.8075503611247328,0.8446801906686154,0.8149078173077178
DP03,2026-03-28,0.8237047546826183,-0.03682987280625575,0.18633001728052073,0.7052511605648061,0.5022723386992171,0.8358978992773183,0.007502560570929637,0.7768243757894675,0.7664935258707095,0.7775256828459628,0.5344972442775294,99.78188890674969,0.0780141843971631,0.0354609929078014,0.0,0.0,8,"['Bottom_Kerf', 'Cooling_Flow', 'Head_Temp', 'Kerf_Width_Profile', 'Laser_Power', 'Power_Efficiency', 'Top_Kerf', 'Vibration']",0.6543332797509436,4.275977954220235,20.0,75.1,0.8237047546826183,-0.03682987280625575,0.18633001728052073,0.7052511605648061,0.5022723386992171,0.8358978992773183,0.007502560570929637,0.7768243757894675,0.7664935258707095,0.7775256828459628
DP03,2026-03-29,0.8563006766626396,0.032802660604256614,0.15374565956784683,0.8298379654825587,0.5259547243453084,0.7665329515037506,0.20524952445733502,0.7951945691008644,0.7971222680511297,0.7506553370737822,0.5713396336849472,99.77312337625128,0.1418181818181818,0.0254545454545454,0.0,0.0,8,"['Bottom_Kerf', 'Cooling_Flow', 'Head_Temp', 'Kerf_Width_Profile', 'Laser_Power', 'Power_Efficiency', 'Top_Kerf', 'Vibration']",0.6806298712461682,4.570717069479578,20.0,74.7,0.8563006766626396,0.032802660604256614,0.15374565956784683,0.8298379654825587,0.5259547243453084,0.7665329515037506,0.20524952445733502,0.7951945691008644,0.7971222680511297,0.7506553370737822
DP03,2026-03-30,0.7687536391113423,0.022641964762835552,0.17420370003685487,0.765806317330774,0.5522664133066627,0.8386684590958586,0.0348432798974579,0.8230302750735159,0.8555381039164308,0.7834762536178966,0.5619228406149629,99.7889472727016,0.064516129032258,0.010752688172043,0.0,0.0,8,"['Bottom_Kerf', 'Cooling_Flow', 'Head_Temp', 'Kerf_Width_Profile', 'Laser_Power', 'Power_Efficiency', 'Top_Kerf', 'Vibration']",0.6331581818951832,4.495382724919703,20.0,74.9,0.7687536391113423,0.022641964762835552,0.17420370003685487,0.765806317330774,0.5522664133066627,0.8386684590958586,0.0348432798974579,0.8230302750735159,0.8555381039164308,0.7834762536178966
DP04,2026-01-01,-0.20056491282391536,0.1261280461188581,-0.11184729068993406,0.7505677288258561,-0.045007280114695306,0.7570150642988271,0.02953682887818285,0.766983137433649,0.720118540940679,0.7510550256918833,0.35439848885593905,,0.0634328358208955,0.0186567164179104,0.003731343283582,0.0,2,"['CLN_Pressure', 'Vibration']",0.0,2.8351879108475124,10.0,87.2,-0.20056491282391536,0.1261280461188581,-0.11184729068993406,0.7505677288258561,-0.045007280114695306,0.7570150642988271,0.02953682887818285,0.766983137433649,0.720118540940679,0.7510550256918833
DP04,2026-01-02,-0.2840225630603538,-0.018564299413240417,-0.1089558521870184,0.8003037968598603,-0.11183002817247237,0.7607456068238526,-0.04179626687808632,0.7549996535194977,0.7030878502391069,0.74615508971588,0.3200122987447026,,0.1040268456375839,0.0302013422818791,0.0,0.0,2,"['CLN_Pressure', 'Vibration']",0.0,2.560098389957621,10.0,87.4,-0.2840225630603538,-0.018564299413240417,-0.1089558521870184,0.8003037968598603,-0.11183002817247237,0.7607456068238526,-0.04179626687808632,0.7549996535194977,0.7030878502391069,0.74615508971588
DP04,2026-01-03,-0.29459327935937635,0.024985696892232838,-0.10904830756424323,0.804826136264981,-0.01689746363757934,0.7402634249200283,-0.10425573976154731,0.7651102040689322,0.7263229265428542,0.752291322249572,0.32890049206158545,99.8351808005475,0.0566037735849056,0.0188679245283018,0.0031446540880503,0.0,2,"['CLN_Pressure', 'Vibration']",0.49445759835748504,2.6312039364926836,10.0,86.9,-0.29459327935937635,0.024985696892232838,-0.10904830756424323,0.804826136264981,-0.01689746363757934,0.7402634249200283,-0.10425573976154731,0.7651102040689322,0.7263229265428542,0.752291322249572
DP04,2026-01-04,-0.2904748293686369,0.008906227881617853,-0.08187258012878351,0.7483199530015792,-0.09834180608872585,0.7977631197856822,0.01046455210516997,0.8263921730627616,0.744836240752789,0.7847593743278963,0.34507524253313504,99.82650775024776,0.0749185667752443,0.0325732899022801,0.0,0.0,2,"['CLN_Pressure', 'Vibration']",0.5204767492567299,2.7606019402650803,10.0,86.7,-0.2904748293686369,0.008906227881617853,-0.08187258012878351,0.7483199530015792,-0.09834180608872585,0.7977631197856822,0.01046455210516997,0.8263921730627616,0.744836240752789,0.7847593743278963
DP04,2026-01-05,-0.10047834431573531,0.008227821778356011,-0.0782601296003523,0.718511181948792,-0.13692875548649155,0.8370557072611218,0.04067841416756862,0.8026405642377918,0.7595857588818545,0.7388114629733834,0.35898436818462887,99.84197543096744,0.0538461538461538,0.0115384615384615,0.0,0.0,2,"['CLN_Pressure', 'Vibration']",0.4740737070976877,2.871874945477031,10.0,86.7,-0.10047834431573531,0.008227821778356011,-0.0782601296003523,0.718511181948792,-0.13692875548649155,0.8370557072611218,0.04067841416756862,0.8026405642377918,0.7595857588818545,0.7388114629733834
DP04,2026-01-06,-0.205905225410756,0.11188682913080211,-0.16494700576028123,0.8717689758938958,-0.06448970401097665,0.7672085906628422,-0.06275051292815298,0.8200932158370686,0.783166054870987,0.7693261374615182,0.3625357355746947,99.84382176499196,0.0877862595419847,0.015267175572519,0.0,0.0,2,"['CLN_Pressure', 'Vibration']",0.4685347050241262,2.9002858845975577,10.0,86.6,-0.205905225410756,0.11188682913080211,-0.16494700576028123,0.8717689758938958,-0.06448970401097665,0.7672085906628422,-0.06275051292815298,0.8200932158370686,0.783166054870987,0.7693261374615182
DP04,2026-01-07,-0.2544695062251174,-0.009378103350086557,-0.22873449324392942,0.7480605358862988,-0.014980034510124252,0.8037796130052632,-0.07138285239846894,0.7139348944671791,0.8103297151437725,0.7799687627559565,0.3277128531530743,99.83858945170108,0.084870848708487,0.025830258302583,0.0,0.0,2,"['CLN_Pressure', 'Vibration']",0.4842316448967523,2.6217028252245944,10.0,86.9,-0.2544695062251174,-0.009378103350086557,-0.22873449324392942,0.7480605358862988,-0.014980034510124252,0.8037796130052632,-0.07138285239846894,0.7139348944671791,0.8103297151437725,0.7799687627559565
DP04,2026-01-08,-0.13762267940008033,-0.13277403073275,-0.12497466868491705,0.7492985957953459,-0.08238268510384895,0.7372509804892747,-0.048204297973568205,0.7797933508673813,0.7612739080121608,0.7035195014455323,0.32051779747145304,99.83673277847554,0.0771704180064308,0.022508038585209,0.0032154340836012,0.0,2,"['CLN_Pressure', 'Vibration']",0.4898016645733918,2.5641423797716243,10.0,86.9,-0.13762267940008033,-0.13277403073275,-0.12497466868491705,0.7492985957953459,-0.08238268510384895,0.7372509804892747,-0.048204297973568205,0.7797933508673813,0.7612739080121608,0.7035195014455323
DP04,2026-01-09,-0.2145840081099193,-0.08013732781696867,-0.14728794398976205,0.743884084889152,-0.06894217283313082,0.7871254559850458,0.041622285757897136,0.806365667539189,0.8238406326119306,0.7838625664164423,0.3475749240449876,99.8459941486774,0.0521172638436482,0.0260586319218241,0.0,0.0,2,"['CLN_Pressure', 'Vibration']",0.4620175539677831,2.7805993923599006,10.0,86.8,-0.2145840081099193,-0.08013732781696867,-0.14728794398976205,0.743884084889152,-0.06894217283313082,0.7871254559850458,0.041622285757897136,0.806365667539189,0.8238406326119306,0.7838625664164423
DP04,2026-01-10,-0.22598724969121436,-0.032060132549113995,-0.12287435169415513,0.8113758679022084,-0.1095105272994896,0.7228078841290495,0.07531030909077586,0.8100796915662574,0.7767671572969114,0.753329902081272,0.34592385508325013,99.84854309493645,0.053231939163498,0.0152091254752851,0.0,0.0,2,"['CLN_Pressure', 'Vibration']",0.4543707151906631,2.767390840666001,10.0,86.8,-0.22598724969121436,-0.032060132549113995,-0.12287435169415513,0.8113758679022084,-0.1095105272994896,0.7228078841290495,0.07531030909077586,0.8100796915662574,0.7767671572969114,0.753329902081272
DP04,2026-01-11,-0.2423955887097287,0.009743235199996092,-0.06640577236394231,0.734933731140304,-0.1526262587926253,0.8049896032252231,0.07339984899740783,0.7764651751787598,0.7359698757627762,0.7931029146499845,0.34671767642881546,99.85843832999454,0.0629370629370629,0.0174825174825174,0.0,0.0,2,"['CLN_Pressure', 'Vibration']",0.4246850100163755,2.7737414114305237,10.0,86.8,-0.2423955887097287,0.009743235199996092,-0.06640577236394231,0.734933731140304,-0.1526262587926253,0.8049896032252231,0.07339984899740783,0.7764651751787598,0.7359698757627762,0.7931029146499845
DP04,2026-01-12,-0.17854405557834382,-0.028277919126580047,-0.10399946899229096,0.8431421267305587,-0.06712639176416886,0.7885388563303898,-0.01639279661466766,0.8321527290267148,0.827957163302138,0.7939802163371535,0.36914304596509034,99.8558557066254,0.0411985018726591,0.0149812734082397,0.0,0.0,2,"['CLN_Pressure', 'Vibration']",0.432432880123784,2.9531443677207228,10.0,86.6,-0.17854405557834382,-0.028277919126580047,-0.10399946899229096,0.8431421267305587,-0.06712639176416886,0.7885388563303898,-0.01639279661466766,0.8321527290267148,0.827957163302138,0.7939802163371535
DP04,2026-01-13,-0.25482060018011926,-0.010872627876368342,-0.0772503386420137,0.7292909983492418,-0.13860284743942855,0.7951462560103806,-0.06759168545037951,0.8108371622174483,0.8254084616869068,0.788417948134032,0.33999627268097005,99.85946262829368,0.0490566037735849,0.0264150943396226,0.0,0.0,2,"['CLN_Pressure', 'Vibration']",0.4216121151189469,2.7199701814477604,10.0,86.9,-0.25482060018011926,-0.010872627876368342,-0.0772503386420137,0.7292909983492418,-0.13860284743942855,0.7951462560103806,-0.06759168545037951,0.8108371622174483,0.8254084616869068,0.788417948134032
DP04,2026-01-14,-0.22029628069662047,-0.05060512761477511,-0.25981444280275495,0.7774739732430551,-0.13309066316005233,0.8047626216533357,-0.09201422179863032,0.8186965657969175,0.8289033059706966,0.7849030165305046,0.32589187471216763,99.8729328307068,0.0557620817843866,0.0074349442379182,0.0,0.0,2,"['CLN_Pressure', 'Vibration']",0.38120150787959517,2.607134997697341,10.0,87.0,-0.22029628069662047,-0.05060512761477511,-0.25981444280275495,0.7774739732430551,-0.13309066316005233,0.8047626216533357,-0.09201422179863032,0.8186965657969175,0.8289033059706966,0.7849030165305046
DP04,2026-01-15,-0.1937146858083497,-0.001158635491545555,-0.22804115996359658,0.8110461721123987,-0.02629811633850675,0.7959073750888103,0.041324151777320496,0.7489865557750685,0.7793594909379733,0.739177606939857,0.346658875502943,99.87404078044447,0.069078947368421,0.0164473684210526,0.0,0.0,2,"['CLN_Pressure', 'Vibration']",0.3778776586665771,2.773271004023544,10.0,86.8,-0.1937146858083497,-0.001158635491545555,-0.22804115996359658,0.8110461721123987,-0.02629811633850675,0.7959073750888103,0.041324151777320496,0.7489865557750685,0.7793594909379733,0.739177606939857
DP04,2026-01-16,-0.3054703095744715,0.1322201087926478,-0.18849673661124056,0.7573934185183508,-0.12060808810012677,0.7858718806667246,-0.04726182301350776,0.7718017875214418,0.7526483141525733,0.7426739132764401,0.32807724656288323,99.87244380671171,0.0655172413793103,0.0241379310344827,0.0,0.0,2,"['CLN_Pressure', 'Vibration']",0.3826685798648555,2.624617972503066,10.0,87.0,-0.3054703095744715,0.1322201087926478,-0.18849673661124056,0.7573934185183508,-0.12060808810012677,0.7858718806667246,-0.04726182301350776,0.7718017875214418,0.7526483141525733,0.7426739132764401
DP04,2026-01-17,-0.17885732381920147,-0.1186796443187877,-0.11045267886834914,0.7326546259843865,-0.061276080399027065,0.7722562068658397,0.012976562882493884,0.8165881800554086,0.768513729208415,0.7305621852675598,0.3364285762858738,99.86561291562096,0.0727969348659003,0.0268199233716475,0.0,0.0,2,"['CLN_Pressure', 'Vibration']",0.40316125313712803,2.6914286102869904,10.0,86.9,-0.17885732381920147,-0.1186796443187877,-0.11045267886834914,0.7326546259843865,-0.061276080399027065,0.7722562068658397,0.012976562882493884,0.8165881800554086,0.768513729208415,0.7305621852675598
DP04,2026-01-18,-0.3056656187776036,0.06758222124683266,-0.2432364730762081,0.7668993503998595,-0.03386371084138923,0.8444175540867908,-0.034636015088974646,0.7790534236103701,0.7989613477934597,0.7718522613663901,0.3411364340719527,99.8690076690157,0.0518518518518518,0.0111111111111111,0.0,0.0,2,"['CLN_Pressure', 'Vibration']",0.3929769929528959,2.7290914725756217,10.0,86.9,-0.3056656187776036,0.06758222124683266,-0.2432364730762081,0.7668993503998595,-0.03386371084138923,0.8444175540867908,-0.034636015088974646,0.7790534236103701,0.7989613477934597,0.7718522613663901
DP04,2026-01-19,-0.19206131985029948,0.03120815314855514,-0.15676707763197076,0.8166429545476064,-0.1507749854291037,0.7800291154173198,-0.018369598951277752,0.7835361594703387,0.8211555414253475,0.7842163511738383,0.3498815293320354,99.86228508146674,0.078853046594982,0.010752688172043,0.003584229390681,0.0,2,"['CLN_Pressure', 'Vibration']",0.413144755599788,2.7990522346562834,10.0,86.8,-0.19206131985029948,0.03120815314855514,-0.15676707763197076,0.8166429545476064,-0.1507749854291037,0.7800291154173198,-0.018369598951277752,0.7835361594703387,0.8211555414253475,0.7842163511738383
DP04,2026-01-20,-0.18114121010781672,0.015431998788414385,-0.18001610171004764,0.7919838039571746,-0.08671675364052576,0.7912016926068817,0.12308070476625681,0.7832949095919947,0.7891681373068354,0.7100872860556897,0.3556374467614857,99.85614541650808,0.0648464163822525,0.0238907849829351,0.0,0.0,2,"['CLN_Pressure', 'Vibration']",0.43156375047574613,2.8450995740918854,10.0,86.7,-0.18114121010781672,0.015431998788414385,-0.18001610171004764,0.7919838039571746,-0.08671675364052576,0.7912016926068817,0.12308070476625681,0.7832949095919947,0.7891681373068354,0.7100872860556897
DP04,2026-01-21,-0.2051001058941052,0.0059138184314515745,-0.12247482712433759,0.7606176233747027,-0.08197540126780484,0.7963916037376443,-0.214782890453914,0.7722486515711375,0.7449036014914211,0.7456939464802738,0.320143602034647,99.8530431312965,0.0572519083969465,0.015267175572519,0.0,0.0,2,"['CLN_Pressure', 'Vibration']",0.44087060611049367,2.561148816277176,10.0,87.0,-0.2051001058941052,0.0059138184314515745,-0.12247482712433759,0.7606176233747027,-0.08197540126780484,0.7963916037376443,-0.214782890453914,0.7722486515711375,0.7449036014914211,0.7456939464802738
DP04,2026-01-22,-0.22023000844075624,0.02060837185186156,-0.06211960908386372,0.7863182567605487,-0.07130456069717779,0.7512781535576067,-0.05904692288366959,0.813396616255085,0.8006099144215768,0.7813683428416391,0.35408785545828503,99.85420330762116,0.0707070707070707,0.0168350168350168,0.0,0.0,2,"['CLN_Pressure', 'Vibration']",0.4373900771365129,2.8327028436662802,10.0,86.7,-0.22023000844075624,0.02060837185186156,-0.06211960908386372,0.7863182567605487,-0.07130456069717779,0.7512781535576067,-0.05904692288366959,0.813396616255085,0.8006099144215768,0.7813683428416391
DP04,2026-01-23,-0.11812680892808278,0.03588855631674235,-0.06252944252243961,0.7335622343150301,-0.06910755401732306,0.7828789169209014,-0.0007360031328534057,0.7975239675445467,0.7885231589597006,0.7467580967982659,0.36346351222544876,99.85418386245652,0.0807017543859649,0.0210526315789473,0.0,0.0,2,"['CLN_Pressure', 'Vibration']",0.437448412630431,2.90770809780359,10.0,86.7,-0.11812680892808278,0.03588855631674235,-0.06252944252243961,0.7335622343150301,-0.06910755401732306,0.7828789169209014,-0.0007360031328534057,0.7975239675445467,0.7885231589597006,0.7467580967982659
DP04,2026-01-24,-0.227463291122922,-0.07329140146789762,-0.18643978206775644,0.7594377412792669,-0.08208976602007079,0.7703194341397797,0.038591316331079074,0.7956841299637649,0.7814839801535358,0.7767747652157987,0.3353007126404578,99.8554994760056,0.0458015267175572,0.0267175572519083,0.0,0.0,2,"['CLN_Pressure', 'Vibration']",0.43350157198318584,2.6824057011236624,10.0,86.9,-0.227463291122922,-0.07329140146789762,-0.18643978206775644,0.7594377412792669,-0.08208976602007079,0.7703194341397797,0.038591316331079074,0.7956841299637649,0.7814839801535358,0.7767747652157987
DP04,2026-01-25,-0.19559896945470207,0.1803766607847491,-0.11808477958563492,0.7572488787930062,-0.16026852036973877,0.792535247057587,0.008260619075330407,0.792117210200865,0.8061201766587422,0.8030314237341746,0.3665737946894379,99.83475304698274,0.1023890784982935,0.0477815699658703,0.0,0.0,2,"['CLN_Pressure', 'Vibration']",0.49574085905177867,2.9325903575155032,10.0,86.6,-0.19559896945470207,0.1803766607847491,-0.11808477958563492,0.7572488787930062,-0.16026852036973877,0.792535247057587,0.008260619075330407,0.792117210200865,0.8061201766587422,0.8030314237341746
DP04,2026-01-26,-0.17239677937122658,-0.013540507374519006,-0.1677347495273238,0.7969543440792212,-0.11969316868363715,0.8149300278412346,-0.10093936470151776,0.7762537378924046,0.7904841061412593,0.8120375359711431,0.3416355182267038,99.83371132514011,0.0957854406130268,0.0153256704980842,0.0,0.0,2,"['CLN_Pressure', 'Vibration']",0.49886602457965523,2.7330841458136304,10.0,86.8,-0.17239677937122658,-0.013540507374519006,-0.1677347495273238,0.7969543440792212,-0.11969316868363715,0.8149300278412346,-0.10093936470151776,0.7762537378924046,0.7904841061412593,0.8120375359711431
DP04,2026-01-27,-0.23336833814619817,-0.051844381472626815,-0.08286338856727678,0.7831262485213624,-0.06413227858185316,0.8286660028911298,0.06120681224046119,0.8158084802302262,0.7909522943018747,0.7812405963427593,0.3628792047759859,99.84287016201776,0.0488721804511278,0.018796992481203,0.0,0.0,2,"['CLN_Pressure', 'Vibration']",0.47138951394671835,2.903033638207887,10.0,86.6,-0.23336833814619817,-0.051844381472626815,-0.08286338856727678,0.7831262485213624,-0.06413227858185316,0.8286660028911298,0.06120681224046119,0.8158084802302262,0.7909522943018747,0.7812405963427593
DP04,2026-01-28,-0.24293852100021524,0.09363157562995424,-0.15248283183840308,0.8086932120763279,-0.06925554179860871,0.7723026981439959,-0.009933515165124942,0.8787590992500788,0.7814813068293145,0.8015083294709334,0.36617658115982527,99.83079041538792,0.0886524822695035,0.0354609929078014,0.0,0.0,2,"['CLN_Pressure', 'Vibration']",0.5076287538362294,2.929412649278602,10.0,86.6,-0.24293852100021524,0.09363157562995424,-0.15248283183840308,0.8086932120763279,-0.06925554179860871,0.7723026981439959,-0.009933515165124942,0.8787590992500788,0.7814813068293145,0.8015083294709334
DP04,2026-01-29,-0.23918343175095136,-0.006511548923960427,-0.16783438377357393,0.7551865586439593,-0.059414082265582445,0.7888099316852846,0.022058437266544297,0.7558985348725794,0.7931006940413317,0.8323959300352488,0.347450663983088,99.82239403199154,0.081081081081081,0.0337837837837837,0.0,0.0,2,"['CLN_Pressure', 'Vibration']",0.5328179040253929,2.779605311864704,10.0,86.7,-0.23918343175095136,-0.006511548923960427,-0.16783438377357393,0.7551865586439593,-0.059414082265582445,0.7888099316852846,0.022058437266544297,0.7558985348725794,0.7931006940413317,0.8323959300352488
DP04,2026-01-30,-0.1769614226484368,-0.01797417367625423,-0.06899954508393813,0.8064692322924045,-0.1030895516501915,0.8167796867604675,-0.06671846182493005,0.7404104193268547,0.7941327722104128,0.7487452212909409,0.34727941769973303,99.8246370931761,0.0446096654275092,0.0260223048327137,0.0,0.0037174721189591,2,"['CLN_Pressure', 'Vibration']",0.5260887204717193,2.7782353415978642,10.0,86.7,-0.1769614226484368,-0.01797417367625423,-0.06899954508393813,0.8064692322924045,-0.1030895516501915,0.8167796867604675,-0.06671846182493005,0.7404104193268547,0.7941327722104128,0.7487452212909409
DP04,2026-01-31,-0.240861972753182,0.02615861963818991,-0.054542109129745046,0.788478268373709,-0.16272427928646552,0.8028436693028692,-0.08391017773146076,0.8060724599215808,0.7638312898885744,0.6810018136044091,0.3326347581828479,99.821432752629,0.0633802816901408,0.0246478873239436,0.0,0.0,2,"['CLN_Pressure', 'Vibration']",0.5357017421130195,2.661078065462783,10.0,86.8,-0.240861972753182,0.02615861963818991,-0.054542109129745046,0.788478268373709,-0.16272427928646552,0.8028436693028692,-0.08391017773146076,0.8060724599215808,0.7638312898885744,0.6810018136044091
DP04,2026-02-01,-0.2997033360149901,0.08574538323752727,-0.13344815684463446,0.8414062262749122,-0.11302739843243008,0.7789951068193648,-0.040617865315087195,0.8283501401961629,0.757221212404149,0.7385157672881368,0.3443437079613111,99.83386571216091,0.0648464163822525,0.0204778156996587,0.0,0.0,2,"['CLN_Pressure', 'Vibration']",0.4984028635172564,2.7547496636904887,10.0,86.7,-0.2997033360149901,0.08574538323752727,-0.13344815684463446,0.8414062262749122,-0.11302739843243008,0.7789951068193648,-0.040617865315087195,0.8283501401961629,0.757221212404149,0.7385157672881368
DP04,2026-02-02,-0.1486230980027526,-0.029106671624067406,-0.22469145278203023,0.8047815965752801,-0.06506764391531678,0.7688491928727131,-0.017916920614989406,0.7778686159895252,0.7798711447477652,0.7924114190970312,0.34383761823431586,99.82721222374006,0.1010452961672473,0.024390243902439,0.0,0.0,2,"['CLN_Pressure', 'Vibration']",0.5183633287798131,2.750700945874527,10.0,86.7,-0.1486230980027526,-0.029106671624067406,-0.22469145278203023,0.8047815965752801,-0.06506764391531678,0.7688491928727131,-0.017916920614989406,0.7778686159895252,0.7798711447477652,0.7924114190970312
DP04,2026-02-03,-0.2533434980065384,0.0914822159827269,-0.08024492197353299,0.7865423559025667,-0.10670157684532952,0.8475831047307765,-0.01837507459139278,0.78707004261616,0.8103410070988972,0.8257508963126794,0.36901045512270125,99.82175091035808,0.0517241379310344,0.0275862068965517,0.0,0.0,2,"['CLN_Pressure', 'Vibration']",0.53474726892577,2.95208364098161,10.0,86.5,-0.2533434980065384,0.0914822159827269,-0.08024492197353299,0.7865423559025667,-0.10670157684532952,0.8475831047307765,-0.01837507459139278,0.78707004261616,0.8103410070988972,0.8257508963126794
DP04,2026-02-04,-0.1725804901314586,0.021755786719662183,-0.15125449785373318,0.8217045192789556,-0.11772472501414985,0.7696287969381517,0.010226806156073274,0.8141252247337221,0.7658054680854196,0.7959314241598178,0.35576183130724603,99.82463066161202,0.0636042402826855,0.0247349823321554,0.0035335689045936,0.0,2,"['CLN_Pressure', 'Vibration']",0.5261080151639419,2.8460946504579683,10.0,86.6,-0.1725804901314586,0.021755786719662183,-0.15125449785373318,0.8217045192789556,-0.11772472501414985,0.7696287969381517,0.010226806156073274,0.8141252247337221,0.7658054680854196,0.7959314241598178
DP04,2026-02-05,-0.2822879091692688,0.04219206858252582,-0.07063586365127071,0.7732377790426891,-0.07382085860863415,0.8066292614095297,0.06055614597253151,0.7603569776672173,0.7049398901463081,0.7041123589733473,0.3425279850364975,99.83239161805716,0.0596491228070175,0.0210526315789473,0.0,0.0,2,"['CLN_Pressure', 'Vibration']",0.502825145828524,2.74022388029198,10.0,86.8,-0.2822879091692688,0.04219206858252582,-0.07063586365127071,0.7732377790426891,-0.07382085860863415,0.8066292614095297,0.06055614597253151,0.7603569776672173,0.7049398901463081,0.7041123589733473
DP04,2026-02-06,-0.2610418137745732,-0.08221212188974868,-0.1733554923377519,0.8110232913473664,-0.040252855466232154,0.8156572032650073,-0.10587988450853576,0.8026247323402599,0.824829748605231,0.7799887357404339,0.33713815433214567,99.82838883842756,0.0673758865248227,0.0283687943262411,0.0,0.0,2,"['CLN_Pressure', 'Vibration']",0.5148334847173288,2.6971052346571653,10.0,86.8,-0.2610418137745732,-0.08221212188974868,-0.1733554923377519,0.8110232913473664,-0.040252855466232154,0.8156572032650073,-0.10587988450853576,0.8026247323402599,0.824829748605231,0.7799887357404339
DP04,2026-02-07,-0.25758266039907324,-0.15052259251058375,-0.22433961973204736,0.7574971955317287,-0.026175693927986795,0.7936507978310556,-0.04048662132714021,0.7740526734394423,0.8655323515345712,0.8507562148246303,0.3342382045264597,99.83891845910463,0.0503355704697986,0.0134228187919463,0.0,0.0,2,"['CLN_Pressure', 'Vibration']",0.4832446226861009,2.6739056362116775,10.0,86.8,-0.25758266039907324,-0.15052259251058375,-0.22433961973204736,0.7574971955317287,-0.026175693927986795,0.7936507978310556,-0.04048662132714021,0.7740526734394423,0.8655323515345712,0.8507562148246303
DP04,2026-02-08,-0.15576174089654166,-0.0784765581301179,-0.1396281933499004,0.8056693302786287,-0.1161355955747008,0.7483987331884562,-0.06602372716158199,0.7626117365441527,0.748165565749133,0.8135747552871444,0.3322394305934672,99.84260229896596,0.0606060606060606,0.0202020202020202,0.0,0.0,2,"['CLN_Pressure', 'Vibration']",0.4721931031021285,2.6579154447477378,10.0,86.9,-0.15576174089654166,-0.0784765581301179,-0.1396281933499004,0.8056693302786287,-0.1161355955747008,0.7483987331884562,-0.06602372716158199,0.7626117365441527,0.748165565749133,0.8135747552871444
DP04,2026-02-09,-0.2216640458773958,-0.0448251801729774,-0.15348207703091243,0.7160636517052673,-0.007802804048363645,0.8476564482321991,0.008423751165068267,0.8371517424152385,0.7482819861186035,0.785967835512588,0.35157713080193154,99.85279999905912,0.0622710622710622,0.0256410256410256,0.0,0.0,2,"['CLN_Pressure', 'Vibration']",0.44160000282265344,2.8126170464154523,10.0,86.7,-0.2216640458773958,-0.0448251801729774,-0.15348207703091243,0.7160636517052673,-0.007802804048363645,0.8476564482321991,0.008423751165068267,0.8371517424152385,0.7482819861186035,0.785967835512588
DP04,2026-02-10,-0.2680888232621119,0.009103234038774066,-0.2588045910595481,0.8224911228275219,-0.12195336903588248,0.8115458489395748,0.0951925331031824,0.8345003477235196,0.8140998079264077,0.7746024429908507,0.3512688554192288,99.85198422153758,0.0709219858156028,0.0248226950354609,0.0,0.0,2,"['CLN_Pressure', 'Vibration']",0.4440473353872676,2.8101508433538305,10.0,86.7,-0.2680888232621119,0.009103234038774066,-0.2588045910595481,0.8224911228275219,-0.12195336903588248,0.8115458489395748,0.0951925331031824,0.8345003477235196,0.8140998079264077,0.7746024429908507
DP04,2026-02-11,-0.20028011735594647,0.06866530126062577,-0.09745474826965203,0.790658962243296,-0.1275985822468249,0.8600747310183384,0.06764503584678358,0.7504706177511752,0.8077473829072868,0.8187750186331438,0.3738703601788226,99.863018601411,0.0687285223367697,0.0171821305841924,0.0,0.0,2,"['CLN_Pressure', 'Vibration']",0.4109441957670015,2.9909628814305806,10.0,86.6,-0.20028011735594647,0.06866530126062577,-0.09745474826965203,0.790658962243296,-0.1275985822468249,0.8600747310183384,0.06764503584678358,0.7504706177511752,0.8077473829072868,0.8187750186331438
DP04,2026-02-12,-0.2491780374742576,0.009306661049770616,-0.07165095326959404,0.7440462861276584,-0.12620986755466942,0.8187160472007559,0.06333319501455253,0.7648653484629833,0.7436775098145637,0.7142811077656019,0.3411187297137365,99.86419306754476,0.0599369085173501,0.0189274447949526,0.0,0.0,2,"['CLN_Pressure', 'Vibration']",0.4074207973657167,2.728949837709892,10.0,86.9,-0.2491780374742576,0.009306661049770616,-0.07165095326959404,0.7440462861276584,-0.12620986755466942,0.8187160472007559,0.06333319501455253,0.7648653484629833,0.7436775098145637,0.7142811077656019
DP04,2026-02-13,-0.21618175507295365,-0.020304938467167834,-0.1866837067520375,0.7969077681033221,-0.0983694253845052,0.8454203669182876,-0.032939036570857824,0.8114275945578701,0.7811590949238092,0.8410245058960628,0.35214604681518297,99.8617541450576,0.0721649484536082,0.0240549828178694,0.0,0.0,2,"['CLN_Pressure', 'Vibration']",0.4147375648271918,2.8171683745214637,10.0,86.8,-0.21618175507295365,-0.020304938467167834,-0.1866837067520375,0.7969077681033221,-0.0983694253845052,0.8454203669182876,-0.032939036570857824,0.8114275945578701,0.7811590949238092,0.8410245058960628
DP04,2026-02-14,-0.24763225417771398,0.029519842141796496,-0.08549166169071097,0.8271360309565428,-0.06201294381409779,0.7887424044474536,-0.04468379561873376,0.7564008732245652,0.7457237688485511,0.7267383868520599,0.34344406511697123,99.8600113591012,0.0568561872909698,0.0167224080267558,0.0,0.0,2,"['CLN_Pressure', 'Vibration']",0.4199659226964201,2.74755252093577,10.0,86.8,-0.24763225417771398,0.029519842141796496,-0.08549166169071097,0.8271360309565428,-0.06201294381409779,0.7887424044474536,-0.04468379561873376,0.7564008732245652,0.7457237688485511,0.7267383868520599
DP04,2026-02-15,-0.1215598066229087,-0.04221410238324111,-0.08458696850413808,0.7770920471234513,-0.05751510413904043,0.8429686022064022,-0.04396235016667624,0.7993454290131953,0.8046697658359143,0.7328308555057491,0.36070683678687077,99.8549716765615,0.0766666666666666,0.03,0.0033333333333333,0.0,2,"['CLN_Pressure', 'Vibration']",0.43508497031548643,2.885654694294966,10.0,86.7,-0.1215598066229087,-0.04221410238324111,-0.08458696850413808,0.7770920471234513,-0.05751510413904043,0.8429686022064022,-0.04396235016667624,0.7993454290131953,0.8046697658359143,0.7328308555057491
DP04,2026-02-16,-0.12022738072218535,0.042327120597179024,-0.0943926557249271,0.7693291489134035,-0.1322625127364014,0.8552069896221154,-0.06128144235032016,0.7844894943938915,0.7935650705604904,0.7429515109029107,0.35797053434561565,99.8504032500006,0.0827067669172932,0.0338345864661654,0.0,0.0,2,"['CLN_Pressure', 'Vibration']",0.44879024999821127,2.8637642747649252,10.0,86.7,-0.12022738072218535,0.042327120597179024,-0.0943926557249271,0.7693291489134035,-0.1322625127364014,0.8552069896221154,-0.06128144235032016,0.7844894943938915,0.7935650705604904,0.7429515109029107
DP04,2026-02-17,-0.07287491900523543,-0.01735813411111496,-0.08240772029351599,0.7452942096560439,-0.09472683497255285,0.7398325808812394,-0.0705183593042759,0.751411713811027,0.8157104432563417,0.7640652403653534,0.34784282202833106,99.85288884557131,0.0606060606060606,0.0202020202020202,0.0,0.0,2,"['CLN_Pressure', 'Vibration']",0.4413334632860568,2.7827425762266484,10.0,86.8,-0.07287491900523543,-0.01735813411111496,-0.08240772029351599,0.7452942096560439,-0.09472683497255285,0.7398325808812394,-0.0705183593042759,0.751411713811027,0.8157104432563417,0.7640652403653534
DP04,2026-02-18,-0.17928904258927206,-0.02215529400110279,-0.16520467905313138,0.8114320551784633,-0.10550798974620317,0.7931782356235338,-0.09991837265464049,0.7582256539156974,0.8533410058621871,0.7400037992162647,0.33841053717517966,99.84052286531632,0.0889679715302491,0.0213523131672597,0.0,0.0,2,"['CLN_Pressure', 'Vibration']",0.4784314040510509,2.7072842974014373,10.0,86.8,-0.17928904258927206,-0.02215529400110279,-0.16520467905313138,0.8114320551784633,-0.10550798974620317,0.7931782356235338,-0.09991837265464049,0.7582256539156974,0.8533410058621871,0.7400037992162647
DP04,2026-02-19,-0.0803963133119241,-0.07740266768176457,-0.08529201082824955,0.786667697545303,-0.16734291043829008,0.7896565774102846,0.0097043027883494,0.8113613769137967,0.8091705056146277,0.8300299234055779,0.36261564814177105,99.83770899138472,0.0790378006872852,0.0206185567010309,0.0,0.0,2,"['CLN_Pressure', 'Vibration']",0.4868730258458527,2.9009251851341684,10.0,86.6,-0.0803963133119241,-0.07740266768176457,-0.08529201082824955,0.786667697545303,-0.16734291043829008,0.7896565774102846,0.0097043027883494,0.8113613769137967,0.8091705056146277,0.8300299234055779
DP04,2026-02-20,0.016232124984091007,0.09666068244590979,-0.14218650378197728,0.8480609749917508,-0.05721477225153408,0.7771866335775387,-0.06759301547939789,0.7782181317897424,0.7413766846263762,0.7678960535816554,0.3758636994484156,99.84081217845048,0.0894039735099337,0.0198675496688741,0.0,0.0,2,"['CLN_Pressure', 'Vibration']",0.47756346464856847,3.0069095955873246,10.0,86.5,0.016232124984091007,0.09666068244590979,-0.14218650378197728,0.8480609749917508,-0.05721477225153408,0.7771866335775387,-0.06759301547939789,0.7782181317897424,0.7413766846263762,0.7678960535816554
DP04,2026-02-21,0.05180835762914226,0.019710544395132975,-0.1150492222566207,0.7709059505689799,-0.09310918189962868,0.7355491272512238,0.01210283619743196,0.7354385116868727,0.7556344405510977,0.764440898126208,0.36374322622498395,99.8382476777338,0.0733333333333333,0.0133333333333333,0.0,0.0,2,"['CLN_Pressure', 'Vibration']",0.48525696679858754,2.9099458097998716,10.0,86.6,0.05180835762914226,0.019710544395132975,-0.1150492222566207,0.7709059505689799,-0.09310918189962868,0.7355491272512238,0.01210283619743196,0.7354385116868727,0.7556344405510977,0.764440898126208
DP04,2026-02-22,-0.030299667176298856,0.036905459048112495,-0.33185489492917175,0.73598757353078,-0.11002817480188772,0.8113572530185288,0.027528412967671043,0.7889688427682503,0.7575645753860715,0.7183766451604401,0.34045060249724957,99.82905638052527,0.1111111111111111,0.0306513409961685,0.003831417624521,0.0,2,"['CLN_Pressure', 'Vibration']",0.5128308584241807,2.7236048199779965,10.0,86.8,-0.030299667176298856,0.036905459048112495,-0.33185489492917175,0.73598757353078,-0.11002817480188772,0.8113572530185288,0.027528412967671043,0.7889688427682503,0.7575645753860715,0.7183766451604401
DP04,2026-02-23,0.04347142658804745,-0.026547775418354916,-0.19995565928169284,0.8783326766202161,-0.15047035659698152,0.7563691472515253,-0.02566676834811284,0.8551841175965854,0.8279836635729984,0.7530798207521631,0.37117802927363935,99.82949094567314,0.0839694656488549,0.0229007633587786,0.0,0.0,2,"['CLN_Pressure', 'Vibration']",0.5115271629805704,2.969424234189115,10.0,86.5,0.04347142658804745,-0.026547775418354916,-0.19995565928169284,0.8783326766202161,-0.15047035659698152,0.7563691472515253,-0.02566676834811284,0.8551841175965854,0.8279836635729984,0.7530798207521631
DP04,2026-02-24,0.09696130904991354,0.06404917269351972,-0.1112189404852726,0.7986301771893515,-0.10303790429340474,0.7865090583803335,0.09181885722458151,0.7587531232140629,0.7530691205018509,0.7771424642595254,0.39126764377344614,99.8101690831954,0.1102661596958174,0.0418250950570342,0.0038022813688212,0.0,2,"['CLN_Pressure', 'Vibration']",0.5694927504137866,3.130141150187569,10.0,86.3,0.09696130904991354,0.06404917269351972,-0.1112189404852726,0.7986301771893515,-0.10303790429340474,0.7865090583803335,0.09181885722458151,0.7587531232140629,0.7530691205018509,0.7771424642595254
DP04,2026-02-25,0.05048739814929417,0.16665827492342442,-0.15165503723357393,0.7900643896005214,-0.07894231956773266,0.8332543525505033,0.03820279151131682,0.7495950420546962,0.7574372318221164,0.7956697721470557,0.3950771895957622,99.81694893317622,0.0526315789473684,0.0385964912280701,0.0,0.0,2,"['CLN_Pressure', 'Vibration']",0.5491532004713378,3.1606175167660977,10.0,86.3,0.05048739814929417,0.16665827492342442,-0.15165503723357393,0.7900643896005214,-0.07894231956773266,0.8332543525505033,0.03820279151131682,0.7495950420546962,0.7574372318221164,0.7956697721470557
DP04,2026-02-26,0.1212302538427316,0.07058248918880862,-0.14269790297665744,0.7958445114088727,-0.054905691029485795,0.8603953472229897,0.03125725615099674,0.7952279125986569,0.7835853674051673,0.7810914680533713,0.40416110118654514,99.81950629329432,0.0622837370242214,0.0207612456747404,0.0,0.0,2,"['CLN_Pressure', 'Vibration']",0.5414811201170266,3.233288809492361,10.0,86.2,0.1212302538427316,0.07058248918880862,-0.14269790297665744,0.7958445114088727,-0.054905691029485795,0.8603953472229897,0.03125725615099674,0.7952279125986569,0.7835853674051673,0.7810914680533713
DP04,2026-02-27,0.149890125460183,-0.037330850065598685,-0.14043268225412206,0.7728255657782671,-0.07275102646995349,0.8197293187417195,0.024506480566455935,0.7868468416635648,0.786896980909126,0.7214968196293765,0.38116775739590186,99.81825953516388,0.0725552050473186,0.0157728706624605,0.0031545741324921,0.0,2,"['CLN_Pressure', 'Vibration']",0.5452213945083741,3.049342059167215,10.0,86.4,0.149890125460183,-0.037330850065598685,-0.14043268225412206,0.7728255657782671,-0.07275102646995349,0.8197293187417195,0.024506480566455935,0.7868468416635648,0.786896980909126,0.7214968196293765
DP04,2026-02-28,0.25832749175175973,0.04355412605181501,-0.24335838251669012,0.7933565116405011,-0.12204676448501951,0.8018462629564319,-0.009745837636338534,0.8375972043113705,0.8030670427788815,0.8730186546886024,0.40356163095413133,99.803451082371,0.1003460207612456,0.0346020761245674,0.0,0.0,2,"['CLN_Pressure', 'Vibration']",0.5896467528870062,3.2284930476330507,10.0,86.2,0.25832749175175973,0.04355412605181501,-0.24335838251669012,0.7933565116405011,-0.12204676448501951,0.8018462629564319,-0.009745837636338534,0.8375972043113705,0.8030670427788815,0.8730186546886024
DP04,2026-03-01,0.23829772014765496,0.020548116585739174,-0.11824744867199449,0.8145457751703107,-0.15067992312312176,0.7847587425362432,0.001979325518863901,0.7680235538140181,0.8111984977725357,0.7739605222888308,0.39443848820390803,99.81083573384434,0.0842490842490842,0.0256410256410256,0.0036630036630036,0.0,2,"['CLN_Pressure', 'Vibration']",0.5674927984669722,3.1555079056312643,10.0,86.3,0.23829772014765496,0.020548116585739174,-0.11824744867199449,0.8145457751703107,-0.15067992312312176,0.7847587425362432,0.001979325518863901,0.7680235538140181,0.8111984977725357,0.7739605222888308
DP04,2026-03-02,0.3273161935483214,-0.058144889026228476,-0.18577902277934447,0.8136164542821785,-0.03078620714865389,0.8137957888321831,0.008877037992208509,0.8226179617614027,0.8408199960047504,0.7954607817109719,0.4147794095177789,99.79569197776549,0.0979729729729729,0.0506756756756756,0.0,0.0,2,"['CLN_Pressure', 'Vibration']",0.6129240667035418,3.3182352761422313,10.0,86.1,0.3273161935483214,-0.058144889026228476,-0.18577902277934447,0.8136164542821785,-0.03078620714865389,0.8137957888321831,0.008877037992208509,0.8226179617614027,0.8408199960047504,0.7954607817109719
DP04,2026-03-03,0.29263690473335696,-0.08122531005220672,-0.09821980659369699,0.7414055342601126,-0.12382638968273463,0.8192999343036201,-0.07887934616668721,0.7385098038119937,0.7446977136671721,0.7714599342375197,0.37258589725184493,99.79418578506402,0.0763358778625954,0.049618320610687,0.0,0.0,2,"['CLN_Pressure', 'Vibration']",0.6174426448079515,2.9806871780147595,10.0,86.4,0.29263690473335696,-0.08122531005220672,-0.09821980659369699,0.7414055342601126,-0.12382638968273463,0.8192999343036201,-0.07887934616668721,0.7385098038119937,0.7446977136671721,0.7714599342375197
DP04,2026-03-04,0.24498040350653127,0.08635239439345728,-0.1569642241945631,0.7292330351660274,-0.19591845673744043,0.8209670778199367,0.03477786289171653,0.7705603960802042,0.7465897956414566,0.8232484410466886,0.39038267256140147,99.77575450277666,0.1088435374149659,0.0476190476190476,0.0,0.0,2,"['CLN_Pressure', 'Vibration']",0.6727364916700083,3.1230613804912117,10.0,86.2,0.24498040350653127,0.08635239439345728,-0.1569642241945631,0.7292330351660274,-0.19591845673744043,0.8209670778199367,0.03477786289171653,0.7705603960802042,0.7465897956414566,0.8232484410466886
DP04,2026-03-05,0.3086485857255678,0.11994688148804704,-0.11417370971596591,0.8443319188842273,-0.06681312525127171,0.7488123603343264,0.0026004962186099577,0.822751053235328,0.7245596732426419,0.7817395622179663,0.4172403696379477,99.7637579433426,0.076158940397351,0.0298013245033112,0.0033112582781456,0.0,2,"['CLN_Pressure', 'Vibration']",0.7087261699722092,3.3379229571035816,10.0,86.0,0.3086485857255678,0.11994688148804704,-0.11417370971596591,0.8443319188842273,-0.06681312525127171,0.7488123603343264,0.0026004962186099577,0.822751053235328,0.7245596732426419,0.7817395622179663
DP04,2026-03-06,0.3259700535377538,-0.07242099440148525,-0.09647237083002813,0.7850793241437799,-0.09404337487959905,0.7916324753819952,0.013330435980358617,0.8474973965002565,0.8508716850311459,0.8050899452347636,0.4156534575698941,99.75499480575864,0.0842911877394636,0.0306513409961685,0.0,0.0,2,"['CLN_Pressure', 'Vibration']",0.7350155827240741,3.3252276605591526,10.0,85.9,0.3259700535377538,-0.07242099440148525,-0.09647237083002813,0.7850793241437799,-0.09404337487959905,0.7916324753819952,0.013330435980358617,0.8474973965002565,0.8508716850311459,0.8050899452347636
DP04,2026-03-07,0.3392653110057174,0.008622191296154331,-0.09336331290724338,0.7598987015903501,-0.15250796423777369,0.8646272797727345,-0.00035538062696101574,0.7717968390945975,0.6943640048007638,0.7248986347795768,0.3917246304567916,99.75086334925446,0.1047619047619047,0.0349206349206349,0.0063492063492063,0.0,2,"['CLN_Pressure', 'Vibration']",0.7474099522366231,3.133797043654333,10.0,86.1,0.3392653110057174,0.008622191296154331,-0.09336331290724338,0.7598987015903501,-0.15250796423777369,0.8646272797727345,-0.00035538062696101574,0.7717968390945975,0.6943640048007638,0.7248986347795768
DP04,2026-03-08,0.28094455745739944,0.0389406271865309,-0.08147734370530683,0.7612917908584349,-0.054403200376355716,0.8177905272481156,-0.0067242166941009155,0.7703672210754066,0.8164977733684958,0.760713982777823,0.4103941719196443,99.73431195365993,0.1069182389937107,0.0534591194968553,0.0,0.0,2,"['CLN_Pressure', 'Vibration']",0.7970641390202218,3.2831533753571542,10.0,85.9,0.28094455745739944,0.0389406271865309,-0.08147734370530683,0.7612917908584349,-0.054403200376355716,0.8177905272481156,-0.0067242166941009155,0.7703672210754066,0.8164977733684958,0.760713982777823
DP04,2026-03-09,0.3315349919576401,0.03837235367958606,-0.21993242018936152,0.7614443736306328,-0.02287537786158445,0.7953141114162161,0.044803289747001956,0.8072440167607006,0.7020253448947974,0.7787030034560526,0.4016633687491682,99.728674010522,0.0984848484848484,0.053030303030303,0.0,0.0,2,"['CLN_Pressure', 'Vibration']",0.8139779684340027,3.2133069499933455,10.0,86.0,0.3315349919576401,0.03837235367958606,-0.21993242018936152,0.7614443736306328,-0.02287537786158445,0.7953141114162161,0.044803289747001956,0.8072440167607006,0.7020253448947974,0.7787030034560526
DP04,2026-03-10,0.32066017710703487,0.15699578424321084,-0.1479494815781963,0.7149866393435094,-0.046409475968927354,0.789032744081992,0.0080271077872036,0.8575088711935385,0.8058728524813213,0.773932631041071,0.42326578497317585,99.72564302713626,0.0899653979238754,0.0588235294117647,0.0,0.0,2,"['CLN_Pressure', 'Vibration']",0.8230709185912275,3.386126279785407,10.0,85.8,0.32066017710703487,0.15699578424321084,-0.1479494815781963,0.7149866393435094,-0.046409475968927354,0.789032744081992,0.0080271077872036,0.8575088711935385,0.8058728524813213,0.773932631041071
DP04,2026-03-11,0.2922037134295419,0.11605178637596025,-0.12901219749507492,0.8027442631591171,-0.144153489814821,0.7854144430231865,0.02075010360423168,0.7564397299274693,0.7974465174991975,0.787679642801679,0.4085564512510487,99.69641536968672,0.0968858131487889,0.0968858131487889,0.0,0.0,2,"['CLN_Pressure', 'Vibration']",0.9107538909398443,3.26845161000839,10.0,85.8,0.2922037134295419,0.11605178637596025,-0.12901219749507492,0.8027442631591171,-0.144153489814821,0.7854144430231865,0.02075010360423168,0.7564397299274693,0.7974465174991975,0.787679642801679
DP04,2026-03-12,0.3939331463333981,0.09238230581345133,-0.13055298232500395,0.7796457082469087,-0.17714421747476997,0.7597712981934037,-0.014927426725822222,0.8481403046196706,0.7953962185572896,0.8495261840281543,0.41961705392666804,99.68025134191144,0.0981132075471698,0.0566037735849056,0.0,0.0,2,"['CLN_Pressure', 'Vibration']",0.95924597426567,3.3569364314133443,10.0,85.7,0.3939331463333981,0.09238230581345133,-0.13055298232500395,0.7796457082469087,-0.17714421747476997,0.7597712981934037,-0.014927426725822222,0.8481403046196706,0.7953962185572896,0.8495261840281543
DP04,2026-03-13,0.2609895675977437,0.13724122943634037,-0.17754466023760052,0.7578870170350002,-0.1051103378272526,0.7385726351602306,-0.007419660974267638,0.7886334665117625,0.7630068388811676,0.7917503624999285,0.39480064580830526,99.65188969660292,0.1387900355871886,0.0676156583629893,0.0,0.0,2,"['CLN_Pressure', 'Vibration']",1.0443309101912348,3.158405166466442,10.0,85.8,0.2609895675977437,0.13724122943634037,-0.17754466023760052,0.7578870170350002,-0.1051103378272526,0.7385726351602306,-0.007419660974267638,0.7886334665117625,0.7630068388811676,0.7917503624999285
DP04,2026-03-14,0.2518301956518575,0.024949190435323506,-0.1325549470803514,0.7759858422547803,0.005442183549191999,0.7910301513598806,-0.0684252368940753,0.836036258209166,0.8038179771859553,0.8505892521458228,0.4138700866817552,99.64244834430444,0.1071428571428571,0.0616883116883116,0.0,0.0,2,"['CLN_Pressure', 'Vibration']",1.0726549670866774,3.3109606934540414,10.0,85.6,0.2518301956518575,0.024949190435323506,-0.1325549470803514,0.7759858422547803,0.005442183549191999,0.7910301513598806,-0.0684252368940753,0.836036258209166,0.8038179771859553,0.8505892521458228
DP04,2026-03-15,0.36937307972191036,0.09179611238218152,-0.1489297562133414,0.8207197685466316,0.022960166429126502,0.7860359844972195,-0.08386680052381303,0.8095553144638218,0.7557090310114737,0.7829916138509403,0.4206344514166151,99.6311169084447,0.1153846153846153,0.0664335664335664,0.0,0.0,2,"['CLN_Pressure', 'Vibration']",1.1066492746659122,3.3650756113329208,10.0,85.5,0.36937307972191036,0.09179611238218152,-0.1489297562133414,0.8207197685466316,0.022960166429126502,0.7860359844972195,-0.08386680052381303,0.8095553144638218,0.7557090310114737,0.7829916138509403
DP04,2026-03-16,0.23492070700743256,0.007349997258503732,-0.17649242123861272,0.8254059015065701,-0.1082399993478057,0.807476161267764,-0.057650093974107156,0.8007030764412947,0.8183112797490499,0.798883024077603,0.39506676327476925,99.6198161936556,0.1046511627906976,0.0736434108527131,0.0,0.0,2,"['CLN_Pressure', 'Vibration']",1.1405514190332156,3.160534106198154,10.0,85.7,0.23492070700743256,0.007349997258503732,-0.17649242123861272,0.8254059015065701,-0.1082399993478057,0.807476161267764,-0.057650093974107156,0.8007030764412947,0.8183112797490499,0.798883024077603
DP04,2026-03-17,0.2459568219432425,0.051448622329628345,-0.07650699958130383,0.7930886759138165,-0.029245379842636206,0.814471662319255,-0.06669948154234578,0.7948683565430803,0.8121478738182706,0.8255834668795963,0.41651136187806037,99.60938544793076,0.1188811188811188,0.0524475524475524,0.0,0.0,2,"['CLN_Pressure', 'Vibration']",1.171843656207713,3.332090895024483,10.0,85.5,0.2459568219432425,0.051448622329628345,-0.07650699958130383,0.7930886759138165,-0.029245379842636206,0.814471662319255,-0.06669948154234578,0.7948683565430803,0.8121478738182706,0.8255834668795963
DP04,2026-03-18,0.275805342204446,0.10144693438614492,-0.17444567686597434,0.760789635527082,-0.028756963052391782,0.7946303908526715,0.02062857573380781,0.8046359966031514,0.8519286251328406,0.8548353096409509,0.42614981701627286,99.6485897404112,0.0851063829787234,0.0319148936170212,0.0,0.0,2,"['CLN_Pressure', 'Vibration']",1.05423077876641,3.409198536130183,10.0,85.5,0.275805342204446,0.10144693438614492,-0.17444567686597434,0.760789635527082,-0.028756963052391782,0.7946303908526715,0.02062857573380781,0.8046359966031514,0.8519286251328406,0.8548353096409509
DP04,2026-03-19,0.17459318912024158,0.04005973304280892,-0.13679919242952837,0.8051764593853468,0.0037456827295032093,0.819083601431393,-0.08018933283400283,0.7839791295026323,0.7703375591847227,0.7512600304161244,0.39312468595492417,99.64854640418878,0.0848056537102473,0.0671378091872791,0.0,0.0,2,"['CLN_Pressure', 'Vibration']",1.0543607874336658,3.1449974876393934,10.0,85.8,0.17459318912024158,0.04005973304280892,-0.13679919242952837,0.8051764593853468,0.0037456827295032093,0.819083601431393,-0.08018933283400283,0.7839791295026323,0.7703375591847227,0.7512600304161244
DP04,2026-03-20,0.28525032287732116,-0.017550603003144327,-0.07247598046022528,0.7703518406361729,-0.05805930182688038,0.8304453141991563,-0.0005782667577451348,0.8258237223251752,0.8296604930224425,0.7273173605068978,0.41201849015191705,99.65778528642365,0.1050847457627118,0.0576271186440678,0.0,0.0,2,"['CLN_Pressure', 'Vibration']",1.0266441407290614,3.2961479212153364,10.0,85.7,0.28525032287732116,-0.017550603003144327,-0.07247598046022528,0.7703518406361729,-0.05805930182688038,0.8304453141991563,-0.0005782667577451348,0.8258237223251752,0.8296604930224425,0.7273173605068978
DP04,2026-03-21,0.2791974041601813,0.10700630001320256,-0.19001536254688442,0.7943587275533625,-0.11303500609408144,0.7702125695937994,0.10543983187380916,0.8001185529689957,0.7547762850525556,0.7826498738831769,0.4090709176458117,99.6624398948137,0.0883392226148409,0.0565371024734982,0.0,0.0,2,"['CLN_Pressure', 'Vibration']",1.012680315558896,3.2725673411664937,10.0,85.7,0.2791974041601813,0.10700630001320256,-0.19001536254688442,0.7943587275533625,-0.11303500609408144,0.7702125695937994,0.10543983187380916,0.8001185529689957,0.7547762850525556,0.7826498738831769
DP04,2026-03-22,0.3014715080771125,0.034689487361960994,-0.12642996270078635,0.8514584525626222,-0.0861598030143888,0.8677643967506714,0.06818217598956586,0.8698272565321138,0.7707283253631262,0.7297213060702701,0.42812531429922684,99.64558175295556,0.1205673758865248,0.0886524822695035,0.0035460992907801,0.0,2,"['CLN_Pressure', 'Vibration']",1.0632547411333064,3.4250025143938148,10.0,85.5,0.3014715080771125,0.034689487361960994,-0.12642996270078635,0.8514584525626222,-0.0861598030143888,0.8677643967506714,0.06818217598956586,0.8698272565321138,0.7707283253631262,0.7297213060702701
DP04,2026-03-23,0.2711800111721888,0.00020926312496779783,-0.11852857299428075,0.7928687197426327,-0.1727097890079127,0.7574993078374233,0.0032933433766834034,0.815997058697292,0.8508988216833038,0.8133371390319281,0.40140453026642253,99.66625199095502,0.0692041522491349,0.0588235294117647,0.0,0.0,2,"['CLN_Pressure', 'Vibration']",1.0012440271349448,3.2112362421313803,10.0,85.8,0.2711800111721888,0.00020926312496779783,-0.11852857299428075,0.7928687197426327,-0.1727097890079127,0.7574993078374233,0.0032933433766834034,0.815997058697292,0.8508988216833038,0.8133371390319281
DP04,2026-03-24,0.3482622041648414,0.10639854345257864,-0.1381590042712737,0.7101424108709403,-0.03177355336909797,0.8056758393700181,0.08567413749482204,0.8535365383824601,0.8186619843318648,0.7783810125052331,0.43368001129323863,99.68096607545708,0.0706713780918728,0.0565371024734982,0.0,0.0,2,"['CLN_Pressure', 'Vibration']",0.9571017736287644,3.469440090345909,10.0,85.6,0.3482622041648414,0.10639854345257864,-0.1381590042712737,0.7101424108709403,-0.03177355336909797,0.8056758393700181,0.08567413749482204,0.8535365383824601,0.8186619843318648,0.7783810125052331
DP04,2026-03-25,0.31627166773860194,0.08574887610646044,-0.06264194505979334,0.8068563457601065,-0.14563705564237264,0.7812598069984723,-0.06996575335431272,0.8269834363267298,0.7432915764382875,0.7045867899072235,0.39867537452194035,99.66806693501847,0.1064516129032258,0.0548387096774193,0.0,0.0,2,"['CLN_Pressure', 'Vibration']",0.9957991949445812,3.189402996175523,10.0,85.8,0.31627166773860194,0.08574887610646044,-0.06264194505979334,0.8068563457601065,-0.14563705564237264,0.7812598069984723,-0.06996575335431272,0.8269834363267298,0.7432915764382875,0.7045867899072235
DP04,2026-03-26,0.3355461895649098,0.06836647071301927,-0.07922169216165964,0.7710142535389309,-0.08282956521873674,0.7300750742217229,-0.05664849957081277,0.7774464742937354,0.7814519315785042,0.7754876799039915,0.40206883168636043,99.67070005779294,0.1013513513513513,0.054054054054054,0.0,0.0,2,"['CLN_Pressure', 'Vibration']",0.9878998266211738,3.2165506534908834,10.0,85.8,0.3355461895649098,0.06836647071301927,-0.07922169216165964,0.7710142535389309,-0.08282956521873674,0.7300750742217229,-0.05664849957081277,0.7774464742937354,0.7814519315785042,0.7754876799039915
DP04,2026-03-27,0.2959178905765704,0.060063774631201695,-0.1697166829996623,0.8504846852073524,0.012532560552737809,0.8336304193737587,0.009255679281457036,0.7758327658727064,0.807030981539963,0.8017309369436839,0.4276763010979769,99.65181709845308,0.1304347826086956,0.0769230769230769,0.0,0.0,2,"['CLN_Pressure', 'Vibration']",1.0445487046407607,3.421410408783815,10.0,85.5,0.2959178905765704,0.060063774631201695,-0.1697166829996623,0.8504846852073524,0.012532560552737809,0.8336304193737587,0.009255679281457036,0.7758327658727064,0.807030981539963,0.8017309369436839
DP04,2026-03-28,0.31019538073574926,-0.025088185908829382,-0.18366908430102738,0.7585887257581595,-0.12363969888258544,0.7600351026967056,-0.009787295175272652,0.7301116102742965,0.7544076339851598,0.7392674447288342,0.37104216339111895,99.64855395574018,0.0871080139372822,0.0696864111498257,0.0,0.0,2,"['CLN_Pressure', 'Vibration']",1.0543381327794492,2.9683373071289516,10.0,86.0,0.31019538073574926,-0.025088185908829382,-0.18366908430102738,0.7585887257581595,-0.12363969888258544,0.7600351026967056,-0.009787295175272652,0.7301116102742965,0.7544076339851598,0.7392674447288342
DP04,2026-03-29,0.3139134483398267,-0.06812040735135882,-0.22063160548746513,0.8270232555059137,-0.06958823121192746,0.8409088106452663,-0.055280413971716694,0.8198008173347521,0.8394729839635666,0.8337306612224736,0.4061229318989331,99.65270979989602,0.149090909090909,0.0763636363636363,0.0,0.0,2,"['CLN_Pressure', 'Vibration']",1.0418706003119524,3.248983455191465,10.0,85.7,0.3139134483398267,-0.06812040735135882,-0.22063160548746513,0.8270232555059137,-0.06958823121192746,0.8409088106452663,-0.055280413971716694,0.8198008173347521,0.8394729839635666,0.8337306612224736
DP04,2026-03-30,0.3753386559313418,0.04030947391501503,-0.0893160177485315,0.7632058450916479,0.007622014032888285,0.815645220426122,-0.09963599801142105,0.7047680824436069,0.7821147737713565,0.7504717839565382,0.40505238338085636,99.65809521352963,0.071917808219178,0.0547945205479452,0.0,0.0,2,"['CLN_Pressure', 'Vibration']",1.0257143594110971,3.240419067046851,10.0,85.7,0.3753386559313418,0.04030947391501503,-0.0893160177485315,0.7632058450916479,0.007622014032888285,0.815645220426122,-0.09963599801142105,0.7047680824436069,0.7821147737713565,0.7504717839565382
