Product_ID,Recipe_ID,column,n,mean,std,cv,median,mad,robust_z_scale,p0_5,p99_5,min,max,median_source
PKG_A,RCP_1,Laser_Power,1737,18.48314450201497,0.08396459620515812,0.00454276577213388,18.5,0.05500000000000327,0.08154300000000485,18.27244,18.702640000000002,18.183,18.75,mentor_target
PKG_A,RCP_2,Laser_Power,1650,18.48683878787879,0.08266559402289513,0.004471591653468425,18.5,0.0589999999999975,0.08747339999999629,18.28096,18.694755,18.215,18.757,mentor_target
PKG_A,RCP_3,Laser_Power,1632,18.487109681372548,0.0817060250855196,0.004419621373688603,18.5,0.05649999999999622,0.08376689999999438,18.276155,18.68938,18.229,18.742,mentor_target
PKG_A,RCP_4,Laser_Power,1602,18.489421348314607,0.08358766241415243,0.004520837122994756,18.5,0.05699999999999861,0.08450819999999792,18.285005,18.698990000000002,18.215,18.781,mentor_target
PKG_A,RCP_5,Laser_Power,1690,18.48856331360947,0.082899490190928,0.00448382542141095,18.5,0.05699999999999861,0.08450819999999792,18.27589,18.700110000000002,18.208,18.757,mentor_target
PKG_A,RCP_6,Laser_Power,1613,18.487732176069436,0.08207951079197473,0.0044396743748927004,18.5,0.05699999999999861,0.08450819999999792,18.288420000000002,18.69546,18.24,18.748,mentor_target
PKG_A,RCP_7,Laser_Power,1706,18.491611371629542,0.07891456956712742,0.004267587501227764,18.5,0.054999999999999716,0.08154299999999957,18.290725000000002,18.701475000000002,18.226,18.768,mentor_target
PKG_A,RCP_8,Laser_Power,1700,18.490801764705882,0.08522078860409368,0.004608820628143769,18.5,0.05600000000000094,0.08302560000000139,18.262495,18.700515000000003,18.191,18.773,mentor_target
PKG_A,RCP_9,Laser_Power,1736,18.485906105990782,0.0842829928225259,0.004559310879287224,18.5,0.057500000000000995,0.08524950000000148,18.274,18.704325,18.24,18.781,mentor_target
PKG_B,RCP_1,Laser_Power,1765,18.49004985835694,0.0855593891829583,0.004627320631279318,18.5,0.05799999999999983,0.08599079999999974,18.29082,18.71254,18.201,18.754,mentor_target
PKG_B,RCP_2,Laser_Power,1749,18.48842081189251,0.08242985466210051,0.00445845837785552,18.5,0.05699999999999861,0.08450819999999792,18.277,18.701,18.219,18.767,mentor_target
PKG_B,RCP_3,Laser_Power,1673,18.48828392109982,0.08065237198090823,0.0043623503579401125,18.5,0.05600000000000094,0.08302560000000139,18.292080000000002,18.7,18.201,18.776,mentor_target
PKG_B,RCP_4,Laser_Power,1707,18.489137082601054,0.08272992374543642,0.004474515136960516,18.5,0.05799999999999983,0.08599079999999974,18.26659,18.67994,18.172,18.719,mentor_target
PKG_B,RCP_5,Laser_Power,1646,18.488992709599028,0.08450703793469168,0.00457066749184328,18.5,0.0589999999999975,0.08747339999999629,18.27545,18.716425,18.186,18.8,mentor_target
PKG_B,RCP_6,Laser_Power,1613,18.486073155610665,0.08288980909248352,0.004483905716197267,18.5,0.05700000000000216,0.0845082000000032,18.256240000000002,18.68864,18.205,18.767,mentor_target
PKG_B,RCP_7,Laser_Power,1605,18.487668535825545,0.0837138415674906,0.0045280907868544525,18.5,0.05600000000000094,0.08302560000000139,18.264,18.691,18.208,18.79,mentor_target
PKG_B,RCP_8,Laser_Power,1633,18.487603796693204,0.08124198548881292,0.004394403211050224,18.5,0.054000000000002046,0.08006040000000303,18.279,18.689,18.221,18.731,mentor_target
PKG_B,RCP_9,Laser_Power,1640,18.487900609756096,0.07947920322835854,0.004298984774205095,18.5,0.053999999999998494,0.08006039999999776,18.298585,18.685805,18.257,18.726,mentor_target
PKG_C,RCP_1,Laser_Power,1627,18.48559065765212,0.08317395846382065,0.004499394149972197,18.5,0.05600000000000094,0.08302560000000139,18.26565,18.70261,18.194,18.781,mentor_target
PKG_C,RCP_2,Laser_Power,1738,18.485231875719215,0.08256802835085988,0.004466702333299639,18.5,0.05600000000000094,0.08302560000000139,18.278685,18.698315,18.22,18.779,mentor_target
PKG_C,RCP_3,Laser_Power,1706,18.486168229777256,0.08725237173982765,0.00471987329420073,18.5,0.05799999999999983,0.08599079999999974,18.2681,18.73,18.164,18.772,mentor_target
PKG_C,RCP_4,Laser_Power,1637,18.488747098350643,0.08329621083847209,0.004505238261704755,18.5,0.05699999999999861,0.08450819999999792,18.282,18.69264,18.191,18.736,mentor_target
PKG_C,RCP_5,Laser_Power,1697,18.487037124337064,0.08544766501126178,0.00462203134210052,18.5,0.05600000000000094,0.08302560000000139,18.26692,18.70712,18.191,18.776,mentor_target
PKG_C,RCP_6,Laser_Power,1630,18.486266871165647,0.08439330629836655,0.0045651892232498725,18.5,0.05550000000000033,0.08228430000000048,18.26187,18.696565,18.199,18.821,mentor_target
PKG_C,RCP_7,Laser_Power,1676,18.48611813842482,0.08287012895963275,0.004482830215575697,18.5,0.05649999999999977,0.08376689999999966,18.27575,18.702875,18.19,18.749,mentor_target
PKG_C,RCP_8,Laser_Power,1692,18.486739361702128,0.08367781294918686,0.004526369486364761,18.5,0.05699999999999861,0.08450819999999792,18.27391,18.690545,18.204,18.742,mentor_target
PKG_C,RCP_9,Laser_Power,1784,18.49114630044843,0.08417728539278362,0.004552302168024176,18.5,0.05799999999999983,0.08599079999999974,18.277829999999998,18.69534,18.215,18.734,mentor_target
PKG_D,RCP_1,Laser_Power,1706,18.49114243845252,0.08358245752979027,0.004520134859595245,18.5,0.05649999999999977,0.08376689999999966,18.28305,18.6999,18.229,18.808,mentor_target
PKG_D,RCP_2,Laser_Power,1611,18.486746741154562,0.0857156887528736,0.004636602099495217,18.5,0.0589999999999975,0.08747339999999629,18.2732,18.6979,18.218,18.776,mentor_target
PKG_D,RCP_3,Laser_Power,1671,18.48673010173549,0.08327820511176032,0.004504755825041356,18.5,0.05699999999999861,0.08450819999999792,18.28135,18.69225,18.167,18.754,mentor_target
PKG_D,RCP_4,Laser_Power,1595,18.48424514106583,0.08385441448881356,0.004536534429665023,18.5,0.05700000000000216,0.0845082000000032,18.267970000000002,18.70103,18.218,18.813,mentor_target
PKG_D,RCP_5,Laser_Power,1681,18.488233789411066,0.08379918996355772,0.0045325687092702596,18.5,0.05700000000000216,0.0845082000000032,18.2896,18.699,18.223,18.75,mentor_target
PKG_D,RCP_6,Laser_Power,1690,18.488378106508875,0.08332551315565351,0.004506913082133396,18.5,0.05799999999999983,0.08599079999999974,18.275,18.697555,18.195,18.799,mentor_target
PKG_D,RCP_7,Laser_Power,1655,18.486490634441086,0.08334339739450625,0.004508340660354113,18.5,0.054999999999999716,0.08154299999999957,18.26743,18.68946,18.177,18.765,mentor_target
PKG_D,RCP_8,Laser_Power,1625,18.487454153846155,0.08223092721524104,0.004447931366371157,18.5,0.05600000000000094,0.08302560000000139,18.259439999999998,18.686880000000002,18.163,18.784,mentor_target
PKG_D,RCP_9,Laser_Power,1730,18.488359537572254,0.08166578467226317,0.00441714607000697,18.5,0.05600000000000094,0.08302560000000139,18.280225,18.677709999999998,18.164,18.749,mentor_target
PKG_E,RCP_1,Laser_Power,1697,18.492838538597525,0.08264980595426795,0.0044692871665842175,18.5,0.05699999999999861,0.08450819999999792,18.269479999999998,18.69804,18.219,18.818,mentor_target
PKG_E,RCP_2,Laser_Power,1692,18.49099586288416,0.08376810014225584,0.004530210312274117,18.5,0.054999999999999716,0.08154299999999957,18.28182,18.709545000000002,18.219,18.784,mentor_target
PKG_E,RCP_3,Laser_Power,1680,18.488683333333334,0.08363613986313023,0.004523639588349822,18.5,0.05600000000000094,0.08302560000000139,18.27,18.697235,18.205,18.728,mentor_target
PKG_E,RCP_4,Laser_Power,1731,18.4872299248989,0.08282637487937707,0.0044801939076781405,18.5,0.05699999999999861,0.08450819999999792,18.268,18.69,18.227,18.77,mentor_target
PKG_E,RCP_5,Laser_Power,1670,18.49106407185629,0.08322032573191396,0.004500569864909867,18.5,0.054000000000002046,0.08006040000000303,18.28169,18.704,18.209,18.755,mentor_target
PKG_E,RCP_6,Laser_Power,1666,18.485802521008406,0.08229722748245104,0.004451915321984176,18.5,0.05500000000000327,0.08154300000000485,18.2593,18.68935,18.159,18.783,mentor_target
PKG_E,RCP_7,Laser_Power,1656,18.4893556763285,0.08235209760439892,0.0044540274440083615,18.5,0.05799999999999983,0.08599079999999974,18.275199999999998,18.692175000000002,18.219,18.768,mentor_target
PKG_E,RCP_8,Laser_Power,1758,18.485998293515358,0.07996567631236291,0.004325742924060196,18.5,0.05299999999999727,0.07857779999999595,18.285140000000002,18.684645,18.219,18.766,mentor_target
PKG_E,RCP_9,Laser_Power,1697,18.486683559222158,0.08167917519151364,0.00441827085587602,18.5,0.053000000000000824,0.07857780000000122,18.27844,18.698600000000003,18.21,18.748,mentor_target
PKG_F,RCP_1,Laser_Power,1758,18.48633731513083,0.08381648168609492,0.004533969074419745,18.5,0.053000000000000824,0.07857780000000122,18.248925,18.68686,18.191,18.746,mentor_target
PKG_F,RCP_2,Laser_Power,1691,18.485283264340627,0.08346240097526991,0.004515072870767124,18.5,0.05600000000000094,0.08302560000000139,18.265449999999998,18.68875,18.176,18.735,mentor_target
PKG_F,RCP_3,Laser_Power,1674,18.491121863799282,0.0844619875445689,0.004567704878411034,18.5,0.05699999999999861,0.08450819999999792,18.271825,18.70654,18.225,18.729,mentor_target
PKG_F,RCP_4,Laser_Power,1788,18.48422874720358,0.08248157089237579,0.004462267375091544,18.5,0.05699999999999861,0.08450819999999792,18.282935000000002,18.708195,18.217,18.802,mentor_target
PKG_F,RCP_5,Laser_Power,1673,18.484798565451285,0.08515217561692051,0.004606605547548287,18.5,0.05699999999999861,0.08450819999999792,18.25496,18.686,18.163,18.76,mentor_target
PKG_F,RCP_6,Laser_Power,1695,18.487253097345132,0.08364235022772173,0.004524325479145045,18.5,0.05799999999999983,0.08599079999999974,18.27452,18.69706,18.172,18.751,mentor_target
PKG_F,RCP_7,Laser_Power,1674,18.48502210274791,0.08268007817531454,0.004472814677512539,18.5,0.0555000000000021,0.08228430000000311,18.27446,18.707905,18.22,18.748,mentor_target
PKG_F,RCP_8,Laser_Power,1724,18.48784222737819,0.08300935582736124,0.004489942893629562,18.5,0.054999999999999716,0.08154299999999957,18.281615,18.69477,18.195,18.772,mentor_target
PKG_F,RCP_9,Laser_Power,1611,18.488993171942894,0.08374543994220023,0.004529475410769484,18.5,0.0589999999999975,0.08747339999999629,18.2791,18.68495,18.185,18.779,mentor_target
PKG_A,RCP_1,Power_Efficiency,1737,94.97547438111687,0.1518179070684973,0.0015984959070515779,95.0,0.10099999999999909,0.14974259999999864,94.60032000000001,95.34891999999999,94.501,95.427,mentor_target
PKG_A,RCP_2,Power_Efficiency,1650,94.9794103030303,0.1572131060647471,0.0016552335454932934,95.0,0.10499999999998977,0.15567299999998482,94.569225,95.35251,94.452,95.511,mentor_target
PKG_A,RCP_3,Power_Efficiency,1632,94.98649080882353,0.15437440028778657,0.001625224797476636,95.0,0.10149999999999437,0.15048389999999165,94.61177500000001,95.386605,94.492,95.507,mentor_target
PKG_A,RCP_4,Power_Efficiency,1602,94.97451123595505,0.154615790459555,0.0016279714256746943,95.0,0.10449999999998738,0.15493169999998127,94.568105,95.389985,94.456,95.512,mentor_target
PKG_A,RCP_5,Power_Efficiency,1690,94.97354733727812,0.15536950115926487,0.0016359239547776763,95.0,0.1039999999999992,0.1541903999999988,94.56867,95.377215,94.511,95.48,mentor_target
PKG_A,RCP_6,Power_Efficiency,1613,94.98454308741475,0.15591795389575078,0.0016415087005499274,95.0,0.10099999999999909,0.14974259999999864,94.57424,95.37934,94.476,95.494,mentor_target
PKG_A,RCP_7,Power_Efficiency,1706,94.98380246189917,0.15647888454267253,0.0016474270400518116,95.0,0.10799999999999699,0.1601207999999955,94.57405,95.377475,94.429,95.484,mentor_target
PKG_A,RCP_8,Power_Efficiency,1700,94.98447529411766,0.15436095068806874,0.0016251176859175453,95.0,0.1039999999999992,0.1541903999999988,94.590355,95.36954499999999,94.522,95.557,mentor_target
PKG_A,RCP_9,Power_Efficiency,1736,94.98346716589862,0.15194726092581065,0.0015997232514203632,95.0,0.1039999999999992,0.1541903999999988,94.57775,95.3556,94.398,95.491,mentor_target
PKG_B,RCP_1,Power_Efficiency,1765,94.9769433427762,0.15180400139003603,0.0015983247728047884,95.0,0.10499999999998977,0.15567299999998482,94.5912,95.35306,94.465,95.499,mentor_target
PKG_B,RCP_2,Power_Efficiency,1749,94.977239565466,0.1586335071815747,0.0016702265501434338,95.0,0.10899999999999466,0.16160339999999207,94.54532,95.35934,94.44,95.631,mentor_target
PKG_B,RCP_3,Power_Efficiency,1673,94.98455469216975,0.1543916430806702,0.00162543945782585,95.0,0.10699999999999932,0.15863819999999898,94.56136000000001,95.36484,94.445,95.44,mentor_target
PKG_B,RCP_4,Power_Efficiency,1707,94.98536672524898,0.1552461503299192,0.0016344217607642474,95.0,0.10499999999998977,0.15567299999998482,94.5843,95.36882,94.21,95.493,mentor_target
PKG_B,RCP_5,Power_Efficiency,1646,94.98663244228433,0.15355326319173196,0.0016165776093287002,95.0,0.10349999999999682,0.15344909999999526,94.607575,95.363325,94.51,95.49,mentor_target
PKG_B,RCP_6,Power_Efficiency,1613,94.98135027898327,0.15465064907169643,0.0016282212099264744,95.0,0.10799999999998988,0.160120799999985,94.59711999999999,95.341,94.449,95.61,mentor_target
PKG_B,RCP_7,Power_Efficiency,1605,94.9798062305296,0.15097385600846375,0.0015895363656778638,95.0,0.09999999999999432,0.14825999999999157,94.58225999999999,95.35392,94.344,95.489,mentor_target
PKG_B,RCP_8,Power_Efficiency,1633,94.98173116962644,0.1515163086241371,0.0015952152772783894,95.0,0.10299999999999443,0.15270779999999173,94.57979999999999,95.37624,94.459,95.589,mentor_target
PKG_B,RCP_9,Power_Efficiency,1640,94.9773262195122,0.1598779401573874,0.0016833274479413803,95.0,0.10999999999999943,0.16308599999999915,94.554755,95.373415,94.491,95.519,mentor_target
PKG_C,RCP_1,Power_Efficiency,1627,94.97533927473879,0.14876336228517814,0.001566336729315014,95.0,0.10099999999999909,0.14974259999999864,94.605,95.36714,94.473,95.481,mentor_target
PKG_C,RCP_2,Power_Efficiency,1738,94.97608227848102,0.15978722040737237,0.0016823943099575059,95.0,0.10899999999999466,0.16160339999999207,94.567,95.372,94.437,95.627,mentor_target
PKG_C,RCP_3,Power_Efficiency,1706,94.9837754982415,0.1547335180006581,0.0016290520900964058,95.0,0.1004999999999967,0.1490012999999951,94.5801,95.398175,94.49,95.473,mentor_target
PKG_C,RCP_4,Power_Efficiency,1637,94.9740372632865,0.15348569123066247,0.0016160805168803163,95.0,0.1039999999999992,0.1541903999999988,94.55796,95.37682,94.383,95.47,mentor_target
PKG_C,RCP_5,Power_Efficiency,1697,94.98794225103123,0.15266250686633365,0.0016071777453909029,95.0,0.1039999999999992,0.1541903999999988,94.58936,95.3736,94.511,95.549,mentor_target
PKG_C,RCP_6,Power_Efficiency,1630,94.98111656441718,0.15903792601402092,0.0016744162604801528,95.0,0.10649999999999693,0.15789689999999543,94.598435,95.377855,94.51,95.492,mentor_target
PKG_C,RCP_7,Power_Efficiency,1676,94.97536873508353,0.15603417176770773,0.00164289092894113,95.0,0.10500000000000398,0.1556730000000059,94.545375,95.390625,94.492,95.453,mentor_target
PKG_C,RCP_8,Power_Efficiency,1692,94.98301654846335,0.15201029707846914,0.0016003944979038295,95.0,0.10299999999999443,0.15270779999999173,94.60936500000001,95.34145000000001,94.525,95.437,mentor_target
PKG_C,RCP_9,Power_Efficiency,1784,94.97732343049329,0.154833513577863,0.0016302155923689926,95.0,0.10449999999999449,0.15493169999999182,94.55083,95.349,94.432,95.45,mentor_target
PKG_D,RCP_1,Power_Efficiency,1706,94.97534759671747,0.1560696642615898,0.0016432649967683178,95.0,0.10450000000000159,0.15493170000000236,94.5941,95.38747500000001,94.32,95.536,mentor_target
PKG_D,RCP_2,Power_Efficiency,1611,94.98339602731222,0.15302700069180572,0.001611092118119289,95.0,0.10099999999999909,0.14974259999999864,94.599,95.3867,94.519,95.508,mentor_target
PKG_D,RCP_3,Power_Efficiency,1671,94.97934649910233,0.1532887892847069,0.0016139170770790223,95.0,0.10600000000000875,0.15715560000001297,94.59955,95.3446,94.482,95.473,mentor_target
PKG_D,RCP_4,Power_Efficiency,1595,94.97530031347962,0.1538436266118494,0.0016198277457830236,95.0,0.10299999999999443,0.15270779999999173,94.54479,95.37420999999999,94.47,95.458,mentor_target
PKG_D,RCP_5,Power_Efficiency,1681,94.97980904223677,0.15932199296393015,0.0016774301251024934,95.0,0.10899999999999466,0.16160339999999207,94.5916,95.3906,94.463,95.562,mentor_target
PKG_D,RCP_6,Power_Efficiency,1690,94.97483964497042,0.15411044524368478,0.0016226449638638164,95.0,0.10500000000000398,0.1556730000000059,94.56577999999999,95.348555,94.312,95.615,mentor_target
PKG_D,RCP_7,Power_Efficiency,1655,94.98790151057402,0.15556865097764105,0.001637773321693218,95.0,0.10500000000000398,0.1556730000000059,94.60308,95.38784,94.487,95.574,mentor_target
PKG_D,RCP_8,Power_Efficiency,1625,94.984368,0.16131555820873836,0.0016983379645031523,95.0,0.10800000000000409,0.16012080000000606,94.58572,95.37528,94.424,95.527,mentor_target
PKG_D,RCP_9,Power_Efficiency,1730,94.97880924855491,0.1515825312044647,0.001595961587681949,95.0,0.10150000000000148,0.1504839000000022,94.606225,95.356065,94.493,95.464,mentor_target
PKG_E,RCP_1,Power_Efficiency,1697,94.9734225103123,0.1588757562740969,0.0016728443818779513,95.0,0.10599999999999454,0.1571555999999919,94.56684,95.37652,94.479,95.49,mentor_target
PKG_E,RCP_2,Power_Efficiency,1692,94.97933687943262,0.156676379408046,0.0016495838416616026,95.0,0.10499999999998977,0.15567299999998482,94.591455,95.39763500000001,94.477,95.671,mentor_target
PKG_E,RCP_3,Power_Efficiency,1680,94.98277023809524,0.15676571235991557,0.0016504647313080865,95.0,0.10299999999999443,0.15270779999999173,94.57576499999999,95.392025,94.486,95.455,mentor_target
PKG_E,RCP_4,Power_Efficiency,1731,94.97985904101675,0.15272315730772307,0.0016079530844720464,95.0,0.10699999999999932,0.15863819999999898,94.60555000000001,95.3682,94.319,95.443,mentor_target
PKG_E,RCP_5,Power_Efficiency,1670,94.99156946107784,0.15683150033781904,0.0016510044125766306,95.0,0.1039999999999992,0.1541903999999988,94.577345,95.38593,94.288,95.596,mentor_target
PKG_E,RCP_6,Power_Efficiency,1666,94.97731392557021,0.15636764412846477,0.0016463683554054141,95.0,0.1039999999999992,0.1541903999999988,94.5613,95.377675,94.488,95.467,mentor_target
PKG_E,RCP_7,Power_Efficiency,1656,94.9823031400966,0.1552448564441657,0.0016344608554625516,95.0,0.1074999999999946,0.15937949999999199,94.578925,95.35272499999999,94.41,95.47,mentor_target
PKG_E,RCP_8,Power_Efficiency,1758,94.98364334470989,0.15261818503201782,0.0016067838593866476,95.0,0.10500000000000398,0.1556730000000059,94.591355,95.35143,94.485,95.463,mentor_target
PKG_E,RCP_9,Power_Efficiency,1697,94.98367059516794,0.1546390442263296,0.0016280592575266984,95.0,0.10699999999999932,0.15863819999999898,94.60544,95.38464,94.444,95.509,mentor_target
PKG_F,RCP_1,Power_Efficiency,1758,94.98295620022753,0.1513599546517487,0.0015935485765749004,95.0,0.10500000000000398,0.1556730000000059,94.610355,95.366365,94.484,95.498,mentor_target
PKG_F,RCP_2,Power_Efficiency,1691,94.97810821998817,0.15516789760509878,0.001633722765310287,95.0,0.10899999999999466,0.16160339999999207,94.59645,95.37975,94.468,95.488,mentor_target
PKG_F,RCP_3,Power_Efficiency,1674,94.98510633213859,0.15659991830444417,0.0016486786650199072,95.0,0.10850000000000648,0.1608621000000096,94.58711,95.370635,94.446,95.561,mentor_target
PKG_F,RCP_4,Power_Efficiency,1788,94.97815548098434,0.1555235337325139,0.0016374663515512408,95.0,0.10600000000000165,0.15715560000000245,94.56887,95.37438999999999,94.51,95.453,mentor_target
PKG_F,RCP_5,Power_Efficiency,1673,94.98179736999401,0.15619766551002698,0.0016445010500440568,95.0,0.10599999999999454,0.1571555999999919,94.58528,95.37356,94.276,95.534,mentor_target
PKG_F,RCP_6,Power_Efficiency,1695,94.9781610619469,0.15138217395569303,0.001593862970846089,95.0,0.09900000000000375,0.14677740000000555,94.57852,95.3696,94.459,95.499,mentor_target
PKG_F,RCP_7,Power_Efficiency,1674,94.97457467144564,0.15373288088341708,0.001618674065298418,95.0,0.10500000000000398,0.1556730000000059,94.57609500000001,95.353905,94.505,95.457,mentor_target
PKG_F,RCP_8,Power_Efficiency,1724,94.98443213457077,0.1559578180461582,0.001641930309434312,95.0,0.10699999999999932,0.15863819999999898,94.599305,95.383155,94.525,95.469,mentor_target
PKG_F,RCP_9,Power_Efficiency,1611,94.99150341402856,0.15457757450915444,0.0016272779033237837,95.0,0.1039999999999992,0.1541903999999988,94.57924999999999,95.3618,94.478,95.513,mentor_target
PKG_A,RCP_1,Laser_Centering_Position,1737,0.006658031088082901,0.15143910821453083,22.74532909369996,0.0,0.103,0.15270779999999998,-0.40432,0.3722799999999997,-0.561,0.556,mentor_target
PKG_A,RCP_2,Laser_Centering_Position,1650,0.0072921212121212125,0.15123205194007627,20.739102867447293,0.0,0.0995,0.1475187,-0.379285,0.3790199999999995,-0.569,0.598,mentor_target
PKG_A,RCP_3,Laser_Centering_Position,1632,0.007482230392156863,0.1542387399232815,20.61400569607693,0.0,0.10300000000000001,0.1527078,-0.381845,0.4016900000000001,-0.488,0.575,mentor_target
PKG_A,RCP_4,Laser_Centering_Position,1602,0.008942571785268414,0.15156889437410645,16.94913924244859,0.0,0.101,0.1497426,-0.36687499999999995,0.4219299999999985,-0.547,0.513,mentor_target
PKG_A,RCP_5,Laser_Centering_Position,1690,0.002840828402366864,0.14778608583247593,52.0221797660663,0.0,0.097,0.1438122,-0.39211,0.36522000000000027,-0.503,0.497,mentor_target
PKG_A,RCP_6,Laser_Centering_Position,1613,0.010582145071295722,0.15393875946659882,14.547027887962031,0.0,0.103,0.15270779999999998,-0.37757999999999997,0.4386800000000012,-0.517,0.545,mentor_target
PKG_A,RCP_7,Laser_Centering_Position,1706,0.004763188745603751,0.15175598627866219,31.860166452300973,0.0,0.10750000000000001,0.1593795,-0.362475,0.36679999999999924,-0.474,0.457,mentor_target
PKG_A,RCP_8,Laser_Centering_Position,1700,0.005023529411764705,0.14715726345530356,29.293600453631857,0.0,0.0995,0.1475187,-0.35803999999999997,0.38451499999999966,-0.443,0.485,mentor_target
PKG_A,RCP_9,Laser_Centering_Position,1736,0.007512672811059907,0.15109826892128037,20.11245168282033,0.0,0.102,0.15122519999999998,-0.3733,0.3859750000000001,-0.495,0.613,mentor_target
PKG_B,RCP_1,Laser_Centering_Position,1765,0.008824362606232294,0.15183360318757055,17.206183603599488,0.0,0.103,0.15270779999999998,-0.379,0.39990000000000037,-0.59,0.543,mentor_target
PKG_B,RCP_2,Laser_Centering_Position,1749,0.008368210405946255,0.14748497746192407,17.62443465297248,0.0,0.097,0.1438122,-0.37204,0.39326,-0.615,0.564,mentor_target
PKG_B,RCP_3,Laser_Centering_Position,1673,0.0035786013150029884,0.15478963173307708,43.2542264722629,0.0,0.103,0.15270779999999998,-0.39068,0.4158400000000006,-0.582,0.51,mentor_target
PKG_B,RCP_4,Laser_Centering_Position,1707,0.012034563561804334,0.1508250210147414,12.53265398783837,0.0,0.102,0.15122519999999998,-0.38516,0.4059400000000001,-0.498,0.556,mentor_target
PKG_B,RCP_5,Laser_Centering_Position,1646,0.0006099635479951397,0.14933788945172402,244.8308426668703,0.0,0.10099999999999999,0.14974259999999998,-0.354,0.37087500000000045,-0.427,0.534,mentor_target
PKG_B,RCP_6,Laser_Centering_Position,1613,0.0013632982021078734,0.14474172065886465,106.17025712721633,0.0,0.09799999999999999,0.14529479999999997,-0.35475999999999996,0.349,-0.577,0.451,mentor_target
PKG_B,RCP_7,Laser_Centering_Position,1605,0.0034261682242990653,0.14939763612215187,43.604874700137074,0.0,0.1,0.14826,-0.34697999999999996,0.38696,-0.497,0.573,mentor_target
PKG_B,RCP_8,Laser_Centering_Position,1633,0.010538885486834048,0.15563696953885167,14.76787746989801,0.0,0.106,0.15715559999999998,-0.37636000000000003,0.404,-0.663,0.561,mentor_target
PKG_B,RCP_9,Laser_Centering_Position,1640,0.004404268292682928,0.14971025701532978,33.99208383014548,0.0,0.1,0.14826,-0.376805,0.39661000000000013,-0.634,0.432,mentor_target
PKG_C,RCP_1,Laser_Centering_Position,1627,0.0057572218807621384,0.15158847132540035,26.330142291707737,0.0,0.10400000000000001,0.1541904,-0.39979000000000003,0.38347999999999954,-0.442,0.508,mentor_target
PKG_C,RCP_2,Laser_Centering_Position,1738,0.006014384349827388,0.15073395688191038,25.062242137258227,0.0,0.106,0.15715559999999998,-0.382315,0.36631500000000006,-0.514,0.423,mentor_target
PKG_C,RCP_3,Laser_Centering_Position,1706,0.006291324736225088,0.15002092564030625,23.84568146299846,0.0,0.105,0.15567299999999998,-0.393425,0.3798999999999996,-0.572,0.536,mentor_target
PKG_C,RCP_4,Laser_Centering_Position,1637,0.006433720219914478,0.14539534683686284,22.59895392821349,0.0,0.099,0.1467774,-0.33028,0.3905599999999995,-0.416,0.493,mentor_target
PKG_C,RCP_5,Laser_Centering_Position,1697,0.0013965822038892162,0.14626286852790046,104.72915100921819,0.0,0.096,0.1423296,-0.37052,0.3768399999999997,-0.428,0.503,mentor_target
PKG_C,RCP_6,Laser_Centering_Position,1630,0.008821472392638037,0.1441182692658979,16.33721252544778,0.0,0.0975,0.1445535,-0.335855,0.38511500000000026,-0.481,0.432,mentor_target
PKG_C,RCP_7,Laser_Centering_Position,1676,0.00584307875894988,0.15022959886769452,25.710692096625756,0.0,0.10099999999999999,0.14974259999999998,-0.34724999999999995,0.386875,-0.509,0.57,mentor_target
PKG_C,RCP_8,Laser_Centering_Position,1692,0.0042299054373522455,0.14770082113728203,34.91823241082594,0.0,0.101,0.1497426,-0.374725,0.36790500000000065,-0.456,0.486,mentor_target
PKG_C,RCP_9,Laser_Centering_Position,1784,0.0012449551569506728,0.14882454739845385,119.54209480362073,0.0,0.10099999999999999,0.14974259999999998,-0.40525500000000003,0.351,-0.612,0.516,mentor_target
PKG_D,RCP_1,Laser_Centering_Position,1706,0.0012649472450175856,0.15126064635000105,119.57862033044563,0.0,0.1,0.14826,-0.402475,0.3793749999999996,-0.612,0.547,mentor_target
PKG_D,RCP_2,Laser_Centering_Position,1611,0.0024227188081936686,0.15304032499180487,63.168835142658885,0.0,0.10300000000000001,0.1527078,-0.38755,0.37240000000000056,-0.518,0.502,mentor_target
PKG_D,RCP_3,Laser_Centering_Position,1671,-0.0003913824057450624,0.15141441335751088,-386.87077174373235,0.0,0.10300000000000001,0.1527078,-0.3735,0.37575000000000136,-0.712,0.465,mentor_target
PKG_D,RCP_4,Laser_Centering_Position,1595,0.0023655172413793108,0.14921953777524288,63.08114570673532,0.0,0.101,0.1497426,-0.38003,0.3720899999999999,-0.491,0.485,mentor_target
PKG_D,RCP_5,Laser_Centering_Position,1681,0.008702558001189768,0.1494776446078155,17.176288234721298,0.0,0.09999999999999999,0.14825999999999998,-0.38,0.38879999999999976,-0.447,0.509,mentor_target
PKG_D,RCP_6,Laser_Centering_Position,1690,0.0014627218934911246,0.15055798359700256,102.93001305782131,0.0,0.1035,0.15344909999999998,-0.39055500000000004,0.3869950000000006,-0.527,0.523,mentor_target
PKG_D,RCP_7,Laser_Centering_Position,1655,0.00719154078549849,0.15170438040346096,21.094836965865223,0.0,0.10099999999999999,0.14974259999999998,-0.41584,0.3576500000000001,-0.501,0.486,mentor_target
PKG_D,RCP_8,Laser_Centering_Position,1625,0.004730461538461538,0.14677697036122478,31.02804433940292,0.0,0.09999999999999999,0.14825999999999998,-0.35363999999999995,0.3778799999999999,-0.448,0.444,mentor_target
PKG_D,RCP_9,Laser_Centering_Position,1730,0.0029647398843930636,0.14752525119189752,49.75993070032808,0.0,0.1005,0.1490013,-0.368355,0.4164850000000001,-0.453,0.606,mentor_target
PKG_E,RCP_1,Laser_Centering_Position,1697,0.006741308190925162,0.14805214738629527,21.961931303718803,0.0,0.1,0.14826,-0.36304,0.43155999999999994,-0.475,0.535,mentor_target
PKG_E,RCP_2,Laser_Centering_Position,1692,0.009927895981087469,0.15269806326061286,15.380707407843612,0.0,0.10300000000000001,0.1527078,-0.364085,0.40363500000000024,-0.523,0.49,mentor_target
PKG_E,RCP_3,Laser_Centering_Position,1680,-0.0023517857142857142,0.15270243614673487,-64.93042083688043,0.0,0.10099999999999999,0.14974259999999998,-0.39644500000000005,0.40742000000000006,-0.516,0.73,mentor_target
PKG_E,RCP_4,Laser_Centering_Position,1731,0.0011513575967648756,0.15068885821762143,130.87928428233957,0.0,0.103,0.15270779999999998,-0.371,0.39904999999999974,-0.429,0.483,mentor_target
PKG_E,RCP_5,Laser_Centering_Position,1670,0.0021724550898203597,0.15492964121994388,71.31546329583965,0.0,0.10450000000000001,0.1549317,-0.408655,0.39396499999999995,-0.502,0.546,mentor_target
PKG_E,RCP_6,Laser_Centering_Position,1666,0.008903361344537815,0.15234322210727957,17.110753592039895,0.0,0.1045,0.15493169999999998,-0.382,0.3774249999999995,-0.472,0.543,mentor_target
PKG_E,RCP_7,Laser_Centering_Position,1656,0.006086352657004831,0.15310025278477285,25.154679890027168,0.0,0.10800000000000001,0.1601208,-0.38435,0.40317499999999973,-0.461,0.515,mentor_target
PKG_E,RCP_8,Laser_Centering_Position,1758,0.0031336746302616614,0.15311227626894688,48.86029799978373,0.0,0.10300000000000001,0.1527078,-0.373505,0.39893499999999926,-0.5,0.635,mentor_target
PKG_E,RCP_9,Laser_Centering_Position,1697,0.008040070713022983,0.15253944215270732,18.97240056677985,0.0,0.10300000000000001,0.1527078,-0.37008,0.40619999999999984,-0.514,0.55,mentor_target
PKG_F,RCP_1,Laser_Centering_Position,1758,0.003994311717861205,0.1582551917507284,39.62014057217041,0.0,0.112,0.16605119999999998,-0.37958000000000003,0.40528999999999954,-0.514,0.492,mentor_target
PKG_F,RCP_2,Laser_Centering_Position,1691,0.003850975753991721,0.14971402017782012,38.87690542393947,0.0,0.10099999999999999,0.14974259999999998,-0.3651,0.36064999999999986,-0.582,0.551,mentor_target
PKG_F,RCP_3,Laser_Centering_Position,1674,0.012074671445639187,0.14888771441568527,12.33058100884862,0.0,0.099,0.1467774,-0.38762,0.393175,-0.496,0.538,mentor_target
PKG_F,RCP_4,Laser_Centering_Position,1788,-0.002172818791946309,0.15113641817665513,-69.55776465890845,0.0,0.10200000000000001,0.1512252,-0.40052000000000004,0.35719500000000015,-0.518,0.493,mentor_target
PKG_F,RCP_5,Laser_Centering_Position,1673,0.006087866108786612,0.15346660890906855,25.20860448746899,0.0,0.10200000000000001,0.1512252,-0.4042,0.3939200000000003,-0.52,0.477,mentor_target
PKG_F,RCP_6,Laser_Centering_Position,1695,0.010300294985250737,0.15311429809813745,14.865040109762472,0.0,0.103,0.15270779999999998,-0.35547999999999996,0.402,-0.475,0.493,mentor_target
PKG_F,RCP_7,Laser_Centering_Position,1674,0.005626642771804063,0.1523395428411475,27.07467827965611,0.0,0.10350000000000001,0.1534491,-0.39998500000000003,0.3789849999999999,-0.545,0.531,mentor_target
PKG_F,RCP_8,Laser_Centering_Position,1724,0.008494199535962877,0.14599771212399631,17.187930599683806,0.0,0.094,0.1393644,-0.39731,0.366,-0.479,0.463,mentor_target
PKG_F,RCP_9,Laser_Centering_Position,1611,0.010876474239602732,0.1513908528345462,13.919111055613167,0.0,0.10099999999999999,0.14974259999999998,-0.385,0.42260000000000036,-0.448,0.557,mentor_target
PKG_A,RCP_1,Laser_Current,1737,8.499957973517558,0.09867266537265273,0.011608606263710594,8.502,0.07000000000000028,0.10378200000000042,8.24668,8.75764,8.158,8.848,empirical
PKG_A,RCP_2,Laser_Current,1650,8.50054303030303,0.09910394003658642,0.011658542246453817,8.499,0.06899999999999906,0.1022993999999986,8.24749,8.762039999999999,8.202,8.853,empirical
PKG_A,RCP_3,Laser_Current,1632,8.501063112745099,0.09787153738026617,0.011512858578068153,8.504,0.06600000000000072,0.09785160000000107,8.25062,8.741225,8.192,8.881,empirical
PKG_A,RCP_4,Laser_Current,1602,8.495712234706616,0.10086040947146123,0.01187191923231899,8.493,0.06849999999999934,0.10155809999999901,8.24001,8.758995,8.142,8.798,empirical
PKG_A,RCP_5,Laser_Current,1690,8.496546153846154,0.10011772496112441,0.011783343860940937,8.497,0.06799999999999962,0.10081679999999943,8.244114999999999,8.75055,8.142,8.79,empirical
PKG_A,RCP_6,Laser_Current,1613,8.49908059516429,0.09822921465660055,0.011557628328938295,8.498,0.06299999999999883,0.09340379999999826,8.252120000000001,8.777700000000001,8.203,8.899,empirical
PKG_A,RCP_7,Laser_Current,1706,8.502031066822978,0.10023031352754017,0.011788984624940218,8.5015,0.06550000000000011,0.09711030000000016,8.251725,8.79295,8.093,8.911,empirical
PKG_A,RCP_8,Laser_Current,1700,8.49872,0.10267625630107807,0.012081378878357925,8.498,0.06700000000000017,0.09933420000000025,8.241,8.755505000000001,8.165,8.854,empirical
PKG_A,RCP_9,Laser_Current,1736,8.49913594470046,0.09960035391373363,0.011718879961655196,8.4985,0.06750000000000078,0.10007550000000115,8.2464,8.76595,8.077,8.896,empirical
PKG_B,RCP_1,Laser_Current,1765,8.50261926345609,0.09945592964541641,0.01169709316197115,8.503,0.06400000000000006,0.09488640000000008,8.25682,8.77018,8.198,8.928,empirical
PKG_B,RCP_2,Laser_Current,1749,8.500073184676959,0.09925112796816352,0.011676502756127211,8.501,0.06500000000000128,0.0963690000000019,8.227219999999999,8.77252,8.173,8.838,empirical
PKG_B,RCP_3,Laser_Current,1673,8.500204423191871,0.10018000571479796,0.011785599584107395,8.5,0.06600000000000072,0.09785160000000107,8.25336,8.76528,8.181,8.826,empirical
PKG_B,RCP_4,Laser_Current,1707,8.500936731107206,0.09781870437463994,0.011506814774505388,8.502,0.06400000000000006,0.09488640000000008,8.25659,8.75282,8.176,8.814,empirical
PKG_B,RCP_5,Laser_Current,1646,8.501890036452005,0.0996922836858661,0.011725896625154367,8.503499999999999,0.06849999999999845,0.1015580999999977,8.237675,8.760750000000002,8.157,8.88,empirical
PKG_B,RCP_6,Laser_Current,1613,8.500992560446374,0.10197023695675007,0.011995097776134953,8.501,0.06899999999999906,0.1022993999999986,8.22784,8.75882,8.159,8.887,empirical
PKG_B,RCP_7,Laser_Current,1605,8.502045482866043,0.09924190727432473,0.011672709523175857,8.507,0.06599999999999895,0.09785159999999843,8.243120000000001,8.745940000000001,8.18,8.775,empirical
PKG_B,RCP_8,Laser_Current,1633,8.500684629516227,0.10347192413141064,0.01217218714033145,8.502,0.07199999999999918,0.10674719999999877,8.23948,8.7722,8.14,8.855,empirical
PKG_B,RCP_9,Laser_Current,1640,8.499858536585366,0.09940274719739477,0.011694635477701451,8.497,0.06600000000000072,0.09785160000000107,8.252559999999999,8.776025,8.124,8.827,empirical
PKG_C,RCP_1,Laser_Current,1627,8.498470805162876,0.09881341942931844,0.011627199962761377,8.498,0.06300000000000061,0.0934038000000009,8.243780000000001,8.73587,8.148,8.87,empirical
PKG_C,RCP_2,Laser_Current,1738,8.497672036823936,0.10001330096052795,0.011769494106989404,8.498,0.07099999999999973,0.1052645999999996,8.25074,8.741315,8.2,8.925,empirical
PKG_C,RCP_3,Laser_Current,1706,8.496326494724501,0.09685329820849782,0.01139943224505738,8.497,0.06600000000000072,0.09785160000000107,8.26,8.748475,8.199,8.806,empirical
PKG_C,RCP_4,Laser_Current,1637,8.496752596212584,0.0987491351250112,0.011621985459365792,8.5,0.0649999999999995,0.09636899999999926,8.23908,8.735,8.172,8.808,empirical
PKG_C,RCP_5,Laser_Current,1697,8.50080966411314,0.10153139188756019,0.011943731938403847,8.5,0.07000000000000028,0.10378200000000042,8.2402,8.74752,8.154,8.828,empirical
PKG_C,RCP_6,Laser_Current,1630,8.497232515337423,0.09540224323963646,0.011227448827301869,8.494499999999999,0.06799999999999962,0.10081679999999943,8.273145,8.74871,8.174,8.797,empirical
PKG_C,RCP_7,Laser_Current,1676,8.503109785202863,0.10236682006617841,0.012038750839641921,8.5,0.06900000000000084,0.10229940000000123,8.235125,8.785625,8.175,8.875,empirical
PKG_C,RCP_8,Laser_Current,1692,8.50232328605201,0.09845258748540918,0.011579492354392103,8.503,0.06700000000000017,0.09933420000000025,8.255455000000001,8.743725000000001,8.125,8.846,empirical
PKG_C,RCP_9,Laser_Current,1784,8.501016255605382,0.10212686217590036,0.012013488635380525,8.502,0.06899999999999995,0.10229939999999992,8.230235,8.77068,8.158,8.843,empirical
PKG_D,RCP_1,Laser_Current,1706,8.502250293083236,0.09722115588906942,0.011434755804373453,8.502,0.06400000000000006,0.09488640000000008,8.2293,8.750275,8.167,8.805,empirical
PKG_D,RCP_2,Laser_Current,1611,8.498935443823711,0.0994290073717438,0.011698995483487308,8.499,0.06500000000000128,0.0963690000000019,8.23705,8.754950000000001,8.126,8.785,empirical
PKG_D,RCP_3,Laser_Current,1671,8.502801915020946,0.09957851725210042,0.01171125921164719,8.504,0.0649999999999995,0.09636899999999926,8.242,8.7416,8.182,8.856,empirical
PKG_D,RCP_4,Laser_Current,1595,8.502398746081504,0.10022208838215965,0.011787507428812247,8.502,0.06700000000000017,0.09933420000000025,8.250879999999999,8.764209999999999,8.161,8.871,empirical
PKG_D,RCP_5,Laser_Current,1681,8.50177037477692,0.10323777848994078,0.012143091843109168,8.498,0.06899999999999906,0.1022993999999986,8.2438,8.7952,8.197,8.884,empirical
PKG_D,RCP_6,Laser_Current,1690,8.499190532544379,0.10053912295634818,0.011829258630145107,8.5,0.07000000000000028,0.10378200000000042,8.244335,8.75633,8.191,8.856,empirical
PKG_D,RCP_7,Laser_Current,1655,8.499970392749244,0.09712742832629624,0.011426796075566233,8.498,0.06700000000000017,0.09933420000000025,8.256350000000001,8.749649999999999,8.171,8.804,empirical
PKG_D,RCP_8,Laser_Current,1625,8.500033230769231,0.10329623514692413,0.012152450742545636,8.504,0.07000000000000028,0.10378200000000042,8.212520000000001,8.75052,8.181,8.797,empirical
PKG_D,RCP_9,Laser_Current,1730,8.499812138728323,0.1008851913344474,0.011869108362380944,8.502,0.06799999999999962,0.10081679999999943,8.239870000000002,8.74771,8.163,8.788,empirical
PKG_E,RCP_1,Laser_Current,1697,8.502881555686505,0.10191347141604491,0.011985756916475902,8.507,0.06600000000000072,0.09785160000000107,8.24692,8.76652,8.158,8.812,empirical
PKG_E,RCP_2,Laser_Current,1692,8.501645390070921,0.10154972806600436,0.011944714629547402,8.501,0.06900000000000084,0.10229940000000123,8.254455,8.758,8.207,8.794,empirical
PKG_E,RCP_3,Laser_Current,1680,8.502304761904762,0.09948780071301,0.011701274360191466,8.5,0.06799999999999962,0.10081679999999943,8.272395,8.75521,8.2,8.835,empirical
PKG_E,RCP_4,Laser_Current,1731,8.499524552281917,0.1012457769233554,0.01191193416767922,8.5,0.06799999999999962,0.10081679999999943,8.23325,8.757349999999999,8.16,8.858,empirical
PKG_E,RCP_5,Laser_Current,1670,8.500723952095809,0.10133967743602583,0.011921299645430912,8.5,0.06600000000000072,0.09785160000000107,8.23769,8.779965,8.17,8.882,empirical
PKG_E,RCP_6,Laser_Current,1666,8.50247118847539,0.10214417507979044,0.012013469121570326,8.5075,0.0699999999999994,0.1037819999999991,8.2249,8.747,8.137,8.833,empirical
PKG_E,RCP_7,Laser_Current,1656,8.499052536231885,0.10089698143975516,0.011871556389330021,8.499,0.06950000000000056,0.10304070000000083,8.243825000000001,8.774,8.216,8.874,empirical
PKG_E,RCP_8,Laser_Current,1758,8.500406712172923,0.09860515017355435,0.011600050857842817,8.496,0.06700000000000017,0.09933420000000025,8.26471,8.773859999999999,8.205,8.846,empirical
PKG_E,RCP_9,Laser_Current,1697,8.499172068355922,0.10412260823104162,0.012250911899843802,8.5,0.06799999999999962,0.10081679999999943,8.23944,8.774519999999999,8.175,8.843,empirical
PKG_F,RCP_1,Laser_Current,1758,8.501484072810012,0.1011574930076787,0.011898804037192406,8.501,0.06799999999999962,0.10081679999999943,8.23414,8.756645,8.171,8.862,empirical
PKG_F,RCP_2,Laser_Current,1691,8.50324541691307,0.10253222657476704,0.012058010976706501,8.506,0.07000000000000028,0.10378200000000042,8.23345,8.7523,8.193,8.831,empirical
PKG_F,RCP_3,Laser_Current,1674,8.497938470728794,0.09857377035663302,0.011599727474630585,8.497,0.06400000000000006,0.09488640000000008,8.24473,8.78478,8.177,8.937,empirical
PKG_F,RCP_4,Laser_Current,1788,8.499143176733782,0.10115499569626976,0.011901787461726654,8.501,0.07000000000000028,0.10378200000000042,8.246545,8.75913,8.164,8.88,empirical
PKG_F,RCP_5,Laser_Current,1673,8.501489539748954,0.10077608554627278,0.01185393278143687,8.502,0.06700000000000017,0.09933420000000025,8.24536,8.765400000000001,8.177,8.811,empirical
PKG_F,RCP_6,Laser_Current,1695,8.497405899705015,0.09750654850712685,0.011474860640764703,8.498,0.06700000000000017,0.09933420000000025,8.240169999999999,8.747,8.196,8.815,empirical
PKG_F,RCP_7,Laser_Current,1674,8.499056750298687,0.10090616808280752,0.011872631404568668,8.499500000000001,0.068500000000002,0.10155810000000297,8.245095,8.763634999999999,8.155,8.864,empirical
PKG_F,RCP_8,Laser_Current,1724,8.500141531322505,0.09727052542710149,0.01144340068558453,8.5,0.07000000000000028,0.10378200000000042,8.260845,8.737155000000001,8.171,8.776,empirical
PKG_F,RCP_9,Laser_Current,1611,8.498267535692117,0.09827655771518362,0.01156430499539219,8.5,0.06600000000000072,0.09785160000000107,8.2441,8.73985,8.149,8.83,empirical
PKG_A,RCP_1,Laser_Voltage,1737,23.99756534254462,0.19658695035944063,0.008191953956717311,23.998,0.13000000000000256,0.1927380000000038,23.47736,24.47232,23.338,24.599,empirical
PKG_A,RCP_2,Laser_Voltage,1650,24.009155757575755,0.2002476649848875,0.008340470902301599,24.008499999999998,0.13400000000000034,0.1986684000000005,23.511734999999998,24.528344999999998,23.288,24.75,empirical
PKG_A,RCP_3,Laser_Voltage,1632,24.0119681372549,0.19928358865756732,0.0082993442069572,24.006,0.13400000000000034,0.1986684000000005,23.496775,24.541915,23.402,24.693,empirical
PKG_A,RCP_4,Laser_Voltage,1602,23.988167915106118,0.2040603881036858,0.008506710009111719,23.989,0.13400000000000034,0.1986684000000005,23.47305,24.51699,23.291,24.597,empirical
PKG_A,RCP_5,Laser_Voltage,1690,23.99691834319527,0.1995906478789984,0.008317344961737376,24.003,0.13100000000000023,0.19422060000000033,23.49767,24.529105,23.308,24.701,empirical
PKG_A,RCP_6,Laser_Voltage,1613,24.004026658400498,0.20496701582627885,0.00853885969813103,24.006,0.14099999999999824,0.20904659999999736,23.44338,24.51558,23.228,24.678,empirical
PKG_A,RCP_7,Laser_Voltage,1706,24.000502344665886,0.2008220678288381,0.008367411021022684,23.999,0.1385000000000005,0.20534010000000075,23.49705,24.5099,23.295,24.603,empirical
PKG_A,RCP_8,Laser_Voltage,1700,24.00324117647059,0.19295781592689884,0.008038823361740315,24.004,0.13100000000000023,0.19422060000000033,23.52596,24.49304,23.429,24.913,empirical
PKG_A,RCP_9,Laser_Voltage,1736,23.99924366359447,0.19979894206650112,0.008325218280507111,23.998,0.13599999999999923,0.20163359999999886,23.485075,24.522,23.327,24.703,empirical
PKG_B,RCP_1,Laser_Voltage,1765,24.005537110481587,0.20577607485186905,0.008572025441664483,24.004,0.1390000000000029,0.2060814000000043,23.4883,24.536900000000003,23.352,24.776,empirical
PKG_B,RCP_2,Laser_Voltage,1749,24.004006861063466,0.19532516443450298,0.008137189993531328,24.007,0.134999999999998,0.20015099999999703,23.49166,24.506600000000002,23.38,24.703,empirical
PKG_B,RCP_3,Laser_Voltage,1673,24.00072564255828,0.200282971274386,0.008344871495020242,23.998,0.134999999999998,0.20015099999999703,23.44944,24.49024,23.331,24.667,empirical
PKG_B,RCP_4,Laser_Voltage,1707,24.005669009958993,0.19938432197426392,0.00830571819896156,24.008,0.14000000000000057,0.20756400000000083,23.50506,24.54847,23.393,24.678,empirical
PKG_B,RCP_5,Laser_Voltage,1646,24.002965370595383,0.2008259768162702,0.008366715266868245,24.007,0.134999999999998,0.20015099999999703,23.506125,24.507324999999998,23.313,24.686,empirical
PKG_B,RCP_6,Laser_Voltage,1613,23.9934166150031,0.20432726880149796,0.008515972196878871,23.991,0.14300000000000068,0.212011800000001,23.45396,24.489939999999997,23.267,24.672,empirical
PKG_B,RCP_7,Laser_Voltage,1605,24.006695327102804,0.2005738525668586,0.008354913070455685,24.006,0.13200000000000145,0.19570320000000213,23.479319999999998,24.5049,23.378,24.651,empirical
PKG_B,RCP_8,Laser_Voltage,1633,23.99598530312309,0.19525811167791818,0.008137115822141517,23.994,0.13400000000000034,0.1986684000000005,23.43232,24.46,23.291,24.562,empirical
PKG_B,RCP_9,Laser_Voltage,1640,24.000350609756097,0.20404450369250426,0.008501730120957507,24.0,0.13150000000000084,0.19496190000000124,23.42134,24.535415,23.346,24.622,empirical
PKG_C,RCP_1,Laser_Voltage,1627,23.997119237861096,0.20487934058653343,0.008537663981903632,23.996,0.13700000000000045,0.20311620000000066,23.516129999999997,24.512829999999997,23.42,24.685,empirical
PKG_C,RCP_2,Laser_Voltage,1738,24.005034522439587,0.19746288856293032,0.008225894796291362,24.013,0.13700000000000045,0.20311620000000066,23.463739999999998,24.467835,23.294,24.635,empirical
PKG_C,RCP_3,Laser_Voltage,1706,23.99932942555686,0.19805879760712822,0.008252680485156207,23.998,0.129999999999999,0.19273799999999852,23.488925000000002,24.514475,23.296,24.675,empirical
PKG_C,RCP_4,Laser_Voltage,1637,24.01011606597434,0.20355272402827362,0.008477790089350547,24.014,0.13299999999999912,0.1971857999999987,23.50862,24.50846,23.244,24.743,empirical
PKG_C,RCP_5,Laser_Voltage,1697,23.999110783736004,0.20056894190172264,0.00835734889134503,24.005,0.13899999999999935,0.20608139999999903,23.48248,24.4844,23.051,24.639,empirical
PKG_C,RCP_6,Laser_Voltage,1630,24.002221472392637,0.19434443335853505,0.008096935260016248,24.005,0.13100000000000023,0.19422060000000033,23.519434999999998,24.537215000000003,23.416,24.732,empirical
PKG_C,RCP_7,Laser_Voltage,1676,23.995544749403344,0.2007292371654211,0.008365271106021142,23.998,0.136000000000001,0.2016336000000015,23.491,24.488875,23.344,24.831,empirical
PKG_C,RCP_8,Laser_Voltage,1692,23.990481678486997,0.20353956055189654,0.008484179820966943,23.988,0.13449999999999918,0.19940969999999877,23.486095,24.515089999999997,23.209,24.639,empirical
PKG_C,RCP_9,Laser_Voltage,1784,23.994619394618834,0.19639978138298225,0.008185159270624978,23.999,0.1319999999999979,0.19570319999999686,23.471195,24.48368,23.327,24.605,empirical
PKG_D,RCP_1,Laser_Voltage,1706,23.99972567409144,0.19765137354347387,0.008235568032214867,23.998,0.13299999999999912,0.1971857999999987,23.47905,24.535,23.242,24.798,empirical
PKG_D,RCP_2,Laser_Voltage,1611,23.99683736809435,0.1983921666682046,0.008267429729385187,23.994,0.13100000000000023,0.19422060000000033,23.50305,24.50265,23.369,24.733,empirical
PKG_D,RCP_3,Laser_Voltage,1671,24.002619389587075,0.2012212205505839,0.008383302558964818,24.006,0.13500000000000156,0.2001510000000023,23.462049999999998,24.50625,23.325,24.817,empirical
PKG_D,RCP_4,Laser_Voltage,1595,24.004746081504702,0.20339857429928557,0.008473264978878537,24.012,0.13599999999999923,0.20163359999999886,23.486669999999997,24.51445,23.393,24.614,empirical
PKG_D,RCP_5,Laser_Voltage,1681,23.997642474717427,0.20108730354551266,0.008379460764004922,23.996,0.13400000000000034,0.1986684000000005,23.4978,24.493799999999997,23.336,24.813,empirical
PKG_D,RCP_6,Laser_Voltage,1690,24.000639644970413,0.20487060356701484,0.00853604764696126,23.997500000000002,0.13400000000000034,0.1986684000000005,23.440235,24.535875,23.255,24.728,empirical
PKG_D,RCP_7,Laser_Voltage,1655,23.990296072507554,0.19785403564823265,0.00824725276629536,23.99,0.1319999999999979,0.19570319999999686,23.48716,24.51395,23.388,24.638,empirical
PKG_D,RCP_8,Laser_Voltage,1625,24.006071384615385,0.19798359096213344,0.008247229952378376,24.005,0.12900000000000134,0.19125540000000196,23.52268,24.5088,23.337,24.767,empirical
PKG_D,RCP_9,Laser_Voltage,1730,23.99833121387283,0.19985337773894982,0.008327803127553286,23.999,0.1399999999999988,0.2075639999999982,23.49303,24.49739,23.348,24.661,empirical
PKG_E,RCP_1,Laser_Voltage,1697,24.012737772539776,0.20109746989717472,0.008374616497380135,24.007,0.13799999999999812,0.2045987999999972,23.50924,24.53612,23.342,24.68,empirical
PKG_E,RCP_2,Laser_Voltage,1692,24.000501182033094,0.20188102865917698,0.008411533872897047,24.001,0.13400000000000034,0.1986684000000005,23.484455,24.53127,23.206,24.668,empirical
PKG_E,RCP_3,Laser_Voltage,1680,24.01015238095238,0.20134938327595717,0.008386010221063432,24.014499999999998,0.13549999999999862,0.20089229999999794,23.523875,24.527839999999998,23.19,24.654,empirical
PKG_E,RCP_4,Laser_Voltage,1731,24.013113229347198,0.1945127747518042,0.008100273083878349,24.013,0.13599999999999923,0.20163359999999886,23.529,24.5171,23.449,24.577,empirical
PKG_E,RCP_5,Laser_Voltage,1670,23.9965125748503,0.1993034112901836,0.008305515673100967,24.0,0.13349999999999973,0.19792709999999958,23.50869,24.51393,23.352,24.672,empirical
PKG_E,RCP_6,Laser_Voltage,1666,23.99398679471789,0.20075091420774527,0.008366717708285943,23.9895,0.13250000000000028,0.1964445000000004,23.4662,24.50035,23.359,24.722,empirical
PKG_E,RCP_7,Laser_Voltage,1656,23.998406400966182,0.20627328760541583,0.008595291043871614,23.993,0.13899999999999935,0.20608139999999903,23.505875,24.549625,23.295,24.77,empirical
PKG_E,RCP_8,Laser_Voltage,1758,24.00101422070535,0.20006087383850452,0.008335517491003138,23.998,0.13949999999999996,0.20682269999999991,23.48942,24.52872,23.313,24.761,empirical
PKG_E,RCP_9,Laser_Voltage,1697,23.99805303476724,0.20176084120598234,0.008407383753743723,24.004,0.13500000000000156,0.2001510000000023,23.4892,24.51004,23.419,24.572,empirical
PKG_F,RCP_1,Laser_Voltage,1758,23.9994180887372,0.1982318306485784,0.00825985988141969,23.996499999999997,0.13250000000000028,0.1964445000000004,23.51671,24.47486,23.433,24.717,empirical
PKG_F,RCP_2,Laser_Voltage,1691,24.006916026020107,0.20071412753350407,0.008360679369060079,24.002,0.14300000000000068,0.212011800000001,23.4966,24.5315,23.403,24.639,empirical
PKG_F,RCP_3,Laser_Voltage,1674,24.003488649940262,0.201250606224893,0.008384223191881479,24.0,0.14000000000000057,0.20756400000000083,23.519745,24.518715,23.419,24.614,empirical
PKG_F,RCP_4,Laser_Voltage,1788,23.999493288590603,0.20337389644896553,0.008474091265320581,24.003500000000003,0.13699999999999868,0.20311619999999803,23.485870000000002,24.510105000000003,23.331,24.647,empirical
PKG_F,RCP_5,Laser_Voltage,1673,23.99678720860729,0.20287717288170654,0.00845434728899615,23.996,0.13500000000000156,0.2001510000000023,23.476080000000003,24.56724,23.307,24.649,empirical
PKG_F,RCP_6,Laser_Voltage,1695,23.994909144542774,0.19485518796989706,0.008120688717598811,23.995,0.1280000000000001,0.18977280000000016,23.46576,24.5043,23.308,24.606,empirical
PKG_F,RCP_7,Laser_Voltage,1674,24.00485663082437,0.19831076458253954,0.008261276775462633,24.002,0.13100000000000023,0.19422060000000033,23.506365000000002,24.52462,23.376,24.64,empirical
PKG_F,RCP_8,Laser_Voltage,1724,23.999767981438513,0.1979806634955839,0.008249274061678542,23.996,0.1280000000000001,0.18977280000000016,23.492075,24.496925,23.351,24.722,empirical
PKG_F,RCP_9,Laser_Voltage,1611,23.997222842954685,0.19529653038961808,0.008138297154954118,23.998,0.13100000000000023,0.19422060000000033,23.484550000000002,24.4547,23.339,24.709,empirical
PKG_A,RCP_1,Beam_Diameter,1737,34.991996545768565,0.3017589315215679,0.008623655730157482,34.994,0.19599999999999795,0.29058959999999695,34.21304,35.734519999999996,33.966,35.948,empirical
PKG_A,RCP_2,Beam_Diameter,1650,35.00348909090909,0.30084328446777964,0.008594665625659385,34.998,0.1980000000000004,0.29355480000000056,34.248225,35.734,33.975,36.063,empirical
PKG_A,RCP_3,Beam_Diameter,1632,34.99279718137255,0.314579259138643,0.008989828892732832,34.9915,0.21249999999999858,0.31505249999999785,34.209465,35.804985,33.848,35.969,empirical
PKG_A,RCP_4,Beam_Diameter,1602,35.0134875156055,0.2998703074341368,0.008564422704264598,35.019,0.19750000000000156,0.2928135000000023,34.25502,35.78198,34.089,36.158,empirical
PKG_A,RCP_5,Beam_Diameter,1690,34.995502958579884,0.2973962361994995,0.008498127217988349,34.9985,0.20400000000000063,0.3024504000000009,34.21779,35.759215000000005,34.08,36.135,empirical
PKG_A,RCP_6,Beam_Diameter,1613,35.00241475511469,0.2976306222497314,0.008503145406739129,35.005,0.1939999999999955,0.28762439999999334,34.20154,35.76246,33.844,36.172,empirical
PKG_A,RCP_7,Beam_Diameter,1706,35.010208675263776,0.3005514771993141,0.008584681113645194,35.0105,0.204500000000003,0.30319170000000445,34.250575000000005,35.77445,33.938,35.944,empirical
PKG_A,RCP_8,Beam_Diameter,1700,35.00496882352941,0.2924475769341372,0.008354459002904803,35.006,0.19599999999999795,0.29058959999999695,34.26699,35.776030000000006,34.084,36.029,empirical
PKG_A,RCP_9,Beam_Diameter,1736,34.99845794930875,0.30260425162419075,0.008646216700818027,34.997,0.20300000000000296,0.3009678000000044,34.2597,35.770975,33.884,36.01,empirical
PKG_B,RCP_1,Beam_Diameter,1765,34.998420396600565,0.3038096358278291,0.008680667081115994,35.005,0.20000000000000284,0.2965200000000042,34.237199999999994,35.791160000000005,33.85,36.084,empirical
PKG_B,RCP_2,Beam_Diameter,1749,34.994557461406515,0.2998927301308154,0.008569696315249875,34.996,0.19900000000000517,0.29503740000000767,34.27008,35.7352,33.971,36.291,empirical
PKG_B,RCP_3,Beam_Diameter,1673,34.9959539748954,0.3049609684179495,0.008714177891441835,34.988,0.2079999999999984,0.3083807999999976,34.264720000000004,35.74116,33.957,35.989,empirical
PKG_B,RCP_4,Beam_Diameter,1707,34.992219097832454,0.2955529303144755,0.008446247135346243,34.987,0.1910000000000025,0.2831766000000037,34.27106,35.72623,34.143,36.075,empirical
PKG_B,RCP_5,Beam_Diameter,1646,34.985321385176185,0.29926817830406904,0.008554106878402825,34.982,0.19899999999999807,0.2950373999999971,34.249125,35.77505,34.014,35.856,empirical
PKG_B,RCP_6,Beam_Diameter,1613,34.99630378177309,0.3024246898306886,0.008641618032479148,34.988,0.1980000000000004,0.29355480000000056,34.218540000000004,35.824040000000004,33.981,36.079,empirical
PKG_B,RCP_7,Beam_Diameter,1605,34.99824174454829,0.30210009757456285,0.008631864988521068,34.987,0.20899999999999608,0.3098633999999942,34.235079999999996,35.763920000000006,34.036,35.97,empirical
PKG_B,RCP_8,Beam_Diameter,1633,35.00705205143907,0.2973706719385481,0.008494593360834673,35.009,0.19700000000000273,0.29207220000000406,34.22296,35.73327999999999,33.97,36.029,empirical
PKG_B,RCP_9,Beam_Diameter,1640,35.00630792682927,0.30244210766876256,0.008639645983259125,35.01,0.20000000000000284,0.2965200000000042,34.199975,35.822635,33.875,35.973,empirical
PKG_C,RCP_1,Beam_Diameter,1627,35.0079102642901,0.30772081532394424,0.008790036680305239,35.007,0.2080000000000055,0.30838080000000817,34.240390000000005,35.808749999999996,33.941,36.096,empirical
PKG_C,RCP_2,Beam_Diameter,1738,34.995429228998844,0.3012849451756637,0.008609265604492284,34.991,0.20600000000000307,0.30541560000000456,34.249810000000004,35.81953,34.008,36.197,empirical
PKG_C,RCP_3,Beam_Diameter,1706,34.99484876905041,0.2992679406200085,0.008551771221960026,35.0,0.2035000000000018,0.3017091000000026,34.247524999999996,35.736725,34.004,35.927,empirical
PKG_C,RCP_4,Beam_Diameter,1637,35.00253695784973,0.2949670250250168,0.00842701845812542,35.007,0.19999999999999574,0.2965199999999937,34.238620000000004,35.76186,34.113,35.946,empirical
PKG_C,RCP_5,Beam_Diameter,1697,35.00006599882145,0.3044695497525067,0.008699113589178919,34.998,0.2020000000000053,0.29948520000000783,34.23232,35.74328,34.04,36.068,empirical
PKG_C,RCP_6,Beam_Diameter,1630,35.00597055214724,0.29996937288568365,0.008569091733618103,35.004000000000005,0.20400000000000063,0.3024504000000009,34.268595000000005,35.75039,33.998,35.922,empirical
PKG_C,RCP_7,Beam_Diameter,1676,34.997507756563245,0.3003501368668231,0.008582043583103344,34.994,0.19500000000000028,0.2891070000000004,34.237375,35.766375,34.064,35.927,empirical
PKG_C,RCP_8,Beam_Diameter,1692,34.99212706855792,0.30426860243008086,0.008695344579480582,34.9955,0.21050000000000324,0.3120873000000048,34.215825,35.763545,34.001,36.038,empirical
PKG_C,RCP_9,Beam_Diameter,1784,35.00667881165919,0.29861063485781486,0.008530104682720165,35.01,0.20400000000000063,0.3024504000000009,34.23166,35.73551,34.148,35.853,empirical
PKG_D,RCP_1,Beam_Diameter,1706,35.0120427901524,0.2953509070330288,0.008435694792310152,35.003,0.19400000000000261,0.2876244000000039,34.272075,35.797075,34.118,35.917,empirical
PKG_D,RCP_2,Beam_Diameter,1611,35.01072998137803,0.29463166977342775,0.008415467770313283,35.016,0.19900000000000517,0.29503740000000767,34.2481,35.7036,34.053,35.93,empirical
PKG_D,RCP_3,Beam_Diameter,1671,35.00287253141831,0.30317275746310046,0.008661367926045924,34.994,0.21099999999999852,0.3128285999999978,34.242999999999995,35.80505,33.904,36.019,empirical
PKG_D,RCP_4,Beam_Diameter,1595,35.004923510971786,0.3028645057213026,0.008652054492459442,34.994,0.2120000000000033,0.3143112000000049,34.27494,35.780210000000004,34.055,36.023,empirical
PKG_D,RCP_5,Beam_Diameter,1681,35.00386436644854,0.3029138148246739,0.008653724961722198,35.003,0.20000000000000284,0.2965200000000042,34.254,35.7716,33.957,35.965,empirical
PKG_D,RCP_6,Beam_Diameter,1690,35.00051124260355,0.3025662454915089,0.008644623599760945,34.988,0.20600000000000307,0.30541560000000456,34.26012,35.754665,34.083,35.904,empirical
PKG_D,RCP_7,Beam_Diameter,1655,35.002117824773414,0.29045150611205656,0.008298112347547267,35.005,0.1910000000000025,0.2831766000000037,34.26824,35.72965,34.027,36.017,empirical
PKG_D,RCP_8,Beam_Diameter,1625,34.993467076923075,0.29520505364896227,0.008436004726254727,34.984,0.20600000000000307,0.30541560000000456,34.24232,35.748,33.976,35.957,empirical
PKG_D,RCP_9,Beam_Diameter,1730,34.997188439306356,0.2890715443640375,0.008259850498143812,34.992,0.19699999999999918,0.2920721999999988,34.26158,35.74655,33.889,36.058,empirical
PKG_E,RCP_1,Beam_Diameter,1697,34.99344608131997,0.2957837379642875,0.00845254672194692,34.992,0.19899999999999807,0.2950373999999971,34.23332,35.74512,33.996,35.948,empirical
PKG_E,RCP_2,Beam_Diameter,1692,34.98077245862884,0.2925744770119248,0.008363865530926957,34.985,0.20250000000000057,0.30022650000000084,34.242375,35.723725,33.926,35.985,empirical
PKG_E,RCP_3,Beam_Diameter,1680,34.99891904761905,0.30705561593113906,0.008773288555379765,34.9945,0.21750000000000114,0.3224655000000017,34.25879,35.786605,34.04,35.984,empirical
PKG_E,RCP_4,Beam_Diameter,1731,35.007905257076835,0.3108944568063644,0.008880692932734592,35.011,0.2149999999999963,0.3187589999999945,34.194649999999996,35.79105,33.726,36.025,empirical
PKG_E,RCP_5,Beam_Diameter,1670,35.00916826347306,0.2972280684864797,0.008490006567696546,35.005,0.20250000000000057,0.30022650000000084,34.282759999999996,35.739655,33.892,36.086,empirical
PKG_E,RCP_6,Beam_Diameter,1666,34.99125930372149,0.29438705699776163,0.00841315982492954,34.994,0.19750000000000156,0.2928135000000023,34.2919,35.7835,34.105,36.021,empirical
PKG_E,RCP_7,Beam_Diameter,1656,34.99913768115942,0.30355422536903387,0.00867319155501485,34.994,0.20700000000000074,0.30689820000000106,34.25685,35.820299999999996,34.023,36.037,empirical
PKG_E,RCP_8,Beam_Diameter,1758,34.9919141069397,0.30621483156080637,0.008751016895645527,34.995,0.20700000000000074,0.30689820000000106,34.237925,35.76229,33.827,36.086,empirical
PKG_E,RCP_9,Beam_Diameter,1697,34.99728697701827,0.301912021385292,0.008626726454069113,34.999,0.2010000000000005,0.29800260000000073,34.23044,35.75968,33.913,36.02,empirical
PKG_F,RCP_1,Beam_Diameter,1758,35.00522866894198,0.31259732606228274,0.00893001811296926,35.003,0.21000000000000085,0.31134600000000123,34.203,35.79811499999999,34.069,36.061,empirical
PKG_F,RCP_2,Beam_Diameter,1691,35.00386043761088,0.2919386811105477,0.008340185267018891,34.998,0.19700000000000273,0.29207220000000406,34.21745,35.72395,33.76,35.97,empirical
PKG_F,RCP_3,Beam_Diameter,1674,34.999783154121864,0.3009240841378323,0.008597884244388324,35.0,0.20400000000000063,0.3024504000000009,34.203775,35.74427,33.994,36.016,empirical
PKG_F,RCP_4,Beam_Diameter,1788,35.02015044742729,0.3088927230322426,0.008820428213064259,35.0245,0.20649999999999835,0.3061568999999975,34.208675,35.81013,33.962,36.139,empirical
PKG_F,RCP_5,Beam_Diameter,1673,35.00893664076509,0.29783025704571225,0.008507263733880818,35.011,0.1980000000000004,0.29355480000000056,34.23332,35.7464,33.94,36.01,empirical
PKG_F,RCP_6,Beam_Diameter,1695,34.98720471976401,0.29589445568197115,0.008457219090578637,34.99,0.20000000000000284,0.2965200000000042,34.28147,35.748850000000004,34.038,36.011,empirical
PKG_F,RCP_7,Beam_Diameter,1674,35.00515830346475,0.28942739091906156,0.008268135467635194,35.0005,0.18950000000000244,0.2809527000000036,34.248825000000004,35.770160000000004,33.88,35.93,empirical
PKG_F,RCP_8,Beam_Diameter,1724,35.000784802784224,0.29596924708271244,0.008456074592337964,35.005,0.19300000000000495,0.28614180000000733,34.29737,35.785385,33.754,36.018,empirical
PKG_F,RCP_9,Beam_Diameter,1611,35.00306828057107,0.2979375882882059,0.008511756338045948,35.001,0.19600000000000506,0.2905896000000075,34.2291,35.82155,34.151,35.933,empirical
PKG_A,RCP_1,Frequency,1737,100.00578180771446,0.49608347436678263,0.00496054793432468,100.0,0.3269999999999982,0.48481019999999725,98.76824,101.33135999999999,98.262,101.502,mentor_target
PKG_A,RCP_2,Frequency,1650,99.98180303030303,0.48265473736745135,0.004827425818887921,100.0,0.3335000000000008,0.49444710000000114,98.774225,101.15969,98.064,101.559,mentor_target
PKG_A,RCP_3,Frequency,1632,99.98254534313725,0.48741946442546086,0.004875045566730184,100.0,0.33099999999999596,0.490740599999994,98.85679,101.148675,98.521,101.431,mentor_target
PKG_A,RCP_4,Frequency,1602,99.98771410736579,0.4955948766252004,0.00495655772361228,100.0,0.32799999999999585,0.4862927999999938,98.72906,101.22793999999999,98.371,101.709,mentor_target
PKG_A,RCP_5,Frequency,1690,99.98961124260354,0.4843679208647214,0.0048441824590107225,100.0,0.33550000000000324,0.4974123000000048,98.69702,101.17754500000001,98.253,101.635,mentor_target
PKG_A,RCP_6,Frequency,1613,100.0132479851209,0.48906920304134244,0.004890044198085657,100.0,0.3469999999999942,0.5144621999999913,98.7506,101.14864,98.388,101.798,mentor_target
PKG_A,RCP_7,Frequency,1706,99.97262075029307,0.4947128481516905,0.00494848333912703,100.0,0.3259999999999934,0.4833275999999902,98.648275,101.13845,98.328,101.543,mentor_target
PKG_A,RCP_8,Frequency,1700,99.99562,0.5001673660557012,0.005001892743459175,100.0,0.34149999999999636,0.5063078999999946,98.736325,101.221565,98.49,101.591,mentor_target
PKG_A,RCP_9,Frequency,1736,99.99490034562211,0.4880830359740492,0.004881079277913576,100.0,0.3305000000000007,0.48999930000000097,98.71809999999999,101.19925,98.31,101.637,mentor_target
PKG_B,RCP_1,Frequency,1765,99.9902419263456,0.48024534882347625,0.004802922160916788,100.0,0.3340000000000032,0.4951884000000047,98.74572,101.16114,98.518,101.751,mentor_target
PKG_B,RCP_2,Frequency,1749,99.99926815323042,0.48965535866810406,0.004896589422212547,100.0,0.32500000000000284,0.4818450000000042,98.7038,101.20806,98.517,101.52,mentor_target
PKG_B,RCP_3,Frequency,1673,99.99645726240287,0.4893228508754865,0.004893401869142662,100.0,0.3229999999999933,0.47887979999999003,98.73188,101.18684,98.412,101.469,mentor_target
PKG_B,RCP_4,Frequency,1707,100.00303280609256,0.49210116298272083,0.00492086238961285,100.0,0.3459999999999894,0.5129795999999843,98.7913,101.24045000000001,98.518,101.583,mentor_target
PKG_B,RCP_5,Frequency,1646,99.98195990279466,0.4863653969014365,0.004864531535231905,100.0,0.3434999999999988,0.5092730999999981,98.770225,101.26195000000001,98.17,101.569,mentor_target
PKG_B,RCP_6,Frequency,1613,99.99220024798512,0.48514224994308675,0.0048518009278714965,100.0,0.3190000000000026,0.47294940000000385,98.7039,101.16282,98.286,101.708,mentor_target
PKG_B,RCP_7,Frequency,1605,99.99745732087227,0.4823705247485411,0.0048238279019506315,100.0,0.33799999999999386,0.5011187999999909,98.71632000000001,101.25664,98.38,101.551,mentor_target
PKG_B,RCP_8,Frequency,1633,99.98898714023271,0.4938157841073363,0.004938701733369584,100.0,0.333999999999989,0.4951883999999836,98.76248,101.17736,98.453,101.711,mentor_target
PKG_B,RCP_9,Frequency,1640,99.9654481707317,0.4854796107641092,0.004856474108283445,100.0,0.3359999999999985,0.49815359999999775,98.733,101.16142,98.37,101.869,mentor_target
PKG_C,RCP_1,Frequency,1627,99.99541487400123,0.4824997071295593,0.004825218313634989,100.0,0.34900000000000375,0.5174274000000055,98.80172,101.11944,98.502,101.54,mentor_target
PKG_C,RCP_2,Frequency,1738,100.02103682393556,0.4788514357808432,0.004787507218344007,100.0,0.33899999999999864,0.502601399999998,98.834795,101.14171,98.379,101.465,mentor_target
PKG_C,RCP_3,Frequency,1706,100.00904630715122,0.4765733020469052,0.004765301936619182,100.0,0.32399999999999807,0.4803623999999971,98.734825,101.166,98.335,101.726,mentor_target
PKG_C,RCP_4,Frequency,1637,99.99337080024434,0.48493299383642147,0.0048496514314450585,100.0,0.3329999999999984,0.4937057999999976,98.7158,101.22778,98.036,101.736,mentor_target
PKG_C,RCP_5,Frequency,1697,100.00263641720683,0.4870093931122982,0.004869965538513558,100.0,0.3269999999999982,0.48481019999999725,98.79248,101.32092,98.235,101.466,mentor_target
PKG_C,RCP_6,Frequency,1630,100.00310552147239,0.4971840864999803,0.004971686468208993,100.0,0.34250000000000114,0.5077905000000017,98.72057,101.20985499999999,98.052,101.685,mentor_target
PKG_C,RCP_7,Frequency,1676,99.97499642004775,0.49553244692686366,0.0049565637876581685,100.0,0.32799999999998875,0.48629279999998326,98.59975,101.15225000000001,98.188,101.407,mentor_target
PKG_C,RCP_8,Frequency,1692,99.99584219858156,0.4962735237038205,0.0049629415862938765,100.0,0.3374999999999986,0.5003774999999978,98.664925,101.228725,97.699,101.726,mentor_target
PKG_C,RCP_9,Frequency,1784,99.97958352017936,0.48869762339209827,0.004887974186184343,100.0,0.3294999999999959,0.4885166999999939,98.788065,101.20951000000001,98.287,101.579,mentor_target
PKG_D,RCP_1,Frequency,1706,100.00865181711606,0.48806322073741265,0.004880209980531731,100.0,0.3340000000000032,0.4951884000000047,98.737525,101.252475,98.126,101.702,mentor_target
PKG_D,RCP_2,Frequency,1611,99.99366294227188,0.47588211258597174,0.004759122714213469,100.0,0.3230000000000075,0.4788798000000111,98.84535,101.19835,98.486,101.868,mentor_target
PKG_D,RCP_3,Frequency,1671,99.99856971873129,0.48843284256208014,0.004884398286254579,100.0,0.3359999999999985,0.49815359999999775,98.75305,101.2059,98.128,101.691,mentor_target
PKG_D,RCP_4,Frequency,1595,99.9947197492163,0.49877910900352956,0.004988054471820635,100.0,0.34199999999999875,0.5070491999999981,98.62588000000001,101.31918,98.173,101.586,mentor_target
PKG_D,RCP_5,Frequency,1681,99.99325520523499,0.4866016298175009,0.004866344523125652,100.0,0.33499999999999375,0.4966709999999907,98.6818,101.2212,98.146,101.518,mentor_target
PKG_D,RCP_6,Frequency,1690,100.01568934911244,0.47675996837114737,0.004766851795691575,100.0,0.31749999999999545,0.47072549999999325,98.81601,101.239325,98.498,101.596,mentor_target
PKG_D,RCP_7,Frequency,1655,100.02048882175228,0.47432661461236425,0.00474229450585537,100.0,0.3120000000000118,0.4625712000000175,98.81483,101.28592,98.473,101.671,mentor_target
PKG_D,RCP_8,Frequency,1625,99.99217353846154,0.4924540431798513,0.0049249258792282485,100.0,0.3259999999999934,0.4833275999999902,98.69532000000001,101.21788000000001,98.336,101.732,mentor_target
PKG_D,RCP_9,Frequency,1730,100.00090231213872,0.47928920676283404,0.0047928488211716365,100.0,0.33200000000000784,0.49222320000001163,98.799,101.19041999999999,98.367,101.605,mentor_target
PKG_E,RCP_1,Frequency,1697,100.00669711255155,0.4942826922958301,0.004942495918443787,100.0,0.333999999999989,0.4951883999999836,98.64284,101.22064,98.44,101.336,mentor_target
PKG_E,RCP_2,Frequency,1692,99.99609929078014,0.4783395235340454,0.004783581828957896,100.0,0.31799999999999784,0.47146679999999674,98.76919,101.17917500000001,98.674,101.609,mentor_target
PKG_E,RCP_3,Frequency,1680,99.99618333333332,0.4909422935908991,0.004909610319369514,100.0,0.3334999999999937,0.4944470999999906,98.80979,101.21905,97.899,101.88,mentor_target
PKG_E,RCP_4,Frequency,1731,99.99702657423455,0.49990934945738263,0.004999242143327793,100.0,0.33899999999999864,0.502601399999998,98.71975,101.22285,98.452,101.765,mentor_target
PKG_E,RCP_5,Frequency,1670,99.98426826347306,0.5011400243815338,0.005012188748143429,100.0,0.32450000000001467,0.48110370000002173,98.67138,101.18451499999999,98.282,101.486,mentor_target
PKG_E,RCP_6,Frequency,1666,99.99189615846339,0.48785180947625906,0.0048789134741792466,100.0,0.32450000000000045,0.48110370000000063,98.759125,101.276025,98.586,101.649,mentor_target
PKG_E,RCP_7,Frequency,1656,99.9842131642512,0.484695884192226,0.0048477241441704545,100.0,0.3155000000000001,0.46776030000000013,98.72475,101.31332499999999,98.15,101.751,mentor_target
PKG_E,RCP_8,Frequency,1758,99.99387201365188,0.48517982056440523,0.004852095541396427,100.0,0.31799999999999784,0.47146679999999674,98.69413999999999,101.236225,97.819,101.791,mentor_target
PKG_E,RCP_9,Frequency,1697,100.01881437831466,0.4983142789395343,0.004982205418419508,100.0,0.34499999999999886,0.5114969999999983,98.7684,101.24611999999999,98.548,101.575,mentor_target
PKG_F,RCP_1,Frequency,1758,100.00066154721274,0.501152206637616,0.005011488913010938,100.0,0.3219999999999956,0.47739719999999347,98.658775,101.306095,97.918,101.532,mentor_target
PKG_F,RCP_2,Frequency,1691,99.97994263749261,0.4832905281271475,0.004833874829069095,100.0,0.31800000000001205,0.47146680000001784,98.77584999999999,101.3085,98.322,101.501,mentor_target
PKG_F,RCP_3,Frequency,1674,100.01620370370371,0.4949407697221915,0.00494860583979417,100.0,0.33900000000001285,0.5026014000000191,98.71992,101.220525,98.48,101.433,mentor_target
PKG_F,RCP_4,Frequency,1788,99.99395693512305,0.4967020308893955,0.004967320487293648,100.0,0.32499999999999574,0.48184499999999364,98.7154,101.283235,98.117,101.66,mentor_target
PKG_F,RCP_5,Frequency,1673,99.97570531978482,0.49142390862481894,0.004915433275043552,100.0,0.3340000000000032,0.4951884000000047,98.70152,101.23228,98.393,101.529,mentor_target
PKG_F,RCP_6,Frequency,1695,100.00237050147493,0.48485216245396756,0.004848406692987508,100.0,0.33800000000000807,0.501118800000012,98.78935,101.19265,98.484,101.538,mentor_target
PKG_F,RCP_7,Frequency,1674,99.99935842293907,0.4818866011020808,0.004818896927958088,100.0,0.3305000000000007,0.48999930000000097,98.689155,101.14189,98.248,101.642,mentor_target
PKG_F,RCP_8,Frequency,1724,99.99712935034803,0.4758253654268115,0.004758390250981293,100.0,0.30750000000000455,0.45589950000000673,98.699995,101.20548,98.283,101.751,mentor_target
PKG_F,RCP_9,Frequency,1611,100.00964680322781,0.5016135542260112,0.005015651692210772,100.0,0.34499999999999886,0.5114969999999983,98.72515,101.196,98.144,101.497,mentor_target
PKG_A,RCP_1,Feed_Speed,1737,250.02204835924007,0.7907142602981423,0.0031625781225582852,250.0,0.5380000000000109,0.7976388000000162,248.02367999999998,252.03152,247.439,252.765,mentor_target
PKG_A,RCP_2,Feed_Speed,1650,250.01724727272727,0.8026010615404696,0.003210182778570333,250.0,0.5300000000000011,0.7857780000000016,247.909275,252.162195,247.535,252.744,mentor_target
PKG_A,RCP_3,Feed_Speed,1632,250.02720772058822,0.7962091185765389,0.003184489903460118,250.0,0.5454999999999899,0.8087582999999849,247.99724,252.15663,247.296,252.583,mentor_target
PKG_A,RCP_4,Feed_Speed,1602,250.00117665418227,0.7913269120301809,0.0031652927503009127,250.0,0.5229999999999961,0.7753997999999942,247.983025,252.09288999999998,247.452,252.572,mentor_target
PKG_A,RCP_5,Feed_Speed,1690,250.0071621301775,0.8019971627926701,0.0032078967496742116,250.0,0.5275000000000034,0.782071500000005,247.7139,252.018105,247.032,252.887,mentor_target
PKG_A,RCP_6,Feed_Speed,1613,249.95712771233727,0.7943389809658891,0.0031779008993896452,250.0,0.5240000000000009,0.7768824000000013,247.89618,251.90368,247.317,252.635,mentor_target
PKG_A,RCP_7,Feed_Speed,1706,250.00560609613132,0.8022681466066008,0.0032090006265624114,250.0,0.521499999999989,0.7731758999999836,247.99642500000002,252.28097499999998,246.87,252.672,mentor_target
PKG_A,RCP_8,Feed_Speed,1700,249.9976111764706,0.7630420461593049,0.003052197349280597,250.0,0.51400000000001,0.7620564000000148,248.07047500000002,252.02201,247.21,252.459,mentor_target
PKG_A,RCP_9,Feed_Speed,1736,250.03630184331797,0.7989162565117722,0.003195201059294193,250.0,0.5494999999999948,0.8146886999999922,248.054375,252.095875,247.507,252.37,mentor_target
PKG_B,RCP_1,Feed_Speed,1765,249.99817393767705,0.7948350994859186,0.00317936362080815,250.0,0.5379999999999825,0.797638799999974,247.97598,252.04452,247.519,252.808,mentor_target
PKG_B,RCP_2,Feed_Speed,1749,250.0032224128073,0.7843660620326078,0.00313742380783179,250.0,0.546999999999997,0.8109821999999955,248.0478,252.0153,247.676,252.479,mentor_target
PKG_B,RCP_3,Feed_Speed,1673,249.9845134488942,0.7941938978215368,0.0031769723926674304,250.0,0.5439999999999827,0.8065343999999743,247.95700000000002,252.08044,247.399,252.501,mentor_target
PKG_B,RCP_4,Feed_Speed,1707,250.0042747510252,0.7962929410174887,0.0031851173017361507,250.0,0.5389999999999873,0.7991213999999811,248.11799000000002,252.20162,247.208,252.436,mentor_target
PKG_B,RCP_5,Feed_Speed,1646,249.9987247873633,0.8053969907206092,0.0032216043958049807,250.0,0.5605000000000047,0.8309973000000068,247.854275,251.91165,247.357,252.28,mentor_target
PKG_B,RCP_6,Feed_Speed,1613,250.00703781773095,0.8040048935897858,0.003215929041869414,250.0,0.5579999999999927,0.8272907999999891,247.98672,251.962,247.376,252.931,mentor_target
PKG_B,RCP_7,Feed_Speed,1605,249.93155950155762,0.8152636285396888,0.003261947511413051,250.0,0.5480000000000018,0.8124648000000027,247.91108,251.9587,246.837,252.428,mentor_target
PKG_B,RCP_8,Feed_Speed,1633,249.99447887323944,0.8174980157982211,0.0032700642809505255,250.0,0.5660000000000025,0.8391516000000037,247.95468,252.05844,246.866,252.396,mentor_target
PKG_B,RCP_9,Feed_Speed,1640,250.01653719512194,0.8020338354292367,0.003207923141513237,250.0,0.5380000000000109,0.7976388000000162,247.94678,252.066,247.586,252.411,mentor_target
PKG_C,RCP_1,Feed_Speed,1627,249.98384326982176,0.7898904057110259,0.0031597658287797915,250.0,0.5219999999999914,0.7739171999999871,247.81042,251.86675,247.548,252.244,mentor_target
PKG_C,RCP_2,Feed_Speed,1738,249.97905235903337,0.7943048072312252,0.003177485472224296,250.0,0.5224999999999937,0.7746584999999907,247.878425,251.91417,247.519,252.612,mentor_target
PKG_C,RCP_3,Feed_Speed,1706,250.01412954279013,0.8073292671965846,0.0032291345640063497,250.0,0.5459999999999923,0.8094995999999884,247.92855,252.1569,246.932,252.861,mentor_target
PKG_C,RCP_4,Feed_Speed,1637,249.9980097739768,0.8091694328467597,0.003236703498473167,250.0,0.5289999999999964,0.7842953999999945,247.86662,252.14646,247.407,252.786,mentor_target
PKG_C,RCP_5,Feed_Speed,1697,249.9626169711255,0.7852078302544767,0.0031413010464087926,250.0,0.5449999999999875,0.8080169999999814,248.0528,251.81436,247.592,252.396,mentor_target
PKG_C,RCP_6,Feed_Speed,1630,250.0114607361963,0.808426237560289,0.003233556714479234,250.0,0.5460000000000065,0.8094996000000095,247.977365,251.97239,247.249,252.578,mentor_target
PKG_C,RCP_7,Feed_Speed,1676,250.0145262529833,0.7771327483539079,0.003108350382679553,250.0,0.5264999999999986,0.7805888999999979,247.946,251.98737500000001,247.248,252.718,mentor_target
PKG_C,RCP_8,Feed_Speed,1692,250.00282860520096,0.7874321208467249,0.003149692846436632,250.0,0.5384999999999849,0.7983800999999775,247.97084,252.01809,247.467,253.274,mentor_target
PKG_C,RCP_9,Feed_Speed,1784,250.0048682735426,0.7803734671310057,0.0031214330845636207,250.0,0.5185000000000031,0.7687281000000045,247.99215,252.078935,246.984,252.489,mentor_target
PKG_D,RCP_1,Feed_Speed,1706,249.9941875732708,0.8149927333488691,0.0032600467285264496,250.0,0.5510000000000019,0.8169126000000029,248.016275,251.982025,247.568,253.091,mentor_target
PKG_D,RCP_2,Feed_Speed,1611,250.02428181253882,0.8035793397760882,0.003214005191618106,250.0,0.5300000000000011,0.7857780000000016,247.9341,252.11405000000002,247.192,252.783,mentor_target
PKG_D,RCP_3,Feed_Speed,1671,249.9738587672053,0.8280872139657517,0.00331269524761359,250.0,0.5720000000000027,0.848047200000004,247.8765,252.05855,247.415,252.632,mentor_target
PKG_D,RCP_4,Feed_Speed,1595,249.98170971786834,0.80818344975403,0.00323297032677372,250.0,0.5139999999999816,0.7620563999999727,247.92119,252.17524,247.18,252.703,mentor_target
PKG_D,RCP_5,Feed_Speed,1681,250.0387769185009,0.8035800451078277,0.0032138216920239984,250.0,0.5550000000000068,0.8228430000000101,247.977,252.09539999999998,247.447,252.869,mentor_target
PKG_D,RCP_6,Feed_Speed,1690,249.98785502958577,0.8055944881062509,0.0032225345027697833,250.0,0.5289999999999964,0.7842953999999945,247.84924,252.111755,247.205,252.959,mentor_target
PKG_D,RCP_7,Feed_Speed,1655,249.9665933534743,0.8175410004276418,0.003270601040962175,250.0,0.5609999999999786,0.8317385999999682,247.86045,251.95101000000003,247.48,252.426,mentor_target
PKG_D,RCP_8,Feed_Speed,1625,250.03767507692308,0.8083869095869353,0.0032330604151483903,250.0,0.5729999999999791,0.8495297999999689,248.13136,252.09112,247.446,252.713,mentor_target
PKG_D,RCP_9,Feed_Speed,1730,249.97237976878614,0.79907601697782,0.0031966572375593315,250.0,0.5625,0.8339624999999999,247.93341,251.91281,247.417,252.919,mentor_target
PKG_E,RCP_1,Feed_Speed,1697,250.01435945786685,0.7906691632197921,0.003162495006023996,250.0,0.5490000000000066,0.8139474000000098,248.0968,251.98616,247.648,252.699,mentor_target
PKG_E,RCP_2,Feed_Speed,1692,249.9840620567376,0.7738266738498123,0.003095504039270235,250.0,0.5285000000000082,0.7835541000000121,247.931645,251.88798,247.279,252.335,mentor_target
PKG_E,RCP_3,Feed_Speed,1680,249.97235297619048,0.8181708020925311,0.003273045168200904,250.0,0.5745000000000005,0.8517537000000006,248.039085,252.05984,247.467,252.74,mentor_target
PKG_E,RCP_4,Feed_Speed,1731,250.01511380704795,0.7918141402533814,0.0031670650953704864,250.0,0.5089999999999861,0.7546433999999794,247.93869999999998,252.0692,247.631,252.868,mentor_target
PKG_E,RCP_5,Feed_Speed,1670,250.01686467065866,0.7967433111009139,0.003186758269888894,250.0,0.5220000000000198,0.7739172000000293,247.94597000000002,252.13947,246.704,253.052,mentor_target
PKG_E,RCP_6,Feed_Speed,1666,250.00622148859543,0.8074171727510382,0.003229588319616559,250.0,0.5454999999999757,0.8087582999999638,247.87957500000002,252.038975,247.186,252.896,mentor_target
PKG_E,RCP_7,Feed_Speed,1656,249.9879643719807,0.8135985882351393,0.0032545510352030753,250.0,0.5395000000000039,0.7998627000000057,247.99565,251.981775,246.883,252.73,mentor_target
PKG_E,RCP_8,Feed_Speed,1758,249.96881399317405,0.7905930341049582,0.003162766672672004,250.0,0.5395000000000181,0.7998627000000268,248.12462499999998,252.16073999999998,247.815,252.63,mentor_target
PKG_E,RCP_9,Feed_Speed,1697,249.9606941661756,0.7827529559311865,0.0031315041692547346,250.0,0.5320000000000107,0.7887432000000159,248.02148,251.89416,247.405,252.648,mentor_target
PKG_F,RCP_1,Feed_Speed,1758,249.99212400455062,0.7861801532304982,0.0031448196872641766,250.0,0.5289999999999822,0.7842953999999734,248.04998,252.047935,247.405,252.988,mentor_target
PKG_F,RCP_2,Feed_Speed,1691,249.99257776463634,0.8043606025957861,0.003217537935678545,250.0,0.5209999999999866,0.7724345999999801,247.85175,252.08195,247.141,252.54,mentor_target
PKG_F,RCP_3,Feed_Speed,1674,249.97670250896059,0.791779924476632,0.00316741486918466,250.0,0.5309999999999917,0.7872605999999877,247.83185,252.11066,247.021,252.818,mentor_target
PKG_F,RCP_4,Feed_Speed,1788,249.97630033557047,0.775132495026507,0.0031008239340527964,250.0,0.512999999999991,0.7605737999999866,247.80588,251.87445499999998,247.174,253.019,mentor_target
PKG_F,RCP_5,Feed_Speed,1673,249.95546323968918,0.8151606190940432,0.00326122345368528,250.0,0.5560000000000116,0.8243256000000172,247.86316,252.06676,247.307,252.774,mentor_target
PKG_F,RCP_6,Feed_Speed,1695,250.00285427728613,0.7880276976769768,0.0031520748031258483,250.0,0.5289999999999964,0.7842953999999945,247.7774,252.09812,246.961,252.34,mentor_target
PKG_F,RCP_7,Feed_Speed,1674,250.0128100358423,0.8093732787523211,0.0032373272338976863,250.0,0.542500000000004,0.8043105000000058,247.91615,252.15923,247.239,253.026,mentor_target
PKG_F,RCP_8,Feed_Speed,1724,249.98519373549883,0.7978532278808547,0.0031916019343331075,250.0,0.5349999999999966,0.7931909999999949,247.91997,252.08929,246.374,252.883,mentor_target
PKG_F,RCP_9,Feed_Speed,1611,250.01838423339544,0.8060106749749871,0.0032238056311193726,250.0,0.5500000000000114,0.8154300000000169,247.94535,252.0584,247.72,252.878,mentor_target
PKG_A,RCP_1,Alignment_Time,1737,0.3990523891767415,0.019854815963055276,0.04975491063721339,0.3993,0.014000000000000012,0.02075640000000002,0.34904,0.44695599999999996,0.3392,0.4565,empirical
PKG_A,RCP_2,Alignment_Time,1650,0.40039339393939394,0.019885460342839896,0.049664806272627676,0.4007,0.013249999999999984,0.019644449999999977,0.3547,0.4521834999999998,0.3462,0.4786,empirical
PKG_A,RCP_3,Alignment_Time,1632,0.399469056372549,0.020302966885287304,0.05082488007870263,0.4001,0.013799999999999979,0.02045987999999997,0.3462155,0.45092950000000004,0.3316,0.4659,empirical
PKG_A,RCP_4,Alignment_Time,1602,0.40034825218476905,0.020593435703399,0.051438805067880504,0.40115,0.013649999999999995,0.020237489999999993,0.345208,0.4479939999999999,0.3298,0.4583,empirical
PKG_A,RCP_5,Alignment_Time,1690,0.40024846153846155,0.020294260680740677,0.05070415661995122,0.4002,0.014100000000000001,0.020904660000000002,0.3494335,0.45202000000000025,0.3239,0.4693,empirical
PKG_A,RCP_6,Alignment_Time,1613,0.40000235585864846,0.01997508576998975,0.04993742031121557,0.3997,0.012900000000000023,0.01912554000000003,0.34626,0.4555040000000001,0.3351,0.464,empirical
PKG_A,RCP_7,Alignment_Time,1706,0.39929994138335284,0.020194999671373278,0.05057601461550133,0.3995,0.013149999999999995,0.019496189999999993,0.34958,0.45697999999999994,0.3268,0.4728,empirical
PKG_A,RCP_8,Alignment_Time,1700,0.39928458823529417,0.020371683659474428,0.05102046074332729,0.3998,0.013899999999999996,0.020608139999999994,0.3454415,0.4485505,0.3338,0.4692,empirical
PKG_A,RCP_9,Alignment_Time,1736,0.39899642857142853,0.0202980060044399,0.05087265085834256,0.399,0.013700000000000045,0.020311620000000065,0.3512675,0.45203000000000004,0.3283,0.4656,empirical
PKG_B,RCP_1,Alignment_Time,1765,0.40030113314447596,0.01988430564440596,0.049673368366982246,0.4004,0.013899999999999968,0.020608139999999952,0.348946,0.45138000000000006,0.3411,0.4607,empirical
PKG_B,RCP_2,Alignment_Time,1749,0.3993865637507147,0.01984868379580141,0.049697925762445964,0.3999,0.013500000000000012,0.02001510000000002,0.34947,0.450108,0.3386,0.4652,empirical
PKG_B,RCP_3,Alignment_Time,1673,0.4005294680215182,0.020588256414008986,0.051402600951455824,0.4008,0.013899999999999968,0.020608139999999952,0.345516,0.453492,0.3227,0.4694,empirical
PKG_B,RCP_4,Alignment_Time,1707,0.4004545987111892,0.020156223550835427,0.05033335518110067,0.4002,0.014000000000000012,0.02075640000000002,0.351519,0.454564,0.3254,0.464,empirical
PKG_B,RCP_5,Alignment_Time,1646,0.39962648845686516,0.019479422313811206,0.048744071968376976,0.39975,0.013000000000000012,0.019273800000000015,0.3474025,0.44605500000000003,0.3286,0.4696,empirical
PKG_B,RCP_6,Alignment_Time,1613,0.3995199008059517,0.020065826398931102,0.05022484827026714,0.4,0.013399999999999967,0.01986683999999995,0.349084,0.4510980000000001,0.3323,0.467,empirical
PKG_B,RCP_7,Alignment_Time,1605,0.399729968847352,0.020482235300480905,0.051240179362940425,0.3995,0.013999999999999957,0.020756399999999935,0.346406,0.452398,0.3232,0.46,empirical
PKG_B,RCP_8,Alignment_Time,1633,0.39900042865890994,0.020183529396137986,0.05058523236172286,0.3991,0.013000000000000012,0.019273800000000015,0.348632,0.4514919999999999,0.3358,0.4675,empirical
PKG_B,RCP_9,Alignment_Time,1640,0.3992489024390244,0.02025565427766343,0.05073440190798518,0.3993,0.013500000000000012,0.02001510000000002,0.3488755,0.453683,0.3287,0.4784,empirical
PKG_C,RCP_1,Alignment_Time,1627,0.3994569760295022,0.019622221574884555,0.0491222403221601,0.3986,0.013500000000000012,0.02001510000000002,0.34635499999999997,0.45124399999999987,0.3343,0.4766,empirical
PKG_C,RCP_2,Alignment_Time,1738,0.3999091484464902,0.0199515732731411,0.04989026470298595,0.4001,0.013500000000000012,0.02001510000000002,0.350337,0.4489095000000001,0.3366,0.465,empirical
PKG_C,RCP_3,Alignment_Time,1706,0.40014953106682294,0.01974175568860421,0.049335946079885416,0.3997,0.0131,0.01942206,0.3492525,0.4485475,0.3231,0.4744,empirical
PKG_C,RCP_4,Alignment_Time,1637,0.40066615760537566,0.019984805125378403,0.04987894471751679,0.4003,0.013500000000000012,0.02001510000000002,0.35027200000000003,0.452446,0.3342,0.4838,empirical
PKG_C,RCP_5,Alignment_Time,1697,0.3999611667648792,0.019615710619781013,0.049044037896089764,0.4,0.013399999999999967,0.01986683999999995,0.347344,0.4492,0.3315,0.4646,empirical
PKG_C,RCP_6,Alignment_Time,1630,0.40032398773006134,0.019722057839548387,0.049265241264650324,0.40055,0.013399999999999995,0.019866839999999993,0.3494305,0.448539,0.3307,0.4626,empirical
PKG_C,RCP_7,Alignment_Time,1676,0.3998174224343676,0.019822125904706615,0.04957794431272073,0.4001,0.01319999999999999,0.019570319999999985,0.3494,0.4507875,0.3343,0.4677,empirical
PKG_C,RCP_8,Alignment_Time,1692,0.40016205673758865,0.019739014851277843,0.04932755247262724,0.3999,0.013399999999999967,0.01986683999999995,0.347873,0.44845450000000003,0.333,0.4638,empirical
PKG_C,RCP_9,Alignment_Time,1784,0.4000547645739911,0.019970122937830386,0.049918472934814564,0.40065,0.012950000000000017,0.019199670000000023,0.34649149999999995,0.45113400000000003,0.33,0.4615,empirical
PKG_D,RCP_1,Alignment_Time,1706,0.4001447245017585,0.01946463907959346,0.04864399775313774,0.4004,0.012899999999999995,0.019125539999999993,0.350505,0.45523249999999993,0.33,0.464,empirical
PKG_D,RCP_2,Alignment_Time,1611,0.4005348230912477,0.02040727090656113,0.050950054102816555,0.4005,0.014400000000000024,0.021349440000000035,0.35057499999999997,0.452685,0.3448,0.4694,empirical
PKG_D,RCP_3,Alignment_Time,1671,0.40051310592459605,0.019999124875767875,0.04993375892057095,0.4001,0.01369999999999999,0.020311619999999985,0.34951,0.4523,0.3347,0.4689,empirical
PKG_D,RCP_4,Alignment_Time,1595,0.3996469592476489,0.0197346330597437,0.049380165676463354,0.3993,0.013300000000000034,0.019718580000000048,0.346094,0.45103899999999997,0.3399,0.4639,empirical
PKG_D,RCP_5,Alignment_Time,1681,0.3997188578227246,0.02011077051232543,0.05031228854667787,0.3999,0.014100000000000001,0.020904660000000002,0.34932,0.45008,0.3366,0.4664,empirical
PKG_D,RCP_6,Alignment_Time,1690,0.40016260355029587,0.01927052305820662,0.048156731506732456,0.40065,0.012649999999999995,0.01875488999999999,0.3494895,0.45017750000000006,0.3187,0.461,empirical
PKG_D,RCP_7,Alignment_Time,1655,0.40008459214501507,0.01991992581405724,0.04978928507908408,0.4002,0.013400000000000023,0.01986684000000003,0.350035,0.451292,0.3326,0.4613,empirical
PKG_D,RCP_8,Alignment_Time,1625,0.39906744615384615,0.020035214809222428,0.05020508438440396,0.3987,0.013600000000000001,0.02016336,0.3489,0.4529199999999998,0.3392,0.4663,empirical
PKG_D,RCP_9,Alignment_Time,1730,0.39962867052023127,0.01984129422666004,0.0496493262128338,0.39955,0.013250000000000012,0.019644450000000015,0.3516935,0.4521,0.3348,0.4611,empirical
PKG_E,RCP_1,Alignment_Time,1697,0.39892192103712437,0.019965433639448294,0.05004847461764398,0.399,0.01319999999999999,0.019570319999999985,0.346836,0.448756,0.3358,0.4612,empirical
PKG_E,RCP_2,Alignment_Time,1692,0.39972570921985817,0.019618359828761155,0.04907955474530314,0.40015,0.013249999999999984,0.019644449999999977,0.3448275,0.449527,0.3327,0.4616,empirical
PKG_E,RCP_3,Alignment_Time,1680,0.39981285714285714,0.019862309569753933,0.04967901660715461,0.4,0.013649999999999995,0.020237489999999993,0.34389000000000003,0.449168,0.3274,0.4605,empirical
PKG_E,RCP_4,Alignment_Time,1731,0.39974269208549973,0.01890950544000239,0.04730419295809889,0.3996,0.013600000000000001,0.02016336,0.3559,0.4495799999999999,0.3453,0.4619,empirical
PKG_E,RCP_5,Alignment_Time,1670,0.39921107784431137,0.019391090605819283,0.04857352834627908,0.3992,0.0131,0.01942206,0.3492865,0.4530205,0.3406,0.4645,empirical
PKG_E,RCP_6,Alignment_Time,1666,0.39994525810324133,0.020085941590400547,0.050221727057495426,0.40005,0.013600000000000001,0.02016336,0.3490275,0.45170249999999995,0.3344,0.473,empirical
PKG_E,RCP_7,Alignment_Time,1656,0.3991785024154589,0.019395702558966145,0.04858904585693193,0.3997,0.013299999999999979,0.019718579999999968,0.35261,0.4482074999999999,0.3339,0.4628,empirical
PKG_E,RCP_8,Alignment_Time,1758,0.4001988054607508,0.020284891628890384,0.05068703692290208,0.4001,0.013850000000000001,0.020534010000000002,0.34551400000000004,0.45176449999999996,0.3321,0.4628,empirical
PKG_E,RCP_9,Alignment_Time,1697,0.39959558043606364,0.019939705352880997,0.04989971443408245,0.4,0.013400000000000023,0.01986684000000003,0.347348,0.44966,0.3309,0.4603,empirical
PKG_F,RCP_1,Alignment_Time,1758,0.3994835608646189,0.020052986653122155,0.05019727622763911,0.3993,0.013299999999999979,0.019718579999999968,0.34701400000000004,0.45412899999999995,0.3391,0.4726,empirical
PKG_F,RCP_2,Alignment_Time,1691,0.4008924896510941,0.01992999396732509,0.04971406170435026,0.4007,0.013000000000000012,0.019273800000000015,0.35026999999999997,0.45187499999999997,0.3397,0.4696,empirical
PKG_F,RCP_3,Alignment_Time,1674,0.3999957586618877,0.01984570789538125,0.04961479582126425,0.39925,0.013050000000000006,0.019347930000000006,0.3516015,0.4508905,0.3339,0.4594,empirical
PKG_F,RCP_4,Alignment_Time,1788,0.40053199105145415,0.019751708221789604,0.04931368445736014,0.40055,0.013450000000000017,0.019940970000000023,0.35505450000000005,0.44975200000000004,0.3203,0.4624,empirical
PKG_F,RCP_5,Alignment_Time,1673,0.39968170950388526,0.02048710179353866,0.05125854225095458,0.3998,0.014600000000000002,0.021645960000000002,0.34827600000000003,0.45044000000000006,0.3296,0.4706,empirical
PKG_F,RCP_6,Alignment_Time,1695,0.3990614159292035,0.020087849220502656,0.05033773855016439,0.399,0.013500000000000012,0.02001510000000002,0.34869300000000003,0.454077,0.3145,0.465,empirical
PKG_F,RCP_7,Alignment_Time,1674,0.4003296296296296,0.019700511254184566,0.04921072485294372,0.40065,0.012950000000000017,0.019199670000000023,0.350446,0.4522255,0.3391,0.4653,empirical
PKG_F,RCP_8,Alignment_Time,1724,0.3998268561484919,0.020623760963649096,0.051581730057646824,0.4008,0.013850000000000001,0.020534010000000002,0.34511499999999995,0.447408,0.3374,0.4649,empirical
PKG_F,RCP_9,Alignment_Time,1611,0.3994911855990068,0.01976074398911691,0.049464780955022,0.3999,0.01369999999999999,0.020311619999999985,0.348535,0.45098000000000005,0.3339,0.4625,empirical
PKG_A,RCP_1,Process_Time,1737,5.002290731145653,0.09905992513486711,0.01980291239733278,5.005,0.0649999999999995,0.09636899999999926,4.73604,5.244,4.526,5.345,empirical
PKG_A,RCP_2,Process_Time,1650,5.0004993939393945,0.09705227470963942,0.019408516442831047,5.001,0.06200000000000028,0.09192120000000041,4.754245,5.242284999999999,4.694,5.281,empirical
PKG_A,RCP_3,Process_Time,1632,4.998752450980392,0.09796350623142885,0.019597591037382844,5.001,0.0699999999999994,0.1037819999999991,4.761465,5.25669,4.706,5.416,empirical
PKG_A,RCP_4,Process_Time,1602,5.001813982521847,0.10179910826091743,0.02035243785887289,5.003,0.06599999999999984,0.09785159999999975,4.7480150000000005,5.270995,4.604,5.343,empirical
PKG_A,RCP_5,Process_Time,1690,5.0024798816568055,0.09850864789384497,0.019691962831286634,5.005,0.06599999999999984,0.09785159999999975,4.759335,5.2695549999999995,4.713,5.356,empirical
PKG_A,RCP_6,Process_Time,1613,5.001432114073156,0.0979057879314513,0.01957555070196025,5.001,0.06699999999999928,0.09933419999999893,4.75712,5.2534600000000005,4.673,5.3,empirical
PKG_A,RCP_7,Process_Time,1706,5.003728018757327,0.10138977315350547,0.020262846576278453,5.004,0.06900000000000084,0.10229940000000123,4.739525,5.266,4.666,5.322,empirical
PKG_A,RCP_8,Process_Time,1700,4.9994241176470595,0.0978186909466424,0.019565991731199637,5.002,0.06700000000000017,0.09933420000000025,4.742,5.249,4.667,5.303,empirical
PKG_A,RCP_9,Process_Time,1736,4.998010368663595,0.09809223388097674,0.019626256579216617,5.0,0.06799999999999962,0.10081679999999943,4.7477,5.23965,4.717,5.328,empirical
PKG_B,RCP_1,Process_Time,1765,4.999002266288952,0.09854518856784623,0.019712971372785958,4.999,0.06899999999999995,0.10229939999999992,4.73902,5.245,4.66,5.36,empirical
PKG_B,RCP_2,Process_Time,1749,4.999256146369354,0.10131253964922322,0.02026552284639389,5.0,0.07200000000000006,0.10674720000000008,4.742,5.24956,4.658,5.281,empirical
PKG_B,RCP_3,Process_Time,1673,5.003632396891811,0.09846150525357267,0.0196780053855946,5.007,0.06600000000000072,0.09785160000000107,4.73408,5.248840000000001,4.574,5.355,empirical
PKG_B,RCP_4,Process_Time,1707,5.0029654364381955,0.0987029451033206,0.019728888067951762,5.007,0.06700000000000017,0.09933420000000025,4.75053,5.234820000000001,4.65,5.301,empirical
PKG_B,RCP_5,Process_Time,1646,4.9990838396111785,0.09746063480948236,0.01949569919936824,4.999,0.06800000000000006,0.10081680000000008,4.75045,5.23955,4.61,5.305,empirical
PKG_B,RCP_6,Process_Time,1613,4.99671109733416,0.09749242946799398,0.01951132006011075,4.996,0.06700000000000017,0.09933420000000025,4.75818,5.24894,4.714,5.294,empirical
PKG_B,RCP_7,Process_Time,1605,4.998795015576324,0.10043024514422218,0.02009089087095589,4.999,0.06899999999999995,0.10229939999999992,4.740060000000001,5.25598,4.645,5.335,empirical
PKG_B,RCP_8,Process_Time,1633,5.006682792406614,0.09801104031470247,0.019576043535921815,5.007,0.06700000000000017,0.09933420000000025,4.7446,5.248519999999999,4.641,5.309,empirical
PKG_B,RCP_9,Process_Time,1640,5.00202012195122,0.09908282979633155,0.019808562816752664,5.0,0.06799999999999962,0.10081679999999943,4.756,5.251025,4.701,5.3,empirical
PKG_C,RCP_1,Process_Time,1627,5.0000854333128455,0.10057559781697549,0.02011477586900717,5.002,0.06799999999999962,0.10081679999999943,4.74278,5.273219999999999,4.553,5.331,empirical
PKG_C,RCP_2,Process_Time,1738,4.999027617951668,0.10139907499058111,0.02028375971087933,5.0,0.07000000000000028,0.10378200000000042,4.73837,5.247,4.659,5.311,empirical
PKG_C,RCP_3,Process_Time,1706,4.997538100820632,0.10102265366412207,0.020214483937107633,4.999,0.06899999999999995,0.10229939999999992,4.7422,5.232475,4.699,5.297,empirical
PKG_C,RCP_4,Process_Time,1637,4.996736102626756,0.10038392680402497,0.020089899634934433,4.994,0.06899999999999995,0.10229939999999992,4.743720000000001,5.2661999999999995,4.61,5.364,empirical
PKG_C,RCP_5,Process_Time,1697,4.998713612256925,0.09824030995339293,0.01965311829677662,4.996,0.06300000000000061,0.0934038000000009,4.75696,5.259239999999999,4.694,5.309,empirical
PKG_C,RCP_6,Process_Time,1630,4.996320245398773,0.10133343883845745,0.020281614040208444,4.995,0.07000000000000028,0.10378200000000042,4.73358,5.243855,4.653,5.32,empirical
PKG_C,RCP_7,Process_Time,1676,4.999291766109785,0.09623349194001314,0.019249425007034054,5.001,0.06199999999999939,0.09192119999999909,4.739375,5.248,4.679,5.367,empirical
PKG_C,RCP_8,Process_Time,1692,4.998504137115838,0.10079453420689422,0.020164939638332113,4.999,0.0665,0.0985929,4.733,5.25527,4.596,5.416,empirical
PKG_C,RCP_9,Process_Time,1784,5.004640695067264,0.09790966880157179,0.019563775856691314,5.002,0.06599999999999984,0.09785159999999975,4.760915,5.251085000000001,4.665,5.333,empirical
PKG_D,RCP_1,Process_Time,1706,4.9996864009378665,0.09957885283662926,0.01991701975906924,5.0,0.06599999999999984,0.09785159999999975,4.747,5.252475,4.602,5.343,empirical
PKG_D,RCP_2,Process_Time,1611,5.001862197392923,0.09635047118091004,0.019262919964314482,5.001,0.06700000000000017,0.09933420000000025,4.76525,5.26255,4.67,5.304,empirical
PKG_D,RCP_3,Process_Time,1671,5.001414721723519,0.10003618985220833,0.020001578636881213,5.003,0.0680000000000005,0.10081680000000075,4.7557,5.2503,4.69,5.322,empirical
PKG_D,RCP_4,Process_Time,1595,4.999836363636363,0.0962829056688326,0.019257211369774988,5.003,0.06599999999999984,0.09785159999999975,4.750850000000001,5.23909,4.731,5.306,empirical
PKG_D,RCP_5,Process_Time,1681,4.997425342058299,0.09670796392215684,0.01935155751267823,5.0,0.06500000000000039,0.09636900000000058,4.7438,5.238199999999999,4.621,5.32,empirical
PKG_D,RCP_6,Process_Time,1690,5.000175147928994,0.09737119030356288,0.019473555910115015,4.999,0.06300000000000061,0.0934038000000009,4.748445,5.244665,4.675,5.334,empirical
PKG_D,RCP_7,Process_Time,1655,4.9953462235649555,0.10236795137690087,0.02049266393067855,4.998,0.07200000000000006,0.10674720000000008,4.72959,5.250190000000001,4.646,5.285,empirical
PKG_D,RCP_8,Process_Time,1625,4.999136615384615,0.10000989381901196,0.020005433240459176,5.002,0.06899999999999995,0.10229939999999992,4.733359999999999,5.24276,4.68,5.306,empirical
PKG_D,RCP_9,Process_Time,1730,5.0033930635838155,0.09905911537162423,0.019798387636703173,5.006,0.06799999999999962,0.10081679999999943,4.75303,5.252,4.678,5.307,empirical
PKG_E,RCP_1,Process_Time,1697,5.002094284030642,0.09646923364079554,0.01928576875265564,5.003,0.06599999999999984,0.09785159999999975,4.76592,5.23004,4.663,5.353,empirical
PKG_E,RCP_2,Process_Time,1692,5.000330378250591,0.10179409046246145,0.020357472959231744,5.003,0.06599999999999984,0.09785159999999975,4.72991,5.261089999999999,4.608,5.29,empirical
PKG_E,RCP_3,Process_Time,1680,4.99935,0.0997905973100418,0.019960714354874495,5.0,0.06599999999999984,0.09785159999999975,4.76058,5.258815,4.648,5.309,empirical
PKG_E,RCP_4,Process_Time,1731,4.998689196995956,0.09758535255619388,0.019522188459894525,4.997,0.06700000000000017,0.09933420000000025,4.755249999999999,5.251,4.696,5.386,empirical
PKG_E,RCP_5,Process_Time,1670,4.995578443113772,0.10127090904373903,0.020272108665081095,4.995,0.06799999999999962,0.10081679999999943,4.732,5.257275,4.605,5.319,empirical
PKG_E,RCP_6,Process_Time,1666,4.999087034813925,0.0979643447424214,0.01959644712328314,4.997,0.06899999999999995,0.10229939999999992,4.75195,5.2737,4.674,5.365,empirical
PKG_E,RCP_7,Process_Time,1656,5.002982487922705,0.09837879346851189,0.019664029147813362,5.002,0.06700000000000017,0.09933420000000025,4.75955,5.244725,4.666,5.328,empirical
PKG_E,RCP_8,Process_Time,1758,4.997697383390216,0.10115986718868368,0.02024129502616289,4.996,0.06700000000000017,0.09933420000000025,4.7475700000000005,5.243645,4.652,5.324,empirical
PKG_E,RCP_9,Process_Time,1697,5.007430760164997,0.09951207057461312,0.019872879993918107,5.008,0.06899999999999995,0.10229939999999992,4.7469600000000005,5.25952,4.695,5.305,empirical
PKG_F,RCP_1,Process_Time,1758,4.997594994311719,0.0992046964136455,0.0198504873897466,4.998,0.06599999999999984,0.09785159999999975,4.74657,5.244935,4.705,5.354,empirical
PKG_F,RCP_2,Process_Time,1691,4.998735659373152,0.10074015681500768,0.020153127446559286,4.998,0.07200000000000006,0.10674720000000008,4.75575,5.245550000000001,4.658,5.285,empirical
PKG_F,RCP_3,Process_Time,1674,5.002215053763441,0.10112264212891581,0.02021557270970101,5.002,0.06800000000000006,0.10081680000000008,4.744365,5.260619999999999,4.687,5.37,empirical
PKG_F,RCP_4,Process_Time,1788,4.99857774049217,0.10021250558369411,0.02004820386645162,4.999,0.06699999999999928,0.09933419999999893,4.728935,5.247065,4.656,5.295,empirical
PKG_F,RCP_5,Process_Time,1673,5.001359234907352,0.10259093614602885,0.02051261093784024,5.002,0.07000000000000028,0.10378200000000042,4.7564400000000004,5.2689200000000005,4.694,5.381,empirical
PKG_F,RCP_6,Process_Time,1695,5.000785250737463,0.09977912392969464,0.019952691212841076,5.002,0.06799999999999962,0.10081679999999943,4.7544699999999995,5.25459,4.675,5.332,empirical
PKG_F,RCP_7,Process_Time,1674,4.9997712066905615,0.10250492493864934,0.020501923128298342,5.0,0.06899999999999995,0.10229939999999992,4.747,5.26727,4.682,5.457,empirical
PKG_F,RCP_8,Process_Time,1724,4.9973399071925755,0.10147347063840885,0.020305497029001376,4.998,0.0680000000000005,0.10081680000000075,4.73846,5.24731,4.659,5.309,empirical
PKG_F,RCP_9,Process_Time,1611,5.003166977032898,0.10005149631573475,0.019997632854354533,5.004,0.06600000000000072,0.09785160000000107,4.75615,5.2708,4.68,5.334,empirical
PKG_A,RCP_1,Cutting_X_Index,1737,0.01541105354058722,0.5032069656637267,32.652340369752075,0.004,0.338,0.5011188,-1.37956,1.2644799999999992,-1.724,1.615,empirical
PKG_A,RCP_2,Cutting_X_Index,1650,-0.006160000000000002,0.4915478206768172,-79.79672413584692,-0.001,0.334,0.49518840000000003,-1.32669,1.149914999999996,-1.954,1.949,empirical
PKG_A,RCP_3,Cutting_X_Index,1632,0.009102941176470588,0.49254568188819675,54.10841093440611,0.0135,0.3305,0.48999929999999997,-1.18021,1.2637150000000013,-1.529,1.554,empirical
PKG_A,RCP_4,Cutting_X_Index,1602,-0.012096754057428216,0.5133859907684007,-42.439979215180244,0.005,0.3435,0.5092731,-1.4298499999999998,1.2588949999999977,-1.719,1.571,empirical
PKG_A,RCP_5,Cutting_X_Index,1690,-0.001504142011834321,0.487671445750111,-324.2190178275715,0.0135,0.3295,0.48851669999999997,-1.3582200000000002,1.2744200000000028,-1.879,1.537,empirical
PKG_A,RCP_6,Cutting_X_Index,1613,-0.0006354618722876638,0.5098305924858562,-802.2992640777411,-0.001,0.336,0.49815360000000003,-1.34484,1.2357400000000012,-2.006,2.002,empirical
PKG_A,RCP_7,Cutting_X_Index,1706,-0.0109947245017585,0.5085299778661772,-46.2521801055445,-0.012,0.352,0.5218752,-1.26555,1.2302749999999991,-1.479,1.803,empirical
PKG_A,RCP_8,Cutting_X_Index,1700,-0.011738823529411767,0.5144393578224539,-43.82375768180855,-0.01,0.3505,0.5196512999999999,-1.368565,1.3246749999999958,-1.721,1.852,empirical
PKG_A,RCP_9,Cutting_X_Index,1736,0.03080069124423963,0.4947594467102493,16.063257892070187,0.0485,0.34299999999999997,0.5085318,-1.23685,1.2769750000000002,-1.853,1.57,empirical
PKG_B,RCP_1,Cutting_X_Index,1765,0.005925212464589234,0.4912908041756931,82.91530592561661,0.018,0.319,0.47294939999999996,-1.22872,1.2581600000000008,-1.418,1.51,empirical
PKG_B,RCP_2,Cutting_X_Index,1749,-0.007144082332761578,0.49613300267681215,-69.44670841790672,-0.01,0.35,0.51891,-1.21386,1.3126799999999998,-1.429,1.599,empirical
PKG_B,RCP_3,Cutting_X_Index,1673,-0.005487746563060371,0.48064295056965056,-87.58475724899525,0.003,0.328,0.48629279999999997,-1.21776,1.2212800000000001,-1.657,1.398,empirical
PKG_B,RCP_4,Cutting_X_Index,1707,0.001779144698301112,0.48671191311116807,273.56510888401857,-0.004,0.323,0.47887979999999997,-1.23335,1.209510000000001,-1.515,1.536,empirical
PKG_B,RCP_5,Cutting_X_Index,1646,-0.015106318347509112,0.4842799903509117,-32.05810834979291,0.003,0.314,0.46553639999999996,-1.322925,1.2238500000000014,-1.849,1.788,empirical
PKG_B,RCP_6,Cutting_X_Index,1613,-0.01816243025418475,0.506221715469564,-27.871915177922126,-0.025,0.344,0.5100144,-1.2714,1.2147000000000003,-1.565,1.717,empirical
PKG_B,RCP_7,Cutting_X_Index,1605,0.01945109034267913,0.4950970253096299,25.453433025463852,0.029,0.34500000000000003,0.511497,-1.1925000000000001,1.2748200000000012,-1.583,1.531,empirical
PKG_B,RCP_8,Cutting_X_Index,1633,0.021246172688303734,0.4998505518310412,23.52661625998243,0.028,0.34700000000000003,0.5144622,-1.24672,1.3017999999999983,-1.487,1.525,empirical
PKG_B,RCP_9,Cutting_X_Index,1640,0.008302439024390243,0.49416324404949485,59.52024972394034,0.017,0.323,0.47887979999999997,-1.28525,1.3044400000000005,-1.556,1.5,empirical
PKG_C,RCP_1,Cutting_X_Index,1627,0.004182544560540874,0.4981963500351595,119.11321991288821,0.009,0.334,0.49518840000000003,-1.33145,1.2370099999999975,-1.66,1.93,empirical
PKG_C,RCP_2,Cutting_X_Index,1738,-0.011337744533947064,0.5112830816730028,-45.09566079409689,-0.014,0.34600000000000003,0.5129796,-1.351575,1.3372450000000013,-1.481,1.744,empirical
PKG_C,RCP_3,Cutting_X_Index,1706,-0.01996483001172333,0.5157098936063953,-25.830918335070766,-0.0205,0.351,0.5203926,-1.393375,1.2735749999999966,-1.81,1.476,empirical
PKG_C,RCP_4,Cutting_X_Index,1637,-0.012319486866218692,0.5084294949043909,-41.270346762457876,-0.01,0.33899999999999997,0.5026014,-1.2191,1.374539999999997,-1.514,1.539,empirical
PKG_C,RCP_5,Cutting_X_Index,1697,0.004885680612846198,0.49448076673279684,101.21021121041568,0.004,0.339,0.5026014,-1.24112,1.3371199999999985,-1.654,1.577,empirical
PKG_C,RCP_6,Cutting_X_Index,1630,-0.011419018404907975,0.5090789880655944,-44.581676814426416,-0.028,0.34299999999999997,0.5085318,-1.2768549999999999,1.32671,-1.609,1.581,empirical
PKG_C,RCP_7,Cutting_X_Index,1676,-0.020961813842482097,0.5025735663420066,-23.97567167224192,-0.01,0.34099999999999997,0.5055666,-1.30775,1.289625,-1.683,1.671,empirical
PKG_C,RCP_8,Cutting_X_Index,1692,0.04000118203309693,0.5033712990368522,12.58391061095053,0.042499999999999996,0.344,0.5100144,-1.1726349999999999,1.3735450000000002,-1.745,1.738,empirical
PKG_C,RCP_9,Cutting_X_Index,1784,-0.012432735426008968,0.49198548141686715,-39.57178083172638,-0.019,0.32599999999999996,0.4833275999999999,-1.27004,1.2822550000000001,-1.805,1.792,empirical
PKG_D,RCP_1,Cutting_X_Index,1706,-0.009039859320046894,0.5067246288041422,-56.05448169756623,-0.0405,0.351,0.5203926,-1.13055,1.3739249999999978,-1.686,1.881,empirical
PKG_D,RCP_2,Cutting_X_Index,1611,0.0024276846679081323,0.4975105506701487,204.93211381478122,-0.019,0.33799999999999997,0.5011188,-1.27075,1.2415500000000004,-1.726,1.628,empirical
PKG_D,RCP_3,Cutting_X_Index,1671,0.015184919210053861,0.5022631046209263,33.07644233552328,0.023,0.339,0.5026014,-1.32725,1.2239500000000003,-1.749,1.615,empirical
PKG_D,RCP_4,Cutting_X_Index,1595,0.011384952978056428,0.49940154878140375,43.86505150648928,0.011,0.331,0.49074059999999997,-1.27884,1.2367199999999994,-1.866,1.67,empirical
PKG_D,RCP_5,Cutting_X_Index,1681,-0.019866745984533016,0.49633439557701226,-24.98317519957353,-0.039,0.33599999999999997,0.4981535999999999,-1.2777999999999998,1.1521999999999981,-1.699,1.349,empirical
PKG_D,RCP_6,Cutting_X_Index,1690,-0.009377514792899408,0.4863855095610176,-51.867207922647644,-0.012,0.334,0.49518840000000003,-1.2051,1.2776450000000024,-1.926,1.464,empirical
PKG_D,RCP_7,Cutting_X_Index,1655,0.00659214501510574,0.48927104162750457,74.22030924780202,0.009,0.334,0.49518840000000003,-1.14919,1.27638,-1.556,1.651,empirical
PKG_D,RCP_8,Cutting_X_Index,1625,-0.0003323076923076925,0.4968706359933806,-1495.2125620171166,0.012,0.33699999999999997,0.4996361999999999,-1.2627599999999999,1.271,-1.62,1.856,empirical
PKG_D,RCP_9,Cutting_X_Index,1730,-0.0021693641618497103,0.4994021106464819,-230.20667503821315,-0.017,0.3295,0.48851669999999997,-1.19942,1.2529050000000004,-1.6,1.698,empirical
PKG_E,RCP_1,Cutting_X_Index,1697,-0.00992162639952858,0.4909544760052783,-49.48326577068108,-0.019,0.33499999999999996,0.4966709999999999,-1.2598,1.296679999999999,-1.588,1.673,empirical
PKG_E,RCP_2,Cutting_X_Index,1692,-0.0032901891252955077,0.5024085940132234,-152.699001449681,-0.021,0.34750000000000003,0.5152035,-1.2406300000000001,1.3044450000000016,-1.647,1.599,empirical
PKG_E,RCP_3,Cutting_X_Index,1680,-0.005616071428571429,0.521410005566395,-92.84248111834061,-0.01,0.3635,0.5389250999999999,-1.331285,1.2583600000000006,-1.506,1.959,empirical
PKG_E,RCP_4,Cutting_X_Index,1731,-0.019633737723859044,0.5113890320245251,-26.046443077574672,-0.041,0.35000000000000003,0.51891,-1.31555,1.2502499999999968,-1.546,1.814,empirical
PKG_E,RCP_5,Cutting_X_Index,1670,-0.006806586826347305,0.48850141987962825,-71.76892506369133,-0.0195,0.33099999999999996,0.4907405999999999,-1.17624,1.2143399999999993,-1.78,1.534,empirical
PKG_E,RCP_6,Cutting_X_Index,1666,-0.024249099639855942,0.5064295199065931,-20.88446694632006,-0.025500000000000002,0.34450000000000003,0.5107557,-1.325675,1.191874999999999,-1.52,1.658,empirical
PKG_E,RCP_7,Cutting_X_Index,1656,-0.010457729468599035,0.49540020078437436,-47.37167874459659,0.002,0.335,0.49667100000000003,-1.22005,1.2253499999999995,-1.608,1.686,empirical
PKG_E,RCP_8,Cutting_X_Index,1758,0.007813424345847555,0.50912126513094,65.15981247089346,-0.006,0.343,0.5085318,-1.249115,1.328215,-1.942,1.5,empirical
PKG_E,RCP_9,Cutting_X_Index,1697,-0.02012610489098409,0.5005704534823254,-24.8717005199832,-0.031,0.34099999999999997,0.5055666,-1.3254,1.3348399999999998,-1.662,1.779,empirical
PKG_F,RCP_1,Cutting_X_Index,1758,0.003837883959044369,0.5012841862651399,130.61473239278433,0.0025,0.351,0.5203926,-1.20858,1.3675899999999979,-1.41,1.556,empirical
PKG_F,RCP_2,Cutting_X_Index,1691,-0.015719101123595505,0.49566137728371534,-31.532425002323567,-0.021,0.344,0.5100144,-1.31925,1.1097999999999992,-1.839,1.489,empirical
PKG_F,RCP_3,Cutting_X_Index,1674,0.004427718040621266,0.4836472175608201,109.2317110357276,-0.006500000000000001,0.3285,0.48703409999999997,-1.25016,1.3175899999999998,-1.62,1.644,empirical
PKG_F,RCP_4,Cutting_X_Index,1788,-0.014561521252796422,0.4987474048344854,-34.25105084667613,-0.02,0.333,0.4937058,-1.311535,1.2701950000000002,-1.756,1.574,empirical
PKG_F,RCP_5,Cutting_X_Index,1673,0.004818290496114764,0.49576764021697806,102.89284978079695,0.016,0.343,0.5085318,-1.2006000000000001,1.2799600000000013,-1.465,1.516,empirical
PKG_F,RCP_6,Cutting_X_Index,1695,0.006572271386430678,0.49187786858262866,74.84138126100142,0.012,0.33499999999999996,0.4966709999999999,-1.204,1.20712,-1.57,1.798,empirical
PKG_F,RCP_7,Cutting_X_Index,1674,0.005954002389486262,0.4991730025415419,83.83822677380766,0.0025,0.328,0.48629279999999997,-1.29697,1.3099899999999993,-1.556,1.686,empirical
PKG_F,RCP_8,Cutting_X_Index,1724,0.017991879350348027,0.5018324354977965,27.892163221297352,0.025500000000000002,0.3365,0.49889490000000003,-1.23255,1.3136999999999999,-1.744,2.129,empirical
PKG_F,RCP_9,Cutting_X_Index,1611,-0.0032178770949720667,0.4945614535950761,-153.69184061374762,0.012,0.33999999999999997,0.504084,-1.28175,1.263000000000001,-1.743,1.513,empirical
PKG_A,RCP_1,Cutting_Y_Index,1737,-0.00039090385722510005,0.5011214552277348,-1281.955769853574,-0.009,0.34,0.504084,-1.30448,1.35432,-2.178,1.597,empirical
PKG_A,RCP_2,Cutting_Y_Index,1650,-0.015255757575757575,0.5015886925933235,-32.87864860873128,-0.002,0.3195,0.47369069999999996,-1.3815099999999998,1.2732649999999996,-1.723,1.632,empirical
PKG_A,RCP_3,Cutting_Y_Index,1632,-0.004423406862745098,0.49708838850615933,-112.37681812467821,-0.006,0.34149999999999997,0.5063078999999999,-1.237845,1.2999000000000005,-1.736,1.559,empirical
PKG_A,RCP_4,Cutting_Y_Index,1602,-0.009410112359550563,0.5203355074588039,-55.295355419502734,0.004,0.357,0.5292882,-1.370785,1.3268149999999959,-1.814,1.64,empirical
PKG_A,RCP_5,Cutting_Y_Index,1690,-0.011405917159763312,0.4974186697958502,-43.61058061605037,-0.0075,0.344,0.5100144,-1.276665,1.2668800000000011,-1.568,1.776,empirical
PKG_A,RCP_6,Cutting_Y_Index,1613,0.022267203967761936,0.4962453616455985,22.285930571438325,0.016,0.327,0.48481019999999997,-1.22936,1.2878800000000001,-1.575,1.881,empirical
PKG_A,RCP_7,Cutting_Y_Index,1706,0.004722157092614303,0.49056561185251835,103.88591532030738,0.0135,0.3265,0.48406889999999997,-1.3729,1.323749999999999,-1.809,1.584,empirical
PKG_A,RCP_8,Cutting_Y_Index,1700,-0.0007464705882352935,0.49203741042734644,-659.1517712580691,0.0075,0.3345,0.49592970000000003,-1.27714,1.3000899999999977,-1.636,1.652,empirical
PKG_A,RCP_9,Cutting_Y_Index,1736,-0.01110426267281106,0.5058981673159478,-45.55891572653864,-0.019,0.35000000000000003,0.51891,-1.193875,1.358475000000001,-1.743,1.942,empirical
PKG_B,RCP_1,Cutting_Y_Index,1765,0.003224362606232295,0.502399676446607,155.81364064808668,-0.004,0.346,0.5129796,-1.31124,1.2842600000000004,-1.746,1.544,empirical
PKG_B,RCP_2,Cutting_Y_Index,1749,-0.008561463693539165,0.5021769751058486,-58.655504839062985,-0.015,0.337,0.49963620000000003,-1.3582,1.2283,-1.8,1.855,empirical
PKG_B,RCP_3,Cutting_Y_Index,1673,-0.0037226539151225344,0.4936020672407487,-132.5941327061292,0.005,0.342,0.5070492,-1.28748,1.2762800000000052,-1.659,1.656,empirical
PKG_B,RCP_4,Cutting_Y_Index,1707,-0.010816637375512594,0.4907220519230321,-45.367338747433706,-0.005,0.317,0.46998419999999996,-1.33994,1.2170500000000004,-2.123,1.52,empirical
PKG_B,RCP_5,Cutting_Y_Index,1646,-0.01919987849331713,0.4910976411621217,-25.57816401458255,-0.024,0.33299999999999996,0.4937057999999999,-1.3156750000000001,1.1949750000000008,-1.994,1.582,empirical
PKG_B,RCP_6,Cutting_Y_Index,1613,-0.0027104773713577178,0.49084792929974586,-181.09279733771507,0.007,0.32,0.47443199999999996,-1.26494,1.25882,-1.704,1.554,empirical
PKG_B,RCP_7,Cutting_Y_Index,1605,0.004441744548286604,0.5004965488277378,112.68017405926767,0.002,0.328,0.48629279999999997,-1.28174,1.23996,-1.505,1.555,empirical
PKG_B,RCP_8,Cutting_Y_Index,1633,-0.00631292100428659,0.4953834343172323,-78.47135010573676,-0.003,0.351,0.5203926,-1.26308,1.1953199999999962,-1.566,1.499,empirical
PKG_B,RCP_9,Cutting_Y_Index,1640,0.011137804878048782,0.4969713525270025,44.620224359152736,0.0075,0.33999999999999997,0.504084,-1.19266,1.2750250000000003,-1.416,1.859,empirical
PKG_C,RCP_1,Cutting_Y_Index,1627,-0.0020313460356484333,0.4848763080128501,-238.69705087349678,0.015,0.327,0.48481019999999997,-1.22805,1.2213499999999995,-1.603,1.522,empirical
PKG_C,RCP_2,Cutting_Y_Index,1738,0.017493670886075948,0.5101129162763625,29.159855561383964,0.014,0.347,0.5144622,-1.261,1.3686150000000012,-1.421,2.392,empirical
PKG_C,RCP_3,Cutting_Y_Index,1706,0.01963012895662368,0.4893271876222079,24.92735471598097,0.0175,0.3285,0.48703409999999997,-1.228,1.259749999999999,-1.697,1.493,empirical
PKG_C,RCP_4,Cutting_Y_Index,1637,-0.012469150885766646,0.5099905937169628,-40.90018625880208,-0.009,0.34099999999999997,0.5055666,-1.3207600000000002,1.2596399999999999,-1.592,1.557,empirical
PKG_C,RCP_5,Cutting_Y_Index,1697,-0.007728344136711845,0.4939585192405676,-63.915181635626624,-0.019,0.338,0.5011188,-1.2727199999999999,1.22552,-1.527,1.529,empirical
PKG_C,RCP_6,Cutting_Y_Index,1630,-0.009624539877300614,0.520810641107667,-54.112783337933266,-0.013999999999999999,0.3605,0.5344772999999999,-1.26678,1.3021150000000004,-1.689,1.839,empirical
PKG_C,RCP_7,Cutting_Y_Index,1676,0.003862171837708831,0.4961543652195198,128.46511912682143,0.012,0.34249999999999997,0.5077904999999999,-1.229125,1.198625,-1.703,1.646,empirical
PKG_C,RCP_8,Cutting_Y_Index,1692,0.002199172576832151,0.5086790826775377,231.30475890631385,-0.0185,0.34099999999999997,0.5055666,-1.359435,1.3169950000000008,-1.564,1.931,empirical
PKG_C,RCP_9,Cutting_Y_Index,1784,-0.006050448430493272,0.5134026982787597,-84.85366071236868,-0.0005,0.351,0.5203926,-1.3650200000000001,1.3003400000000003,-1.627,1.651,empirical
PKG_D,RCP_1,Cutting_Y_Index,1706,0.0032626025791324745,0.4936497745511437,151.30551839458337,-0.003,0.328,0.48629279999999997,-1.252,1.2225999999999986,-1.716,1.876,empirical
PKG_D,RCP_2,Cutting_Y_Index,1611,-0.0018454376163873367,0.5032291505457389,-272.68824807574356,-0.016,0.33799999999999997,0.5011188,-1.2216,1.3386500000000032,-1.612,1.739,empirical
PKG_D,RCP_3,Cutting_Y_Index,1671,0.0023470975463794137,0.4997200597672523,212.90979598956616,-0.002,0.339,0.5026014,-1.2156500000000001,1.3220000000000054,-1.896,1.685,empirical
PKG_D,RCP_4,Cutting_Y_Index,1595,-0.007959874608150471,0.48742395438920083,-61.23512974565022,-0.001,0.328,0.48629279999999997,-1.2795999999999998,1.1964199999999996,-1.471,1.451,empirical
PKG_D,RCP_5,Cutting_Y_Index,1681,0.008016656751933375,0.4979556226244866,62.11512330303961,0.033,0.32099999999999995,0.4759145999999999,-1.3277999999999999,1.2726,-2.181,1.703,empirical
PKG_D,RCP_6,Cutting_Y_Index,1690,0.014427218934911244,0.4936153172638537,34.21416972257865,0.023,0.341,0.5055666,-1.278765,1.202540000000002,-1.649,1.459,empirical
PKG_D,RCP_7,Cutting_Y_Index,1655,0.005572205438066465,0.5057203137550723,90.7576576951469,0.002,0.344,0.5100144,-1.2448700000000001,1.2849300000000008,-1.953,1.76,empirical
PKG_D,RCP_8,Cutting_Y_Index,1625,-0.016799384615384615,0.5033841183093914,-29.964437974019603,-0.02,0.339,0.5026014,-1.25732,1.2683199999999983,-1.76,1.507,empirical
PKG_D,RCP_9,Cutting_Y_Index,1730,-0.004388439306358381,0.4949525118563757,-112.78554340246706,0.010499999999999999,0.337,0.49963620000000003,-1.337845,1.2066500000000004,-1.578,1.535,empirical
PKG_E,RCP_1,Cutting_Y_Index,1697,-0.01422569239835003,0.5146839537658422,-36.179887723815675,-0.014,0.35100000000000003,0.5203926,-1.222,1.3421199999999998,-1.741,1.685,empirical
PKG_E,RCP_2,Cutting_Y_Index,1692,0.0182854609929078,0.5176099003524164,28.307183535223782,0.011,0.34900000000000003,0.5174274,-1.26681,1.3602550000000027,-1.596,1.851,empirical
PKG_E,RCP_3,Cutting_Y_Index,1680,-0.02178095238095238,0.4978286320285991,-22.85614620157539,-0.0165,0.3315,0.49148189999999997,-1.20294,1.3130550000000016,-1.843,1.575,empirical
PKG_E,RCP_4,Cutting_Y_Index,1731,0.00036683997689196943,0.486766412067553,1326.917573683363,-0.001,0.334,0.49518840000000003,-1.2492,1.2357999999999993,-1.739,1.511,empirical
PKG_E,RCP_5,Cutting_Y_Index,1670,0.0017790419161676644,0.5052446242143144,283.99815632376476,0.0215,0.3325,0.49296449999999997,-1.324065,1.313614999999999,-2.125,1.514,empirical
PKG_E,RCP_6,Cutting_Y_Index,1666,0.003207683073229293,0.4894999545357328,152.6023436108777,0.0085,0.335,0.49667100000000003,-1.285025,1.2013499999999981,-1.711,1.842,empirical
PKG_E,RCP_7,Cutting_Y_Index,1656,-0.002264492753623187,0.49676361533221136,-219.37081253070465,-0.003,0.33,0.48925799999999997,-1.296725,1.2271749999999997,-1.496,1.737,empirical
PKG_E,RCP_8,Cutting_Y_Index,1758,0.0008105802047781568,0.49388093030606234,609.2931055986371,-0.0095,0.333,0.4937058,-1.16658,1.2816449999999997,-1.66,2.351,empirical
PKG_E,RCP_9,Cutting_Y_Index,1697,-0.0025939893930465516,0.4956582406699597,-191.0795171324221,-0.005,0.35,0.51891,-1.20552,1.2100799999999996,-1.58,1.439,empirical
PKG_F,RCP_1,Cutting_Y_Index,1758,5.57451649601822e-05,0.49274080467340564,8839.166679753514,-0.011,0.3305,0.48999929999999997,-1.19858,1.2204399999999989,-1.798,1.639,empirical
PKG_F,RCP_2,Cutting_Y_Index,1691,0.003471318746303961,0.4926401914182068,141.91730216153118,0.015,0.334,0.49518840000000003,-1.2695500000000002,1.190099999999999,-1.74,2.042,empirical
PKG_F,RCP_3,Cutting_Y_Index,1674,0.0009390681003584218,0.48980787295816614,521.5892998294981,-0.0165,0.3285,0.48703409999999997,-1.32226,1.284525,-1.941,1.813,empirical
PKG_F,RCP_4,Cutting_Y_Index,1788,-0.005522371364653243,0.5010250857996323,-90.72643846564135,0.0095,0.3415,0.5063079,-1.286925,1.2521300000000002,-1.681,1.716,empirical
PKG_F,RCP_5,Cutting_Y_Index,1673,0.008304841601912732,0.4935718005792303,59.431813903055435,0.004,0.338,0.5011188,-1.2672400000000001,1.2538000000000045,-1.803,1.673,empirical
PKG_F,RCP_6,Cutting_Y_Index,1695,0.006684955752212389,0.49738663417168666,74.40387829150198,0.007,0.351,0.5203926,-1.21771,1.2828899999999996,-1.354,1.72,empirical
PKG_F,RCP_7,Cutting_Y_Index,1674,0.021212664277180406,0.4918416057506224,23.186224951465558,0.019,0.3395,0.5033427,-1.27786,1.2988449999999996,-1.649,1.601,empirical
PKG_F,RCP_8,Cutting_Y_Index,1724,-2.494199535962995e-05,0.5083228051611985,-20380.19804878755,0.0045000000000000005,0.3395,0.5033427,-1.26324,1.2884099999999994,-1.802,1.914,empirical
PKG_F,RCP_9,Cutting_Y_Index,1611,0.00512352576039727,0.49719424226912895,97.04142528417331,0.015,0.323,0.47887979999999997,-1.2659,1.3412500000000025,-1.393,1.67,empirical
PKG_A,RCP_1,Head_Temp,1737,42.02928554979851,0.30577286528149006,0.007275233477837597,42.0,0.20899999999999608,0.3098633999999942,41.286519999999996,42.80632,41.068,43.106,mentor_target
PKG_A,RCP_2,Head_Temp,1650,42.02159636363637,0.3014995342951942,0.007174871027891234,42.0,0.2015000000000029,0.2987439000000043,41.194205000000004,42.74702,41.04,43.154,mentor_target
PKG_A,RCP_3,Head_Temp,1632,42.01168382352941,0.30527253390844833,0.007266372259458805,42.0,0.2065000000000019,0.3061569000000028,41.236309999999996,42.786885000000005,41.007,43.037,mentor_target
PKG_A,RCP_4,Head_Temp,1602,42.016461922596754,0.301883237659961,0.007184880017172651,42.0,0.20599999999999952,0.3054155999999993,41.286055000000005,42.80397,41.013,42.987,mentor_target
PKG_A,RCP_5,Head_Temp,1690,42.02690059171598,0.30521033066394504,0.0072622612271366445,42.0,0.2134999999999998,0.3165350999999997,41.258225,42.820325,41.031,43.079,mentor_target
PKG_A,RCP_6,Head_Temp,1613,42.02021388716677,0.3036149767383531,0.0072254505308712615,42.0,0.2049999999999983,0.30393299999999746,41.22324,42.79588,41.151,43.037,mentor_target
PKG_A,RCP_7,Head_Temp,1706,42.01479132473622,0.3042796943310131,0.007242204108053449,42.0,0.21249999999999858,0.31505249999999785,41.220675,42.7706,41.06,43.053,mentor_target
PKG_A,RCP_8,Head_Temp,1700,42.02890235294118,0.30518327629641046,0.007261271630022804,42.0,0.20900000000000318,0.30986340000000473,41.284495,42.84333999999999,41.08,43.162,mentor_target
PKG_A,RCP_9,Head_Temp,1736,42.0225650921659,0.2980233368466919,0.007091983466336548,42.0,0.19549999999999912,0.28984829999999867,41.2641,42.8143,40.979,43.077,mentor_target
PKG_B,RCP_1,Head_Temp,1765,42.02015240793202,0.30723218708548505,0.0073115438540744026,42.0,0.21599999999999397,0.320241599999991,41.2491,42.8059,40.951,42.968,mentor_target
PKG_B,RCP_2,Head_Temp,1749,42.01198227558605,0.30044478702716626,0.007151407068972329,42.0,0.2010000000000005,0.29800260000000073,41.209,42.80226,41.021,42.944,mentor_target
PKG_B,RCP_3,Head_Temp,1673,42.02151285116557,0.2984417264711886,0.007102117611239468,42.0,0.20299999999999585,0.30096779999999385,41.22492,42.774480000000004,41.027,43.26,mentor_target
PKG_B,RCP_4,Head_Temp,1707,42.02293966022261,0.3158649792278048,0.00751648936941913,42.0,0.21000000000000085,0.31134600000000123,41.22512,42.84247,40.87,42.962,mentor_target
PKG_B,RCP_5,Head_Temp,1646,42.03444349939247,0.30752693928546954,0.007316070195860076,42.0,0.21799999999999642,0.3232067999999947,41.308175,42.7745,40.875,42.984,mentor_target
PKG_B,RCP_6,Head_Temp,1613,42.02742529448233,0.29967187002181805,0.0071303885004147805,42.0,0.2009999999999934,0.2980025999999902,41.31212,42.79886,41.195,43.199,mentor_target
PKG_B,RCP_7,Head_Temp,1605,42.0115601246106,0.3080069908119166,0.007331481856382774,42.0,0.20300000000000296,0.3009678000000044,41.3022,42.808859999999996,41.153,43.041,mentor_target
PKG_B,RCP_8,Head_Temp,1633,42.0373490508267,0.2945561394120584,0.00700701033873271,42.0,0.19700000000000273,0.29207220000000406,41.30716,42.77468,41.09,43.117,mentor_target
PKG_B,RCP_9,Head_Temp,1640,42.01798292682927,0.30975190678925624,0.007371889015440431,42.0,0.20749999999999602,0.30763949999999407,41.251,42.808075,41.115,43.055,mentor_target
PKG_C,RCP_1,Head_Temp,1627,42.02340995697603,0.3000658246345125,0.007140444455643241,42.0,0.20300000000000296,0.3009678000000044,41.309259999999995,42.79748,41.141,42.986,mentor_target
PKG_C,RCP_2,Head_Temp,1738,42.02253509781358,0.3077135809077839,0.007322584898591568,42.0,0.21099999999999852,0.3128285999999978,41.18792,42.75163,40.802,42.916,mentor_target
PKG_C,RCP_3,Head_Temp,1706,42.02359613130129,0.2977877934574185,0.0070862044392153095,42.0,0.2009999999999934,0.2980025999999902,41.233775,42.821425,41.032,42.914,mentor_target
PKG_C,RCP_4,Head_Temp,1637,42.0069651802077,0.3040371561300079,0.007237779611683546,42.0,0.20299999999999585,0.30096779999999385,41.22536,42.76166,41.012,43.032,mentor_target
PKG_C,RCP_5,Head_Temp,1697,42.023123747790216,0.3004476711071019,0.007149579667382555,42.0,0.2049999999999983,0.30393299999999746,41.23192,42.83296,41.044,43.218,mentor_target
PKG_C,RCP_6,Head_Temp,1630,42.02359202453988,0.2953431437456995,0.00702803186298859,42.0,0.19899999999999807,0.2950373999999971,41.305595000000004,42.770955,41.122,42.94,mentor_target
PKG_C,RCP_7,Head_Temp,1676,42.02045823389022,0.30283963745808684,0.007206957043934412,42.0,0.19849999999999923,0.29429609999999884,41.2035,42.755874999999996,40.979,42.893,mentor_target
PKG_C,RCP_8,Head_Temp,1692,42.03359219858156,0.3145683126284146,0.0074837361304330744,42.0,0.2099999999999973,0.31134599999999596,41.235095,42.862,41.055,43.143,mentor_target
PKG_C,RCP_9,Head_Temp,1784,42.035042040358746,0.31325371146033554,0.007452204072011488,42.0,0.20800000000000196,0.3083808000000029,41.28715,42.822340000000004,41.173,43.005,mentor_target
PKG_D,RCP_1,Head_Temp,1706,42.027426729191085,0.312177618196319,0.007427949853029881,42.0,0.21000000000000085,0.31134600000000123,41.25515,42.8235,40.962,43.069,mentor_target
PKG_D,RCP_2,Head_Temp,1611,42.01553941651148,0.31157827471032207,0.007415786612223678,42.0,0.20700000000000074,0.30689820000000106,41.19815,42.7958,40.884,42.984,mentor_target
PKG_D,RCP_3,Head_Temp,1671,42.02882345900659,0.29947044771418824,0.007125358814916173,42.0,0.19000000000000483,0.28169400000000716,41.25905,42.80765,40.939,43.034,mentor_target
PKG_D,RCP_4,Head_Temp,1595,42.02284388714734,0.3102928395135601,0.007383908627099438,42.0,0.21099999999999852,0.3128285999999978,41.20431,42.82009,40.827,43.014,mentor_target
PKG_D,RCP_5,Head_Temp,1681,42.02402022605592,0.31110707783073216,0.007403077481812133,42.0,0.21699999999999875,0.32172419999999813,41.2068,42.8236,40.962,43.364,mentor_target
PKG_D,RCP_6,Head_Temp,1690,42.018004733727814,0.30989663851251326,0.007375329706309436,42.0,0.21000000000000085,0.31134600000000123,41.239670000000004,42.837995,40.921,43.028,mentor_target
PKG_D,RCP_7,Head_Temp,1655,42.030186102719036,0.30593087936761465,0.007278837134338152,42.0,0.20400000000000063,0.3024504000000009,41.22381,42.82846,41.007,43.163,mentor_target
PKG_D,RCP_8,Head_Temp,1625,42.02570584615385,0.2992020539455899,0.007119500979731256,42.0,0.20400000000000063,0.3024504000000009,41.260040000000004,42.7208,40.953,43.08,mentor_target
PKG_D,RCP_9,Head_Temp,1730,42.0229,0.3025865722713299,0.007200516201198154,42.0,0.20649999999999835,0.3061568999999975,41.26306,42.799135,41.073,42.951,mentor_target
PKG_E,RCP_1,Head_Temp,1697,42.02289157336476,0.30959574605052664,0.007367311825984787,42.0,0.2119999999999962,0.31431119999999435,41.22584,42.85704,40.881,43.218,mentor_target
PKG_E,RCP_2,Head_Temp,1692,42.014530732860514,0.3085847987220065,0.007344716062261177,42.0,0.21199999999999974,0.3143111999999996,41.261365,42.799814999999995,41.017,42.974,mentor_target
PKG_E,RCP_3,Head_Temp,1680,42.023332738095235,0.3019120495208198,0.007184390904987141,42.0,0.20900000000000318,0.30986340000000473,41.29716,42.7791,41.056,43.064,mentor_target
PKG_E,RCP_4,Head_Temp,1731,42.02478625072212,0.3041895656611026,0.007238337010122821,42.0,0.19999999999999574,0.2965199999999937,41.2333,42.87185,40.997,43.048,mentor_target
PKG_E,RCP_5,Head_Temp,1670,42.019369461077844,0.3048607939377528,0.007255244375338438,42.0,0.194500000000005,0.2883657000000074,41.23238,42.817585,40.914,43.188,mentor_target
PKG_E,RCP_6,Head_Temp,1666,42.02604801920768,0.3011681941644133,0.007166226860702361,42.0,0.19900000000000162,0.2950374000000024,41.226725,42.74735,40.956,43.044,mentor_target
PKG_E,RCP_7,Head_Temp,1656,42.00777173913043,0.3051675857924012,0.007264550657137955,42.0,0.20349999999999824,0.30170909999999734,41.223,42.771225,40.998,43.028,mentor_target
PKG_E,RCP_8,Head_Temp,1758,42.020204778157,0.3219505792168869,0.007661804146757602,42.0,0.22550000000000026,0.33432630000000035,41.16185,42.794215,40.971,42.983,mentor_target
PKG_E,RCP_9,Head_Temp,1697,42.019044784914556,0.30760822473901933,0.007320685806009925,42.0,0.21099999999999852,0.3128285999999978,41.18168,42.84616,40.983,43.322,mentor_target
PKG_F,RCP_1,Head_Temp,1758,42.0262252559727,0.3065660883612006,0.007294637729036393,42.0,0.20649999999999835,0.3061568999999975,41.248205,42.79543,40.824,42.95,mentor_target
PKG_F,RCP_2,Head_Temp,1691,42.038937906564165,0.3071962467413079,0.007307421691387232,42.0,0.20199999999999818,0.2994851999999973,41.2908,42.881299999999996,41.018,43.245,mentor_target
PKG_F,RCP_3,Head_Temp,1674,42.018011947431305,0.3063496646186925,0.007290912882836206,42.0,0.21300000000000097,0.3157938000000014,41.272285,42.81635,41.112,43.164,mentor_target
PKG_F,RCP_4,Head_Temp,1788,42.02409172259508,0.3044464450718646,0.00724456930756633,42.0,0.2035000000000018,0.3017091000000026,41.215935,42.789210000000004,40.926,42.964,mentor_target
PKG_F,RCP_5,Head_Temp,1673,42.01947340107591,0.3028817780110977,0.007208128838743191,42.0,0.21399999999999864,0.31727639999999796,41.27432,42.740559999999995,41.064,42.992,mentor_target
PKG_F,RCP_6,Head_Temp,1695,42.02117463126844,0.309546993826049,0.007366452664455304,42.0,0.20600000000000307,0.30541560000000456,41.19446,42.80853,41.017,43.067,mentor_target
PKG_F,RCP_7,Head_Temp,1674,42.027247909199524,0.3015521930200002,0.007175159165108981,42.0,0.19999999999999574,0.2965199999999937,41.25757,42.790605,41.096,43.024,mentor_target
PKG_F,RCP_8,Head_Temp,1724,42.02349303944315,0.3069502285123634,0.007304253081110146,42.0,0.2065000000000019,0.3061569000000028,41.2276,42.831160000000004,41.048,43.039,mentor_target
PKG_F,RCP_9,Head_Temp,1611,42.01521415270018,0.30946616740529265,0.007365573962816616,42.0,0.2079999999999984,0.3083807999999976,41.22365,42.841699999999996,40.998,42.995,mentor_target
PKG_A,RCP_1,Cooling_Flow,1737,9.999668969487622,0.10008960460580842,0.010009291798680106,10.003,0.07000000000000028,0.10378200000000042,9.74268,10.256,9.686,10.303,empirical
PKG_A,RCP_2,Cooling_Flow,1650,9.998089696969698,0.09956587004173187,0.009958489377416677,9.999,0.06599999999999895,0.09785159999999843,9.73447,10.26451,9.706,10.316,empirical
PKG_A,RCP_3,Cooling_Flow,1632,9.998866421568627,0.09999131439871232,0.010000265048347915,9.997,0.06799999999999962,0.10081679999999943,9.751,10.261535,9.672,10.357,empirical
PKG_A,RCP_4,Cooling_Flow,1602,10.000605493133582,0.09892216345831303,0.009891617415188812,9.996500000000001,0.06250000000000178,0.09266250000000263,9.757019999999999,10.255995,9.666,10.324,empirical
PKG_A,RCP_5,Cooling_Flow,1690,9.997899408284024,0.10296539538207025,0.01029870287520152,9.997499999999999,0.06849999999999845,0.1015580999999977,9.719674999999999,10.27144,9.646,10.434,empirical
PKG_A,RCP_6,Cooling_Flow,1613,9.999967761934284,0.09880618144164748,0.00988064999746914,9.999,0.06400000000000006,0.09488640000000008,9.74906,10.25488,9.711,10.334,empirical
PKG_A,RCP_7,Cooling_Flow,1706,9.997173505275498,0.09976826122893126,0.009979646864814706,9.999,0.06950000000000056,0.10304070000000083,9.75005,10.245425,9.677,10.318,empirical
PKG_A,RCP_8,Cooling_Flow,1700,9.998581764705882,0.10032893409921326,0.010034316512104307,9.999,0.0674999999999999,0.10007549999999983,9.737,10.255505000000001,9.646,10.333,empirical
PKG_A,RCP_9,Cooling_Flow,1736,9.99755241935484,0.10420355614036869,0.010422906704508496,9.997,0.06799999999999962,0.10081679999999943,9.736025,10.2993,9.62,10.345,empirical
PKG_B,RCP_1,Cooling_Flow,1765,9.994306515580737,0.09733025567969651,0.00973857020774402,9.993,0.0649999999999995,0.09636899999999926,9.75964,10.242,9.718,10.289,empirical
PKG_B,RCP_2,Cooling_Flow,1749,10.001835906232133,0.09891063942272266,0.00988924836900109,10.002,0.06600000000000072,0.09785160000000107,9.75148,10.26252,9.632,10.375,empirical
PKG_B,RCP_3,Cooling_Flow,1673,9.99945367603108,0.1017010602591259,0.010170661673537792,10.003,0.0649999999999995,0.09636899999999926,9.729,10.250639999999999,9.705,10.318,empirical
PKG_B,RCP_4,Cooling_Flow,1707,10.000174575278265,0.10165480740737778,0.010165303279672909,10.001,0.06899999999999906,0.1022993999999986,9.7343,10.25194,9.657,10.397,empirical
PKG_B,RCP_5,Cooling_Flow,1646,10.001444714459296,0.09997716599187252,0.009996272423256358,10.001,0.0680000000000005,0.10081680000000075,9.753675,10.249325,9.685,10.329,empirical
PKG_B,RCP_6,Cooling_Flow,1613,9.998287662740236,0.09883264837551639,0.009884957475651313,10.0,0.06799999999999962,0.10081679999999943,9.74112,10.23782,9.675,10.421,empirical
PKG_B,RCP_7,Cooling_Flow,1605,9.998863551401868,0.0983700616347936,0.009838124215726681,10.0,0.06400000000000006,0.09488640000000008,9.74406,10.26398,9.701,10.332,empirical
PKG_B,RCP_8,Cooling_Flow,1633,9.996992039191671,0.09916080132754082,0.009919063748255089,9.995,0.06599999999999895,0.09785159999999843,9.761479999999999,10.2532,9.687,10.336,empirical
PKG_B,RCP_9,Cooling_Flow,1640,9.999709756097563,0.1012210619510129,0.010122399991588848,9.999,0.06800000000000139,0.10081680000000207,9.748194999999999,10.264635,9.656,10.343,empirical
PKG_C,RCP_1,Cooling_Flow,1627,10.002022126613399,0.09944036888500786,0.00994202648486617,10.003,0.07000000000000028,0.10378200000000042,9.75026,10.255609999999999,9.687,10.362,empirical
PKG_C,RCP_2,Cooling_Flow,1738,9.999806098964328,0.09897058423133685,0.00989725033184265,9.999,0.06899999999999906,0.1022993999999986,9.753,10.257890000000002,9.712,10.372,empirical
PKG_C,RCP_3,Cooling_Flow,1706,10.000630128956624,0.1015614966509331,0.010155509737017853,10.001,0.06700000000000017,0.09933420000000025,9.739575,10.283225,9.673,10.369,empirical
PKG_C,RCP_4,Cooling_Flow,1637,9.994758704948076,0.09963625681773403,0.009968850650532202,9.992,0.06700000000000017,0.09933420000000025,9.74836,10.26482,9.68,10.329,empirical
PKG_C,RCP_5,Cooling_Flow,1697,10.001395992928696,0.09825307827032331,0.009823936412455957,10.002,0.06700000000000017,0.09933420000000025,9.7534,10.25152,9.68,10.295,empirical
PKG_C,RCP_6,Cooling_Flow,1630,9.996460122699386,0.09914551102309935,0.009918061974554917,9.996,0.06700000000000017,0.09933420000000025,9.756145,10.25897,9.694,10.299,empirical
PKG_C,RCP_7,Cooling_Flow,1676,10.000796539379474,0.09870682542272279,0.009869896366159581,9.999500000000001,0.06549999999999834,0.09711029999999753,9.729875,10.253,9.692,10.299,empirical
PKG_C,RCP_8,Cooling_Flow,1692,9.993999408983452,0.10247433510426655,0.010253586268191487,9.995,0.06700000000000017,0.09933420000000025,9.719455,10.242090000000001,9.683,10.414,empirical
PKG_C,RCP_9,Cooling_Flow,1784,10.002325112107624,0.0982428898954948,0.009822005263213616,10.000499999999999,0.06750000000000078,0.10007550000000115,9.749745,10.25751,9.695,10.321,empirical
PKG_D,RCP_1,Cooling_Flow,1706,9.998620164126612,0.10063284173952013,0.010064672933628787,9.998,0.06700000000000017,0.09933420000000025,9.73605,10.258375,9.68,10.301,empirical
PKG_D,RCP_2,Cooling_Flow,1611,10.001313469894475,0.0986700464837612,0.009865708817224211,10.004,0.06500000000000128,0.0963690000000019,9.748199999999999,10.26495,9.711,10.371,empirical
PKG_D,RCP_3,Cooling_Flow,1671,9.995398563734291,0.09980349122255879,0.00998494363042909,9.996,0.06700000000000017,0.09933420000000025,9.74775,10.2459,9.655,10.295,empirical
PKG_D,RCP_4,Cooling_Flow,1595,10.002089028213167,0.10227744562369795,0.010225608403924535,10.0,0.06700000000000017,0.09933420000000025,9.73985,10.26806,9.691,10.382,empirical
PKG_D,RCP_5,Cooling_Flow,1681,9.999165972635337,0.09808388869942711,0.009809206984647795,9.999,0.06500000000000128,0.0963690000000019,9.741200000000001,10.2316,9.662,10.334,empirical
PKG_D,RCP_6,Cooling_Flow,1690,9.997619526627219,0.09895138287391016,0.009897494359569036,9.9955,0.067499999999999,0.10007549999999851,9.751225,10.278775000000001,9.682,10.341,empirical
PKG_D,RCP_7,Cooling_Flow,1655,9.997445317220544,0.09861392113735723,0.009863912030355925,9.996,0.06600000000000072,0.09785160000000107,9.72927,10.26519,9.662,10.344,empirical
PKG_D,RCP_8,Cooling_Flow,1625,9.997795692307692,0.098817180085016,0.00988389672345935,10.002,0.06599999999999895,0.09785159999999843,9.74196,10.2614,9.676,10.518,empirical
PKG_D,RCP_9,Cooling_Flow,1730,9.99584450867052,0.10036097708625397,0.010040269934091071,10.0,0.06900000000000084,0.10229940000000123,9.75058,10.25,9.638,10.387,empirical
PKG_E,RCP_1,Cooling_Flow,1697,9.999308190925163,0.10248462786291124,0.010249171833299507,10.002,0.06999999999999851,0.10378199999999778,9.7158,10.24616,9.599,10.385,empirical
PKG_E,RCP_2,Cooling_Flow,1692,10.002175531914894,0.09932670101542408,0.009930509687466784,10.003499999999999,0.0649999999999995,0.09636899999999926,9.754005,10.27118,9.656,10.335,empirical
PKG_E,RCP_3,Cooling_Flow,1680,9.994630357142857,0.0984060562514322,0.009845892517786253,9.994499999999999,0.06550000000000189,0.0971103000000028,9.72879,10.232605,9.596,10.284,empirical
PKG_E,RCP_4,Cooling_Flow,1731,9.99981686886193,0.09958949542833408,0.009959131925549779,10.0,0.06900000000000084,0.10229940000000123,9.74295,10.24805,9.671,10.319,empirical
PKG_E,RCP_5,Cooling_Flow,1670,9.997782634730537,0.10258279356935665,0.010260554496654296,9.998,0.07099999999999973,0.1052645999999996,9.73407,10.273965,9.659,10.342,empirical
PKG_E,RCP_6,Cooling_Flow,1666,9.998660864345739,0.09916843858922798,0.009918172036702743,9.997,0.06700000000000017,0.09933420000000025,9.763975,10.263024999999999,9.614,10.379,empirical
PKG_E,RCP_7,Cooling_Flow,1656,10.004004830917875,0.0993660812527922,0.009932630274797186,10.003,0.06600000000000072,0.09785160000000107,9.748825,10.257724999999999,9.605,10.375,empirical
PKG_E,RCP_8,Cooling_Flow,1758,9.997762798634811,0.1024156998511421,0.010243861743261893,9.996,0.06899999999999906,0.1022993999999986,9.725570000000001,10.25429,9.646,10.332,empirical
PKG_E,RCP_9,Cooling_Flow,1697,10.000839127872716,0.09835050275740911,0.009834225058505596,9.999,0.06799999999999962,0.10081679999999943,9.74648,10.236600000000001,9.668,10.315,empirical
PKG_F,RCP_1,Cooling_Flow,1758,10.001488623435721,0.10064873032781595,0.010063374975198542,10.000499999999999,0.068500000000002,0.10155810000000297,9.747784999999999,10.251224999999998,9.62,10.314,empirical
PKG_F,RCP_2,Cooling_Flow,1691,10.001639266706091,0.09880587012929085,0.009878967586663548,10.001,0.06700000000000017,0.09933420000000025,9.75525,10.2605,9.72,10.33,empirical
PKG_F,RCP_3,Cooling_Flow,1674,9.998653524492234,0.09956335346592395,0.009957676123293823,9.996,0.06550000000000011,0.09711030000000016,9.73946,10.262,9.602,10.317,empirical
PKG_F,RCP_4,Cooling_Flow,1788,9.996815436241612,0.099407801890205,0.009943946902312545,9.999,0.0649999999999995,0.09636899999999926,9.743805,10.26213,9.679,10.334,empirical
PKG_F,RCP_5,Cooling_Flow,1673,10.000488942020322,0.10026538960443103,0.01002604874479019,9.999,0.06599999999999895,0.09785159999999843,9.72544,10.25824,9.665,10.305,empirical
PKG_F,RCP_6,Cooling_Flow,1695,9.998471386430678,0.10079670342054717,0.01008121136970421,9.996,0.06700000000000017,0.09933420000000025,9.74988,10.25765,9.671,10.318,empirical
PKG_F,RCP_7,Cooling_Flow,1674,9.996488649940263,0.10260449977359141,0.010264054046037911,9.998,0.06799999999999962,0.10081679999999943,9.71573,10.262175,9.479,10.384,empirical
PKG_F,RCP_8,Cooling_Flow,1724,9.999089327146171,0.10328593268527465,0.010329533951143666,9.998,0.06800000000000139,0.10081680000000207,9.71069,10.259155,9.662,10.327,empirical
PKG_F,RCP_9,Cooling_Flow,1611,9.999944134078213,0.09620928588616011,0.009620982337120687,10.003,0.06400000000000006,0.09488640000000008,9.751,10.2438,9.688,10.333,empirical
PKG_A,RCP_1,Cooling_Water_Temp,1737,22.00726137017847,0.2957960801755157,0.013440840057288642,22.001,0.21099999999999852,0.3128285999999978,21.281080000000003,22.76124,21.058,23.061,empirical
PKG_A,RCP_2,Cooling_Water_Temp,1650,21.99973393939394,0.29966118142049997,0.013621127521179248,22.0015,0.20949999999999847,0.3106046999999977,21.276735,22.72702,21.092,22.978,empirical
PKG_A,RCP_3,Cooling_Water_Temp,1632,21.99508762254902,0.3033377985524405,0.013791161179165448,21.9925,0.20250000000000057,0.30022650000000084,21.216775000000002,22.764180000000003,20.923,22.906,empirical
PKG_A,RCP_4,Cooling_Water_Temp,1602,21.987040574282148,0.2955352910973452,0.013441340143021686,21.9925,0.20649999999999835,0.3061568999999975,21.15006,22.681955,21.078,22.954,empirical
PKG_A,RCP_5,Cooling_Water_Temp,1690,21.998800591715977,0.3055281112451802,0.013888398595704895,21.991,0.20700000000000074,0.30689820000000106,21.256005,22.829105000000002,21.002,23.125,empirical
PKG_A,RCP_6,Cooling_Water_Temp,1613,21.996222566646,0.29886305350607834,0.013587017161722108,21.991,0.2029999999999994,0.3009677999999991,21.25048,22.80028,21.047,23.057,empirical
PKG_A,RCP_7,Cooling_Water_Temp,1706,22.000804220398596,0.2993133927882486,0.013604656892984516,22.005,0.19700000000000095,0.2920722000000014,21.197824999999998,22.771475,21.067,22.981,empirical
PKG_A,RCP_8,Cooling_Water_Temp,1700,21.999163529411767,0.3019319493263804,0.013724701347063158,22.002499999999998,0.20649999999999835,0.3061568999999975,21.226485,22.78407,20.986,22.927,empirical
PKG_A,RCP_9,Cooling_Water_Temp,1736,22.014830069124425,0.29713071757372117,0.013496843565939852,22.014,0.19399999999999906,0.2876243999999986,21.255375,22.7895,20.898,23.335,empirical
PKG_B,RCP_1,Cooling_Water_Temp,1765,22.009834560906516,0.2950162085671536,0.013403835805797298,22.016,0.20200000000000173,0.29948520000000256,21.209,22.7174,20.929,23.085,empirical
PKG_B,RCP_2,Cooling_Water_Temp,1749,21.981866209262435,0.2966367122748006,0.013494610032236828,21.983,0.1999999999999993,0.29651999999999895,21.220180000000003,22.76666,20.912,22.981,empirical
PKG_B,RCP_3,Cooling_Water_Temp,1673,21.986674237895993,0.2976486194051033,0.013537682697462236,21.983,0.20599999999999952,0.3054155999999993,21.21744,22.73084,20.935,22.795,empirical
PKG_B,RCP_4,Cooling_Water_Temp,1707,22.005083186877563,0.3003262413170067,0.013648039353748148,21.991,0.2029999999999994,0.3009677999999991,21.23753,22.77194,21.084,23.009,empirical
PKG_B,RCP_5,Cooling_Water_Temp,1646,21.996399149453218,0.30211182007505655,0.013734603469521345,22.002,0.2010000000000005,0.29800260000000073,21.285,22.717875,21.044,23.196,empirical
PKG_B,RCP_6,Cooling_Water_Temp,1613,22.008284562926224,0.30201261249361955,0.013722678459109487,22.011,0.2079999999999984,0.3083807999999976,21.246959999999998,22.80834,20.815,23.032,empirical
PKG_B,RCP_7,Cooling_Water_Temp,1605,21.996658566978194,0.31546128487273367,0.014341327520822195,22.0,0.21199999999999974,0.3143111999999996,21.17486,22.77578,20.575,22.961,empirical
PKG_B,RCP_8,Cooling_Water_Temp,1633,22.008287201469688,0.29192512249915414,0.013264327197604897,22.001,0.2010000000000005,0.29800260000000073,21.18244,22.73788,21.09,22.891,empirical
PKG_B,RCP_9,Cooling_Water_Temp,1640,22.003507926829265,0.29816575918325994,0.013550828357677513,22.005000000000003,0.2010000000000005,0.29800260000000073,21.23534,22.74761,20.982,22.912,empirical
PKG_C,RCP_1,Cooling_Water_Temp,1627,22.005797172710512,0.30151019543322405,0.01370139845727235,22.007,0.19500000000000028,0.2891070000000004,21.234260000000003,22.821149999999996,20.907,23.065,empirical
PKG_C,RCP_2,Cooling_Water_Temp,1738,21.987075373993093,0.3032677310734266,0.01379300002000902,21.9835,0.20250000000000057,0.30022650000000084,21.21837,22.745630000000002,21.025,22.964,empirical
PKG_C,RCP_3,Cooling_Water_Temp,1706,22.006965416178197,0.2979846961761026,0.013540471870648836,21.9985,0.20550000000000068,0.304674300000001,21.308025,22.805325,21.152,23.009,empirical
PKG_C,RCP_4,Cooling_Water_Temp,1637,21.996619425778864,0.3054000021438277,0.013883951721504768,21.995,0.1980000000000004,0.29355480000000056,21.227439999999998,22.82556,21.127,23.029,empirical
PKG_C,RCP_5,Cooling_Water_Temp,1697,21.9998750736594,0.2961709307701614,0.013462391480793855,22.004,0.1999999999999993,0.29651999999999895,21.212,22.8028,20.929,22.924,empirical
PKG_C,RCP_6,Cooling_Water_Temp,1630,22.003777914110433,0.30009126666255775,0.01363817012850858,22.003,0.19200000000000017,0.2846592000000002,21.207304999999998,22.745375,21.081,22.964,empirical
PKG_C,RCP_7,Cooling_Water_Temp,1676,21.997236873508353,0.3032256663822602,0.013784716149846984,21.991,0.19699999999999918,0.2920721999999988,21.19125,22.7775,20.946,22.93,empirical
PKG_C,RCP_8,Cooling_Water_Temp,1692,21.996396572104018,0.2935694225470251,0.013346250672682082,22.004,0.19899999999999807,0.2950373999999971,21.240275,22.746545,21.1,22.964,empirical
PKG_C,RCP_9,Cooling_Water_Temp,1784,22.00544730941704,0.2993265829814522,0.01360238575352013,22.005499999999998,0.1999999999999993,0.29651999999999895,21.22011,22.74985,20.763,22.969,empirical
PKG_D,RCP_1,Cooling_Water_Temp,1706,22.000028722157094,0.29993549804394676,0.01363341393013137,21.991,0.19599999999999795,0.29058959999999695,21.220275,22.761574999999997,20.821,23.297,empirical
PKG_D,RCP_2,Cooling_Water_Temp,1611,21.996815021725634,0.29097956949099396,0.013228259145862783,21.992,0.19200000000000017,0.2846592000000002,21.2522,22.756700000000002,20.858,23.043,empirical
PKG_D,RCP_3,Cooling_Water_Temp,1671,22.009895870736088,0.3070525963658909,0.013950661019443613,22.014,0.20800000000000196,0.3083808000000029,21.24835,22.7989,20.872,23.081,empirical
PKG_D,RCP_4,Cooling_Water_Temp,1595,22.015774294670848,0.3007070241868043,0.013658707623087943,22.013,0.19699999999999918,0.2920721999999988,21.262349999999998,22.79015,21.001,23.061,empirical
PKG_D,RCP_5,Cooling_Water_Temp,1681,22.000756097560977,0.2946742652812549,0.013393824465602014,22.001,0.2029999999999994,0.3009677999999991,21.2226,22.729,20.964,22.885,empirical
PKG_D,RCP_6,Cooling_Water_Temp,1690,22.01142899408284,0.29972669806711455,0.013616866862559796,22.001,0.20149999999999935,0.298743899999999,21.24389,22.785545000000003,20.891,22.974,empirical
PKG_D,RCP_7,Cooling_Water_Temp,1655,21.995259214501512,0.3088268688824841,0.014040610563883423,21.999,0.21199999999999974,0.3143111999999996,21.224510000000002,22.75319,20.915,22.954,empirical
PKG_D,RCP_8,Cooling_Water_Temp,1625,22.00480246153846,0.30078640727569217,0.013669125537546987,22.006,0.1999999999999993,0.29651999999999895,21.20332,22.764799999999997,20.993,23.083,empirical
PKG_D,RCP_9,Cooling_Water_Temp,1730,22.002081502890174,0.28381179818490393,0.01289931582826028,22.006,0.18650000000000055,0.27650490000000083,21.272935,22.742774999999998,21.124,22.894,empirical
PKG_E,RCP_1,Cooling_Water_Temp,1697,22.002570418385385,0.2977280478368668,0.013531512099517461,22.001,0.18900000000000006,0.28021140000000005,21.226119999999998,22.791159999999998,20.944,23.078,empirical
PKG_E,RCP_2,Cooling_Water_Temp,1692,22.005325650118202,0.2909471081347669,0.01322166791624845,22.001,0.1880000000000024,0.27872880000000355,21.22637,22.812,20.976,23.36,empirical
PKG_E,RCP_3,Cooling_Water_Temp,1680,22.000495833333332,0.30536158081725007,0.013879759035002813,22.0,0.21000000000000085,0.31134600000000123,21.210369999999998,22.83042,21.081,23.053,empirical
PKG_E,RCP_4,Cooling_Water_Temp,1731,21.998207972270365,0.2971530221489337,0.013508055861800523,22.009,0.1930000000000014,0.28614180000000206,21.1736,22.777649999999998,20.911,22.908,empirical
PKG_E,RCP_5,Cooling_Water_Temp,1670,22.00634910179641,0.3018456780301946,0.013716299629435328,22.005499999999998,0.19850000000000279,0.2942961000000041,21.265035,22.794,21.015,23.137,empirical
PKG_E,RCP_6,Cooling_Water_Temp,1666,21.996088835534213,0.30707535913451667,0.013960452761876602,21.9955,0.2134999999999998,0.3165350999999997,21.237875,22.7497,20.944,22.958,empirical
PKG_E,RCP_7,Cooling_Water_Temp,1656,22.006714975845412,0.29705579187344283,0.013498415924389056,22.011499999999998,0.2010000000000023,0.2980026000000034,21.2541,22.753975,20.929,22.957,empirical
PKG_E,RCP_8,Cooling_Water_Temp,1758,22.002391922639365,0.29753783301410713,0.013522976686364518,22.007,0.1980000000000004,0.29355480000000056,21.275925,22.788375,21.137,23.064,empirical
PKG_E,RCP_9,Cooling_Water_Temp,1697,22.009570418385387,0.2998668413549971,0.013624384104494265,22.01,0.20099999999999696,0.29800259999999545,21.24436,22.770039999999998,20.842,23.192,empirical
PKG_F,RCP_1,Cooling_Water_Temp,1758,21.99807736063709,0.29916116408030546,0.013599423221213793,21.996499999999997,0.19549999999999912,0.28984829999999867,21.24114,22.782429999999998,20.975,23.001,empirical
PKG_F,RCP_2,Cooling_Water_Temp,1691,22.00259432288587,0.300540245023847,0.01365930947112186,22.012,0.20400000000000063,0.3024504000000009,21.23025,22.713549999999998,21.079,23.105,empirical
PKG_F,RCP_3,Cooling_Water_Temp,1674,21.99141577060932,0.2935108122470977,0.013346608299742284,21.994,0.1980000000000004,0.29355480000000056,21.214585,22.690635,20.982,22.916,empirical
PKG_F,RCP_4,Cooling_Water_Temp,1788,21.996294742729308,0.3041319292176659,0.013826507272011991,21.989,0.20700000000000074,0.30689820000000106,21.304245,22.859065,21.005,23.12,empirical
PKG_F,RCP_5,Cooling_Water_Temp,1673,22.012715481171547,0.311511695166492,0.014151443307071397,22.016,0.20599999999999952,0.3054155999999993,21.22344,22.78184,20.948,23.071,empirical
PKG_F,RCP_6,Cooling_Water_Temp,1695,21.99704424778761,0.3037935626993333,0.013810653798629688,21.991,0.19699999999999918,0.2920721999999988,21.221629999999998,22.80165,20.907,22.998,empirical
PKG_F,RCP_7,Cooling_Water_Temp,1674,22.00611589008363,0.30829513800956615,0.014009520787286671,21.994500000000002,0.21050000000000324,0.3120873000000048,21.24746,22.783445,20.511,23.216,empirical
PKG_F,RCP_8,Cooling_Water_Temp,1724,22.01187180974478,0.29387791720460826,0.01335088263936313,22.018,0.1980000000000004,0.29355480000000056,21.272075,22.733385000000002,21.073,22.97,empirical
PKG_F,RCP_9,Cooling_Water_Temp,1611,22.00499565487275,0.3015207634451757,0.013702377777039344,22.004,0.19899999999999807,0.2950373999999971,21.187,22.73395,20.946,23.018,empirical
PKG_A,RCP_1,Focus,1737,0.01946056419113414,0.20614962233944376,10.593198651114214,0.0,0.142,0.21052919999999997,-0.47896,0.5426399999999999,-0.57,0.688,mentor_target
PKG_A,RCP_2,Focus,1650,0.022176363636363636,0.20623001059489587,9.29954134846214,0.0,0.136,0.2016336,-0.515795,0.5505499999999989,-0.773,0.911,mentor_target
PKG_A,RCP_3,Focus,1632,0.023888480392156863,0.20332568146388633,8.511453140847035,0.0,0.1395,0.2068227,-0.45222500000000004,0.5573650000000006,-0.626,0.644,mentor_target
PKG_A,RCP_4,Focus,1602,0.017914481897627964,0.20283315802961016,11.32230109632515,0.0,0.135,0.200151,-0.492995,0.5439749999999995,-0.703,0.773,mentor_target
PKG_A,RCP_5,Focus,1690,0.024477514792899408,0.20390647510424684,8.330358569056909,0.0,0.1375,0.2038575,-0.48511,0.5395550000000001,-0.638,0.704,mentor_target
PKG_A,RCP_6,Focus,1613,0.02517234965902046,0.20473137409228176,8.133184897934893,0.0,0.13899999999999998,0.20608139999999997,-0.46552000000000004,0.5289400000000001,-0.699,0.645,mentor_target
PKG_A,RCP_7,Focus,1706,0.01857327080890973,0.20108852946159236,10.826769906629949,0.0,0.14250000000000002,0.2112705,-0.46895,0.5539499999999998,-0.586,0.719,mentor_target
PKG_A,RCP_8,Focus,1700,0.019496470588235292,0.20776894535754714,10.656746533545443,0.0,0.1385,0.2053401,-0.49206,0.5685349999999991,-0.71,0.806,mentor_target
PKG_A,RCP_9,Focus,1736,0.02546601382488479,0.20523737293127767,8.059265746990388,0.0,0.1385,0.2053401,-0.52115,0.5613000000000002,-0.623,0.656,mentor_target
PKG_B,RCP_1,Focus,1765,0.016456657223796033,0.20235212950815182,12.296065158090201,0.0,0.135,0.200151,-0.50454,0.5435400000000002,-0.667,0.875,mentor_target
PKG_B,RCP_2,Focus,1749,0.032116638078902235,0.2096738753040771,6.528512566880845,0.0,0.144,0.21349439999999997,-0.5019,0.5485599999999999,-0.814,0.661,mentor_target
PKG_B,RCP_3,Focus,1673,0.002751942618051404,0.19917188312816578,72.37501313497424,0.0,0.135,0.200151,-0.49928,0.4999200000000003,-0.64,0.63,mentor_target
PKG_B,RCP_4,Focus,1707,0.020302284710017573,0.20645535500786635,10.169070031118071,0.0,0.134,0.1986684,-0.49941,0.5589400000000001,-0.781,0.812,mentor_target
PKG_B,RCP_5,Focus,1646,0.01890340218712029,0.20434261360053846,10.80983262048807,0.0,0.14250000000000002,0.2112705,-0.46432500000000004,0.5322000000000008,-0.57,0.736,mentor_target
PKG_B,RCP_6,Focus,1613,0.020887166769993804,0.21204875233064366,10.152107016987568,0.0,0.141,0.20904659999999997,-0.50356,0.6102200000000007,-0.661,0.727,mentor_target
PKG_B,RCP_7,Focus,1605,0.014031152647975078,0.20135342007782517,14.350454672509299,0.0,0.142,0.21052919999999997,-0.49078,0.51798,-0.596,0.795,mentor_target
PKG_B,RCP_8,Focus,1633,0.02440783833435395,0.20379501544658984,8.349572487939215,0.0,0.14500000000000002,0.214977,-0.47092,0.5283599999999997,-0.671,0.671,mentor_target
PKG_B,RCP_9,Focus,1640,0.02179817073170732,0.20918996886011895,9.596675401566339,0.0,0.14049999999999999,0.20830529999999997,-0.5018050000000001,0.566,-0.601,0.817,mentor_target
PKG_C,RCP_1,Focus,1627,0.01346220036877689,0.20206725650964574,15.00997243944636,0.0,0.13699999999999998,0.20311619999999997,-0.47769999999999996,0.5158699999999999,-0.709,0.701,mentor_target
PKG_C,RCP_2,Focus,1738,0.02054372842347526,0.2108832443828829,10.265091128341982,0.0,0.143,0.21201179999999997,-0.49226,0.565315,-0.688,0.719,mentor_target
PKG_C,RCP_3,Focus,1706,0.02494314185228605,0.20480755788834445,8.210976752697004,0.0,0.142,0.21052919999999997,-0.46785,0.5324749999999999,-0.756,0.763,mentor_target
PKG_C,RCP_4,Focus,1637,0.013957849725106903,0.20552218675647455,14.724487711512488,0.0,0.138,0.2045988,-0.5428400000000001,0.5232799999999997,-0.663,0.766,mentor_target
PKG_C,RCP_5,Focus,1697,0.014241013553329405,0.21495108102075444,15.093804960988964,0.0,0.14400000000000002,0.2134944,-0.51824,0.5567199999999999,-0.754,0.781,mentor_target
PKG_C,RCP_6,Focus,1630,0.014577300613496932,0.20416196485753416,14.005471264584012,0.0,0.1345,0.1994097,-0.50871,0.6036800000000003,-0.723,0.995,mentor_target
PKG_C,RCP_7,Focus,1676,0.016119331742243437,0.20377517920954347,12.641664212140762,0.0,0.137,0.2031162,-0.485875,0.548,-0.566,0.725,mentor_target
PKG_C,RCP_8,Focus,1692,0.02140839243498818,0.21308791743403338,9.953475866117785,0.0,0.1405,0.2083053,-0.49527,0.6075450000000001,-0.7,0.872,mentor_target
PKG_C,RCP_9,Focus,1784,0.018844730941704035,0.20092923501082735,10.662356264591928,0.0,0.137,0.2031162,-0.499425,0.524,-0.614,0.687,mentor_target
PKG_D,RCP_1,Focus,1706,0.013667643610785464,0.21006749167356145,15.369693390877721,0.0,0.13899999999999998,0.20608139999999997,-0.5038,0.5674249999999996,-0.602,0.798,mentor_target
PKG_D,RCP_2,Focus,1611,0.022748603351955308,0.20749044007665374,9.121018854057224,0.0,0.14300000000000002,0.2120118,-0.50985,0.5546000000000004,-0.676,0.751,mentor_target
PKG_D,RCP_3,Focus,1671,0.03364572112507481,0.20684271305573004,6.147667701542543,0.0,0.142,0.21052919999999997,-0.495,0.5619500000000003,-0.631,0.662,mentor_target
PKG_D,RCP_4,Focus,1595,0.012951097178683386,0.19859032088522688,15.333860764483559,0.0,0.131,0.1942206,-0.48902999999999996,0.5740599999999999,-0.626,0.725,mentor_target
PKG_D,RCP_5,Focus,1681,0.017544913741820344,0.20315405668952866,11.57908552182205,0.0,0.136,0.2016336,-0.5266000000000001,0.517,-0.653,0.653,mentor_target
PKG_D,RCP_6,Focus,1690,0.013896449704142012,0.20594556133236636,14.820012716699985,0.0,0.14450000000000002,0.2142357,-0.480665,0.5431100000000002,-0.649,0.696,mentor_target
PKG_D,RCP_7,Focus,1655,0.01977341389728097,0.20330461243030418,10.281715311601326,0.0,0.137,0.2031162,-0.488,0.55073,-0.7,0.744,mentor_target
PKG_D,RCP_8,Focus,1625,0.028478153846153847,0.20879448948416762,7.331742451147922,0.0,0.141,0.20904659999999997,-0.52216,0.6185999999999976,-0.689,0.77,mentor_target
PKG_D,RCP_9,Focus,1730,0.021227745664739884,0.2048324574112778,9.64927979853803,0.0,0.1385,0.2053401,-0.5525500000000001,0.5320650000000001,-0.743,0.747,mentor_target
PKG_E,RCP_1,Focus,1697,0.012502651738361814,0.21281355922362283,17.02147381828194,0.0,0.148,0.21942479999999998,-0.49872,0.55552,-0.647,0.723,mentor_target
PKG_E,RCP_2,Focus,1692,0.017291371158392434,0.19760276107663266,11.427824853596148,0.0,0.1335,0.1979271,-0.455815,0.5205450000000001,-0.784,0.75,mentor_target
PKG_E,RCP_3,Focus,1680,0.01876904761904762,0.19731672973853195,10.512879169121327,0.0,0.13999999999999999,0.20756399999999997,-0.46081500000000003,0.5329400000000005,-0.701,0.623,mentor_target
PKG_E,RCP_4,Focus,1731,0.01843789716926632,0.20600296040572408,11.172801242709248,0.0,0.137,0.2031162,-0.5028,0.5351999999999989,-0.689,0.68,mentor_target
PKG_E,RCP_5,Focus,1670,0.01567544910179641,0.19917257856836845,12.70602055959872,0.0,0.1345,0.1994097,-0.47862,0.53031,-0.634,0.729,mentor_target
PKG_E,RCP_6,Focus,1666,0.02231152460984394,0.20088888554514922,9.00381704334612,0.0,0.1395,0.2068227,-0.4834,0.5042499999999986,-0.58,0.681,mentor_target
PKG_E,RCP_7,Focus,1656,0.014185386473429951,0.20349151735455306,14.34515145115746,0.0,0.13849999999999998,0.20534009999999997,-0.47917499999999996,0.5593499999999995,-0.591,0.674,mentor_target
PKG_E,RCP_8,Focus,1758,0.01306598407281001,0.20749028592007324,15.880188186656019,0.0,0.14100000000000001,0.2090466,-0.51486,0.5255049999999994,-0.623,0.868,mentor_target
PKG_E,RCP_9,Focus,1697,0.02156157925751326,0.19872751417682633,9.21674204859454,0.0,0.135,0.200151,-0.49356,0.5547999999999997,-0.545,0.685,mentor_target
PKG_F,RCP_1,Focus,1758,0.023717861205915812,0.2047326422095139,8.632002710195833,0.0,0.1295,0.1919967,-0.5400750000000001,0.5866449999999997,-0.715,0.828,mentor_target
PKG_F,RCP_2,Focus,1691,0.019813128326434063,0.20893457392823853,10.545259208233386,0.0,0.139,0.2060814,-0.49,0.5796999999999993,-0.664,0.671,mentor_target
PKG_F,RCP_3,Focus,1674,0.011497610513739546,0.20814278010540577,18.103133677791305,0.0,0.1445,0.21423569999999997,-0.53154,0.5174449999999999,-0.666,0.606,mentor_target
PKG_F,RCP_4,Focus,1788,0.010946308724832217,0.20607154380728238,18.825665252780546,0.0,0.136,0.2016336,-0.519,0.5386500000000006,-0.698,0.694,mentor_target
PKG_F,RCP_5,Focus,1673,0.019518828451882846,0.20486709669139297,10.495870548605128,0.0,0.13799999999999998,0.20459879999999997,-0.45164,0.5298400000000006,-0.64,0.687,mentor_target
PKG_F,RCP_6,Focus,1695,0.021687315634218288,0.20363768592637435,9.389713755310243,0.0,0.135,0.200151,-0.51253,0.5255299999999999,-0.672,0.735,mentor_target
PKG_F,RCP_7,Focus,1674,0.015120071684587814,0.20550215910604278,13.59134820210642,0.0,0.1395,0.2068227,-0.53527,0.5207149999999999,-0.658,0.702,mentor_target
PKG_F,RCP_8,Focus,1724,0.015451856148491878,0.20173494589360433,13.055709550680351,0.0,0.1305,0.1934793,-0.520935,0.5243099999999999,-0.625,0.855,mentor_target
PKG_F,RCP_9,Focus,1611,0.023402855369335816,0.20914917786244672,8.936908533669346,0.0,0.138,0.2045988,-0.52915,0.5586000000000004,-0.636,0.692,mentor_target
PKG_A,RCP_1,CLN_Flow,1737,9.977617731721358,0.08285728449109993,0.00830431539060429,9.992,0.040000000000000924,0.05930400000000137,9.700040000000001,10.13328,9.666,10.175,empirical
PKG_A,RCP_2,CLN_Flow,1650,9.976337575757574,0.08223749043724501,0.008243254582431282,9.991,0.038000000000000256,0.056338800000000376,9.707245,10.124755,9.666,10.146,empirical
PKG_A,RCP_3,CLN_Flow,1632,9.976335784313726,0.08275614043688753,0.008295244088216138,9.992,0.03799999999999848,0.05633879999999774,9.702155,10.13069,9.642,10.144,empirical
PKG_A,RCP_4,CLN_Flow,1602,9.975448813982522,0.0850720248280032,0.008528140078144484,9.991,0.04100000000000037,0.060786600000000544,9.67305,10.139990000000001,9.598,10.159,empirical
PKG_A,RCP_5,CLN_Flow,1690,9.979905325443788,0.07856657207442465,0.007872476693152492,9.994,0.0389999999999997,0.05782139999999955,9.710445,10.129555,9.684,10.165,empirical
PKG_A,RCP_6,CLN_Flow,1613,9.97610849349039,0.08554588256222183,0.008575075403203788,9.99,0.04100000000000037,0.060786600000000544,9.70424,10.13182,9.638,10.167,empirical
PKG_A,RCP_7,CLN_Flow,1706,9.978044548651818,0.08212083441696581,0.008230153114325548,9.991,0.0389999999999997,0.05782139999999955,9.70615,10.129,9.636,10.163,empirical
PKG_A,RCP_8,CLN_Flow,1700,9.978401176470587,0.08116268984855819,0.008133837116104593,9.993,0.03999999999999915,0.05930399999999873,9.70797,10.114505000000001,9.633,10.188,empirical
PKG_A,RCP_9,CLN_Flow,1736,9.976262096774194,0.08197974637750303,0.008217481215134778,9.991,0.04100000000000037,0.060786600000000544,9.71605,10.116975,9.614,10.172,empirical
PKG_B,RCP_1,CLN_Flow,1765,9.976249291784704,0.08365739138634723,0.008385655664723402,9.992,0.041999999999999815,0.06226919999999972,9.698739999999999,10.13,9.621,10.156,empirical
PKG_B,RCP_2,CLN_Flow,1749,9.977537449971413,0.08193710541110419,0.00821215714017079,9.993,0.0389999999999997,0.05782139999999955,9.70066,10.13,9.662,10.174,empirical
PKG_B,RCP_3,CLN_Flow,1673,9.976310818888225,0.08189375766421342,0.0082088217930383,9.992,0.040000000000000924,0.05930400000000137,9.69736,10.12728,9.637,10.167,empirical
PKG_B,RCP_4,CLN_Flow,1707,9.977917398945518,0.08305250303868875,0.008323631046240757,9.993,0.04100000000000037,0.060786600000000544,9.70453,10.137,9.64,10.177,empirical
PKG_B,RCP_5,CLN_Flow,1646,9.977672539489673,0.08009275966800634,0.008027198662916115,9.99,0.03999999999999915,0.05930399999999873,9.701,10.13055,9.654,10.173,empirical
PKG_B,RCP_6,CLN_Flow,1613,9.974615003099814,0.08175077084696226,0.008195882329448961,9.989,0.040000000000000924,0.05930400000000137,9.70612,10.12194,9.62,10.158,empirical
PKG_B,RCP_7,CLN_Flow,1605,9.976509657320873,0.08455618732922787,0.008475528038724405,9.992,0.03900000000000148,0.05782140000000219,9.700019999999999,10.128,9.657,10.187,empirical
PKG_B,RCP_8,CLN_Flow,1633,9.978456215554194,0.08146575847287837,0.00816416454740678,9.992,0.0389999999999997,0.05782139999999955,9.70864,10.126,9.647,10.155,empirical
PKG_B,RCP_9,CLN_Flow,1640,9.979198780487804,0.08118112680503746,0.008135034544433551,9.994,0.038000000000000256,0.056338800000000376,9.70139,10.124805,9.618,10.169,empirical
PKG_C,RCP_1,CLN_Flow,1627,9.977848801475107,0.08166793233385343,0.008184923820631537,9.992,0.03900000000000148,0.05782140000000219,9.69726,10.126,9.65,10.172,empirical
PKG_C,RCP_2,CLN_Flow,1738,9.981923475258917,0.07792656604873739,0.0078067685293205565,9.9915,0.03950000000000031,0.05856270000000046,9.70574,10.122630000000001,9.653,10.166,empirical
PKG_C,RCP_3,CLN_Flow,1706,9.980538686987105,0.07919056027551563,0.007934497601694228,9.992,0.040000000000000924,0.05930400000000137,9.716,10.135475,9.639,10.173,empirical
PKG_C,RCP_4,CLN_Flow,1637,9.97784422724496,0.08282056073173497,0.008300446353490832,9.993,0.04100000000000037,0.060786600000000544,9.70036,10.1181,9.644,10.155,empirical
PKG_C,RCP_5,CLN_Flow,1697,9.976232763700649,0.08162352117451112,0.008181797990069465,9.991,0.038000000000000256,0.056338800000000376,9.70092,10.12252,9.674,10.153,empirical
PKG_C,RCP_6,CLN_Flow,1630,9.977478527607362,0.07991824685742938,0.00800986407901537,9.991,0.0389999999999997,0.05782139999999955,9.719289999999999,10.142420000000001,9.677,10.186,empirical
PKG_C,RCP_7,CLN_Flow,1676,9.977640214797137,0.08329441417376605,0.008348107606670159,9.993,0.040000000000000036,0.05930400000000005,9.70375,10.12925,9.645,10.172,empirical
PKG_C,RCP_8,CLN_Flow,1692,9.979478723404254,0.08177614449472757,0.008194430466888319,9.993,0.03999999999999915,0.05930399999999873,9.714,10.12918,9.679,10.189,empirical
PKG_C,RCP_9,CLN_Flow,1784,9.974057174887893,0.0831275842965636,0.00833438016636374,9.987,0.04100000000000037,0.060786600000000544,9.705915,10.137085,9.633,10.182,empirical
PKG_D,RCP_1,CLN_Flow,1706,9.976578546307152,0.08492279735232243,0.008512216583886541,9.993,0.03999999999999915,0.05930399999999873,9.690050000000001,10.120474999999999,9.639,10.145,empirical
PKG_D,RCP_2,CLN_Flow,1611,9.980840471756673,0.08101725144576923,0.008117277465262383,9.994,0.038000000000000256,0.056338800000000376,9.7151,10.126,9.672,10.216,empirical
PKG_D,RCP_3,CLN_Flow,1671,9.979847396768402,0.08061541763573751,0.008077820675077835,9.994,0.03999999999999915,0.05930399999999873,9.71335,10.1256,9.63,10.177,empirical
PKG_D,RCP_4,CLN_Flow,1595,9.974695297805642,0.08379857966598309,0.008401116742324764,9.991,0.040000000000000924,0.05930400000000137,9.705879999999999,10.11106,9.639,10.134,empirical
PKG_D,RCP_5,CLN_Flow,1681,9.976324806662701,0.08542372905378022,0.008562645133278928,9.994,0.040000000000000924,0.05930400000000137,9.693999999999999,10.125,9.644,10.187,empirical
PKG_D,RCP_6,CLN_Flow,1690,9.977035502958579,0.08172268907653993,0.008191079309310463,9.992,0.03900000000000059,0.05782140000000087,9.703335,10.121555,9.599,10.155,empirical
PKG_D,RCP_7,CLN_Flow,1655,9.97748580060423,0.0838790494179931,0.00840683225155915,9.993,0.04100000000000037,0.060786600000000544,9.710270000000001,10.13965,9.644,10.158,empirical
PKG_D,RCP_8,CLN_Flow,1625,9.978192615384616,0.08057845330826395,0.008075455787857429,9.991,0.038000000000000256,0.056338800000000376,9.70836,10.135,9.655,10.174,empirical
PKG_D,RCP_9,CLN_Flow,1730,9.976398843930635,0.08220583427559199,0.008240030852976947,9.99,0.03999999999999915,0.05930399999999873,9.70958,10.126355,9.642,10.18,empirical
PKG_E,RCP_1,CLN_Flow,1697,9.976391868002358,0.08141810044491359,0.008161076822377919,9.992,0.03999999999999915,0.05930399999999873,9.708,10.11252,9.656,10.15,empirical
PKG_E,RCP_2,CLN_Flow,1692,9.97682742316785,0.08306195847635932,0.008325488149015755,9.991,0.040000000000000924,0.05930400000000137,9.714,10.12718,9.691,10.194,empirical
PKG_E,RCP_3,CLN_Flow,1680,9.977663095238094,0.08141418057093831,0.008159644176580163,9.992,0.04150000000000009,0.061527900000000135,9.72058,10.125605,9.628,10.167,empirical
PKG_E,RCP_4,CLN_Flow,1731,9.978886770652803,0.08275485703241517,0.008292994893557799,9.992,0.03999999999999915,0.05930399999999873,9.691650000000001,10.13635,9.625,10.152,empirical
PKG_E,RCP_5,CLN_Flow,1670,9.977247305389222,0.08065926254582521,0.008084320261587284,9.99,0.0389999999999997,0.05782139999999955,9.711345,10.12031,9.613,10.164,empirical
PKG_E,RCP_6,CLN_Flow,1666,9.974591836734692,0.08633187744078177,0.008655178964099206,9.991,0.040000000000000924,0.05930400000000137,9.710325000000001,10.12735,9.674,10.17,empirical
PKG_E,RCP_7,CLN_Flow,1656,9.978897946859904,0.080673822965037,0.008084442129245637,9.993,0.038000000000000256,0.056338800000000376,9.710275000000001,10.132624999999999,9.65,10.164,empirical
PKG_E,RCP_8,CLN_Flow,1758,9.975944823663253,0.08145489670980775,0.008165131037673162,9.991,0.040000000000000924,0.05930400000000137,9.712,10.11972,9.64,10.157,empirical
PKG_E,RCP_9,CLN_Flow,1697,9.97456452563347,0.08395895920299365,0.008417305736729547,9.991,0.040000000000000924,0.05930400000000137,9.702399999999999,10.12352,9.618,10.158,empirical
PKG_F,RCP_1,CLN_Flow,1758,9.977729806598406,0.08125354213419621,0.008143489922974478,9.992,0.03999999999999915,0.05930399999999873,9.699784999999999,10.135214999999999,9.645,10.167,empirical
PKG_F,RCP_2,CLN_Flow,1691,9.975213483146067,0.08131827284547193,0.008152033335714142,9.988,0.040000000000000924,0.05930400000000137,9.7119,10.12585,9.62,10.17,empirical
PKG_F,RCP_3,CLN_Flow,1674,9.977608124253285,0.08495198506564178,0.00851426353968973,9.994,0.03999999999999915,0.05930399999999873,9.701365000000001,10.131635,9.649,10.178,empirical
PKG_F,RCP_4,CLN_Flow,1788,9.975622483221477,0.0816460901583793,0.008184560943009235,9.989,0.03799999999999848,0.05633879999999774,9.703805000000001,10.12613,9.672,10.174,empirical
PKG_F,RCP_5,CLN_Flow,1673,9.980708906156604,0.07880329227882707,0.007895560627984775,9.993,0.040000000000000924,0.05930400000000137,9.718,10.13764,9.667,10.194,empirical
PKG_F,RCP_6,CLN_Flow,1695,9.975936873156343,0.08366413374876559,0.008386594142740863,9.991,0.040000000000000924,0.05930400000000137,9.69776,10.13253,9.611,10.165,empirical
PKG_F,RCP_7,CLN_Flow,1674,9.980225806451614,0.07842618348056009,0.00785815722023667,9.992,0.038000000000000256,0.056338800000000376,9.71,10.122445,9.655,10.205,empirical
PKG_F,RCP_8,CLN_Flow,1724,9.976827726218097,0.083493289128383,0.00836872114259035,9.991,0.040000000000000924,0.05930400000000137,9.703615000000001,10.125770000000001,9.649,10.175,empirical
PKG_F,RCP_9,CLN_Flow,1611,9.978918063314712,0.08083464136706844,0.008100541647319376,9.995,0.0389999999999997,0.05782139999999955,9.713049999999999,10.1319,9.661,10.173,empirical
PKG_A,RCP_1,CLN_Pressure,1737,300.00339666090963,1.913590226243603,0.006378561868106153,299.963,1.3129999999999882,1.9466537999999824,295.05032,304.9502,293.08,306.629,empirical
PKG_A,RCP_2,CLN_Pressure,1650,300.0968884848485,1.8898926318133702,0.006297608220315782,300.09900000000005,1.3035000000000139,1.9325691000000205,295.14412999999996,305.131645,292.987,306.205,empirical
PKG_A,RCP_3,CLN_Pressure,1632,299.9970416666667,1.9361182497112346,0.006453791140588973,299.978,1.3480000000000132,1.9985448000000194,295.34279,305.42718,294.123,306.662,empirical
PKG_A,RCP_4,CLN_Pressure,1602,300.1678202247191,1.8967201462181578,0.006318865709182909,300.1605,1.2740000000000293,1.8888324000000434,295.066435,305.11744,293.275,306.695,empirical
PKG_A,RCP_5,CLN_Pressure,1690,300.10993668639054,1.8764764676973882,0.00625263024748918,300.07550000000003,1.2375000000000398,1.8347175000000588,295.453795,305.07044,294.149,306.654,empirical
PKG_A,RCP_6,CLN_Pressure,1613,300.0512814631122,2.0085681486018867,0.006694082887457411,300.062,1.396000000000015,2.069709600000022,294.61289999999997,305.5258,293.496,306.494,empirical
PKG_A,RCP_7,CLN_Pressure,1706,300.0972930832356,1.9444225162439541,0.006479307081602516,300.024,1.2764999999999986,1.892538899999998,295.01075,305.617375,293.338,308.315,empirical
PKG_A,RCP_8,CLN_Pressure,1700,300.12666058823527,1.960487709011776,0.006532201121917343,300.091,1.3559999999999945,2.010405599999992,294.996725,305.517845,292.798,307.144,empirical
PKG_A,RCP_9,CLN_Pressure,1736,300.1257805299539,1.9821042795120323,0.006604245313455202,300.079,1.3519999999999754,2.0044751999999635,295.190625,305.185025,293.058,307.423,empirical
PKG_B,RCP_1,CLN_Pressure,1765,299.97979036827195,1.9329047842584663,0.006443450013367649,299.946,1.2900000000000205,1.9125540000000303,295.023,304.9696,293.067,305.942,empirical
PKG_B,RCP_2,CLN_Pressure,1749,300.07078158947974,1.9216682473120084,0.00640404986161232,300.083,1.3179999999999836,1.9540667999999757,294.95856000000003,304.94293999999996,294.294,306.876,empirical
PKG_B,RCP_3,CLN_Pressure,1673,300.05715959354455,1.9267088342690788,0.006421139348512749,300.003,1.3009999999999877,1.9288625999999818,295.34652,305.03148,294.122,307.071,empirical
PKG_B,RCP_4,CLN_Pressure,1707,300.0575202108963,2.0043152988357313,0.00667977025680607,300.008,1.3389999999999986,1.9852013999999978,295.33405999999997,305.1944,292.785,307.601,empirical
PKG_B,RCP_5,CLN_Pressure,1646,300.1410832320778,1.9762062592468514,0.00658425776959961,300.12,1.3290000000000077,1.9703754000000113,294.861875,305.438325,293.125,307.24,empirical
PKG_B,RCP_6,CLN_Pressure,1613,300.05462182269065,1.9384604932627192,0.00646035872231357,300.056,1.3249999999999886,1.9644449999999831,295.34945999999997,305.23362000000003,294.054,306.697,empirical
PKG_B,RCP_7,CLN_Pressure,1605,300.0551190031153,1.9156420367299336,0.006384300468175131,300.039,1.3180000000000405,1.9540668000000598,295.43914,304.86876,294.504,305.697,empirical
PKG_B,RCP_8,CLN_Pressure,1633,300.0619969381506,1.9715516441136631,0.006570480981368804,299.996,1.3600000000000136,2.0163360000000203,295.13852,305.0552,293.914,307.773,empirical
PKG_B,RCP_9,CLN_Pressure,1640,299.97304390243903,1.9891764783786525,0.006631184097413757,299.906,1.3520000000000039,2.0044752000000057,294.94556,305.183385,293.451,306.215,empirical
PKG_C,RCP_1,CLN_Pressure,1627,300.08818438844503,2.0068429761811646,0.006687510807101403,300.05,1.3880000000000337,2.0578488000000497,295.12155,305.23578,294.108,306.741,empirical
PKG_C,RCP_2,CLN_Pressure,1738,300.056582278481,1.9958099085286458,0.006651445182016853,300.0475,1.391999999999996,2.0637791999999937,294.84909,305.39098,293.514,306.826,empirical
PKG_C,RCP_3,CLN_Pressure,1706,300.00821101992966,1.9679168705520673,0.006559543366702513,300.00199999999995,1.3334999999999582,1.9770470999999379,295.077525,305.1632,293.32,306.173,empirical
PKG_C,RCP_4,CLN_Pressure,1637,300.03174832009773,2.0289854764778106,0.006762569254214815,300.005,1.3050000000000068,1.93479300000001,295.03762,305.35341999999997,293.607,307.035,empirical
PKG_C,RCP_5,CLN_Pressure,1697,300.0061166764879,1.9283296731523272,0.006427634524637858,299.977,1.3100000000000023,1.9422060000000032,295.103,304.88988,293.044,306.103,empirical
PKG_C,RCP_6,CLN_Pressure,1630,300.00890429447855,1.970313732807682,0.006567517512325864,299.9715,1.319500000000005,1.9562907000000074,295.04274,305.21817,293.935,306.404,empirical
PKG_C,RCP_7,CLN_Pressure,1676,300.0705513126492,2.0495054987982444,0.006830078759254273,300.0075,1.3499999999999943,2.0015099999999912,294.664125,305.51425,293.232,307.663,empirical
PKG_C,RCP_8,CLN_Pressure,1692,300.0687293144208,1.8711374401535648,0.006235696216758835,300.0375,1.293500000000023,1.917743100000034,295.259965,304.91535999999996,293.572,305.827,empirical
PKG_C,RCP_9,CLN_Pressure,1784,300.0318094170404,1.961388460444794,0.006537268379162054,299.97249999999997,1.3709999999999525,2.0326445999999296,295.064025,304.955865,293.501,305.942,empirical
PKG_D,RCP_1,CLN_Pressure,1706,300.0315668229777,1.9626621535463482,0.0065415188619280945,299.9515,1.302500000000009,1.9310865000000135,294.995525,305.0405,292.04,307.208,empirical
PKG_D,RCP_2,CLN_Pressure,1611,300.0171477343265,1.9402507033436727,0.006467132688901564,300.005,1.288000000000011,1.909588800000016,294.7853,305.23155,293.047,307.833,empirical
PKG_D,RCP_3,CLN_Pressure,1671,299.9589718731298,1.940327095345774,0.006468641638652008,299.935,1.3170000000000073,1.9525842000000107,294.57529999999997,305.24665000000005,293.157,306.549,empirical
PKG_D,RCP_4,CLN_Pressure,1595,300.0460087774295,1.979468360098347,0.006597216100837031,300.005,1.3260000000000218,1.9659276000000323,295.07255,305.10821,292.673,307.203,empirical
PKG_D,RCP_5,CLN_Pressure,1681,300.09563355145747,1.9401348351933683,0.006465055196681804,300.061,1.3600000000000136,2.0163360000000203,295.0196,305.1176,293.328,307.757,empirical
PKG_D,RCP_6,CLN_Pressure,1690,300.1526792899408,1.9767578976130782,0.0065858412534894415,300.0625,1.3340000000000032,1.9777884000000046,295.2869,305.489295,294.327,307.883,empirical
PKG_D,RCP_7,CLN_Pressure,1655,299.9267075528701,2.0033404368600527,0.00667943329623925,299.912,1.3640000000000327,2.0222664000000483,294.88331999999997,305.14087,292.672,307.115,empirical
PKG_D,RCP_8,CLN_Pressure,1625,300.1147070769231,1.9651594018012992,0.006548027655631034,300.103,1.3379999999999654,1.9837187999999486,295.20300000000003,305.39316,294.468,306.77,empirical
PKG_D,RCP_9,CLN_Pressure,1730,300.06301329479766,1.9663222531947846,0.006553031083717627,300.11,1.3754999999999882,2.0393162999999825,295.16706,304.75435999999996,293.6,306.13,empirical
PKG_E,RCP_1,CLN_Pressure,1697,300.07121213906896,1.9509778446946362,0.006501716145267708,300.06,1.3340000000000032,1.9777884000000046,295.36456,304.955,294.358,306.114,empirical
PKG_E,RCP_2,CLN_Pressure,1692,300.07341784869976,1.9364614065797097,0.006453292065864009,300.1155,1.3714999999999975,2.0333858999999963,295.07509500000003,305.138325,293.834,306.928,empirical
PKG_E,RCP_3,CLN_Pressure,1680,300.059525,1.980900974006696,0.0066016933606980015,300.026,1.3125,1.9459125,295.29376,305.439495,293.656,307.892,empirical
PKG_E,RCP_4,CLN_Pressure,1731,300.0982224147891,1.932307005875081,0.006438915200251633,300.12,1.3600000000000136,2.0163360000000203,295.4071,305.03445,293.465,305.846,empirical
PKG_E,RCP_5,CLN_Pressure,1670,300.07009281437126,2.0241511361105666,0.006745594394716113,300.07899999999995,1.3884999999999934,2.05859009999999,294.94249,305.14129,293.29,306.652,empirical
PKG_E,RCP_6,CLN_Pressure,1666,300.0200744297719,2.0278932740145086,0.006759191956967512,300.0455,1.350999999999999,2.0029925999999985,294.6812,305.459525,292.735,306.972,empirical
PKG_E,RCP_7,CLN_Pressure,1656,300.0462717391304,1.9622043106998108,0.006539672362287549,300.035,1.3970000000000198,2.0711922000000293,295.1758,305.18379999999996,291.782,306.985,empirical
PKG_E,RCP_8,CLN_Pressure,1758,300.0481325369738,1.9766884640920235,0.006587904571772142,300.0525,1.3329999999999984,1.9763057999999976,294.9784,305.1923,294.059,306.784,empirical
PKG_E,RCP_9,CLN_Pressure,1697,300.0262510312316,1.931111404176975,0.006436474800253241,299.959,1.322999999999979,1.961479799999969,295.3122,304.6626,293.881,306.158,empirical
PKG_F,RCP_1,CLN_Pressure,1758,300.0317229806598,1.986070795409291,0.006619536013321212,300.0115,1.3075000000000045,1.9384995000000067,294.892785,305.14507999999995,293.364,306.938,empirical
PKG_F,RCP_2,CLN_Pressure,1691,299.98463157894736,1.9571352333403143,0.006524118329125978,299.932,1.3029999999999973,1.9318277999999958,294.9574,305.2134,292.661,307.855,empirical
PKG_F,RCP_3,CLN_Pressure,1674,300.03425149342894,1.9243976617380543,0.006413926583912706,300.002,1.3030000000000257,1.931827800000038,295.21971,304.89198500000003,293.372,306.042,empirical
PKG_F,RCP_4,CLN_Pressure,1788,299.97420749440715,1.9531853520843472,0.006511177638900048,299.923,1.3360000000000127,1.9807536000000188,295.046855,304.817015,294.1,305.919,empirical
PKG_F,RCP_5,CLN_Pressure,1673,300.03694979079495,1.937022463111137,0.006455946390808711,300.01,1.2819999999999823,1.9006931999999737,294.93667999999997,305.06992,293.295,306.03,empirical
PKG_F,RCP_6,CLN_Pressure,1695,300.09176932153395,1.9926243886970232,0.0066400501193420655,300.104,1.3640000000000327,2.0222664000000483,295.04669,305.11568,293.261,307.712,empirical
PKG_F,RCP_7,CLN_Pressure,1674,300.0194510155317,1.9381608163308088,0.0064601172016359445,300.044,1.3215000000000146,1.9592559000000214,294.57214999999997,304.840915,293.527,305.395,empirical
PKG_F,RCP_8,CLN_Pressure,1724,300.0452088167053,1.9773868636087895,0.006590296413687298,300.0875,1.3269999999999982,1.9674101999999971,295.06906,305.14305,293.914,306.287,empirical
PKG_F,RCP_9,CLN_Pressure,1611,300.0828801986344,1.9299451361362283,0.00643137367536174,300.13,1.3059999999999832,1.936275599999975,295.1193,304.93345000000005,293.767,306.818,empirical
PKG_A,RCP_1,CLN_Time,1737,15.011862406447898,0.5067366248642067,0.033755746698461146,15.011,0.3460000000000001,0.5129796000000001,13.70464,16.355239999999995,13.411,16.782,empirical
PKG_A,RCP_2,CLN_Time,1650,14.985316363636365,0.5030766825136018,0.03357130876024591,14.983,0.33950000000000014,0.5033427000000001,13.814245,16.305815,13.388,17.198,empirical
PKG_A,RCP_3,CLN_Time,1632,14.982318014705882,0.48825789736687353,0.03258894230436334,14.9795,0.32200000000000006,0.4773972000000001,13.775369999999999,16.271505,13.502,16.608,empirical
PKG_A,RCP_4,CLN_Time,1602,15.00207365792759,0.5054891072459057,0.033694615742590264,15.009,0.3390000000000004,0.5026014000000005,13.573080000000001,16.253895,13.134,16.879,empirical
PKG_A,RCP_5,CLN_Time,1690,14.97861124260355,0.49961130989477454,0.03335498210099304,14.973500000000001,0.35350000000000215,0.5240991000000031,13.73079,16.250870000000003,13.46,16.877,empirical
PKG_A,RCP_6,CLN_Time,1613,15.012611283323,0.5061926114116976,0.03371782575720253,15.007,0.3409999999999993,0.505566599999999,13.7523,16.354140000000005,13.45,16.677,empirical
PKG_A,RCP_7,CLN_Time,1706,14.996239742086752,0.4980930079240296,0.03321452687410285,15.015,0.3435000000000006,0.5092731000000008,13.764050000000001,16.268774999999998,13.284,16.845,empirical
PKG_A,RCP_8,CLN_Time,1700,14.996170000000001,0.5013563908512977,0.03343229576960635,14.9875,0.33550000000000146,0.49741230000000214,13.693325,16.300634999999996,13.094,16.921,empirical
PKG_A,RCP_9,CLN_Time,1736,15.010446428571427,0.5074276558750925,0.0338049676463477,15.005500000000001,0.33750000000000213,0.5003775000000031,13.624025,16.288625,13.31,16.535,empirical
PKG_B,RCP_1,CLN_Time,1765,15.014345609065156,0.5063019471281929,0.03372121305256919,15.025,0.3439999999999994,0.5100143999999991,13.700239999999999,16.285600000000002,13.173,16.858,empirical
PKG_B,RCP_2,CLN_Time,1749,14.976110920526015,0.5057337502416994,0.033769364618457046,14.969,0.3500000000000014,0.5189100000000021,13.70636,16.29338,13.469,16.542,empirical
PKG_B,RCP_3,CLN_Time,1673,15.01027316198446,0.4815726841284378,0.03208287277196831,14.999,0.3249999999999993,0.4818449999999989,13.8278,16.204279999999997,13.366,16.583,empirical
PKG_B,RCP_4,CLN_Time,1707,14.990361452841242,0.49785834060075884,0.033211897002416564,14.997,0.3290000000000006,0.4877754000000009,13.77465,16.27322,13.311,16.715,empirical
PKG_B,RCP_5,CLN_Time,1646,14.995022478736331,0.5113766033926844,0.0341030901499375,15.0035,0.3390000000000004,0.5026014000000005,13.748625,16.311825000000002,13.447,16.612,empirical
PKG_B,RCP_6,CLN_Time,1613,15.00804959702418,0.49995897600452455,0.033312721468061864,15.026,0.33999999999999986,0.5040839999999998,13.73406,16.282280000000004,13.482,16.549,empirical
PKG_B,RCP_7,CLN_Time,1605,15.0209246105919,0.4931615105469641,0.03283163475830341,15.026,0.3420000000000005,0.5070492000000008,13.85006,16.31272,13.403,16.776,empirical
PKG_B,RCP_8,CLN_Time,1633,14.990979179424372,0.5112069000554249,0.03410096791789784,14.985,0.3569999999999993,0.529288199999999,13.763599999999999,16.2664,13.337,16.512,empirical
PKG_B,RCP_9,CLN_Time,1640,14.984891463414636,0.5018804071321582,0.03349242858098044,14.993500000000001,0.3304999999999989,0.48999929999999836,13.661535,16.288805,13.32,16.533,empirical
PKG_C,RCP_1,CLN_Time,1627,14.975536570374924,0.5075640596474451,0.03389287971500963,14.994,0.34800000000000075,0.5159448000000011,13.58526,16.226849999999995,13.283,16.695,empirical
PKG_C,RCP_2,CLN_Time,1738,15.008695627157653,0.5163563734721512,0.03440381404882543,15.0055,0.3464999999999989,0.5137208999999984,13.674809999999999,16.34841,13.108,16.625,empirical
PKG_C,RCP_3,CLN_Time,1706,15.018217467760845,0.49418521010674354,0.032905716751511695,15.0305,0.3330000000000002,0.49370580000000025,13.759,16.215325,13.475,16.693,empirical
PKG_C,RCP_4,CLN_Time,1637,14.999244960293218,0.4943540751035314,0.032958597343547044,14.991,0.3309999999999995,0.49074059999999925,13.736,16.26874,13.616,16.697,empirical
PKG_C,RCP_5,CLN_Time,1697,15.013111962286388,0.5094690347437378,0.03393493874045214,15.009,0.3409999999999993,0.505566599999999,13.6552,16.28044,13.349,16.816,empirical
PKG_C,RCP_6,CLN_Time,1630,14.984851533742331,0.5059182354293444,0.03376197850810444,14.977,0.33000000000000007,0.4892580000000001,13.655624999999999,16.369130000000002,13.325,16.726,empirical
PKG_C,RCP_7,CLN_Time,1676,14.985511336515513,0.5046031754235458,0.03367273655814257,14.992,0.32950000000000035,0.48851670000000047,13.7045,16.326,13.544,16.822,empirical
PKG_C,RCP_8,CLN_Time,1692,15.02735401891253,0.505656666197706,0.03364908190499251,15.025500000000001,0.33950000000000014,0.5033427000000001,13.750825,16.278720000000003,13.371,16.657,empirical
PKG_C,RCP_9,CLN_Time,1784,15.022264573991032,0.4865310178842406,0.03238732852080115,15.016,0.33000000000000007,0.4892580000000001,13.727065,16.267765,13.419,16.506,empirical
PKG_D,RCP_1,CLN_Time,1706,15.009658851113716,0.48550006716861765,0.03234584289919378,15.0335,0.3254999999999999,0.4825862999999998,13.663525,16.141,12.913,16.741,empirical
PKG_D,RCP_2,CLN_Time,1611,15.004736188702669,0.4930130476396953,0.03285716199468362,14.997,0.3379999999999992,0.5011187999999988,13.747349999999999,16.2398,13.496,16.661,empirical
PKG_D,RCP_3,CLN_Time,1671,15.0264039497307,0.5034321082580138,0.033503166156200415,15.025,0.33500000000000085,0.49667100000000125,13.7338,16.417250000000003,13.198,16.699,empirical
PKG_D,RCP_4,CLN_Time,1595,15.021667711598747,0.5044550918598754,0.033581830030121634,15.035,0.3490000000000002,0.5174274000000003,13.68767,16.332289999999997,13.492,16.635,empirical
PKG_D,RCP_5,CLN_Time,1681,14.995980368828077,0.5159391173662575,0.034405160894897716,14.996,0.3470000000000013,0.5144622000000019,13.6422,16.333399999999994,13.312,16.711,empirical
PKG_D,RCP_6,CLN_Time,1690,14.993414792899408,0.5135517244933779,0.03425181865418585,14.981,0.3485000000000005,0.5166861000000007,13.70889,16.232210000000002,13.307,16.682,empirical
PKG_D,RCP_7,CLN_Time,1655,15.018534138972809,0.5101167669995686,0.0339658159897127,15.032,0.3539999999999992,0.5248403999999988,13.64743,16.314020000000003,12.933,16.529,empirical
PKG_D,RCP_8,CLN_Time,1625,15.013540307692308,0.5090658495407293,0.033907115784003676,15.011,0.34299999999999997,0.5085318,13.658,16.320559999999997,12.951,16.543,empirical
PKG_D,RCP_9,CLN_Time,1730,14.99439479768786,0.49467197499113535,0.03299045954608411,14.9985,0.3434999999999997,0.5092730999999995,13.796054999999999,16.22313,13.626,16.547,empirical
PKG_E,RCP_1,CLN_Time,1697,15.009621096051857,0.5047860053349866,0.03363082932638226,14.989,0.3390000000000004,0.5026014000000005,13.7766,16.4652,13.354,16.935,empirical
PKG_E,RCP_2,CLN_Time,1692,15.028338061465721,0.47455959142392556,0.03157764947015316,15.036,0.31700000000000017,0.46998420000000024,13.81493,16.285445000000003,13.547,16.535,empirical
PKG_E,RCP_3,CLN_Time,1680,15.004526785714285,0.4951397037831277,0.032999354851666975,14.9955,0.3199999999999994,0.4744319999999991,13.769345,16.315839999999998,13.222,16.861,empirical
PKG_E,RCP_4,CLN_Time,1731,14.981409589832467,0.5062161402939551,0.03378962021287451,14.975,0.34699999999999953,0.5144621999999993,13.603950000000001,16.238149999999997,13.183,16.684,empirical
PKG_E,RCP_5,CLN_Time,1670,14.996610179640719,0.5073419833729884,0.033830444166759226,14.9915,0.3440000000000003,0.5100144000000004,13.743414999999999,16.24548,13.246,16.619,empirical
PKG_E,RCP_6,CLN_Time,1666,14.994990396158462,0.5262970557572038,0.03509819225306305,14.991,0.36350000000000016,0.5389251000000002,13.625975,16.260075,13.313,16.696,empirical
PKG_E,RCP_7,CLN_Time,1656,14.976083937198068,0.5125319669244776,0.0342233636692857,14.9775,0.34450000000000003,0.5107557,13.6862,16.193175,13.49,16.71,empirical
PKG_E,RCP_8,CLN_Time,1758,14.995131399317405,0.4884343441108296,0.03257286189123115,14.987,0.3260000000000005,0.48332760000000075,13.820065,16.315225,13.602,16.784,empirical
PKG_E,RCP_9,CLN_Time,1697,14.987777253977608,0.49593213870852487,0.033089105229189966,15.005,0.3310000000000013,0.4907406000000019,13.7244,16.20368,13.05,16.597,empirical
PKG_F,RCP_1,CLN_Time,1758,15.023427758816839,0.4956585900224512,0.03299237683833922,15.009,0.3330000000000002,0.49370580000000025,13.763390000000001,16.287075,13.275,16.756,empirical
PKG_F,RCP_2,CLN_Time,1691,14.995089296274394,0.4918971626759757,0.03280388352193342,15.009,0.33000000000000007,0.4892580000000001,13.748099999999999,16.14785,13.003,16.408,empirical
PKG_F,RCP_3,CLN_Time,1674,15.015780764635604,0.4931306267382601,0.03284082489401124,15.0245,0.3329999999999993,0.4937057999999989,13.650665,16.254525,13.364,16.553,empirical
PKG_F,RCP_4,CLN_Time,1788,14.982237695749442,0.4817298827132113,0.03215340007920721,14.975,0.3230000000000004,0.4788798000000006,13.752049999999999,16.126430000000003,13.316,16.889,empirical
PKG_F,RCP_5,CLN_Time,1673,15.017597130902569,0.4913646754682143,0.03271926069032076,15.005,0.34000000000000163,0.5040840000000024,13.83532,16.254440000000002,13.502,16.639,empirical
PKG_F,RCP_6,CLN_Time,1695,14.982469616519174,0.49261066585497265,0.03287913664859607,14.978,0.33399999999999963,0.4951883999999994,13.6924,16.27154,13.487,16.468,empirical
PKG_F,RCP_7,CLN_Time,1674,14.98935842293907,0.5125187191754293,0.034192171853806144,14.971,0.3520000000000003,0.5218752000000004,13.738315,16.351274999999998,13.408,17.011,empirical
PKG_F,RCP_8,CLN_Time,1724,15.012795823665893,0.4852729073622473,0.032323953050588494,15.0215,0.3114999999999988,0.4618298999999982,13.734995,16.200385,13.134,17.094,empirical
PKG_F,RCP_9,CLN_Time,1611,15.013212911235257,0.4913376380010246,0.032727014590816075,15.016,0.33999999999999986,0.5040839999999998,13.8294,16.1522,13.392,16.525,empirical
PKG_A,RCP_1,Coating_Flow,1737,49.9944778353483,0.49633751790500824,0.009927846822195946,49.996,0.33099999999999596,0.490740599999994,48.78408,51.17948,48.293,51.653,empirical
PKG_A,RCP_2,Coating_Flow,1650,50.00956606060606,0.4902998694437798,0.009804121652437268,50.023,0.3260000000000005,0.48332760000000075,48.70543,51.29808,48.346,51.587,empirical
PKG_A,RCP_3,Coating_Flow,1632,49.98097610294117,0.49654503567276315,0.009934680640291528,49.986000000000004,0.3290000000000006,0.4877754000000009,48.74131,51.28283,48.553,51.912,empirical
PKG_A,RCP_4,Coating_Flow,1602,50.007943196004994,0.49793671965801417,0.009957152560871431,50.0145,0.3434999999999988,0.5092730999999981,48.876025,51.22098,48.386,51.748,empirical
PKG_A,RCP_5,Coating_Flow,1690,50.005573372781065,0.4897445337614145,0.009793798985374524,50.007,0.3235000000000028,0.47962110000000413,48.73901,51.271655,48.296,51.808,empirical
PKG_A,RCP_6,Coating_Flow,1613,49.997138871667694,0.5044987346451215,0.01009055210019248,49.991,0.3410000000000011,0.5055666000000015,48.68878,51.21392,48.337,51.58,empirical
PKG_A,RCP_7,Coating_Flow,1706,50.010423212192265,0.5097029348389704,0.010191934042955823,50.0185,0.34350000000000236,0.5092731000000035,48.75165,51.212599999999995,48.481,52.183,empirical
PKG_A,RCP_8,Coating_Flow,1700,50.02200352941177,0.519457430742533,0.010384578667208006,50.031,0.3549999999999969,0.5263229999999953,48.68589,51.34301,48.252,51.982,empirical
PKG_A,RCP_9,Coating_Flow,1736,49.996363479262676,0.5010401639635891,0.010021532149461406,50.009,0.3315000000000019,0.4914819000000028,48.734675,51.260200000000005,48.283,51.822,empirical
PKG_B,RCP_1,Coating_Flow,1765,50.007770538243626,0.5060388688364127,0.010119204743379184,50.011,0.33099999999999596,0.490740599999994,48.595279999999995,51.335480000000004,48.384,51.898,empirical
PKG_B,RCP_2,Coating_Flow,1749,50.01185191538022,0.5037161505489448,0.010071935576415562,49.999,0.3329999999999984,0.4937057999999976,48.78544,51.32304,48.147,51.788,empirical
PKG_B,RCP_3,Coating_Flow,1673,49.9769444112373,0.5079844494228235,0.010164375901872932,49.975,0.3429999999999964,0.5085317999999946,48.71472,51.235640000000004,48.343,51.83,empirical
PKG_B,RCP_4,Coating_Flow,1707,49.98932981839485,0.5060509518157952,0.010123179359559665,49.972,0.33899999999999864,0.502601399999998,48.74325,51.25515,48.189,51.505,empirical
PKG_B,RCP_5,Coating_Flow,1646,49.97953098420413,0.5033754669642967,0.010071632467367229,49.978,0.3509999999999991,0.5203925999999987,48.6909,51.214525,48.338,52.069,empirical
PKG_B,RCP_6,Coating_Flow,1613,50.000513329200245,0.49436863949312304,0.00988727128136127,50.003,0.3429999999999964,0.5085317999999946,48.68642,51.2587,47.996,51.884,empirical
PKG_B,RCP_7,Coating_Flow,1605,49.99261246105919,0.5012817604261071,0.01002711672282722,49.992,0.3339999999999961,0.49518839999999414,48.74164,51.18764,48.348,51.538,empirical
PKG_B,RCP_8,Coating_Flow,1633,50.0194176362523,0.5047867919974196,0.010091816655449583,50.022,0.33100000000000307,0.4907406000000045,48.65208,51.316039999999994,48.345,51.607,empirical
PKG_B,RCP_9,Coating_Flow,1640,50.01814329268293,0.507061345048704,0.010137548330845004,50.014,0.3414999999999999,0.5063078999999998,48.728365,51.319615000000006,48.36,51.609,empirical
PKG_C,RCP_1,Coating_Flow,1627,49.98365703749232,0.49676637059469614,0.009938575927369136,49.988,0.3269999999999982,0.48481019999999725,48.759170000000005,51.210609999999996,48.417,51.475,empirical
PKG_C,RCP_2,Coating_Flow,1738,50.02719620253165,0.4979714151225758,0.009954014074795896,50.025,0.33800000000000097,0.5011188000000014,48.88237,51.408725000000004,48.482,51.766,empirical
PKG_C,RCP_3,Coating_Flow,1706,49.99922215709261,0.49794949207558736,0.009959144774514277,50.0065,0.3305000000000007,0.48999930000000097,48.794624999999996,51.265950000000004,48.144,52.061,empirical
PKG_C,RCP_4,Coating_Flow,1637,49.98222846670739,0.49205136725301,0.009844526391630578,49.978,0.33200000000000074,0.4922232000000011,48.726,51.188159999999996,48.403,51.644,empirical
PKG_C,RCP_5,Coating_Flow,1697,49.997098998232175,0.5021667411809435,0.01004391757207152,49.991,0.3410000000000011,0.5055666000000015,48.72056,51.35852,48.191,51.738,empirical
PKG_C,RCP_6,Coating_Flow,1630,50.001855828220855,0.5020702671673549,0.010041032654711755,49.982,0.33349999999999724,0.49444709999999586,48.75077,51.328955,48.594,51.618,empirical
PKG_C,RCP_7,Coating_Flow,1676,49.98703639618139,0.49111714672657886,0.009824890254227921,49.994,0.3269999999999982,0.48481019999999725,48.73975,51.325625,48.616,51.776,empirical
PKG_C,RCP_8,Coating_Flow,1692,50.000799645390074,0.4951080445732782,0.009902002529652058,50.009,0.34299999999999997,0.5085318,48.708005,51.192995,48.479,51.444,empirical
PKG_C,RCP_9,Coating_Flow,1784,49.99598150224215,0.4895618231457171,0.009792023447399706,50.0005,0.33300000000000196,0.49370580000000286,48.751830000000005,51.135615,48.563,51.522,empirical
PKG_D,RCP_1,Coating_Flow,1706,49.99744196951934,0.5066627889183066,0.010133774228433342,50.006,0.33500000000000085,0.49667100000000125,48.6287,51.213699999999996,48.301,51.528,empirical
PKG_D,RCP_2,Coating_Flow,1611,49.98051210428305,0.49873648957492567,0.009978619037242452,49.963,0.3290000000000006,0.4877754000000009,48.776700000000005,51.372400000000006,48.408,51.829,empirical
PKG_D,RCP_3,Coating_Flow,1671,49.98537881508079,0.4772085593404782,0.009546962945022284,49.978,0.3200000000000003,0.4744320000000004,48.7668,51.17095,48.362,51.532,empirical
PKG_D,RCP_4,Coating_Flow,1595,49.9930382445141,0.49800336770482545,0.00996145433828425,49.984,0.3410000000000011,0.5055666000000015,48.674519999999994,51.358239999999995,48.187,51.652,empirical
PKG_D,RCP_5,Coating_Flow,1681,49.997957763236165,0.49045318450508973,0.009809464355076583,49.983,0.32499999999999574,0.48184499999999364,48.7674,51.2878,48.458,51.913,empirical
PKG_D,RCP_6,Coating_Flow,1690,50.00995798816568,0.5026135482978961,0.010050269356691604,50.019999999999996,0.3390000000000022,0.5026014000000032,48.78978,51.285555,48.33,51.62,empirical
PKG_D,RCP_7,Coating_Flow,1655,50.00571722054381,0.4936412223305993,0.009871695673385864,50.016,0.3500000000000014,0.5189100000000021,48.80659,51.2066,48.466,51.518,empirical
PKG_D,RCP_8,Coating_Flow,1625,50.01786153846154,0.51388687265347,0.010274067240126082,50.022,0.34599999999999653,0.5129795999999949,48.700720000000004,51.32808,48.402,51.93,empirical
PKG_D,RCP_9,Coating_Flow,1730,50.009956069364165,0.5020851677845478,0.010039704235855599,50.0045,0.34149999999999636,0.5063078999999946,48.743935,51.27271,48.365,51.546,empirical
PKG_E,RCP_1,Coating_Flow,1697,49.99025279905716,0.4990943463889454,0.0099838332163497,49.982,0.3509999999999991,0.5203925999999987,48.76644,51.38284,48.369,51.604,empirical
PKG_E,RCP_2,Coating_Flow,1692,50.02551773049646,0.5074015252116979,0.010142854051910725,50.0305,0.3424999999999976,0.5077904999999964,48.696185,51.31299,48.394,52.21,empirical
PKG_E,RCP_3,Coating_Flow,1680,50.00882738095238,0.5078885931713193,0.0101559788495414,50.006,0.3470000000000013,0.5144622000000019,48.622405,51.29268,47.909,51.585,empirical
PKG_E,RCP_4,Coating_Flow,1731,50.005858463316,0.4866737844196415,0.009732335357799375,50.008,0.33500000000000085,0.49667100000000125,48.7216,51.20335,48.123,51.497,empirical
PKG_E,RCP_5,Coating_Flow,1670,50.0064377245509,0.5014418712907952,0.010027546334191485,50.006,0.34850000000000136,0.516686100000002,48.69914,51.246204999999996,48.465,51.938,empirical
PKG_E,RCP_6,Coating_Flow,1666,50.01297238895558,0.5135923394376751,0.010269182472167807,50.025,0.34499999999999886,0.5114969999999983,48.778525,51.3872,48.243,51.888,empirical
PKG_E,RCP_7,Coating_Flow,1656,50.01726026570048,0.49935831018311083,0.009983719770543843,50.002,0.33850000000000335,0.5018601000000049,48.756325000000004,51.311699999999995,48.321,51.738,empirical
PKG_E,RCP_8,Coating_Flow,1758,50.00572298065984,0.508007454991021,0.010158986306177342,50.014,0.3439999999999941,0.5100143999999912,48.70212,51.313514999999995,48.394,51.679,empirical
PKG_E,RCP_9,Coating_Flow,1697,49.9923052445492,0.5002930744159487,0.01000740157847586,49.993,0.3340000000000032,0.4951884000000047,48.744440000000004,51.363279999999996,48.396,51.776,empirical
PKG_F,RCP_1,Coating_Flow,1758,50.01057565415245,0.4998590281849981,0.009995066476374265,49.9935,0.3384999999999998,0.5018600999999997,48.649065,51.21558,47.967,51.642,empirical
PKG_F,RCP_2,Coating_Flow,1691,50.0104754583087,0.500207406527809,0.010002052608854072,50.011,0.3359999999999985,0.49815359999999775,48.7265,51.3495,48.525,51.791,empirical
PKG_F,RCP_3,Coating_Flow,1674,49.98728375149343,0.5048295577497303,0.010099159623464195,49.968500000000006,0.33949999999999747,0.5033426999999963,48.677585,51.264445,48.111,51.908,empirical
PKG_F,RCP_4,Coating_Flow,1788,49.979607382550334,0.5012502959556298,0.010029096309600746,49.974000000000004,0.3494999999999955,0.5181686999999933,48.723285,51.18526,48.382,51.965,empirical
PKG_F,RCP_5,Coating_Flow,1673,49.98995337716676,0.49141184792833525,0.009830212167247006,50.0,0.3200000000000003,0.4744320000000004,48.70696,51.17148,48.261,51.934,empirical
PKG_F,RCP_6,Coating_Flow,1695,50.01361179941003,0.5043306987461335,0.01008386878293966,50.022,0.34600000000000364,0.5129796000000054,48.61349,51.25007,48.408,51.612,empirical
PKG_F,RCP_7,Coating_Flow,1674,49.98790501792114,0.5015497524203643,0.010033422129624233,49.983999999999995,0.33200000000000784,0.49222320000001163,48.63765,51.229445,48.39,51.777,empirical
PKG_F,RCP_8,Coating_Flow,1724,49.996327146171694,0.49854915534552907,0.009971715599986905,49.9985,0.3420000000000023,0.5070492000000034,48.761610000000005,51.24177,48.289,51.63,empirical
PKG_F,RCP_9,Coating_Flow,1611,49.99864307883302,0.4883088625029884,0.009766442295905316,50.003,0.33100000000000307,0.4907406000000045,48.6928,51.2468,48.346,52.021,empirical
PKG_A,RCP_1,Laser_Head_Remain_Time,1737,3028.138744962579,1160.2081549797877,0.38314233682648685,3085.0,1007.0,1492.9782,1024.0,4979.32,1002.0,4997.0,empirical
PKG_A,RCP_2,Laser_Head_Remain_Time,1650,3046.327878787879,1149.16787032572,0.37723052673600227,3046.5,984.0,1458.8783999999998,1025.715,4978.755,1001.0,4998.0,empirical
PKG_A,RCP_3,Laser_Head_Remain_Time,1632,2963.575367647059,1164.3042632274341,0.39287148757476603,2965.5,1024.5,1518.9236999999998,1010.62,4984.0,1003.0,4999.0,empirical
PKG_A,RCP_4,Laser_Head_Remain_Time,1602,3003.1260923845193,1167.7596889552528,0.3888480380216194,2990.0,1028.5,1524.8541,1019.035,4980.939999999999,1000.0,4999.0,empirical
PKG_A,RCP_5,Laser_Head_Remain_Time,1690,3065.010650887574,1161.2314062274286,0.3788670052063787,3097.5,990.0,1467.774,1014.89,4989.0,1000.0,4994.0,empirical
PKG_A,RCP_6,Laser_Head_Remain_Time,1613,3008.8307501549907,1145.10872325998,0.3805826310439672,3034.0,1016.0,1506.3216,1027.78,4970.160000000001,1001.0,4999.0,empirical
PKG_A,RCP_7,Laser_Head_Remain_Time,1706,2988.9378663540447,1154.1126983433303,0.386128032748682,2976.5,999.0,1481.1173999999999,1017.575,4977.2249999999985,1002.0,4996.0,empirical
PKG_A,RCP_8,Laser_Head_Remain_Time,1700,2993.165294117647,1158.229770650014,0.3869581719814266,2984.0,990.5,1468.5153,1018.0,4983.505,1000.0,4998.0,empirical
PKG_A,RCP_9,Laser_Head_Remain_Time,1736,2971.836405529954,1158.0738722907618,0.38968291462337334,2978.5,995.0,1475.187,1013.0,4978.3,1002.0,4996.0,empirical
PKG_B,RCP_1,Laser_Head_Remain_Time,1765,3025.5365439093484,1148.6028905933647,0.37963609889478805,3036.0,994.0,1473.7043999999999,1022.74,4969.360000000001,1003.0,4998.0,empirical
PKG_B,RCP_2,Laser_Head_Remain_Time,1749,3037.175528873642,1141.2870552639026,0.3757725045569417,3058.0,952.0,1411.4352,1014.48,4986.0,1000.0,4999.0,empirical
PKG_B,RCP_3,Laser_Head_Remain_Time,1673,2995.9485953377166,1153.8429807171503,0.38513443872593683,2982.0,992.0,1470.7392,1019.36,4968.64,1001.0,4997.0,empirical
PKG_B,RCP_4,Laser_Head_Remain_Time,1707,2940.203280609256,1154.5723807761603,0.392684542728935,2914.0,989.0,1466.2913999999998,1022.53,4980.0,1006.0,4995.0,empirical
PKG_B,RCP_5,Laser_Head_Remain_Time,1646,2999.2454434993924,1164.922232253325,0.38840510194929,3007.5,1004.0,1488.5303999999999,1020.45,4984.0,1006.0,4995.0,empirical
PKG_B,RCP_6,Laser_Head_Remain_Time,1613,2977.0018598884067,1147.1203873173126,0.3853274002859752,2933.0,980.0,1452.9479999999999,1020.06,4978.9400000000005,1000.0,4999.0,empirical
PKG_B,RCP_7,Laser_Head_Remain_Time,1605,2938.7059190031155,1149.371330709299,0.3911147839860054,2917.0,960.0,1423.2959999999998,1019.0,4958.9,1002.0,4994.0,empirical
PKG_B,RCP_8,Laser_Head_Remain_Time,1633,3030.9975505205143,1162.2402598269532,0.3834514018750564,3017.0,1018.0,1509.2867999999999,1026.32,4977.84,1004.0,4996.0,empirical
PKG_B,RCP_9,Laser_Head_Remain_Time,1640,2965.5079268292684,1145.9379462389024,0.3864221490934079,2999.5,1001.5,1484.8238999999999,1023.195,4959.610000000001,1000.0,4999.0,empirical
PKG_C,RCP_1,Laser_Head_Remain_Time,1627,3021.856177012907,1162.1047157834532,0.38456652061190716,3075.0,1001.0,1484.0826,1023.13,4978.74,1001.0,4997.0,empirical
PKG_C,RCP_2,Laser_Head_Remain_Time,1738,2976.5805523590334,1147.633530001644,0.38555433317338195,2965.5,983.0,1457.3958,1031.37,4968.0,1001.0,4993.0,empirical
PKG_C,RCP_3,Laser_Head_Remain_Time,1706,3039.488862837046,1133.9430662905886,0.3730703146028872,3047.0,982.5,1456.6544999999999,1018.525,4975.799999999999,1001.0,4998.0,empirical
PKG_C,RCP_4,Laser_Head_Remain_Time,1637,2957.07391569945,1139.794510834833,0.3854467434119693,2919.0,969.0,1436.6394,1025.36,4973.639999999999,1000.0,4993.0,empirical
PKG_C,RCP_5,Laser_Head_Remain_Time,1697,3025.130819092516,1157.6818887405052,0.3826882068815089,3032.0,1005.0,1490.013,1018.92,4958.52,1002.0,4995.0,empirical
PKG_C,RCP_6,Laser_Head_Remain_Time,1630,3020.9717791411044,1157.5141138217925,0.3831595256248592,3038.0,994.5,1474.4457,1026.725,4985.0,1003.0,4999.0,empirical
PKG_C,RCP_7,Laser_Head_Remain_Time,1676,2950.329355608592,1150.6841531955433,0.3900188807761705,2904.0,1001.0,1484.0826,1025.375,4965.75,1003.0,4989.0,empirical
PKG_C,RCP_8,Laser_Head_Remain_Time,1692,3011.76536643026,1175.2322864751254,0.3902137595360182,3008.0,1019.5,1511.5106999999998,1020.455,4982.545,1001.0,4998.0,empirical
PKG_C,RCP_9,Laser_Head_Remain_Time,1784,2951.6025784753365,1160.857311571262,0.39329729552238973,2914.0,996.5,1477.4108999999999,1019.915,4989.255,1000.0,4999.0,empirical
PKG_D,RCP_1,Laser_Head_Remain_Time,1706,2997.4208675263776,1169.122365228753,0.3900427790754562,2980.0,1017.0,1507.8041999999998,1011.0,4983.275,1000.0,4998.0,empirical
PKG_D,RCP_2,Laser_Head_Remain_Time,1611,3033.9509621353195,1145.4909796896336,0.3775575129544703,3044.0,978.0,1449.9828,1022.05,4980.700000000001,1000.0,4999.0,empirical
PKG_D,RCP_3,Laser_Head_Remain_Time,1671,3061.8252543387193,1143.3204283056434,0.3734113913540677,3102.0,989.0,1466.2913999999998,1020.8,4981.65,1000.0,4998.0,empirical
PKG_D,RCP_4,Laser_Head_Remain_Time,1595,3014.1310344827584,1174.294199406165,0.38959626704075273,2999.0,1011.0,1498.9086,1020.94,4977.12,1001.0,4994.0,empirical
PKG_D,RCP_5,Laser_Head_Remain_Time,1681,3056.772754312909,1152.7439751038314,0.3771114399908806,3040.0,987.0,1463.3262,1020.8,4981.6,1003.0,4993.0,empirical
PKG_D,RCP_6,Laser_Head_Remain_Time,1690,3027.224852071006,1140.301623221668,0.376682168964607,3043.0,985.0,1460.3609999999999,1021.445,4981.110000000001,1000.0,4999.0,empirical
PKG_D,RCP_7,Laser_Head_Remain_Time,1655,2939.537160120846,1153.2758739843205,0.39233246976095676,2907.0,1022.0,1515.2171999999998,1026.54,4974.65,1000.0,4999.0,empirical
PKG_D,RCP_8,Laser_Head_Remain_Time,1625,2947.7883076923076,1160.9375026080124,0.393833403700844,2927.0,1002.0,1485.5652,1021.24,4970.639999999999,1000.0,4996.0,empirical
PKG_D,RCP_9,Laser_Head_Remain_Time,1730,3047.663005780347,1161.6996733318385,0.38117720729900323,3051.5,1011.0,1498.9086,1027.87,4983.355,1001.0,4998.0,empirical
PKG_E,RCP_1,Laser_Head_Remain_Time,1697,3048.4378314672954,1150.225845258642,0.37731648432699294,3077.0,970.0,1438.1219999999998,1023.96,4987.0,1002.0,4999.0,empirical
PKG_E,RCP_2,Laser_Head_Remain_Time,1692,3009.2429078014184,1139.942490577618,0.37881371677319026,3020.0,982.5,1456.6544999999999,1018.0,4983.18,1004.0,4998.0,empirical
PKG_E,RCP_3,Laser_Head_Remain_Time,1680,3012.4988095238095,1139.8902672278573,0.3783869602285558,3025.5,985.5,1461.1023,1032.79,4981.605,1001.0,4997.0,empirical
PKG_E,RCP_4,Laser_Head_Remain_Time,1731,2988.8717504332753,1173.828738463138,0.39273305664352326,2970.0,1018.0,1509.2867999999999,1020.65,4987.0,1000.0,4997.0,empirical
PKG_E,RCP_5,Laser_Head_Remain_Time,1670,3002.502994011976,1173.8377655159018,0.39095307077359726,2987.5,1070.5,1587.1233,1023.0,4961.3099999999995,1003.0,4995.0,empirical
PKG_E,RCP_6,Laser_Head_Remain_Time,1666,3027.857743097239,1138.7246871321233,0.3760826246636361,3015.0,982.5,1456.6544999999999,1041.0,4970.375,1008.0,4998.0,empirical
PKG_E,RCP_7,Laser_Head_Remain_Time,1656,2964.7427536231885,1171.7172164370081,0.39521716176051425,2953.0,1011.5,1499.6499,1007.55,4977.699999999999,1000.0,4992.0,empirical
PKG_E,RCP_8,Laser_Head_Remain_Time,1758,3009.996018202503,1145.9900435152806,0.38072809285629494,3016.5,993.0,1472.2218,1018.785,4987.215,1000.0,4999.0,empirical
PKG_E,RCP_9,Laser_Head_Remain_Time,1697,3000.602828520919,1130.7353865213636,0.3768360729962834,3022.0,945.0,1401.057,1017.96,4980.04,1002.0,4998.0,empirical
PKG_F,RCP_1,Laser_Head_Remain_Time,1758,3009.5022753128555,1161.4660155789525,0.3859329248914461,3041.0,1006.0,1491.4956,1020.14,4988.215,1000.0,4999.0,empirical
PKG_F,RCP_2,Laser_Head_Remain_Time,1691,2952.7983441750443,1153.5506458092598,0.390663537212034,2949.0,986.0,1461.8436,1014.35,4976.1,1000.0,4999.0,empirical
PKG_F,RCP_3,Laser_Head_Remain_Time,1674,3010.931302270012,1140.3636612048942,0.3787411756439435,2995.0,982.0,1455.9132,1030.825,4973.445,1001.0,4998.0,empirical
PKG_F,RCP_4,Laser_Head_Remain_Time,1788,3017.8959731543623,1162.1527967165355,0.38508709612738284,3010.0,1021.5,1514.4759,1028.48,4973.13,1003.0,4999.0,empirical
PKG_F,RCP_5,Laser_Head_Remain_Time,1673,2981.4465032875073,1146.697499943565,0.38461112707511375,2997.0,972.0,1441.0872,1025.08,4975.64,1002.0,4999.0,empirical
PKG_F,RCP_6,Laser_Head_Remain_Time,1695,3044.5327433628318,1136.4893997765453,0.37328861128333224,3048.0,976.0,1447.0176,1019.0,4973.53,1006.0,4997.0,empirical
PKG_F,RCP_7,Laser_Head_Remain_Time,1674,2995.78853046595,1158.3171143696322,0.38664849090315245,2968.5,1015.5,1505.5802999999999,1021.73,4971.175,1000.0,4999.0,empirical
PKG_F,RCP_8,Laser_Head_Remain_Time,1724,3020.8921113689094,1130.0521901087307,0.37407896358028175,3041.0,984.0,1458.8783999999998,1032.0,4969.385,1007.0,4989.0,empirical
PKG_F,RCP_9,Laser_Head_Remain_Time,1611,2988.0800744878957,1156.8646368499783,0.3871598511456372,2995.0,1028.0,1524.1127999999999,1027.0,4955.0,1000.0,4993.0,empirical
PKG_A,RCP_1,Vibration,1737,0.15439654576856648,0.020992205587662387,0.13596292250688538,0.1539,0.013999999999999985,0.020756399999999977,0.100816,0.21126399999999998,0.0846,0.2429,empirical
PKG_A,RCP_2,Vibration,1650,0.15520587878787878,0.0221112432671923,0.14246395458648783,0.1545,0.014500000000000013,0.02149770000000002,0.097498,0.21285099999999998,0.0755,0.2242,empirical
PKG_A,RCP_3,Vibration,1632,0.15480821078431373,0.02185108805150526,0.14114941281731658,0.15485,0.014899999999999997,0.022090739999999994,0.097555,0.212738,0.079,0.2281,empirical
PKG_A,RCP_4,Vibration,1602,0.15499044943820225,0.02152234815845718,0.13886241530668356,0.15475,0.014899999999999997,0.022090739999999994,0.10100650000000001,0.21129899999999996,0.0826,0.2401,empirical
PKG_A,RCP_5,Vibration,1690,0.1552675147928994,0.02118202409584595,0.13642276766069958,0.15525,0.01444999999999999,0.021423569999999986,0.1022,0.2102435000000001,0.0862,0.2287,empirical
PKG_A,RCP_6,Vibration,1613,0.15540836949783013,0.021103484197939126,0.13579374306628822,0.1549,0.013899999999999996,0.020608139999999994,0.101012,0.21158200000000002,0.0767,0.2258,empirical
PKG_A,RCP_7,Vibration,1706,0.1542493552168816,0.02126361429388577,0.1378522086136967,0.154,0.014850000000000002,0.022016610000000002,0.09905749999999999,0.20668999999999996,0.0738,0.2296,empirical
PKG_A,RCP_8,Vibration,1700,0.15472088235294118,0.021761822826024547,0.14065213754651823,0.1543,0.014499999999999985,0.021497699999999977,0.100797,0.21046449999999967,0.0809,0.2295,empirical
PKG_A,RCP_9,Vibration,1736,0.15574890552995393,0.021361090133982078,0.13715082016980126,0.155,0.014500000000000013,0.02149770000000002,0.103535,0.21112250000000005,0.0957,0.2315,empirical
PKG_B,RCP_1,Vibration,1765,0.1551816430594901,0.021536385196255687,0.13878178353865958,0.1552,0.014500000000000013,0.02149770000000002,0.101064,0.21171800000000002,0.0828,0.2288,empirical
PKG_B,RCP_2,Vibration,1749,0.15599874213836476,0.02177848193297113,0.13960677909604213,0.1561,0.014800000000000008,0.02194248000000001,0.102722,0.21311199999999997,0.0914,0.2471,empirical
PKG_B,RCP_3,Vibration,1673,0.15489958158995815,0.021157988663258815,0.13659164502630552,0.1548,0.014100000000000001,0.020904660000000002,0.101896,0.2081400000000001,0.0838,0.2264,empirical
PKG_B,RCP_4,Vibration,1707,0.15435705916813122,0.02200219831334116,0.14254092706816587,0.1543,0.014700000000000019,0.021794220000000027,0.098506,0.211341,0.0851,0.2257,empirical
PKG_B,RCP_5,Vibration,1646,0.15576931956257595,0.021753658961180238,0.1396530396503486,0.1558,0.015100000000000002,0.022387260000000003,0.1015925,0.21466500000000005,0.0782,0.2359,empirical
PKG_B,RCP_6,Vibration,1613,0.15564984500929943,0.021565905572559396,0.1385539803863661,0.1558,0.014600000000000002,0.021645960000000002,0.097914,0.20969200000000007,0.0812,0.2314,empirical
PKG_B,RCP_7,Vibration,1605,0.1550072274143302,0.021624128370452113,0.1395040007563737,0.1544,0.014500000000000013,0.02149770000000002,0.100034,0.2097,0.0708,0.2225,empirical
PKG_B,RCP_8,Vibration,1633,0.15539363135333742,0.021407072511979167,0.13776029510053278,0.1556,0.01419999999999999,0.021052919999999985,0.10002,0.20971999999999996,0.0834,0.2259,empirical
PKG_B,RCP_9,Vibration,1640,0.15544939024390245,0.02175462108084409,0.139946647887848,0.155,0.01469999999999999,0.021794219999999986,0.1037585,0.21669550000000018,0.0889,0.2383,empirical
PKG_C,RCP_1,Vibration,1627,0.15509539028887523,0.020223732229268654,0.13039544367889103,0.1543,0.013600000000000001,0.02016336,0.107239,0.2066959999999999,0.0959,0.234,empirical
PKG_C,RCP_2,Vibration,1738,0.1559062140391254,0.02101683609573938,0.13480435161144444,0.1559,0.014149999999999996,0.020978789999999994,0.1065055,0.20766300000000001,0.0922,0.2323,empirical
PKG_C,RCP_3,Vibration,1706,0.15614548651817117,0.021569210300541083,0.1381353427595296,0.1554,0.014300000000000007,0.02120118000000001,0.10135,0.21123249999999993,0.0799,0.2419,empirical
PKG_C,RCP_4,Vibration,1637,0.15439981673793524,0.021260733661139637,0.13769921564884852,0.1543,0.014399999999999996,0.021349439999999994,0.10026199999999999,0.21450199999999994,0.0841,0.2211,empirical
PKG_C,RCP_5,Vibration,1697,0.1547658809664113,0.021434752278772225,0.1384979179191581,0.1547,0.014899999999999997,0.022090739999999994,0.103596,0.211952,0.0951,0.224,empirical
PKG_C,RCP_6,Vibration,1630,0.15515220858895706,0.020758956102629275,0.13379736125848996,0.1548,0.014300000000000007,0.02120118000000001,0.1042305,0.2106855,0.0982,0.2206,empirical
PKG_C,RCP_7,Vibration,1676,0.15536008353221958,0.02074478578023031,0.13352712813087617,0.15555,0.013850000000000001,0.020534010000000002,0.103925,0.21031249999999999,0.0974,0.2206,empirical
PKG_C,RCP_8,Vibration,1692,0.15554556737588654,0.021407875280890803,0.13763089261912043,0.1553,0.01444999999999999,0.021423569999999986,0.098964,0.21122700000000005,0.0869,0.2246,empirical
PKG_C,RCP_9,Vibration,1784,0.15535784753363227,0.021895018604048643,0.14093281383361567,0.1554,0.014600000000000002,0.021645960000000002,0.10333200000000001,0.2132085,0.0785,0.2259,empirical
PKG_D,RCP_1,Vibration,1706,0.15600404454865183,0.021420198241915062,0.13730540322776633,0.156,0.014399999999999996,0.021349439999999994,0.1029525,0.21055999999999986,0.0801,0.234,empirical
PKG_D,RCP_2,Vibration,1611,0.1553387337057728,0.02139372699341548,0.1377230680529259,0.155,0.014100000000000001,0.020904660000000002,0.10331,0.21157500000000004,0.0962,0.23,empirical
PKG_D,RCP_3,Vibration,1671,0.15482046678635547,0.021369751693612393,0.13802924210984058,0.1541,0.013900000000000023,0.020608140000000035,0.10191499999999999,0.21163,0.089,0.2267,empirical
PKG_D,RCP_4,Vibration,1595,0.15579134796238245,0.021658022187985747,0.1390194158485317,0.1547,0.01419999999999999,0.021052919999999985,0.099128,0.20884799999999998,0.0717,0.2345,empirical
PKG_D,RCP_5,Vibration,1681,0.15648019036287925,0.021517779889949424,0.13751120726559357,0.1562,0.014500000000000013,0.02149770000000002,0.10303999999999999,0.2128799999999998,0.0938,0.2262,empirical
PKG_D,RCP_6,Vibration,1690,0.15454544378698226,0.02089967393488385,0.135233193698618,0.1543,0.014350000000000002,0.021275310000000002,0.1034445,0.21096650000000003,0.085,0.2187,empirical
PKG_D,RCP_7,Vibration,1655,0.15455764350453172,0.021542621918773684,0.1393824428886433,0.1541,0.014400000000000024,0.021349440000000035,0.100848,0.21162200000000003,0.0896,0.2262,empirical
PKG_D,RCP_8,Vibration,1625,0.15648504615384615,0.02189236751264763,0.13990070010347472,0.1562,0.014899999999999997,0.022090739999999994,0.101952,0.21504399999999985,0.0717,0.2262,empirical
PKG_D,RCP_9,Vibration,1730,0.1554528901734104,0.021315019543845154,0.13711562081649223,0.1552,0.014300000000000007,0.02120118000000001,0.10253849999999999,0.210071,0.093,0.235,empirical
PKG_E,RCP_1,Vibration,1697,0.1548694166175604,0.021653848991196017,0.13982004623074637,0.1542,0.014500000000000013,0.02149770000000002,0.10133600000000001,0.212828,0.0706,0.2352,empirical
PKG_E,RCP_2,Vibration,1692,0.15483841607565013,0.021316756456552247,0.1376709798305959,0.1553,0.014300000000000007,0.02120118000000001,0.0983275,0.20850900000000003,0.0838,0.2323,empirical
PKG_E,RCP_3,Vibration,1680,0.15467440476190478,0.0215855313447098,0.1395546430447694,0.15485,0.01454999999999998,0.02157182999999997,0.1015765,0.2145235,0.0883,0.2316,empirical
PKG_E,RCP_4,Vibration,1731,0.1545850375505488,0.02146593863916597,0.13886168402389318,0.1547,0.014399999999999996,0.021349439999999994,0.098925,0.209335,0.0755,0.2325,empirical
PKG_E,RCP_5,Vibration,1670,0.1549936526946108,0.02095725102946808,0.13521360820343306,0.1548,0.01369999999999999,0.020311619999999985,0.1028415,0.2081275,0.072,0.2253,empirical
PKG_E,RCP_6,Vibration,1666,0.15547689075630253,0.0213916070698183,0.13758705210633468,0.1552,0.014600000000000002,0.021645960000000002,0.09865499999999999,0.21150499999999997,0.0783,0.2337,empirical
PKG_E,RCP_7,Vibration,1656,0.1549044685990338,0.021225648950574653,0.1370241229484263,0.1544,0.014399999999999996,0.021349439999999994,0.1004475,0.20850749999999993,0.0793,0.2265,empirical
PKG_E,RCP_8,Vibration,1758,0.15526564277588167,0.02190828095756171,0.1411019241982931,0.15515,0.014750000000000013,0.02186835000000002,0.0981,0.213443,0.0791,0.2345,empirical
PKG_E,RCP_9,Vibration,1697,0.15482940483205657,0.020867680090178635,0.13477853326901182,0.1539,0.014200000000000018,0.021052920000000027,0.10098,0.210256,0.0903,0.2237,empirical
PKG_F,RCP_1,Vibration,1758,0.15556899886234357,0.02162609198506252,0.1390128633803097,0.1546,0.01429999999999998,0.02120117999999997,0.1030355,0.2101794999999999,0.0763,0.2212,empirical
PKG_F,RCP_2,Vibration,1691,0.15545204021289177,0.02113116322980201,0.13593365002390997,0.1551,0.014399999999999996,0.021349439999999994,0.10321999999999999,0.20978499999999997,0.0876,0.2297,empirical
PKG_F,RCP_3,Vibration,1674,0.15624205495818397,0.021509704496481777,0.13766910901318183,0.1568,0.014200000000000004,0.021052920000000006,0.100173,0.21087949999999997,0.0779,0.2388,empirical
PKG_F,RCP_4,Vibration,1788,0.15457052572706934,0.021553026405431983,0.13943813870109317,0.1542,0.014600000000000002,0.021645960000000002,0.097918,0.2114430000000001,0.0702,0.2338,empirical
PKG_F,RCP_5,Vibration,1673,0.15485971309025703,0.02201433287816698,0.14215661671371138,0.1539,0.015100000000000002,0.022387260000000003,0.10210799999999999,0.214764,0.0943,0.2246,empirical
PKG_F,RCP_6,Vibration,1695,0.15411817109144543,0.020462356666247117,0.13277056508869325,0.1533,0.013600000000000001,0.02016336,0.101717,0.20816599999999993,0.0893,0.2464,empirical
PKG_F,RCP_7,Vibration,1674,0.15498912783751492,0.02201962313086332,0.1420720500727503,0.1548,0.015000000000000013,0.02223900000000002,0.0996015,0.21612699999999999,0.0822,0.2311,empirical
PKG_F,RCP_8,Vibration,1724,0.15518033642691414,0.02158825511234363,0.13911720782040662,0.15435,0.014700000000000005,0.021794220000000007,0.1020995,0.21247,0.0764,0.2487,empirical
PKG_F,RCP_9,Vibration,1611,0.15528050900062074,0.02106424818364043,0.13565287954817448,0.1555,0.01419999999999999,0.021052919999999985,0.09993,0.2096050000000001,0.0873,0.2204,empirical
PKG_A,RCP_1,Kerf_Width_Profile,1737,50.10057587795049,0.11464740697397513,0.0022883450931435703,50.0,0.07609999999999673,0.11282585999999514,49.798408,50.396028,49.7018,50.4748,mentor_target
PKG_A,RCP_2,Kerf_Width_Profile,1650,50.09546878787879,0.11311658781718496,0.0022580203470329617,50.0,0.07494999999999408,0.11112086999999121,49.813352,50.3900505,49.7441,50.4736,mentor_target
PKG_A,RCP_3,Kerf_Width_Profile,1632,50.09534963235294,0.11120463618758661,0.0022198594680686214,50.0,0.07335000000000491,0.10874871000000727,49.8213,50.388366000000005,49.758,50.4554,mentor_target
PKG_A,RCP_4,Kerf_Width_Profile,1602,50.09513264669163,0.1160840378743147,0.002317271793509885,50.0,0.07754999999999868,0.11497562999999802,49.7966255,50.4185795,49.7452,50.497,mentor_target
PKG_A,RCP_5,Kerf_Width_Profile,1690,50.09632739644971,0.11290764434919094,0.0022538108124307856,50.0,0.07809999999999562,0.11579105999999349,49.804169,50.367126999999996,49.6991,50.4515,mentor_target
PKG_A,RCP_6,Kerf_Width_Profile,1613,50.09362213267204,0.11276664677654291,0.00225111784645723,50.0,0.07410000000000139,0.10986066000000205,49.809452,50.375998,49.6889,50.4638,mentor_target
PKG_A,RCP_7,Kerf_Width_Profile,1706,50.09302766705744,0.11132417520385292,0.002222348705767345,50.0,0.07284999999999542,0.1080074099999932,49.8153575,50.3852575,49.7532,50.4371,mentor_target
PKG_A,RCP_8,Kerf_Width_Profile,1700,50.09460329411765,0.11581941694088128,0.0023120138562806297,50.0,0.07654999999999745,0.11349302999999622,49.807688,50.3933745,49.7255,50.4476,mentor_target
PKG_A,RCP_9,Kerf_Width_Profile,1736,50.09739919354839,0.11758805012623798,0.0023471887167623886,50.0,0.08074999999999832,0.11971994999999751,49.807559999999995,50.397725,49.7376,50.4379,mentor_target
PKG_B,RCP_1,Kerf_Width_Profile,1765,50.090242889518414,0.11441045281733613,0.002284086604844094,50.0,0.073599999999999,0.10911935999999851,49.785422000000004,50.384333999999996,49.7471,50.4812,mentor_target
PKG_B,RCP_2,Kerf_Width_Profile,1749,50.094424242424246,0.11206905110320255,0.002237156186502147,50.0,0.07229999999999848,0.10719197999999773,49.802236,50.385528,49.7279,50.4916,mentor_target
PKG_B,RCP_3,Kerf_Width_Profile,1673,50.09252109982069,0.11470405128453984,0.0022898438482656133,50.0,0.07690000000000197,0.1140119400000029,49.802372000000005,50.402192,49.7631,50.493,mentor_target
PKG_B,RCP_4,Kerf_Width_Profile,1707,50.09328037492678,0.11348466813562212,0.0022654668906934806,50.0,0.07880000000000109,0.1168288800000016,49.79596,50.403857,49.7136,50.4898,mentor_target
PKG_B,RCP_5,Kerf_Width_Profile,1646,50.093772357229646,0.11464378898986986,0.002288583662103144,50.0,0.07659999999999556,0.11356715999999341,49.789675,50.369585,49.6594,50.4883,mentor_target
PKG_B,RCP_6,Kerf_Width_Profile,1613,50.098157842529446,0.11284017313553757,0.0022523816841773176,50.0,0.07469999999999999,0.11075021999999998,49.810478,50.385166,49.7524,50.4494,mentor_target
PKG_B,RCP_7,Kerf_Width_Profile,1605,50.09557065420561,0.11069955893774233,0.0022097674004328146,50.0,0.07759999999999678,0.11504975999999523,49.818734,50.356374,49.7577,50.4566,mentor_target
PKG_B,RCP_8,Kerf_Width_Profile,1633,50.09781206368647,0.10951714167786683,0.002186066360316175,50.0,0.07280000000000086,0.10793328000000127,49.82106,50.372159999999994,49.7258,50.4434,mentor_target
PKG_B,RCP_9,Kerf_Width_Profile,1640,50.09608713414634,0.10971378621772924,0.0021900669791622604,50.0,0.0741499999999995,0.10993478999999924,49.8158825,50.374969,49.7619,50.442,mentor_target
PKG_C,RCP_1,Kerf_Width_Profile,1627,50.098931100184394,0.11139662654173312,0.002223532999515894,50.0,0.07780000000000342,0.11534628000000506,49.817051,50.388448000000004,49.7672,50.4395,mentor_target
PKG_C,RCP_2,Kerf_Width_Profile,1738,50.09833262370541,0.11275378278649165,0.0022506494104983263,50.0,0.07554999999999978,0.11201042999999967,49.8215055,50.388526,49.7544,50.5235,mentor_target
PKG_C,RCP_3,Kerf_Width_Profile,1706,50.09376488862837,0.11415020317008077,0.002278730764674341,50.0,0.07669999999999888,0.11371541999999833,49.819635,50.392155,49.7567,50.4708,mentor_target
PKG_C,RCP_4,Kerf_Width_Profile,1637,50.09442278558338,0.11134639523177679,0.0022227303767600464,50.0,0.0764999999999958,0.11341889999999376,49.829386,50.36254,49.7651,50.4766,mentor_target
PKG_C,RCP_5,Kerf_Width_Profile,1697,50.09707365939894,0.11347094474897855,0.002265021416628988,50.0,0.07609999999999673,0.11282585999999514,49.819995999999996,50.415183999999996,49.7291,50.4575,mentor_target
PKG_C,RCP_6,Kerf_Width_Profile,1630,50.09476490797546,0.11632351811753906,0.0023220693485881496,50.0,0.07635000000000147,0.11319651000000218,49.795784499999996,50.3999115,49.6574,50.547,mentor_target
PKG_C,RCP_7,Kerf_Width_Profile,1676,50.09724313842482,0.11446230875718434,0.0022848025477352307,50.0,0.07394999999999996,0.10963826999999994,49.8109125,50.409349999999996,49.7362,50.4936,mentor_target
PKG_C,RCP_8,Kerf_Width_Profile,1692,50.09648634751773,0.11362181539452197,0.002268059572208938,50.0,0.07620000000000005,0.11297412000000007,49.809041,50.374472000000004,49.6544,50.4612,mentor_target
PKG_C,RCP_9,Kerf_Width_Profile,1784,50.09045207399103,0.11540355477885031,0.002303903239052068,50.0,0.08040000000000447,0.11920104000000661,49.8007745,50.400417,49.6623,50.4681,mentor_target
PKG_D,RCP_1,Kerf_Width_Profile,1706,50.09324413833529,0.11555009061309356,0.002306700087021626,50.0,0.07549999999999812,0.11193629999999721,49.776869999999995,50.384784999999994,49.699,50.4689,mentor_target
PKG_D,RCP_2,Kerf_Width_Profile,1611,50.09704767225326,0.11381933657388181,0.002271976930028189,50.0,0.07540000000000191,0.11178804000000282,49.806625000000004,50.38368,49.6568,50.4509,mentor_target
PKG_D,RCP_3,Kerf_Width_Profile,1671,50.09789688809096,0.11414119836396806,0.0022783630741812872,50.0,0.07559999999999434,0.1120845599999916,49.81413,50.4129,49.6759,50.4928,mentor_target
PKG_D,RCP_4,Kerf_Width_Profile,1595,50.09901304075235,0.11400076297030581,0.0022755091577866707,50.0,0.07739999999999725,0.11475323999999591,49.824382,50.385321999999995,49.6849,50.4803,mentor_target
PKG_D,RCP_5,Kerf_Width_Profile,1681,50.09546204640095,0.11383554904041712,0.0022723724742767498,50.0,0.07669999999999533,0.11371541999999307,49.80992,50.362539999999996,49.6973,50.4859,mentor_target
PKG_D,RCP_6,Kerf_Width_Profile,1690,50.096169704142014,0.11356714372179824,0.002266982573568062,50.0,0.07554999999999268,0.11201042999998914,49.817367000000004,50.420655499999995,49.7385,50.493,mentor_target
PKG_D,RCP_7,Kerf_Width_Profile,1655,50.09314676737161,0.11333844544799909,0.0022625539172919876,50.0,0.07760000000000389,0.11504976000000576,49.803689,50.384484,49.7192,50.4471,mentor_target
PKG_D,RCP_8,Kerf_Width_Profile,1625,50.09655458461538,0.11029667646903053,0.0022016818797934374,50.0,0.07460000000000377,0.11060196000000559,49.821448,50.38586,49.7355,50.4788,mentor_target
PKG_D,RCP_9,Kerf_Width_Profile,1730,50.09583283236994,0.10727901011948239,0.0021414757286989934,50.0,0.07045000000000456,0.10444917000000677,49.827148,50.389917,49.7701,50.4727,mentor_target
PKG_E,RCP_1,Kerf_Width_Profile,1697,50.09456605774897,0.11515118473070952,0.0022986761597647803,50.0,0.07630000000000337,0.11312238000000498,49.809216,50.386776,49.6475,50.4586,mentor_target
PKG_E,RCP_2,Kerf_Width_Profile,1692,50.09087304964539,0.11425247103856176,0.0022809039667830385,50.0,0.07769999999999655,0.11519801999999488,49.800785999999995,50.3884345,49.6932,50.4361,mentor_target
PKG_E,RCP_3,Kerf_Width_Profile,1680,50.094149107142854,0.11117806020645135,0.0022193821471777155,50.0,0.07815000000000083,0.11586519000000123,49.802597,50.3799025,49.7237,50.4386,mentor_target
PKG_E,RCP_4,Kerf_Width_Profile,1731,50.09778336221837,0.11689452520799336,0.0023333272924037246,50.0,0.08030000000000115,0.11905278000000169,49.799144999999996,50.387229999999995,49.7382,50.4364,mentor_target
PKG_E,RCP_5,Kerf_Width_Profile,1670,50.09230694610778,0.11313205267198465,0.0022584716011122964,50.0,0.07659999999999911,0.11356715999999868,49.813121,50.408502500000004,49.7592,50.4346,mentor_target
PKG_E,RCP_6,Kerf_Width_Profile,1666,50.097982112845145,0.11270506794513797,0.0022496927658936655,50.0,0.07610000000000383,0.11282586000000568,49.806505,50.3840375,49.732,50.4605,mentor_target
PKG_E,RCP_7,Kerf_Width_Profile,1656,50.09502989130435,0.11235524259238715,0.0022428421110073063,50.0,0.0738999999999983,0.10956413999999748,49.81282,50.3849475,49.7431,50.5115,mentor_target
PKG_E,RCP_8,Kerf_Width_Profile,1758,50.09540830489192,0.11414250835376276,0.002278502406030225,50.0,0.0785499999999999,0.11645822999999984,49.811413,50.3921365,49.7518,50.4435,mentor_target
PKG_E,RCP_9,Kerf_Width_Profile,1697,50.09563830288745,0.11374002804702045,0.0022704577065038537,50.0,0.07610000000000383,0.11282586000000568,49.797475999999996,50.389848,49.6951,50.4547,mentor_target
PKG_F,RCP_1,Kerf_Width_Profile,1758,50.09651245733789,0.11226717263696326,0.0022410177301777205,50.0,0.07579999999999742,0.11238107999999618,49.812441,50.3848955,49.735,50.4112,mentor_target
PKG_F,RCP_2,Kerf_Width_Profile,1691,50.09802099349498,0.11681135002183386,0.002331655975732082,50.0,0.08009999999999451,0.11875625999999186,49.81472,50.397999999999996,49.74,50.4507,mentor_target
PKG_F,RCP_3,Kerf_Width_Profile,1674,50.09168739545998,0.11305232940337501,0.0022569079877636827,50.0,0.07380000000000209,0.10941588000000309,49.7974895,50.375543,49.6988,50.4595,mentor_target
PKG_F,RCP_4,Kerf_Width_Profile,1788,50.0962466442953,0.11316320379798989,0.002258915814621739,50.0,0.07715000000000316,0.11438259000000468,49.809247500000005,50.389956,49.7739,50.473,mentor_target
PKG_F,RCP_5,Kerf_Width_Profile,1673,50.09824859533772,0.11352543019498437,0.002266055867780363,50.0,0.0771000000000015,0.11430846000000222,49.795724,50.388744,49.6951,50.479,mentor_target
PKG_F,RCP_6,Kerf_Width_Profile,1695,50.09476908554572,0.11136696242073324,0.0022231255768552275,50.0,0.07589999999999719,0.11252933999999583,49.822846999999996,50.38222,49.7149,50.4835,mentor_target
PKG_F,RCP_7,Kerf_Width_Profile,1674,50.09804384707288,0.11541614345285874,0.0023038053901899454,50.0,0.07760000000000034,0.11504976000000049,49.8080855,50.398644499999996,49.727,50.4575,mentor_target
PKG_F,RCP_8,Kerf_Width_Profile,1724,50.092068387471,0.11349958953067348,0.0022658195835063965,50.0,0.07910000000000039,0.11727366000000057,49.8110615,50.398473,49.7559,50.4886,mentor_target
PKG_F,RCP_9,Kerf_Width_Profile,1611,50.09647411545624,0.11582122846488313,0.002311963676284932,50.0,0.07930000000000348,0.11757018000000515,49.80459,50.372925,49.6852,50.566,mentor_target
PKG_A,RCP_1,Top_Kerf,1737,50.09919959700633,0.0968309897792786,0.0019327851653954313,50.0976,0.06589999999999918,0.09770333999999878,49.856732,50.341291999999996,49.8065,50.4469,empirical
PKG_A,RCP_2,Top_Kerf,1650,50.09757551515151,0.09540651630805974,0.0019044138429254924,50.097750000000005,0.06344999999999956,0.09407096999999935,49.8519495,50.3515975,49.781,50.4084,empirical
PKG_A,RCP_3,Top_Kerf,1632,50.09497175245098,0.09374800532613486,0.0018714054933377238,50.09335,0.06274999999999764,0.0930331499999965,49.8684875,50.325160499999996,49.7774,50.4317,empirical
PKG_A,RCP_4,Top_Kerf,1602,50.09569026217229,0.09813535881449756,0.0019589581119835464,50.09555,0.06739999999999924,0.09992723999999886,49.862427000000004,50.3428915,49.7854,50.4261,empirical
PKG_A,RCP_5,Top_Kerf,1690,50.0942350295858,0.09718078112060918,0.0019399593798211296,50.0912,0.06425000000000125,0.09525705000000186,49.870034000000004,50.3425425,49.7462,50.4134,empirical
PKG_A,RCP_6,Top_Kerf,1613,50.09278784872908,0.0982853424958456,0.001962065732748776,50.0957,0.06909999999999883,0.10244765999999826,49.856396,50.336582,49.7072,50.3954,empirical
PKG_A,RCP_7,Top_Kerf,1706,50.09015633059789,0.09226052414081887,0.0018418893231615038,50.0884,0.06440000000000268,0.09547944000000397,49.8604225,50.319359999999996,49.79,50.3949,empirical
PKG_A,RCP_8,Top_Kerf,1700,50.09225376470588,0.09650218198396773,0.0019264891221956052,50.08865,0.06460000000000221,0.09577596000000327,49.855279,50.352413000000006,49.777,50.4884,empirical
PKG_A,RCP_9,Top_Kerf,1736,50.094943605990785,0.09714610817594761,0.0019392397951383269,50.0948,0.06484999999999985,0.09614660999999977,49.83773,50.338455,49.7201,50.4397,empirical
PKG_B,RCP_1,Top_Kerf,1765,50.090930254957506,0.09706076422839209,0.001937691389126996,50.0901,0.06499999999999773,0.09636899999999662,49.845458,50.33753,49.7389,50.4943,empirical
PKG_B,RCP_2,Top_Kerf,1749,50.09446992567181,0.09483503887514344,0.0018931239119977896,50.0942,0.06199999999999761,0.09192119999999646,49.85498,50.324571999999996,49.7764,50.4005,empirical
PKG_B,RCP_3,Top_Kerf,1673,50.0921977286312,0.09637071890021841,0.0019238668549201184,50.0916,0.06439999999999912,0.0954794399999987,49.850044,50.342264,49.744,50.417,empirical
PKG_B,RCP_4,Top_Kerf,1707,50.08929847685999,0.09836875956405575,0.0019638677832451512,50.0865,0.06629999999999825,0.0982963799999974,49.863,50.366869,49.7122,50.4377,empirical
PKG_B,RCP_5,Top_Kerf,1646,50.09499653705954,0.09715510836917204,0.0019394174086287865,50.09265,0.06390000000000029,0.09473814000000043,49.8404525,50.35275,49.6824,50.5814,empirical
PKG_B,RCP_6,Top_Kerf,1613,50.09406367017979,0.09744635761447241,0.001945267572143098,50.0921,0.06709999999999638,0.09948245999999464,49.855588,50.35017,49.8017,50.439,empirical
PKG_B,RCP_7,Top_Kerf,1605,50.093801993769475,0.09661539498001925,0.001928689601001657,50.0892,0.0636999999999972,0.09444161999999585,49.867562,50.362452,49.7326,50.4045,empirical
PKG_B,RCP_8,Top_Kerf,1633,50.0962028781384,0.0941893966899624,0.0018801703777646178,50.0937,0.06470000000000198,0.09592422000000293,49.867368,50.346488,49.7655,50.4312,empirical
PKG_B,RCP_9,Top_Kerf,1640,50.096556585365846,0.09699485116467715,0.0019361580470984145,50.09315,0.06650000000000134,0.09859290000000198,49.87318,50.347066,49.8124,50.4877,empirical
PKG_C,RCP_1,Top_Kerf,1627,50.09627984019668,0.09533632154577037,0.0019030619010011519,50.0922,0.06330000000000524,0.09384858000000776,49.869539,50.332801,49.8148,50.4299,empirical
PKG_C,RCP_2,Top_Kerf,1738,50.097237974683544,0.09577047076538017,0.0019116916348517544,50.0965,0.06540000000000035,0.09696204000000051,49.848373,50.345571,49.7894,50.4938,empirical
PKG_C,RCP_3,Top_Kerf,1706,50.09640615474795,0.09920954453827945,0.001980372488833248,50.094049999999996,0.0671500000000016,0.09955659000000236,49.8397575,50.3548825,49.766,50.4101,empirical
PKG_C,RCP_4,Top_Kerf,1637,50.092196762370186,0.09826605983963255,0.0019617039417494883,50.0922,0.06609999999999872,0.09799985999999809,49.85349,50.335767999999995,49.7489,50.4006,empirical
PKG_C,RCP_5,Top_Kerf,1697,50.09572905126694,0.09910204657563328,0.0019782534050799875,50.0959,0.06589999999999918,0.09770333999999878,49.844784,50.361116,49.771,50.4178,empirical
PKG_C,RCP_6,Top_Kerf,1630,50.09324343558282,0.09722925110883733,0.0019409653765755624,50.0912,0.06400000000000006,0.09488640000000008,49.849959000000005,50.344392500000005,49.7594,50.4493,empirical
PKG_C,RCP_7,Top_Kerf,1676,50.09391622911695,0.09694943454629645,0.0019353534689297233,50.09225,0.06654999999999944,0.09866702999999917,49.8494875,50.3417625,49.7594,50.4775,empirical
PKG_C,RCP_8,Top_Kerf,1692,50.09506447990544,0.0996648862622231,0.001989515080915836,50.0931,0.0683000000000007,0.10126158000000102,49.8316365,50.353452000000004,49.7829,50.4401,empirical
PKG_C,RCP_9,Top_Kerf,1784,50.0929158632287,0.09698622362020866,0.001936126535037713,50.09135,0.0636499999999991,0.09436748999999865,49.851449,50.3542545,49.7862,50.4214,empirical
PKG_D,RCP_1,Top_Kerf,1706,50.09216359906214,0.09701832928223729,0.0019367965428439536,50.093,0.06529999999999703,0.09681377999999559,49.85013,50.358332499999996,49.7436,50.4598,empirical
PKG_D,RCP_2,Top_Kerf,1611,50.097689199255115,0.10147452402513939,0.0020255330265142885,50.0965,0.06960000000000122,0.1031889600000018,49.866595000000004,50.351955,49.7942,50.4093,empirical
PKG_D,RCP_3,Top_Kerf,1671,50.09819263913824,0.09610985630370855,0.001918429612740652,50.0947,0.06380000000000052,0.09458988000000076,49.867940000000004,50.345780000000005,49.8004,50.5483,empirical
PKG_D,RCP_4,Top_Kerf,1595,50.09695435736677,0.09712058046610425,0.001938652393382925,50.0955,0.06880000000000308,0.10200288000000456,49.867661,50.340627000000005,49.8257,50.4329,empirical
PKG_D,RCP_5,Top_Kerf,1681,50.09393242117787,0.09440073642470796,0.0018844744635140446,50.0961,0.06099999999999994,0.09043859999999991,49.85496,50.33112,49.7566,50.4001,empirical
PKG_D,RCP_6,Top_Kerf,1690,50.09598597633136,0.09527337736410404,0.0019018165928327562,50.0944,0.0627500000000012,0.09303315000000177,49.855048499999995,50.3634765,49.7943,50.483,empirical
PKG_D,RCP_7,Top_Kerf,1655,50.09271178247734,0.09986515031191266,0.0019936063901983834,50.0936,0.06820000000000448,0.10111332000000664,49.837302,50.364712000000004,49.7692,50.453,empirical
PKG_D,RCP_8,Top_Kerf,1625,50.095089907692305,0.09663389067327274,0.001929009227278265,50.0941,0.06510000000000105,0.09651726000000155,49.854200000000006,50.357264,49.7373,50.4519,empirical
PKG_D,RCP_9,Top_Kerf,1730,50.09407566473988,0.095316221158294,0.0019027443843101987,50.0912,0.06214999999999904,0.09214358999999857,49.869948,50.3719495,49.8259,50.4572,empirical
PKG_E,RCP_1,Top_Kerf,1697,50.0914362993518,0.09699273625776605,0.0019363137379037618,50.0927,0.06710000000000349,0.09948246000000517,49.858724,50.340388,49.7727,50.3926,empirical
PKG_E,RCP_2,Top_Kerf,1692,50.08989143026005,0.09603087138448635,0.0019171706833940683,50.08535,0.06500000000000128,0.0963690000000019,49.867564,50.3415995,49.7823,50.4634,empirical
PKG_E,RCP_3,Top_Kerf,1680,50.09257625,0.09555882160930312,0.0019076443809236728,50.0913,0.06499999999999417,0.09636899999999135,49.8526195,50.332442,49.7399,50.462,empirical
PKG_E,RCP_4,Top_Kerf,1731,50.09957833622184,0.09862684165363614,0.001968616202550536,50.0974,0.06669999999999732,0.09888941999999602,49.87532,50.352945,49.8163,50.4492,empirical
PKG_E,RCP_5,Top_Kerf,1670,50.09387293413174,0.09621385580832095,0.0019206711354666512,50.09185,0.06489999999999796,0.09622073999999697,49.841363,50.341975,49.7773,50.4531,empirical
PKG_E,RCP_6,Top_Kerf,1666,50.095257743097235,0.09639768213078884,0.0019242875767830885,50.09135,0.06310000000000215,0.09355206000000318,49.8626475,50.356045,49.8258,50.4588,empirical
PKG_E,RCP_7,Top_Kerf,1656,50.09403985507246,0.09607476220773026,0.001917888085801925,50.093450000000004,0.06839999999999691,0.10140983999999541,49.8637675,50.3364425,49.7592,50.4419,empirical
PKG_E,RCP_8,Top_Kerf,1758,50.095715301478954,0.09641410377722795,0.0019245978063593305,50.09315,0.06474999999999653,0.09599834999999485,49.8621925,50.348402,49.7891,50.4939,empirical
PKG_E,RCP_9,Top_Kerf,1697,50.09420766057749,0.09470823287995314,0.0018906024728780257,50.0922,0.06490000000000151,0.09622074000000223,49.855196,50.354112,49.7818,50.4687,empirical
PKG_F,RCP_1,Top_Kerf,1758,50.09619590443686,0.09787182844891418,0.0019536778528176824,50.095749999999995,0.06714999999999804,0.0995565899999971,49.8670915,50.37203,49.72,50.4249,empirical
PKG_F,RCP_2,Top_Kerf,1691,50.09821833234772,0.09766252444759839,0.001949421111140375,50.0956,0.06589999999999918,0.09770333999999878,49.87111,50.35184,49.7651,50.3993,empirical
PKG_F,RCP_3,Top_Kerf,1674,50.09078321385902,0.09625574918844389,0.0019216259561661642,50.08905,0.06604999999999706,0.09792572999999563,49.854872,50.3467305,49.8053,50.4568,empirical
PKG_F,RCP_4,Top_Kerf,1788,50.097703299776285,0.09818405090158273,0.0019598513391734904,50.0972,0.06564999999999799,0.09733268999999702,49.854198499999995,50.354104,49.7966,50.4375,empirical
PKG_F,RCP_5,Top_Kerf,1673,50.09624913329348,0.09905453031951643,0.0019772843682559407,50.0952,0.06770000000000209,0.1003720200000031,49.860664,50.379628,49.7577,50.4136,empirical
PKG_F,RCP_6,Top_Kerf,1695,50.09177262536873,0.096754578675013,0.001931546311978828,50.0918,0.06550000000000011,0.09711030000000016,49.862303999999995,50.334701,49.797,50.4418,empirical
PKG_F,RCP_7,Top_Kerf,1674,50.09481391875747,0.09786070887602119,0.00195350977917054,50.09195,0.06610000000000227,0.09799986000000335,49.849498000000004,50.352543,49.7303,50.4982,empirical
PKG_F,RCP_8,Top_Kerf,1724,50.09080133410673,0.09576522749321109,0.0019118326108311773,50.08725,0.06390000000000029,0.09473814000000043,49.8679295,50.3556625,49.7771,50.4267,empirical
PKG_F,RCP_9,Top_Kerf,1611,50.091378088144005,0.09555328511343755,0.0019075794829460642,50.0891,0.06390000000000384,0.09473814000000569,49.86811,50.35852,49.8125,50.4845,empirical
PKG_A,RCP_1,Bottom_Kerf,1737,50.10080782959125,0.10150559323059562,0.002026027076765875,50.0963,0.0694999999999979,0.10304069999999688,49.848448,50.364247999999996,49.6824,50.4211,empirical
PKG_A,RCP_2,Bottom_Kerf,1650,50.09723193939394,0.09949416811379608,0.001986021268284064,50.09685,0.06684999999999519,0.09911180999999286,49.8466165,50.374703,49.7976,50.4775,empirical
PKG_A,RCP_3,Bottom_Kerf,1632,50.096064522058825,0.09792929692119498,0.001954830141958032,50.09415,0.06489999999999796,0.09622073999999697,49.837953,50.3571405,49.7518,50.4785,empirical
PKG_A,RCP_4,Bottom_Kerf,1602,50.09604531835206,0.0986446605905026,0.001969110734462813,50.09325,0.0642499999999977,0.09525704999999658,49.856623,50.354296000000005,49.7756,50.431,empirical
PKG_A,RCP_5,Bottom_Kerf,1690,50.09475065088757,0.094013266338597,0.0018767089389021899,50.09385,0.06585000000000107,0.09762921000000159,49.868545499999996,50.3536185,49.8115,50.4738,empirical
PKG_A,RCP_6,Bottom_Kerf,1613,50.09818084314941,0.09724503890607758,0.0019410892225915064,50.0964,0.0642999999999958,0.09533117999999377,49.875136000000005,50.375040000000006,49.765,50.499,empirical
PKG_A,RCP_7,Bottom_Kerf,1706,50.09339355216882,0.0950926196724664,0.0018983066015169044,50.0925,0.06354999999999933,0.094219229999999,49.8708775,50.33729,49.7966,50.4075,empirical
PKG_A,RCP_8,Bottom_Kerf,1700,50.09315447058823,0.1008058002690179,0.0020123667861285353,50.0916,0.0680499999999995,0.10089092999999925,49.843596999999995,50.3688995,49.7459,50.4326,empirical
PKG_A,RCP_9,Bottom_Kerf,1736,50.09593260368664,0.09823319058126811,0.001960901523850241,50.0939,0.06810000000000116,0.10096506000000172,49.854505,50.3470325,49.7918,50.5373,empirical
PKG_B,RCP_1,Bottom_Kerf,1765,50.094158356940504,0.09892652983176435,0.0019748116961437715,50.0948,0.06759999999999877,0.10022375999999818,49.853166,50.367262000000004,49.793,50.4486,empirical
PKG_B,RCP_2,Bottom_Kerf,1749,50.096503659233846,0.09793502141265194,0.0019549272755405244,50.0944,0.06410000000000338,0.095034660000005,49.856784,50.35971,49.8141,50.4761,empirical
PKG_B,RCP_3,Bottom_Kerf,1673,50.09485875672444,0.09804224456338922,0.0019571318693503374,50.0971,0.06689999999999685,0.09918593999999532,49.85766,50.364148,49.7931,50.4617,empirical
PKG_B,RCP_4,Bottom_Kerf,1707,50.09575213825425,0.0973940667785607,0.0019441581894962387,50.0917,0.06569999999999965,0.09740681999999948,49.85672,50.364714,49.8068,50.6101,empirical
PKG_B,RCP_5,Bottom_Kerf,1646,50.09661415552855,0.09736324415906097,0.0019435094726519794,50.09385,0.06559999999999988,0.09725855999999981,49.869475,50.3474375,49.7573,50.4505,empirical
PKG_B,RCP_6,Bottom_Kerf,1613,50.09459882207067,0.09541772951895193,0.0019047508466504136,50.0932,0.06430000000000291,0.0953311800000043,49.852568000000005,50.346746,49.7703,50.5139,empirical
PKG_B,RCP_7,Bottom_Kerf,1605,50.09301102803738,0.09492435029304074,0.0018949619586634743,50.0927,0.062199999999997146,0.09221771999999577,49.872708,50.371689999999994,49.7402,50.4204,empirical
PKG_B,RCP_8,Bottom_Kerf,1633,50.10023900796081,0.09508364933483053,0.0018978681782280912,50.0967,0.06260000000000332,0.09281076000000492,49.865964,50.367764,49.8125,50.472,empirical
PKG_B,RCP_9,Bottom_Kerf,1640,50.09497152439024,0.0956217762226493,0.0019088098727851948,50.093900000000005,0.06494999999999962,0.09629486999999944,49.8652625,50.3526395,49.7961,50.408,empirical
PKG_C,RCP_1,Bottom_Kerf,1627,50.09957258758451,0.0945132243016849,0.0018865075971747276,50.0966,0.0660000000000025,0.0978516000000037,49.863869,50.338761,49.8285,50.425,empirical
PKG_C,RCP_2,Bottom_Kerf,1738,50.0995919447641,0.0974294890430561,0.0019447162194549258,50.1006,0.06615000000000038,0.09807399000000055,49.8585755,50.367268,49.7883,50.4355,empirical
PKG_C,RCP_3,Bottom_Kerf,1706,50.09833546307151,0.09941484593395825,0.0019843941922429525,50.094049999999996,0.067499999999999,0.10007549999999851,49.856395,50.3789625,49.762,50.4379,empirical
PKG_C,RCP_4,Bottom_Kerf,1637,50.09404392180819,0.0987798992278077,0.001971889100867825,50.0906,0.06640000000000157,0.09844464000000232,49.860867999999996,50.377804,49.7984,50.4317,empirical
PKG_C,RCP_5,Bottom_Kerf,1697,50.09537118444313,0.0995184351726916,0.001986579454742049,50.0948,0.06649999999999778,0.09859289999999671,49.851296,50.35834,49.7451,50.4576,empirical
PKG_C,RCP_6,Bottom_Kerf,1630,50.09615527607362,0.09750018724581251,0.0019462608798719429,50.09505,0.06469999999999843,0.09592421999999766,49.852945,50.3486645,49.7685,50.4158,empirical
PKG_C,RCP_7,Bottom_Kerf,1676,50.097214498806686,0.09551136157368456,0.0019065204029649122,50.095600000000005,0.06415000000000504,0.09510879000000746,49.86555,50.3587,49.7623,50.467,empirical
PKG_C,RCP_8,Bottom_Kerf,1692,50.100277245862884,0.09903563179706555,0.0019767481786788633,50.099999999999994,0.06680000000000064,0.09903768000000093,49.858575,50.3510535,49.816,50.4357,empirical
PKG_C,RCP_9,Bottom_Kerf,1784,50.09421121076233,0.09715553787314143,0.0019394563867744536,50.0955,0.06530000000000058,0.09681378000000085,49.8419575,50.356927,49.8067,50.4323,empirical
PKG_D,RCP_1,Bottom_Kerf,1706,50.09601975381008,0.0987994889520324,0.001972202371317497,50.09785,0.067499999999999,0.10007549999999851,49.848262500000004,50.35138,49.7121,50.4214,empirical
PKG_D,RCP_2,Bottom_Kerf,1611,50.0966747361887,0.0995447809643682,0.001987053661516965,50.0977,0.06729999999999592,0.09977897999999394,49.857035,50.361375,49.8086,50.4622,empirical
PKG_D,RCP_3,Bottom_Kerf,1671,50.09720293237582,0.0974391130495095,0.0019450010648506386,50.0942,0.06839999999999691,0.10140983999999541,49.859175,50.355525,49.7904,50.4857,empirical
PKG_D,RCP_4,Bottom_Kerf,1595,50.09612514106583,0.10011410623460575,0.0019984401179271674,50.096,0.06700000000000017,0.09933420000000025,49.847582,50.357829,49.8091,50.4796,empirical
PKG_D,RCP_5,Bottom_Kerf,1681,50.094428673408686,0.09857471470781505,0.0019677780008326724,50.0925,0.06419999999999959,0.0951829199999994,49.83618,50.36458,49.8071,50.4696,empirical
PKG_D,RCP_6,Bottom_Kerf,1690,50.09503378698224,0.09873593881277767,0.0019709725964579612,50.0911,0.06709999999999994,0.0994824599999999,49.851380999999996,50.361131,49.8136,50.4444,empirical
PKG_D,RCP_7,Bottom_Kerf,1655,50.09742888217523,0.10014885209142986,0.0019990816759672676,50.0932,0.06970000000000454,0.10333722000000672,49.859377,50.360552,49.8127,50.5263,empirical
PKG_D,RCP_8,Bottom_Kerf,1625,50.094332492307686,0.09900880025201707,0.0019764471413451913,50.0941,0.06900000000000261,0.10229940000000387,49.825556,50.355004,49.7696,50.4036,empirical
PKG_D,RCP_9,Bottom_Kerf,1730,50.09192104046243,0.09712358036840824,0.0019389070802446435,50.0951,0.0677999999999983,0.10052027999999748,49.864329,50.3464495,49.7928,50.4017,empirical
PKG_E,RCP_1,Bottom_Kerf,1697,50.09497849145551,0.09872438617221975,0.0019707441573022884,50.0945,0.06459999999999866,0.09577595999999801,49.828256,50.356672,49.7431,50.4439,empirical
PKG_E,RCP_2,Bottom_Kerf,1692,50.09316660756501,0.09824771828110773,0.001961299812622955,50.08885,0.06584999999999752,0.09762920999999632,49.852544,50.361090000000004,49.8045,50.4534,empirical
PKG_E,RCP_3,Bottom_Kerf,1680,50.09094976190476,0.09878238022032107,0.0019720604358643484,50.0887,0.06684999999999874,0.09911180999999814,49.848917,50.357436,49.7385,50.4389,empirical
PKG_E,RCP_4,Bottom_Kerf,1731,50.09614124783362,0.09799700241641976,0.0019561786591828084,50.0941,0.06380000000000052,0.09458988000000076,49.837405000000004,50.373055,49.8035,50.4184,empirical
PKG_E,RCP_5,Bottom_Kerf,1670,50.09330437125748,0.09925122755016959,0.001981327221190821,50.09135,0.06694999999999851,0.09926006999999779,49.8412455,50.3510275,49.767,50.4455,empirical
PKG_E,RCP_6,Bottom_Kerf,1666,50.099107563025214,0.09846442696833119,0.0019653928334843465,50.0982,0.06615000000000038,0.09807399000000055,49.8521125,50.3808925,49.756,50.4704,empirical
PKG_E,RCP_7,Bottom_Kerf,1656,50.09500839371981,0.09653384520929638,0.0019270152517111545,50.0919,0.06305000000000405,0.093477930000006,49.8673,50.37149,49.7711,50.4519,empirical
PKG_E,RCP_8,Bottom_Kerf,1758,50.09575415244596,0.09798459441445541,0.0019559460890892933,50.09085,0.06320000000000192,0.09370032000000285,49.867013,50.356802,49.7524,50.5267,empirical
PKG_E,RCP_9,Bottom_Kerf,1697,50.0951390689452,0.09752401083076624,0.0019467759276313294,50.0937,0.06520000000000437,0.09666552000000647,49.842384,50.370344,49.7676,50.4866,empirical
PKG_F,RCP_1,Bottom_Kerf,1758,50.096996814562,0.09839131282525572,0.0019640161902211217,50.0942,0.06704999999999828,0.09940832999999744,49.858740999999995,50.3526095,49.8222,50.508,empirical
PKG_F,RCP_2,Bottom_Kerf,1691,50.09636889414548,0.09824358395971662,0.0019610919140129112,50.0946,0.0671999999999997,0.09963071999999956,49.86539,50.3451,49.7681,50.4377,empirical
PKG_F,RCP_3,Bottom_Kerf,1674,50.095858004778975,0.0984048077642326,0.0019643302197727627,50.094300000000004,0.06670000000000087,0.09888942000000128,49.862720499999995,50.3599875,49.7969,50.4907,empirical
PKG_F,RCP_4,Bottom_Kerf,1788,50.097664709172264,0.09911600903701237,0.0019784556747784983,50.097750000000005,0.06680000000000064,0.09903768000000093,49.854821,50.3563465,49.7799,50.4737,empirical
PKG_F,RCP_5,Bottom_Kerf,1673,50.100587029288704,0.09779978341838946,0.001952068612713378,50.0991,0.06340000000000146,0.09399684000000215,49.860672,50.360684,49.8046,50.5106,empirical
PKG_F,RCP_6,Bottom_Kerf,1695,50.09988796460177,0.09812539237914895,0.0019585950461302377,50.0967,0.06800000000000495,0.10081680000000733,49.855017000000004,50.345483,49.7269,50.4662,empirical
PKG_F,RCP_7,Bottom_Kerf,1674,50.09978859020311,0.09993798493106694,0.001994778575784441,50.099999999999994,0.0686000000000071,0.10170636000001052,49.862874500000004,50.368454,49.7562,50.4662,empirical
PKG_F,RCP_8,Bottom_Kerf,1724,50.09314437354988,0.09595871069731172,0.0019156056561699833,50.0913,0.0669000000000004,0.0991859400000006,49.851836999999996,50.327608,49.7706,50.3816,empirical
PKG_F,RCP_9,Bottom_Kerf,1611,50.09688677839851,0.1018356699285711,0.002032774419277528,50.0898,0.06839999999999691,0.10140983999999541,49.84865,50.36058,49.7383,50.517,empirical
PKG_A,RCP_1,Kerf_Angle,1737,90.03518364997122,0.10620743228519545,0.0011796214321958503,90.032,0.06900000000000261,0.10229940000000387,89.77571999999999,90.30864000000001,89.658,90.365,empirical
PKG_A,RCP_2,Kerf_Angle,1650,90.03264303030303,0.10374996400109968,0.0011523594166415805,90.032,0.06900000000000261,0.10229940000000387,89.779245,90.28751,89.691,90.374,empirical
PKG_A,RCP_3,Kerf_Angle,1632,90.03122365196079,0.10527121076282639,0.0011692744638213488,90.029,0.07399999999999807,0.10971239999999713,89.751705,90.269845,89.669,90.383,empirical
PKG_A,RCP_4,Kerf_Angle,1602,90.03019413233459,0.10795433203164956,0.0011990902948956041,90.031,0.0730000000000075,0.10822980000001112,89.747045,90.297995,89.643,90.425,empirical
PKG_A,RCP_5,Kerf_Angle,1690,90.02958165680472,0.10094464196225905,0.00112123859852046,90.031,0.0689999999999884,0.1022993999999828,89.766335,90.293,89.698,90.372,empirical
PKG_A,RCP_6,Kerf_Angle,1613,90.03295908245505,0.10154221854015091,0.0011278338463490388,90.037,0.0689999999999884,0.1022993999999828,89.78118,90.28488,89.649,90.337,empirical
PKG_A,RCP_7,Kerf_Angle,1706,90.02919226260258,0.10064317776392007,0.0011178949320166949,90.029,0.06799999999999784,0.10081679999999679,89.764,90.29285,89.663,90.416,empirical
PKG_A,RCP_8,Kerf_Angle,1700,90.03278,0.1024863467844479,0.0011383225841126742,90.0305,0.06850000000000023,0.10155810000000033,89.76097,90.302,89.699,90.371,empirical
PKG_A,RCP_9,Kerf_Angle,1736,90.02990898617512,0.10204070956787657,0.0011334090050401564,90.03,0.06799999999999784,0.10081679999999679,89.765675,90.288975,89.668,90.376,empirical
PKG_B,RCP_1,Kerf_Angle,1765,90.03443796033994,0.10320836325255241,0.0011463209588537173,90.03,0.07000000000000739,0.10378200000001095,89.77958,90.28708,89.692,90.361,empirical
PKG_B,RCP_2,Kerf_Angle,1749,90.0323550600343,0.10563265464584344,0.001173274369813016,90.033,0.07099999999999795,0.10526459999999696,89.77122,90.30926,89.639,90.337,empirical
PKG_B,RCP_3,Kerf_Angle,1673,90.02810101613868,0.10380020238186821,0.0011529755844040374,90.031,0.07199999999998852,0.10674719999998297,89.76,90.2852,89.727,90.35,empirical
PKG_B,RCP_4,Kerf_Angle,1707,90.03204042179262,0.10528296659219326,0.0011693944300157069,90.031,0.06999999999999318,0.10378199999998988,89.77153,90.31347,89.681,90.419,empirical
PKG_B,RCP_5,Kerf_Angle,1646,90.03414034021871,0.09967538980191694,0.001107084372941932,90.0335,0.06649999999999068,0.09859289999998617,89.7669,90.286325,89.683,90.357,empirical
PKG_B,RCP_6,Kerf_Angle,1613,90.03598574085555,0.10271968732329624,0.0011408736904258184,90.037,0.06800000000001205,0.10081680000001786,89.768,90.32488000000001,89.639,90.372,empirical
PKG_B,RCP_7,Kerf_Angle,1605,90.0339769470405,0.10023560196928787,0.0011133086126834998,90.034,0.06400000000000716,0.09488640000001061,89.79302000000001,90.29096,89.723,90.377,empirical
PKG_B,RCP_8,Kerf_Angle,1633,90.03427066748317,0.10215943051545853,0.0011346727169341585,90.033,0.06900000000000261,0.10229940000000387,89.7854,90.28468,89.71,90.363,empirical
PKG_B,RCP_9,Kerf_Angle,1640,90.03222012195121,0.10415076114443322,0.0011568165374946664,90.033,0.07399999999999807,0.10971239999999713,89.77217,90.29661,89.709,90.451,empirical
PKG_C,RCP_1,Kerf_Angle,1627,90.03289244007375,0.10294114613534681,0.001143372642435817,90.035,0.07099999999999795,0.10526459999999696,89.76091000000001,90.28774,89.702,90.334,empirical
PKG_C,RCP_2,Kerf_Angle,1738,90.0333584579977,0.10318159141228321,0.0011460373485947368,90.032,0.06999999999999318,0.10378199999998988,89.787425,90.29694500000001,89.73,90.41,empirical
PKG_C,RCP_3,Kerf_Angle,1706,90.0318692848769,0.1083895003369833,0.0012039014761986066,90.03,0.07000000000000739,0.10378200000001095,89.75005,90.321175,89.641,90.366,empirical
PKG_C,RCP_4,Kerf_Angle,1637,90.03490653634697,0.10875641425048953,0.0012079361042773417,90.034,0.07000000000000739,0.10378200000001095,89.76736,90.33082,89.724,90.404,empirical
PKG_C,RCP_5,Kerf_Angle,1697,90.03495992928697,0.09979853312622097,0.0011084420230164178,90.036,0.06999999999999318,0.10378199999998988,89.79436,90.28304,89.736,90.347,empirical
PKG_C,RCP_6,Kerf_Angle,1630,90.02979325153373,0.1048343582993141,0.0011644407313745348,90.029,0.06900000000000261,0.10229940000000387,89.776145,90.29513,89.696,90.361,empirical
PKG_C,RCP_7,Kerf_Angle,1676,90.03350178997614,0.10083596549392718,0.0011199827118704131,90.034,0.07000000000000028,0.10378200000000042,89.7795,90.2865,89.686,90.334,empirical
PKG_C,RCP_8,Kerf_Angle,1692,90.03472872340426,0.10506998733108486,0.0011669939902176018,90.034,0.07249999999999801,0.10748849999999704,89.76855,90.31908999999999,89.666,90.359,empirical
PKG_C,RCP_9,Kerf_Angle,1784,90.03409697309417,0.10295955411382464,0.0011435618013094875,90.032,0.06900000000000261,0.10229940000000387,89.768915,90.301085,89.68,90.371,empirical
PKG_D,RCP_1,Kerf_Angle,1706,90.03669050410318,0.10319426370815188,0.0011461356823577282,90.036,0.06999999999999318,0.10378199999998988,89.7591,90.294,89.683,90.384,empirical
PKG_D,RCP_2,Kerf_Angle,1611,90.03382184978274,0.1035622292321509,0.001150259170436413,90.032,0.07099999999999795,0.10526459999999696,89.75345,90.31155,89.692,90.453,empirical
PKG_D,RCP_3,Kerf_Angle,1671,90.03402274087374,0.10446301564780153,0.0011602615596601272,90.035,0.07299999999999329,0.10822979999999005,89.7901,90.29294999999999,89.734,90.427,empirical
PKG_D,RCP_4,Kerf_Angle,1595,90.03446896551725,0.10136646442009145,0.0011258628565790098,90.033,0.06700000000000728,0.09933420000001078,89.799,90.28603,89.716,90.351,empirical
PKG_D,RCP_5,Kerf_Angle,1681,90.03154253420583,0.10420331319795421,0.0011574089509614265,90.027,0.06900000000000261,0.10229940000000387,89.7714,90.292,89.705,90.362,empirical
PKG_D,RCP_6,Kerf_Angle,1690,90.03389112426036,0.10531669223925279,0.0011697449807417503,90.034,0.07000000000000028,0.10378200000000042,89.75967,90.296,89.674,90.393,empirical
PKG_D,RCP_7,Kerf_Angle,1655,90.03452930513596,0.10289843764406355,0.0011428774986464417,90.037,0.07100000000001216,0.10526460000001803,89.77181,90.29392,89.709,90.345,empirical
PKG_D,RCP_8,Kerf_Angle,1625,90.03587446153847,0.10252995594390091,0.001138767814019507,90.035,0.06900000000000261,0.10229940000000387,89.778,90.28664,89.67,90.35,empirical
PKG_D,RCP_9,Kerf_Angle,1730,90.02869479768786,0.10130215485316355,0.0011252207430176497,90.027,0.0660000000000025,0.0978516000000037,89.793935,90.30742,89.714,90.395,empirical
PKG_E,RCP_1,Kerf_Angle,1697,90.03664997053625,0.10553439393562732,0.001172127061259638,90.037,0.06800000000001205,0.10081680000001786,89.77444,90.30404,89.683,90.399,empirical
PKG_E,RCP_2,Kerf_Angle,1692,90.03033865248227,0.10162507755476373,0.0011287870186408742,90.029,0.0660000000000025,0.0978516000000037,89.77191,90.30145,89.713,90.354,empirical
PKG_E,RCP_3,Kerf_Angle,1680,90.03287976190477,0.10546847676047931,0.00117144399956321,90.02850000000001,0.0724999999999909,0.10748849999998651,89.757185,90.30760500000001,89.641,90.444,empirical
PKG_E,RCP_4,Kerf_Angle,1731,90.03315597920277,0.10511031883042112,0.0011674623385933632,90.033,0.06900000000000261,0.10229940000000387,89.77590000000001,90.317,89.677,90.375,empirical
PKG_E,RCP_5,Kerf_Angle,1670,90.03127904191616,0.10455147710085404,0.0011612794821250696,90.031,0.0689999999999884,0.1022993999999828,89.772345,90.31427500000001,89.735,90.427,empirical
PKG_E,RCP_6,Kerf_Angle,1666,90.03035234093637,0.10372567242801141,0.0011521189213523474,90.03,0.07099999999999795,0.10526459999999696,89.77097499999999,90.2787,89.737,90.355,empirical
PKG_E,RCP_7,Kerf_Angle,1656,90.03009299516908,0.10386072384181137,0.0011536223099023616,90.03,0.07099999999999795,0.10526459999999696,89.777275,90.3089,89.701,90.379,empirical
PKG_E,RCP_8,Kerf_Angle,1758,90.03738339021615,0.10230493215589946,0.0011362495033037173,90.039,0.06900000000000261,0.10229940000000387,89.767065,90.309645,89.726,90.339,empirical
PKG_E,RCP_9,Kerf_Angle,1697,90.03072539776076,0.1014061631583957,0.0011263506176405625,90.034,0.06799999999999784,0.10081679999999679,89.7664,90.302,89.645,90.379,empirical
PKG_F,RCP_1,Kerf_Angle,1758,90.03581399317407,0.10539671154570672,0.0011706087485775073,90.036,0.07099999999999795,0.10526459999999696,89.755785,90.303215,89.685,90.398,empirical
PKG_F,RCP_2,Kerf_Angle,1691,90.03281963335304,0.10203206361157309,0.001133276332198474,90.034,0.06799999999999784,0.10081679999999679,89.7679,90.3061,89.731,90.383,empirical
PKG_F,RCP_3,Kerf_Angle,1674,90.03318637992832,0.10312692128866328,0.001145432317073408,90.032,0.07000000000000739,0.10378200000001095,89.77536500000001,90.291905,89.698,90.356,empirical
PKG_F,RCP_4,Kerf_Angle,1788,90.03016946308725,0.10359910370276411,0.0011507154137396151,90.03,0.07000000000000739,0.10378200000001095,89.762,90.30239,89.7,90.424,empirical
PKG_F,RCP_5,Kerf_Angle,1673,90.03311356843993,0.10258983815923656,0.0011394678479185489,90.03,0.06700000000000728,0.09933420000001078,89.76844,90.31855999999999,89.678,90.368,empirical
PKG_F,RCP_6,Kerf_Angle,1695,90.03395752212388,0.10465290621937344,0.0011623714995939978,90.031,0.07099999999999795,0.10526459999999696,89.77047,90.30659,89.645,90.418,empirical
PKG_F,RCP_7,Kerf_Angle,1674,90.03228554360813,0.1067433966376142,0.0011856124277319592,90.03,0.07399999999999807,0.10971239999999713,89.76773,90.31107999999999,89.617,90.389,empirical
PKG_F,RCP_8,Kerf_Angle,1724,90.03104002320185,0.10246679526265388,0.0011381274195682647,90.03,0.06700000000000017,0.09933420000000025,89.765845,90.313,89.703,90.386,empirical
PKG_F,RCP_9,Kerf_Angle,1611,90.03352762259466,0.10479548115285493,0.0011639606257808745,90.033,0.07200000000000273,0.10674720000000404,89.7821,90.29,89.681,90.324,empirical
PKG_A,RCP_1,Groove_Depth,1737,44.98514703511802,0.16238425045795615,0.003609730347912158,44.9853,0.10679999999999978,0.15834167999999968,44.582248,45.390264,44.2894,45.6122,empirical
PKG_A,RCP_2,Groove_Depth,1650,44.994696363636365,0.1599044858141695,0.0035538518700484103,44.99895,0.110949999999999,0.1644944699999985,44.572572,45.3977285,44.4858,45.4734,empirical
PKG_A,RCP_3,Groove_Depth,1632,44.9931962622549,0.168248436761947,0.0037394195287053164,44.99445,0.10784999999999911,0.1598984099999987,44.562287500000004,45.414621000000004,44.3723,45.5235,empirical
PKG_A,RCP_4,Groove_Depth,1602,44.983281148564295,0.15759785996568237,0.003503476312570239,44.9828,0.10725000000000406,0.15900885000000603,44.5708275,45.3941625,44.3771,45.473,empirical
PKG_A,RCP_5,Groove_Depth,1690,44.99239189349113,0.15994650119304224,0.0035549677281367445,44.9946,0.10724999999999696,0.15900884999999548,44.57089,45.3955865,44.3396,45.5659,empirical
PKG_A,RCP_6,Groove_Depth,1613,44.98836125232486,0.1580199322090547,0.003512462508309051,44.9891,0.10889999999999844,0.1614551399999977,44.560168000000004,45.39095,44.4367,45.4838,empirical
PKG_A,RCP_7,Groove_Depth,1706,44.99736588511137,0.15903816752566,0.003534388389127511,44.99535,0.10450000000000159,0.15493170000000236,44.5730875,45.400455,44.4563,45.4896,empirical
PKG_A,RCP_8,Groove_Depth,1700,44.99456329411765,0.16054934770527302,0.003568194376191721,44.99805,0.10999999999999943,0.16308599999999915,44.5953365,45.4006575,44.3141,45.4943,empirical
PKG_A,RCP_9,Groove_Depth,1736,44.988115149769584,0.1621882888979805,0.0036051363422993105,44.98555,0.10535000000000139,0.15619191000000204,44.5948025,45.430195,44.5029,45.6296,empirical
PKG_B,RCP_1,Groove_Depth,1765,44.993034900849864,0.16474371264503573,0.003661538124913728,44.9882,0.11439999999999628,0.16960943999999448,44.547956,45.401618,44.4627,45.5393,empirical
PKG_B,RCP_2,Groove_Depth,1749,44.98798016009148,0.1635735643039708,0.0036359392824902984,44.9861,0.11339999999999861,0.16812683999999795,44.586729999999996,45.415532000000006,44.4502,45.4768,empirical
PKG_B,RCP_3,Groove_Depth,1673,44.99222743574417,0.15852375780524486,0.003523358740832318,44.9932,0.10759999999999792,0.1595277599999969,44.565252,45.383528,44.3993,45.5154,empirical
PKG_B,RCP_4,Groove_Depth,1707,44.985458816637376,0.1593209852077093,0.0035416107648720075,44.9854,0.1039999999999992,0.1541903999999988,44.552831,45.379888,44.4382,45.4461,empirical
PKG_B,RCP_5,Groove_Depth,1646,44.98501439854192,0.16514023413249018,0.0036710054746107363,44.98135,0.113900000000001,0.16886814000000147,44.5782825,45.409355000000005,44.4313,45.505,empirical
PKG_B,RCP_6,Groove_Depth,1613,44.98287396156231,0.16415210810261313,0.003649213437160117,44.9793,0.1097999999999999,0.16278947999999985,44.550661999999996,45.390404,44.4338,45.5632,empirical
PKG_B,RCP_7,Groove_Depth,1605,44.992088722741435,0.16464556378624304,0.0036594336573447916,44.9915,0.10829999999999984,0.16056557999999976,44.598772000000004,45.417766,44.52,45.6232,empirical
PKG_B,RCP_8,Groove_Depth,1633,44.98752480097979,0.1576982076143544,0.0035053763973900576,44.9863,0.10540000000000305,0.15626604000000452,44.590711999999996,45.376,44.4458,45.4718,empirical
PKG_B,RCP_9,Groove_Depth,1640,44.98695298780488,0.16154390481240113,0.003590905675612053,44.99275,0.10989999999999966,0.1629377399999995,44.55727,45.3641565,44.4803,45.6159,empirical
PKG_C,RCP_1,Groove_Depth,1627,44.988945482483096,0.1651452445343484,0.003670796075863778,44.9929,0.11359999999999815,0.16842335999999725,44.577664,45.417102,44.3322,45.5361,empirical
PKG_C,RCP_2,Groove_Depth,1738,44.989967836593785,0.15643469051371858,0.003477101630343427,44.99205,0.10555000000000092,0.15648843000000134,44.5676425,45.4191615,44.5049,45.5967,empirical
PKG_C,RCP_3,Groove_Depth,1706,44.9874050996483,0.164264055153952,0.0036513342965681784,44.98435,0.10929999999999751,0.1620481799999963,44.5772375,45.41759,44.5011,45.6033,empirical
PKG_C,RCP_4,Groove_Depth,1637,44.98582748930971,0.1588212696285296,0.003530473451139059,44.9862,0.10950000000000415,0.16234470000000614,44.586132,45.361232,44.4157,45.4482,empirical
PKG_C,RCP_5,Groove_Depth,1697,44.99424714201532,0.16211000070386436,0.003602905060111277,44.9922,0.10899999999999466,0.16160339999999207,44.60016,45.463356,44.5168,45.6582,empirical
PKG_C,RCP_6,Groove_Depth,1630,44.99563791411043,0.16254302700307513,0.0036124174372934572,44.99535,0.11214999999999975,0.1662735899999996,44.597390499999996,45.413036000000005,44.4243,45.5166,empirical
PKG_C,RCP_7,Groove_Depth,1676,44.98723400954654,0.1624091625998707,0.0036101166514350843,44.987049999999996,0.11285000000000167,0.16731141000000246,44.5558375,45.395,44.4229,45.4909,empirical
PKG_C,RCP_8,Groove_Depth,1692,44.99056022458629,0.16669144051596213,0.0037050314484608072,44.9903,0.1141500000000022,0.16923879000000325,44.554879,45.421343,44.3445,45.6155,empirical
PKG_C,RCP_9,Groove_Depth,1784,44.98894501121076,0.16730190458389047,0.003718733669842683,44.98725,0.11304999999999765,0.16760792999999652,44.556809,45.457575999999996,44.4738,45.5597,empirical
PKG_D,RCP_1,Groove_Depth,1706,44.99439038686987,0.15943326520573198,0.00354340316281421,44.99875,0.10474999999999568,0.1553023499999936,44.54246,45.410505,44.4629,45.4781,empirical
PKG_D,RCP_2,Groove_Depth,1611,44.987396958410926,0.16352420626384695,0.003634889264987228,44.9879,0.11250000000000426,0.1667925000000063,44.580639999999995,45.43524,44.4604,45.6019,empirical
PKG_D,RCP_3,Groove_Depth,1671,44.98686630760024,0.158626775709293,0.00352606857798615,44.9894,0.10639999999999361,0.15774863999999053,44.570350000000005,45.391445000000004,44.481,45.6611,empirical
PKG_D,RCP_4,Groove_Depth,1595,44.986609153605016,0.166560938291637,0.0037024559402314854,44.9843,0.11380000000000479,0.1687198800000071,44.553919,45.405649,44.4232,45.4664,empirical
PKG_D,RCP_5,Groove_Depth,1681,44.987051516954196,0.1630613954974216,0.0036246295322548295,44.9859,0.10839999999999606,0.16071383999999414,44.538940000000004,45.39682,44.4319,45.5074,empirical
PKG_D,RCP_6,Groove_Depth,1690,44.985869881656804,0.16259614266949243,0.0036143825405006063,44.987399999999994,0.10410000000000252,0.15433866000000374,44.573434,45.4073155,44.4743,45.6305,empirical
PKG_D,RCP_7,Groove_Depth,1655,44.9906478549849,0.16443235682097612,0.0036548119367158047,44.9887,0.10990000000000322,0.16293774000000477,44.579318,45.406135000000006,44.3928,45.5491,empirical
PKG_D,RCP_8,Groove_Depth,1625,44.993833353846156,0.16345705826512444,0.0036328769095899187,44.993,0.1127000000000038,0.1670890200000056,44.598144,45.38254,44.4488,45.497,empirical
PKG_D,RCP_9,Groove_Depth,1730,44.99362647398844,0.1597719917232316,0.003550991645796731,44.9893,0.10670000000000002,0.15819342000000003,44.5919995,45.443926,44.4613,45.4934,empirical
PKG_E,RCP_1,Groove_Depth,1697,44.99591249263406,0.15933999559199433,0.0035412104514622005,44.9967,0.10539999999999594,0.15626603999999397,44.587,45.417168000000004,44.5513,45.4867,empirical
PKG_E,RCP_2,Groove_Depth,1692,44.99435555555556,0.16498068954574893,0.003666697467019913,44.9957,0.11054999999999993,0.16390142999999988,44.581955,45.4019885,44.4136,45.4893,empirical
PKG_E,RCP_3,Groove_Depth,1680,44.99298803571428,0.16135133837432514,0.0035861440953032188,44.98905,0.10630000000000095,0.1576003800000014,44.585829,45.423541,44.4407,45.4926,empirical
PKG_E,RCP_4,Groove_Depth,1731,44.99051467359907,0.1618461984662337,0.003597340453658042,44.9901,0.10879999999999512,0.16130687999999277,44.59708,45.404005,44.4672,45.6102,empirical
PKG_E,RCP_5,Groove_Depth,1670,44.99434335329342,0.1597715276364095,0.003550924754738416,44.9977,0.10770000000000124,0.15967602000000183,44.6051035,45.406024,44.4806,45.5303,empirical
PKG_E,RCP_6,Groove_Depth,1666,44.982688655462184,0.15740507628215974,0.003499236728328516,44.97965,0.10604999999999976,0.15722972999999962,44.5803525,45.4062875,44.4843,45.4936,empirical
PKG_E,RCP_7,Groove_Depth,1656,44.9913324879227,0.16522849532986894,0.003672451696651177,44.99135,0.11144999999999428,0.1652357699999915,44.561345,45.411804999999994,44.248,45.5536,empirical
PKG_E,RCP_8,Groove_Depth,1758,44.98992406143345,0.1629978658271362,0.003622986018037365,44.9924,0.11030000000000229,0.16353078000000337,44.5680315,45.379807,44.3875,45.5129,empirical
PKG_E,RCP_9,Groove_Depth,1697,44.989565232763695,0.16050318523247975,0.0035675647097739268,44.987,0.10849999999999937,0.16086209999999906,44.595372000000005,45.412763999999996,44.4835,45.5627,empirical
PKG_F,RCP_1,Groove_Depth,1758,44.9854327076223,0.1586766456560996,0.003527289526976441,44.9842,0.10704999999999742,0.15871232999999618,44.5986885,45.3921795,44.4018,45.4941,empirical
PKG_F,RCP_2,Groove_Depth,1691,44.98937835600236,0.1624878240824405,0.0036116930266666333,44.9905,0.10880000000000223,0.1613068800000033,44.56613,45.397815,44.4897,45.572,empirical
PKG_F,RCP_3,Groove_Depth,1674,44.992443130227,0.16382247726177507,0.0036411109480675254,44.9923,0.11424999999999841,0.16938704999999762,44.5726775,45.393,44.4301,45.5583,empirical
PKG_F,RCP_4,Groove_Depth,1788,44.990629977628636,0.16456313809711043,0.003657720244836283,44.9895,0.11080000000000112,0.16427208000000165,44.569128500000005,45.404446,44.4523,45.5128,empirical
PKG_F,RCP_5,Groove_Depth,1673,44.98512869097429,0.1577926445116562,0.0035076624009595272,44.9894,0.10490000000000066,0.15552474000000097,44.590684,45.404936,44.4496,45.5113,empirical
PKG_F,RCP_6,Groove_Depth,1695,44.99020884955752,0.16225497008459444,0.0036064506974652602,44.9965,0.11149999999999949,0.16530989999999923,44.59854,45.388283,44.4507,45.5175,empirical
PKG_F,RCP_7,Groove_Depth,1674,44.98178560334528,0.1586001134836786,0.0035258741145190015,44.98375,0.10839999999999961,0.1607138399999994,44.5738315,45.370007,44.5221,45.4531,empirical
PKG_F,RCP_8,Groove_Depth,1724,44.98631861948956,0.15975713421947324,0.0035512382235754042,44.9885,0.10560000000000258,0.15656256000000382,44.5753845,45.379854,44.4527,45.5912,empirical
PKG_F,RCP_9,Groove_Depth,1611,44.989834574798266,0.16222664301668335,0.003605851067244356,44.9897,0.11200000000000188,0.16605120000000279,44.58674,45.370225,44.4443,45.5049,empirical
PKG_A,RCP_1,Package_Size_1,1737,4.9999992227979275,0.0005969471348319443,0.00011938944552433377,5.00001,0.0003900000000003345,0.000578214000000496,4.9983968,5.0015428,4.99784,5.00186,empirical
PKG_A,RCP_2,Package_Size_1,1650,4.999985484848485,0.0005809204455446282,0.00011618442639583621,4.99997,0.00038999999999944635,0.0005782139999991791,4.99857,5.0015351,4.9983,5.00193,empirical
PKG_A,RCP_3,Package_Size_1,1632,4.999999705882353,0.0006019310122302548,0.00012038620952759269,5.000005,0.00040499999999976666,0.0006004529999996541,4.99852155,5.00146535,4.99826,5.002,empirical
PKG_A,RCP_4,Package_Size_1,1602,4.9999616729088645,0.0006008051627609788,0.00012016195364382542,4.99995,0.00039999999999995595,0.0005930399999999347,4.99845025,5.0015399,4.99776,5.0019,empirical
PKG_A,RCP_5,Package_Size_1,1690,4.999976349112426,0.0005758569560924934,0.00011517193600220069,4.99999,0.00039999999999995595,0.0005930399999999347,4.99839,5.0014,4.99768,5.00171,empirical
PKG_A,RCP_6,Package_Size_1,1613,4.999963961562306,0.0005749449135428417,0.00011498981151919991,4.99997,0.00038999999999944635,0.0005782139999991791,4.99857,5.0013988000000005,4.99777,5.00193,empirical
PKG_A,RCP_7,Package_Size_1,1706,4.999997889800704,0.0006043955334625903,0.00012087915770834076,5.00001,0.00040999999999957737,0.0006078659999993734,4.99840525,5.00149475,4.99796,5.00191,empirical
PKG_A,RCP_8,Package_Size_1,1700,4.999985517647059,0.0005846626351845681,0.00011693286572952001,4.99998,0.00041000000000046555,0.0006078660000006902,4.99846455,5.00142515,4.998,5.00171,empirical
PKG_A,RCP_9,Package_Size_1,1736,4.999979487327188,0.0005640387726167864,0.00011280821732296778,5.0,0.00039999999999995595,0.0005930399999999347,4.99860025,5.00138,4.99797,5.00173,empirical
PKG_B,RCP_1,Package_Size_1,1765,4.999979076487252,0.0006051446083218381,0.00012102942813652411,4.99998,0.00042000000000008697,0.0006226920000001289,4.9985463999999995,5.001511799999999,4.99806,5.00213,empirical
PKG_B,RCP_2,Package_Size_1,1749,4.999962835906232,0.0005706102628134867,0.00011412290081753474,4.99997,0.0003799999999998249,0.0005633879999997404,4.9983948,5.001483,4.99809,5.00189,empirical
PKG_B,RCP_3,Package_Size_1,1673,4.999974716078901,0.0005921686333078365,0.00011843432555839587,4.99998,0.00039999999999995595,0.0005930399999999347,4.998364,5.0014064000000005,4.99734,5.00189,empirical
PKG_B,RCP_4,Package_Size_1,1707,4.999982630345635,0.0005883390542533288,0.00011766821962192667,4.99999,0.00041000000000046555,0.0006078660000006902,4.99855,5.0014047,4.99786,5.0019,empirical
PKG_B,RCP_5,Package_Size_1,1646,4.99999907654921,0.0005899533732309556,0.00011799069643791149,5.0,0.00039999999999995595,0.0005930399999999347,4.99852225,5.00159775,4.99788,5.0019,empirical
PKG_B,RCP_6,Package_Size_1,1613,5.00001492250465,0.0005784122591277823,0.00011568210657220182,5.00001,0.00039999999999995595,0.0005930399999999347,4.9985105999999995,5.0015476,4.99805,5.002,empirical
PKG_B,RCP_7,Package_Size_1,1605,5.000000660436137,0.0005738086975705396,0.00011476172435554994,5.0,0.0003900000000003345,0.000578214000000496,4.99857,5.0014896,4.99818,5.00211,empirical
PKG_B,RCP_8,Package_Size_1,1633,4.999977023882425,0.0005807919796032172,0.00011615892969688866,4.99999,0.00038999999999944635,0.0005782139999991791,4.99846,5.0014452,4.99781,5.00199,empirical
PKG_B,RCP_9,Package_Size_1,1640,4.999998823170731,0.0005891961145933662,0.00011783925065400907,4.999995,0.0004149999999993881,0.0006152789999990928,4.9985139,5.00143415,4.99823,5.00199,empirical
PKG_C,RCP_1,Package_Size_1,1627,4.99999282728949,0.000565302384804488,0.00011306063915114455,5.00001,0.0003799999999998249,0.0005633879999997404,4.9985813,5.0014061,4.99774,5.00176,empirical
PKG_C,RCP_2,Package_Size_1,1738,4.999993774453395,0.0005803987073724704,0.00011607988600664213,5.0,0.0003799999999998249,0.0005633879999997404,4.9985111,5.0014463,4.99778,5.00227,empirical
PKG_C,RCP_3,Package_Size_1,1706,4.9999664243845245,0.000589810242732012,0.00011796284068139821,4.99994,0.0003900000000003345,0.000578214000000496,4.99837575,5.00156375,4.99792,5.00212,empirical
PKG_C,RCP_4,Package_Size_1,1637,4.999987721441662,0.0005915835948888424,0.00011831700953022927,4.99997,0.00039999999999995595,0.0005930399999999347,4.9984626,5.0014282,4.99812,5.00222,empirical
PKG_C,RCP_5,Package_Size_1,1697,5.000004201532115,0.0005591766305668934,0.00011183523213751479,5.0,0.0003799999999998249,0.0005633879999997404,4.9985488,5.0014056,4.99777,5.00179,empirical
PKG_C,RCP_6,Package_Size_1,1630,4.999982239263804,0.0005957214581248316,0.00011914471484453622,5.00001,0.00039999999999995595,0.0005930399999999347,4.9983616,5.0015471,4.99802,5.00193,empirical
PKG_C,RCP_7,Package_Size_1,1676,4.9999913782816225,0.000589493947493151,0.00011789899279701277,4.999985000000001,0.00039500000000014523,0.0005856270000002153,4.99851375,5.00151625,4.99785,5.00174,empirical
PKG_C,RCP_8,Package_Size_1,1692,4.999997884160757,0.0005872163811026425,0.00011744332591876807,5.00001,0.00039500000000014523,0.0005856270000002153,4.99859455,5.00156635,4.99819,5.00185,empirical
PKG_C,RCP_9,Package_Size_1,1784,4.999986171524664,0.0005744585841452728,0.00011489203458538787,4.99998,0.00038999999999944635,0.0005782139999991791,4.99856,5.00142255,4.99819,5.0023,empirical
PKG_D,RCP_1,Package_Size_1,1706,4.999997502930833,0.0005714779740038227,0.0001142956518815942,4.99998,0.00039999999999995595,0.0005930399999999347,4.99856,5.00144475,4.99817,5.00226,empirical
PKG_D,RCP_2,Package_Size_1,1611,4.99999225946617,0.0005644876617012873,0.00011289770711796172,4.99999,0.0003799999999998249,0.0005633879999997404,4.99855,5.001399500000001,4.99804,5.00192,empirical
PKG_D,RCP_3,Package_Size_1,1671,5.000013997606224,0.0005892464974228702,0.00011784896956388007,5.00002,0.00039999999999995595,0.0005930399999999347,4.998450500000001,5.0014755,4.9981,5.0023,empirical
PKG_D,RCP_4,Package_Size_1,1595,5.000005780564264,0.0005726218636619514,0.00011452424032944408,5.0,0.00039999999999995595,0.0005930399999999347,4.9985952,5.0014106,4.99788,5.00176,empirical
PKG_D,RCP_5,Package_Size_1,1681,4.999975901249256,0.0005689107489252568,0.0001137826981892279,4.99999,0.00038999999999944635,0.0005782139999991791,4.998414,5.001458,4.998,5.0019,empirical
PKG_D,RCP_6,Package_Size_1,1690,4.999984183431953,0.000587944368880025,0.0001175892457476664,4.99996,0.0003900000000003345,0.000578214000000496,4.99859445,5.0015433,4.99797,5.00196,empirical
PKG_D,RCP_7,Package_Size_1,1655,4.999995438066465,0.0005955812994727116,0.00011911636857473359,5.00002,0.0003900000000003345,0.000578214000000496,4.9985208,5.0014019,4.99816,5.00219,empirical
PKG_D,RCP_8,Package_Size_1,1625,4.999993446153846,0.0005892607780043131,0.00011785231007804444,5.0,0.00039999999999995595,0.0005930399999999347,4.9985424,5.0014988,4.99787,5.0023,empirical
PKG_D,RCP_9,Package_Size_1,1730,4.999994676300578,0.0005736413116080084,0.0001147283844774885,5.000005,0.0003850000000005238,0.0005708010000007766,4.99856645,5.0014971,4.99818,5.00188,empirical
PKG_E,RCP_1,Package_Size_1,1697,4.999988108426636,0.000561628584993672,0.00011232598414527063,4.99998,0.0003599999999996939,0.0005337359999995462,4.9985348,5.0013852,4.99832,5.00172,empirical
PKG_E,RCP_2,Package_Size_1,1692,4.999987098108747,0.0005869488565534641,0.00011739007422148719,4.99999,0.00039999999999995595,0.0005930399999999347,4.998467300000001,5.00145,4.99788,5.00202,empirical
PKG_E,RCP_3,Package_Size_1,1680,4.999999077380952,0.0005779128359401064,0.00011558258851576083,4.99998,0.0003700000000002035,0.0005485620000003017,4.99846395,5.00141815,4.99784,5.00205,empirical
PKG_E,RCP_4,Package_Size_1,1731,4.999992570768342,0.0005896046780236195,0.00011792111081737384,4.99999,0.00039999999999995595,0.0005930399999999347,4.998443,5.001547,4.99814,5.0018,empirical
PKG_E,RCP_5,Package_Size_1,1670,5.000009119760479,0.0005886467333311526,0.00011772913193393358,4.99999,0.00039999999999995595,0.0005930399999999347,4.9985069,5.00155,4.99816,5.00209,empirical
PKG_E,RCP_6,Package_Size_1,1666,4.99998943577431,0.0005816650376227245,0.00011633325331869355,4.99999,0.0003900000000003345,0.000578214000000496,4.99848975,5.00147,4.99825,5.00182,empirical
PKG_E,RCP_7,Package_Size_1,1656,4.9999827717391305,0.0005944200645353861,0.00011888442254144618,4.99998,0.0003900000000003345,0.000578214000000496,4.9984227500000005,5.00146,4.99773,5.00175,empirical
PKG_E,RCP_8,Package_Size_1,1758,4.9999950511945395,0.0005792211840699956,0.00011584435147223094,4.99999,0.00038999999999944635,0.0005782139999991791,4.9985914,5.0015286,4.99824,5.00194,empirical
PKG_E,RCP_9,Package_Size_1,1697,5.000007342368886,0.000600592432599864,0.0001201183101293842,5.00002,0.0003900000000003345,0.000578214000000496,4.9984596,5.0015312,4.99814,5.00198,empirical
PKG_F,RCP_1,Package_Size_1,1758,4.999978156996588,0.0005804682959574639,0.00011609416636054718,4.99998,0.00038999999999944635,0.0005782139999991791,4.998465700000001,5.0014586,4.9981,5.00191,empirical
PKG_F,RCP_2,Package_Size_1,1691,4.999992217622708,0.0005805814183914179,0.00011611646441071075,5.0,0.0003900000000003345,0.000578214000000496,4.9985545,5.0014275,4.99805,5.00188,empirical
PKG_F,RCP_3,Package_Size_1,1674,4.999970065710872,0.0005624557060447502,0.0001124918146814511,4.99997,0.0003500000000000725,0.0005189100000001075,4.99841825,5.00140635,4.99805,5.00178,empirical
PKG_F,RCP_4,Package_Size_1,1788,4.999995917225951,0.0005708490205165314,0.00011416989732928507,4.999985000000001,0.0003750000000009024,0.0005559750000013378,4.99853,5.00145065,4.99799,5.00187,empirical
PKG_F,RCP_5,Package_Size_1,1673,4.999996933652122,0.0005875784431166575,0.00011751576069217218,5.0,0.0003700000000002035,0.0005485620000003017,4.9984836,5.001512,4.9978,5.00194,empirical
PKG_F,RCP_6,Package_Size_1,1695,4.99995815339233,0.0005881203525351393,0.00011762505494893318,4.99996,0.0003900000000003345,0.000578214000000496,4.9985188,5.0014977,4.99813,5.0018,empirical
PKG_F,RCP_7,Package_Size_1,1674,4.999988219832736,0.0005936931405946069,0.00011873890787176046,4.99997,0.00039999999999995595,0.0005930399999999347,4.99853365,5.0015327,4.99824,5.00178,empirical
PKG_F,RCP_8,Package_Size_1,1724,4.999972093967518,0.0005862865721933371,0.00011725796887960509,4.99997,0.0003799999999998249,0.0005633879999997404,4.99848615,5.00153385,4.99813,5.00215,empirical
PKG_F,RCP_9,Package_Size_1,1611,4.999990900062073,0.0005882124700157464,0.00011764270811141756,4.99998,0.00039999999999995595,0.0005930399999999347,4.998451,5.001519500000001,4.99828,5.00191,empirical
PKG_A,RCP_1,Package_Size_2,1737,4.999993816925734,0.0005170001614363816,0.00010340016015345019,4.99998,0.0003399999999995629,0.0005040839999993519,4.99865,5.0012532,4.99832,5.00163,empirical
PKG_A,RCP_2,Package_Size_2,1650,4.999996903030303,0.0005176446836264396,0.00010352900085052358,4.99998,0.0003500000000000725,0.0005189100000001075,4.99861245,5.00127775,4.99816,5.00188,empirical
PKG_A,RCP_3,Package_Size_2,1632,5.000000588235294,0.0005384787000609978,0.00010769572734211398,4.999995,0.0003649999999999487,0.0005411489999999239,4.99868,5.00139,4.99829,5.00185,empirical
PKG_A,RCP_4,Package_Size_2,1602,4.999974925093633,0.0005033051540399813,0.00010066153562371237,4.99997,0.00032999999999994145,0.0004892579999999132,4.9987101,5.001329800000001,4.99834,5.00202,empirical
PKG_A,RCP_5,Package_Size_2,1690,4.999994603550295,0.0005210682566714241,0.0001042137638111518,4.99999,0.00034000000000045105,0.0005040840000006688,4.9986333499999995,5.00140885,4.99839,5.00192,empirical
PKG_A,RCP_6,Package_Size_2,1613,4.999983601983881,0.0005341114536864389,0.00010682264107316581,4.99998,0.0003599999999996939,0.0005337359999995462,4.9986618,5.00139,4.9984,5.00168,empirical
PKG_A,RCP_7,Package_Size_2,1706,5.000010205158265,0.0005167880886397313,0.00010335740677220746,5.0,0.00032999999999994145,0.0004892579999999132,4.99863525,5.00134425,4.99792,5.00157,empirical
PKG_A,RCP_8,Package_Size_2,1700,5.00001048235294,0.0005200802471645523,0.0001040158313667793,5.00003,0.0003500000000000725,0.0005189100000001075,4.99875495,5.00125505,4.99853,5.0017,empirical
PKG_A,RCP_9,Package_Size_2,1736,5.00000814516129,0.0005142834904982333,0.00010285653054304045,5.0,0.0003449999999998177,0.0005114969999997297,4.9987467500000005,5.001359750000001,4.99824,5.00172,empirical
PKG_B,RCP_1,Package_Size_2,1765,4.999990662889518,0.0005295765456456814,0.00010591550691809426,4.99998,0.0003599999999996939,0.0005337359999995462,4.9985982,5.0013118,4.99819,5.00174,empirical
PKG_B,RCP_2,Package_Size_2,1749,4.9999746369353915,0.0005093827278359566,0.00010187706235009422,4.99997,0.00032999999999994145,0.0004892579999999132,4.9987,5.00134,4.99835,5.00174,empirical
PKG_B,RCP_3,Package_Size_2,1673,4.99999679019725,0.000506255877961807,0.0001012512405916635,4.99999,0.00032999999999994145,0.0004892579999999132,4.99873,5.001356400000001,4.9981,5.00176,empirical
PKG_B,RCP_4,Package_Size_2,1707,4.999978037492677,0.0005083847519720927,0.00010167739701253385,4.99997,0.0003500000000000725,0.0005189100000001075,4.99873,5.0013347,4.99815,5.00169,empirical
PKG_B,RCP_5,Package_Size_2,1646,4.999996051032807,0.0005250985327792761,0.0001050197894997959,5.0,0.0003399999999995629,0.0005040839999993519,4.99866,5.0014055,4.99787,5.00206,empirical
PKG_B,RCP_6,Package_Size_2,1613,5.0000067451952885,0.0005045448605424948,0.00010090883597853796,5.00002,0.0003399999999995629,0.0005040839999993519,4.9987,5.0013252,4.99814,5.00193,empirical
PKG_B,RCP_7,Package_Size_2,1605,4.999985943925234,0.00052504523908716,0.00010500934302126734,4.99999,0.0003500000000000725,0.0005189100000001075,4.998661,5.00133,4.99842,5.00189,empirical
PKG_B,RCP_8,Package_Size_2,1633,4.999995223515003,0.0005132452397376455,0.00010264914600795026,4.99999,0.0003599999999996939,0.0005337359999995462,4.9986716,5.0012584,4.99808,5.00146,empirical
PKG_B,RCP_9,Package_Size_2,1640,4.999983213414635,0.000522513966524814,0.00010450314415515286,4.99998,0.00034000000000045105,0.0005040840000006688,4.9986117,5.00136,4.99828,5.00178,empirical
PKG_C,RCP_1,Package_Size_2,1627,4.999990104486786,0.0004991179687843098,9.982379131839118e-05,5.0,0.00032999999999994145,0.0004892579999999132,4.99867,5.0011887,4.99815,5.00165,empirical
PKG_C,RCP_2,Package_Size_2,1738,4.999983452243959,0.0005225566475842331,0.00010451167540358822,4.99999,0.0003600000000005821,0.000533736000000863,4.9986937000000005,5.0013463,4.99822,5.00174,empirical
PKG_C,RCP_3,Package_Size_2,1706,4.999986875732708,0.0005292832799302809,0.00010585693384499506,5.00001,0.0003499999999991843,0.0005189099999987906,4.99854525,5.00128475,4.99812,5.00156,empirical
PKG_C,RCP_4,Package_Size_2,1637,4.999983879047037,0.0005172431789243799,0.00010344896932406968,4.99999,0.0003499999999991843,0.0005189099999987906,4.998531799999999,5.00126,4.99786,5.00163,empirical
PKG_C,RCP_5,Package_Size_2,1697,4.99998043017089,0.0005179047648982336,0.00010358135839354327,4.99997,0.0003500000000000725,0.0005189100000001075,4.9987448,5.0013556,4.9985,5.00162,empirical
PKG_C,RCP_6,Package_Size_2,1630,4.99999836809816,0.000504150641506407,0.00010083016121026653,4.99999,0.0003399999999995629,0.0005040839999993519,4.9988,5.00134855,4.99858,5.00197,empirical
PKG_C,RCP_7,Package_Size_2,1676,4.999996139618138,0.0005200306095063376,0.00010400620220199883,5.00001,0.0003599999999996939,0.0005337359999995462,4.9987425,5.00131,4.99798,5.002,empirical
PKG_C,RCP_8,Package_Size_2,1692,4.99998676713948,0.0005088124740986555,0.00010176276414222391,4.99999,0.0003499999999991843,0.0005189099999987906,4.9986336499999995,5.0012409,4.99833,5.00168,empirical
PKG_C,RCP_9,Package_Size_2,1784,5.000009215246637,0.0005301852612986517,0.00010603685682857269,5.0,0.0003599999999996939,0.0005337359999995462,4.99875,5.00133,4.99812,5.00177,empirical
PKG_D,RCP_1,Package_Size_2,1706,5.000010556858148,0.000528814737852929,0.00010576272426617032,5.0,0.0003549999999998832,0.0005263229999998268,4.99871525,5.00136475,4.99829,5.00183,empirical
PKG_D,RCP_2,Package_Size_2,1611,5.000019627560521,0.0005249544059092986,0.00010499046904050267,5.00002,0.0003399999999995629,0.0005040839999993519,4.99862,5.0013179999999995,4.99825,5.00182,empirical
PKG_D,RCP_3,Package_Size_2,1671,5.000006475164572,0.0005130088177968099,0.00010260163068687317,5.0,0.0003399999999995629,0.0005040839999993519,4.9987235,5.00122,4.99833,5.00182,empirical
PKG_D,RCP_4,Package_Size_2,1595,5.00000055799373,0.0005068086011595608,0.00010136170892007254,4.99999,0.0003399999999995629,0.0005040839999993519,4.9986097,5.0014006,4.99832,5.00193,empirical
PKG_D,RCP_5,Package_Size_2,1681,4.999981653777514,0.0005120811892116123,0.00010241661363391845,4.99996,0.00034000000000045105,0.0005040840000006688,4.99873,5.001392,4.99828,5.00193,empirical
PKG_D,RCP_6,Package_Size_2,1690,5.00000600591716,0.0005186682746460129,0.0001037335303262046,5.0,0.0003500000000000725,0.0005189100000001075,4.9987078,5.0012822,4.99822,5.00172,empirical
PKG_D,RCP_7,Package_Size_2,1655,4.999981069486405,0.000531000064335837,0.00010620041495284721,4.99998,0.0003599999999996939,0.0005337359999995462,4.9986227,5.0013873,4.99826,5.00161,empirical
PKG_D,RCP_8,Package_Size_2,1625,5.000006910769231,0.0005315474273529415,0.00010630933853472716,5.00003,0.0003500000000000725,0.0005189100000001075,4.9986324,5.001324,4.99815,5.00198,empirical
PKG_D,RCP_9,Package_Size_2,1730,4.999987265895954,0.0005166573883747833,0.00010333174084238449,4.99999,0.00034000000000045105,0.0005040840000006688,4.99869225,5.00134,4.99835,5.00177,empirical
PKG_E,RCP_1,Package_Size_2,1697,4.999981101944608,0.0005310548417138854,0.00010621136978044695,4.99999,0.00034000000000045105,0.0005040840000006688,4.998494399999999,5.0013204,4.99828,5.0016,empirical
PKG_E,RCP_2,Package_Size_2,1692,5.000001932624113,0.0005106888127469774,0.00010213772307063019,5.00002,0.00034000000000045105,0.0005040840000006688,4.99871455,5.00131545,4.99826,5.00152,empirical
PKG_E,RCP_3,Package_Size_2,1680,5.000010208333333,0.0005157361883866107,0.00010314702708547517,5.00001,0.0003599999999996939,0.0005337359999995462,4.99871395,5.00144815,4.99853,5.00167,empirical
PKG_E,RCP_4,Package_Size_2,1731,5.000010629693819,0.0005007775535805741,0.00010015529779208483,5.00003,0.00032000000000032003,0.00047443200000047445,4.9986595,5.001307,4.99814,5.00161,empirical
PKG_E,RCP_5,Package_Size_2,1670,4.999982491017964,0.0005193482557630625,0.00010387001488425743,4.99997,0.0003700000000002035,0.0005485620000003017,4.99875345,5.0012431,4.99833,5.00145,empirical
PKG_E,RCP_6,Package_Size_2,1666,4.9999971008403366,0.0005220609982762162,0.00010441226019680588,4.99999,0.0003699999999993153,0.0005485619999989849,4.99870325,5.00132,4.99839,5.00169,empirical
PKG_E,RCP_7,Package_Size_2,1656,5.000011606280193,0.0005125253673154648,0.00010250483552312453,5.00002,0.00034000000000045105,0.0005040840000006688,4.99872275,5.00141,4.99825,5.0018,empirical
PKG_E,RCP_8,Package_Size_2,1758,4.99999866894198,0.0005241704209850165,0.00010483411210506044,5.0,0.0003500000000000725,0.0005189100000001075,4.9986557000000005,5.00137215,4.99833,5.00183,empirical
PKG_E,RCP_9,Package_Size_2,1697,4.999999622863878,0.0005140044408676347,0.00010280089592751319,5.00001,0.0003399999999995629,0.0005040839999993519,4.9985996,5.0011956,4.99785,5.00174,empirical
PKG_F,RCP_1,Package_Size_2,1758,4.999995784982935,0.0005245415195786409,0.00010490839235386098,5.0,0.0003500000000000725,0.0005189100000001075,4.9986214,5.00139215,4.99807,5.00203,empirical
PKG_F,RCP_2,Package_Size_2,1691,4.999966150206978,0.0005143649142374244,0.00010287367929803521,4.99997,0.0003500000000000725,0.0005189100000001075,4.998619000000001,5.001170999999999,4.99804,5.00181,empirical
PKG_F,RCP_3,Package_Size_2,1674,4.999989540023895,0.0005201247872124961,0.00010402517506266831,4.99998,0.0003500000000000725,0.0005189100000001075,4.9987273,5.00129905,4.99801,5.00151,empirical
PKG_F,RCP_4,Package_Size_2,1788,5.000007746085011,0.0005104466683090769,0.00010208917550352896,5.00001,0.00034000000000045105,0.0005040840000006688,4.99866,5.00128,4.99836,5.0016,empirical
PKG_F,RCP_5,Package_Size_2,1673,5.00000068141064,0.0005295627784870977,0.00010591254126343304,4.99999,0.00034000000000045105,0.0005040840000006688,4.998678,5.0013864,4.99801,5.00184,empirical
PKG_F,RCP_6,Package_Size_2,1695,4.999991799410029,0.0005293764636432183,0.00010587546637690121,5.00001,0.0003500000000000725,0.0005189100000001075,4.998584699999999,5.0013464999999995,4.99801,5.00187,empirical
PKG_F,RCP_7,Package_Size_2,1674,4.999989868578255,0.000520726635560591,0.00010414553814059216,4.99996,0.0003500000000000725,0.0005189100000001075,4.9986673,5.00130905,4.99836,5.00197,empirical
PKG_F,RCP_8,Package_Size_2,1724,4.99998972737819,0.0005293721967881301,0.0001058746568796879,4.99998,0.0003500000000000725,0.0005189100000001075,4.99863845,5.00135385,4.99838,5.00168,empirical
PKG_F,RCP_9,Package_Size_2,1611,4.999971949099938,0.000519554802151304,0.0001039115433927246,4.99998,0.0003500000000000725,0.0005189100000001075,4.998650499999999,5.0013095000000005,4.99816,5.00197,empirical
PKG_A,RCP_1,Package_Size_3,1737,5.000015365572827,0.0005207479736965131,0.00010414927467664963,5.00001,0.0003499999999991843,0.0005189099999987906,4.998764,5.0013132,4.99847,5.00216,empirical
PKG_A,RCP_2,Package_Size_3,1650,4.999992703030303,0.0005330232004826182,0.00010660479567491636,4.99998,0.0003500000000000725,0.0005189100000001075,4.998606949999999,5.00137,4.99801,5.00174,empirical
PKG_A,RCP_3,Package_Size_3,1632,5.000015655637255,0.0005209476452499096,0.00010418920282030888,5.00001,0.0003600000000005821,0.000533736000000863,4.99872775,5.0013838,4.99832,5.00163,empirical
PKG_A,RCP_4,Package_Size_3,1602,5.000000555555555,0.0005192363377963476,0.00010384725602068552,5.00001,0.0003599999999996939,0.0005337359999995462,4.99861015,5.0013797,4.9983,5.00171,empirical
PKG_A,RCP_5,Package_Size_3,1690,4.999983792899409,0.000537493903755899,0.00010749912920101989,4.99998,0.00034000000000045105,0.0005040840000006688,4.99861445,5.00128,4.99819,5.00184,empirical
PKG_A,RCP_6,Package_Size_3,1613,5.000015505269684,0.0005301454182763727,0.00010602875485438689,5.00003,0.0003600000000005821,0.000533736000000863,4.99875,5.00143,4.99832,5.00176,empirical
PKG_A,RCP_7,Package_Size_3,1706,4.999999642438453,0.0005212828085625917,0.00010425656916814637,5.0,0.0003500000000000725,0.0005189100000001075,4.99864,5.00132475,4.99835,5.00162,empirical
PKG_A,RCP_8,Package_Size_3,1700,4.999994829411765,0.0005122811053110991,0.00010245632701411563,4.99999,0.00034000000000045105,0.0005040840000006688,4.9986999,5.0012903,4.99843,5.00187,empirical
PKG_A,RCP_9,Package_Size_3,1736,5.000005938940092,0.0005269359363298332,0.000105387062088477,5.00001,0.0003499999999991843,0.0005189099999987906,4.99868,5.001386500000001,4.99855,5.0018,empirical
PKG_B,RCP_1,Package_Size_3,1765,5.000007223796034,0.0005315905819573335,0.00010631796278761112,5.00002,0.00034000000000045105,0.0005040840000006688,4.9985664,5.001441799999999,4.99803,5.00195,empirical
PKG_B,RCP_2,Package_Size_3,1749,4.9999925843339055,0.0005061919338739881,0.00010123853692503477,5.00001,0.00032999999999994145,0.0004892579999999132,4.9986496,5.00125,4.99829,5.0015,empirical
PKG_B,RCP_3,Package_Size_3,1673,4.999990854751943,0.0005244943325216543,0.00010489905836991281,4.99999,0.0003499999999991843,0.0005189099999987906,4.9986236,5.0013064,4.9981,5.00184,empirical
PKG_B,RCP_4,Package_Size_3,1707,5.000007580550674,0.0005228929736979794,0.00010457843618716889,5.0,0.0003500000000000725,0.0005189100000001075,4.998620600000001,5.0014235000000005,4.99808,5.00171,empirical
PKG_B,RCP_5,Package_Size_3,1646,4.999993620899149,0.0005137061354327179,0.00010274135816604065,4.99997,0.00034000000000045105,0.0005040840000006688,4.9986067499999995,5.00131325,4.99835,5.00175,empirical
PKG_B,RCP_6,Package_Size_3,1613,4.999998288902666,0.0005141529673195868,0.00010283062865456027,5.0,0.0003500000000000725,0.0005189100000001075,4.9987024,5.0012488,4.9977,5.00147,empirical
PKG_B,RCP_7,Package_Size_3,1605,5.000009183800623,0.0005276947411971073,0.00010553875439004578,5.0,0.0003700000000002035,0.0005485620000003017,4.9986302,5.001329800000001,4.99783,5.00175,empirical
PKG_B,RCP_8,Package_Size_3,1633,5.0000062400489895,0.0005361994719447117,0.00010723976055267045,5.0,0.0003700000000002035,0.0005485620000003017,4.9985832,5.0012884,4.99823,5.00177,empirical
PKG_B,RCP_9,Package_Size_3,1640,5.000006719512195,0.0005198962391054533,0.0001039791080833137,5.00002,0.0003500000000000725,0.0005189100000001075,4.99870585,5.00131,4.9983,5.00165,empirical
PKG_C,RCP_1,Package_Size_3,1627,4.999999121081745,0.0005388134674773665,0.00010776271243839631,5.00001,0.0003600000000005821,0.000533736000000863,4.9986313,5.0013474,4.99804,5.00183,empirical
PKG_C,RCP_2,Package_Size_3,1738,5.000018734177215,0.0005116856759447783,0.0001023367517499871,5.0,0.0003399999999995629,0.0005040839999993519,4.9987437,5.0013363,4.99837,5.00181,empirical
PKG_C,RCP_3,Package_Size_3,1706,5.000010087924971,0.0005210248680110647,0.00010420476336024607,5.00002,0.0003500000000000725,0.0005189100000001075,4.99870525,5.0013295,4.9984,5.00203,empirical
PKG_C,RCP_4,Package_Size_3,1637,5.000003463653024,0.00051130631222298,0.00010226119160513889,4.99999,0.0003499999999991843,0.0005189099999987906,4.998683600000001,5.001316399999999,4.99847,5.00167,empirical
PKG_C,RCP_5,Package_Size_3,1697,5.000001991750147,0.0005194610481956196,0.00010389216825367564,5.0,0.0003500000000000725,0.0005189100000001075,4.9986848,5.0014004,4.99839,5.00213,empirical
PKG_C,RCP_6,Package_Size_3,1630,5.000022625766871,0.0005198646715096328,0.00010397246381058113,5.00002,0.0003500000000000725,0.0005189100000001075,4.99859435,5.00131565,4.99833,5.00188,empirical
PKG_C,RCP_7,Package_Size_3,1676,5.000019504773269,0.00051477877524218,0.00010295535342427092,5.00002,0.0003549999999998832,0.0005263229999998268,4.99874875,5.00133625,4.99853,5.00178,empirical
PKG_C,RCP_8,Package_Size_3,1692,4.9999959515366434,0.0005166458992686814,0.00010332926351868368,5.0,0.0003500000000000725,0.0005189100000001075,4.9986391,5.0012754500000005,4.99848,5.00151,empirical
PKG_C,RCP_9,Package_Size_3,1784,5.00000966367713,0.000513750463839174,0.00010274989417947431,5.00001,0.0003499999999991843,0.0005189099999987906,4.99867915,5.0012917,4.99826,5.00217,empirical
PKG_D,RCP_1,Package_Size_3,1706,5.0000012133645955,0.0005292614166151724,0.00010585225763555813,5.00002,0.0003599999999996939,0.0005337359999995462,4.99862575,5.00131,4.99821,5.00161,empirical
PKG_D,RCP_2,Package_Size_3,1611,5.000007287399131,0.0005341942594145186,0.00010683869616765939,5.00001,0.0003699999999993153,0.0005485619999989849,4.9985905,5.001348500000001,4.99821,5.00162,empirical
PKG_D,RCP_3,Package_Size_3,1671,5.00000512866547,0.0005404868881386366,0.00010809726674878344,5.00001,0.0003699999999993153,0.0005485619999989849,4.9986775,5.0013855,4.99817,5.0022,empirical
PKG_D,RCP_4,Package_Size_3,1595,5.0000112100313485,0.0005146190101626154,0.00010292357127723098,5.00001,0.0003500000000000725,0.0005189100000001075,4.9987382,5.0013318,4.99813,5.00193,empirical
PKG_D,RCP_5,Package_Size_3,1681,5.000002034503272,0.0005065833511535335,0.00010131662900490406,5.00001,0.0003600000000005821,0.000533736000000863,4.99866,5.00117,4.99843,5.00159,empirical
PKG_D,RCP_6,Package_Size_3,1690,4.999991804733728,0.0005193820596033191,0.0001038765821799139,5.00002,0.0003599999999996939,0.0005337359999995462,4.99859445,5.00121,4.99755,5.00192,empirical
PKG_D,RCP_7,Package_Size_3,1655,4.999997558912387,0.000517161082498994,0.00010343226699724394,5.0,0.0003599999999996939,0.0005337359999995462,4.9986727,5.0013073,4.99818,5.00157,empirical
PKG_D,RCP_8,Package_Size_3,1625,4.999995618461538,0.0005234572708801575,0.00010469154591803851,4.99999,0.0003500000000000725,0.0005189100000001075,4.99858,5.0012764,4.99771,5.00171,empirical
PKG_D,RCP_9,Package_Size_3,1730,5.000024682080925,0.0005315796353332573,0.00010631540224957908,5.00002,0.0003649999999999487,0.0005411489999999239,4.99868,5.00133355,4.99822,5.00185,empirical
PKG_E,RCP_1,Package_Size_3,1697,4.999999787860931,0.0005159490040515673,0.00010318980518843129,4.99999,0.0003500000000000725,0.0005189100000001075,4.99871,5.0013008,4.99811,5.00203,empirical
PKG_E,RCP_2,Package_Size_3,1692,5.000025898345154,0.0005131250336196209,0.00010262447516310838,5.0,0.0003500000000000725,0.0005189100000001075,4.99878455,5.0013909000000005,4.99838,5.00195,empirical
PKG_E,RCP_3,Package_Size_3,1680,5.000006767857143,0.000523254436350392,0.00010465074561781915,5.00002,0.0003500000000000725,0.0005189100000001075,4.99869975,5.00127605,4.99821,5.00204,empirical
PKG_E,RCP_4,Package_Size_3,1731,5.0000272328134026,0.0005097558325045757,0.00010195061122052081,5.00004,0.00032999999999994145,0.0004892579999999132,4.99874,5.0014035,4.99822,5.00172,empirical
PKG_E,RCP_5,Package_Size_3,1670,4.999994161676647,0.0005335111414161907,0.00010670235287580586,4.99999,0.0003700000000002035,0.0005485620000003017,4.9985969,5.00133655,4.99809,5.00161,empirical
PKG_E,RCP_6,Package_Size_3,1666,4.999998487394958,0.0005213024738194858,0.00010426052630489671,5.00001,0.0003699999999993153,0.0005485619999989849,4.9986732499999995,5.00128675,4.99833,5.00178,empirical
PKG_E,RCP_7,Package_Size_3,1656,5.000014347826087,0.0005225431048886905,0.00010450832108429499,5.000005,0.0003549999999998832,0.0005263229999998268,4.9986565,5.00134175,4.99849,5.00207,empirical
PKG_E,RCP_8,Package_Size_3,1758,4.99998696814562,0.0005273784458675397,0.00010547596408298885,4.999985000000001,0.0003650000000003928,0.0005411490000005823,4.998647849999999,5.0013029,4.99842,5.00177,empirical
PKG_E,RCP_9,Package_Size_3,1697,5.0000026694166175,0.0005204933524255307,0.00010409861490859165,4.99999,0.0003399999999995629,0.0005040839999993519,4.998684,5.0013752,4.99815,5.00203,empirical
PKG_F,RCP_1,Package_Size_3,1758,4.999987753128555,0.0005124820053799922,0.00010249665212866288,4.99998,0.0003399999999995629,0.0005040839999993519,4.9986857,5.00132,4.99816,5.00162,empirical
PKG_F,RCP_2,Package_Size_3,1691,5.0000191247782375,0.0005158343070697832,0.0001031664668067968,5.00002,0.0003599999999996939,0.0005337359999995462,4.9988135,5.001310999999999,4.99805,5.00159,empirical
PKG_F,RCP_3,Package_Size_3,1674,5.000014014336918,0.0005233287083973819,0.00010466544831610511,5.00001,0.0003500000000000725,0.0005189100000001075,4.9986173,5.00134,4.99811,5.00169,empirical
PKG_F,RCP_4,Package_Size_3,1788,4.999983059284116,0.0005190413259023246,0.00010380861689892197,4.99999,0.0003500000000000725,0.0005189100000001075,4.9987387,5.0013,4.99841,5.00177,empirical
PKG_F,RCP_5,Package_Size_3,1673,5.000014357441722,0.0005126629360843498,0.00010253229279658627,5.00002,0.0003399999999995629,0.0005040839999993519,4.9986372,5.00141,4.99834,5.00179,empirical
PKG_F,RCP_6,Package_Size_3,1695,5.000025533923304,0.0005362572488587011,0.0001072509020644787,5.00002,0.0003700000000002035,0.0005485620000003017,4.99863,5.0014206,4.99842,5.00203,empirical
PKG_F,RCP_7,Package_Size_3,1674,4.999998793309438,0.0005133111355385795,0.00010266225188402998,4.99999,0.0003499999999991843,0.0005189099999987906,4.9986846,5.00128635,4.99813,5.00196,empirical
PKG_F,RCP_8,Package_Size_3,1724,5.000025034802784,0.0005216778913771607,0.00010433505587392269,5.00004,0.00034000000000045105,0.0005040840000006688,4.9986246,5.0013654,4.99818,5.00187,empirical
PKG_F,RCP_9,Package_Size_3,1611,5.000020477963997,0.0005264715147855266,0.0001052938717162825,5.00001,0.0003600000000005821,0.000533736000000863,4.998721499999999,5.001259500000001,4.99799,5.00178,empirical
PKG_A,RCP_1,Package_Size_4,1737,4.999983402417962,0.0005950118070459411,0.00011900275644079078,4.99999,0.0004299999999997084,0.0006375179999995676,4.9984836,5.0014732,4.9978,5.00207,empirical
PKG_A,RCP_2,Package_Size_4,1650,5.0000283272727275,0.0005733410340643469,0.0001146675571690364,5.00004,0.0003900000000003345,0.000578214000000496,4.9985022500000005,5.0014451,4.99792,5.00176,empirical
PKG_A,RCP_3,Package_Size_4,1632,5.000000147058824,0.0005868765929216451,0.00011737531513211387,5.000025,0.00040499999999976666,0.0006004529999996541,4.99851465,5.00154535,4.99802,5.00189,empirical
PKG_A,RCP_4,Package_Size_4,1602,5.000033320848939,0.0005719498483558091,0.00011438920736206207,5.00004,0.0003799999999998249,0.0005633879999997404,4.99857005,5.0016,4.99833,5.00185,empirical
PKG_A,RCP_5,Package_Size_4,1690,5.0000041656804735,0.0005707652117505178,0.0001141529472451629,5.0,0.0003700000000002035,0.0005485620000003017,4.998436750000001,5.00140665,4.99795,5.00214,empirical
PKG_A,RCP_6,Package_Size_4,1613,5.000029268443893,0.0005976781671943235,0.00011953493371856454,5.00002,0.00039999999999995595,0.0005930399999999347,4.9985506,5.0014694,4.99768,5.0021,empirical
PKG_A,RCP_7,Package_Size_4,1706,5.000020175849941,0.0005961904216876194,0.00011923760319352601,5.00002,0.00041000000000046555,0.0006078660000006902,4.99849525,5.0017195,4.99802,5.00215,empirical
PKG_A,RCP_8,Package_Size_4,1700,5.000015582352941,0.0005843644135189393,0.00011687251847402146,5.00002,0.0003700000000002035,0.0005485620000003017,4.9985446499999995,5.00153505,4.99797,5.00191,empirical
PKG_A,RCP_9,Package_Size_4,1736,5.0000053168202765,0.0005955440811500169,0.00011910868957410421,5.0,0.0003900000000003345,0.000578214000000496,4.998543499999999,5.0016565,4.99816,5.00199,empirical
PKG_B,RCP_1,Package_Size_4,1765,5.000018526912181,0.000606011817634877,0.00012120191442753043,5.00001,0.00041000000000046555,0.0006078660000006902,4.998526399999999,5.001529000000001,4.99777,5.00186,empirical
PKG_B,RCP_2,Package_Size_4,1749,5.000009416809606,0.0005918759713109957,0.00011837497131928573,5.0,0.00039999999999995595,0.0005930399999999347,4.9985374,5.0015852,4.99785,5.00205,empirical
PKG_B,RCP_3,Package_Size_4,1673,5.000005056784221,0.0005908164914406112,0.00011816317878298264,5.00001,0.00040999999999957737,0.0006078659999993734,4.99846,5.0014664,4.99775,5.00179,empirical
PKG_B,RCP_4,Package_Size_4,1707,5.000017445811365,0.0005783081925876787,0.00011566123495671827,5.00002,0.00038999999999944635,0.0005782139999991791,4.99841,5.0014394,4.99793,5.00221,empirical
PKG_B,RCP_5,Package_Size_4,1646,5.000015856622114,0.0005774468183845037,0.00011548899742382266,5.0,0.0003799999999998249,0.0005633879999997404,4.9985845,5.00146775,4.99813,5.00203,empirical
PKG_B,RCP_6,Package_Size_4,1613,4.999994823310601,0.0005797485307958625,0.00011594982620641972,4.99999,0.0003799999999998249,0.0005633879999997404,4.9985606,5.001468200000001,4.99826,5.00195,empirical
PKG_B,RCP_7,Package_Size_4,1605,5.0000111152647975,0.0005719476632295266,0.00011438927835248155,5.00001,0.00039999999999995595,0.0005930399999999347,4.998600199999999,5.0014498000000005,4.99836,5.00205,empirical
PKG_B,RCP_8,Package_Size_4,1633,5.0000528536436,0.0006040993042336926,0.00012081858370626581,5.00005,0.00039999999999995595,0.0005930399999999347,4.9984016,5.0016584,4.99763,5.00227,empirical
PKG_B,RCP_9,Package_Size_4,1640,4.999996634146341,0.0005792340045476446,0.00011584687889425715,4.99999,0.0003850000000000797,0.0005708010000001182,4.9984078,5.00149415,4.9978,5.00184,empirical
PKG_C,RCP_1,Package_Size_4,1627,5.000005716041795,0.0005802760724879445,0.00011605508182244926,5.00001,0.0003800000000007131,0.0005633880000010572,4.9984956,5.0014587,4.99781,5.0019,empirical
PKG_C,RCP_2,Package_Size_4,1738,5.000007882623705,0.0005787242078270849,0.00011574465909109829,5.0,0.0003799999999998249,0.0005633879999997404,4.99862,5.0014863,4.99823,5.00196,empirical
PKG_C,RCP_3,Package_Size_4,1706,5.000026377491207,0.0005895094699733253,0.00011790127200671194,5.00003,0.00042000000000008697,0.0006226920000001289,4.99847525,5.00147475,4.99764,5.00188,empirical
PKG_C,RCP_4,Package_Size_4,1637,5.000018051313378,0.0005624122228115087,0.00011248203847259657,5.00002,0.0003799999999998249,0.0005633879999997404,4.9986108,5.0016264,4.99819,5.00226,empirical
PKG_C,RCP_5,Package_Size_4,1697,5.000010483205657,0.0005796377791809744,0.00011592731277822266,5.0,0.0003799999999998249,0.0005633879999997404,4.9985648000000005,5.0015352,4.99743,5.00191,empirical
PKG_C,RCP_6,Package_Size_4,1630,5.000026662576687,0.0005674984927179799,0.00011349909330794013,5.00003,0.0003900000000003345,0.000578214000000496,4.99866145,5.00147855,4.99822,5.0018,empirical
PKG_C,RCP_7,Package_Size_4,1676,5.000006437947494,0.0005862268088130314,0.00011724521079890407,5.00001,0.0003800000000007131,0.0005633880000010572,4.998485,5.00142625,4.99808,5.00243,empirical
PKG_C,RCP_8,Package_Size_4,1692,5.0000170035461,0.0005778039688010549,0.00011556040077289061,5.00001,0.00038999999999944635,0.0005782139999991791,4.9985145499999994,5.00147545,4.99835,5.00195,empirical
PKG_C,RCP_9,Package_Size_4,1784,5.000010992152466,0.0005772368978865082,0.00011544712577481998,5.00004,0.00038499999999963563,0.0005708009999994598,4.99853575,5.0014617,4.99809,5.00183,empirical
PKG_D,RCP_1,Package_Size_4,1706,4.999998968347011,0.0005840615121919276,0.00011681232654034269,4.99998,0.00039999999999995595,0.0005930399999999347,4.99850525,5.001518,4.99816,5.00199,empirical
PKG_D,RCP_2,Package_Size_4,1611,4.999964239602732,0.0005799102219622393,0.00011598287391117733,4.99995,0.00039999999999995595,0.0005930399999999347,4.9985605,5.001409,4.99808,5.00196,empirical
PKG_D,RCP_3,Package_Size_4,1671,4.999995457809695,0.0005822516816837359,0.00011645044212476102,5.0,0.0003900000000003345,0.000578214000000496,4.99852,5.00143,4.99811,5.00193,empirical
PKG_D,RCP_4,Package_Size_4,1595,4.999986420062696,0.0005681435674841473,0.0001136290221118287,4.99999,0.0003900000000003345,0.000578214000000496,4.9986094,5.0014215,4.99824,5.00187,empirical
PKG_D,RCP_5,Package_Size_4,1681,5.000033277810827,0.0005970840050483933,0.00011941600622902567,5.00002,0.00040999999999957737,0.0006078659999993734,4.998548,5.001588,4.99816,5.00222,empirical
PKG_D,RCP_6,Package_Size_4,1690,5.000001816568048,0.0005725310331995798,0.00011450616503826783,5.0,0.00039999999999995595,0.0005930399999999347,4.99861,5.0014333,4.998,5.00214,empirical
PKG_D,RCP_7,Package_Size_4,1655,5.000011311178247,0.000577144418680496,0.00011542862260935416,5.00001,0.0003900000000003345,0.000578214000000496,4.9985854,5.00145,4.99793,5.0018,empirical
PKG_D,RCP_8,Package_Size_4,1625,5.000004578461539,0.0005850432261861497,0.00011700853809341167,4.99999,0.00039999999999995595,0.0005930399999999347,4.998482399999999,5.0014476000000005,4.99813,5.00204,empirical
PKG_D,RCP_9,Package_Size_4,1730,5.000017641618498,0.0005915279925700543,0.00011830518109503662,5.00003,0.0003799999999998249,0.0005633879999997404,4.9984487,5.00161065,4.99807,5.0021,empirical
PKG_E,RCP_1,Package_Size_4,1697,5.000006700058927,0.0005697001033365781,0.0001139398679865497,5.0,0.0003900000000003345,0.000578214000000496,4.998594,5.0014052,4.99803,5.00204,empirical
PKG_E,RCP_2,Package_Size_4,1692,5.000030762411348,0.0006018845411545046,0.00012037616761866396,5.00003,0.00041000000000046555,0.0006078660000006902,4.99849,5.00155,4.99812,5.00222,empirical
PKG_E,RCP_3,Package_Size_4,1680,4.999995577380953,0.0005795044400466679,0.00011590099052651924,4.99998,0.0003750000000000142,0.000555975000000021,4.9985479,5.00147,4.99783,5.00176,empirical
PKG_E,RCP_4,Package_Size_4,1731,4.99998844598498,0.0005781563880775969,0.00011563154481724051,5.0,0.00039999999999995595,0.0005930399999999347,4.9985565,5.0014635,4.99786,5.00186,empirical
PKG_E,RCP_5,Package_Size_4,1670,4.999992221556886,0.000577164230393605,0.0001154330256565657,4.99999,0.00038999999999989043,0.0005782139999998375,4.99842345,5.00150655,4.99801,5.00166,empirical
PKG_E,RCP_6,Package_Size_4,1666,4.999996242496999,0.0006041802716239889,0.00012083614513323337,4.99999,0.00039999999999995595,0.0005930399999999347,4.99843975,5.001557,4.99808,5.0022,empirical
PKG_E,RCP_7,Package_Size_4,1656,5.000016032608696,0.0005798734283391317,0.00011597431379366798,5.0,0.00039500000000014523,0.0005856270000002153,4.998621,5.0015072499999995,4.99803,5.00183,empirical
PKG_E,RCP_8,Package_Size_4,1758,4.999992974971558,0.0005894585946225493,0.00011789188456327827,4.99999,0.00039500000000014523,0.0005856270000002153,4.9984014,5.00149645,4.99791,5.0018,empirical
PKG_E,RCP_9,Package_Size_4,1697,4.999997006482027,0.0005849603845483532,0.00011699214695328955,4.99997,0.00039999999999995595,0.0005930399999999347,4.9985296,5.0015604,4.99814,5.00218,empirical
PKG_F,RCP_1,Package_Size_4,1758,5.000013503981798,0.0005969453715306919,0.00011938875186143199,5.000005,0.0003850000000005238,0.0005708010000007766,4.99847785,5.00158215,4.99779,5.00209,empirical
PKG_F,RCP_2,Package_Size_4,1691,4.999994015375517,0.0005796380402905807,0.00011592774681492251,5.0,0.0003700000000002035,0.0005485620000003017,4.9985025,5.001471,4.99794,5.00218,empirical
PKG_F,RCP_3,Package_Size_4,1674,5.000024295101554,0.0005868659189507732,0.00011737261347424185,5.000025,0.00038499999999963563,0.0005708009999994598,4.99861,5.0015563499999995,4.99782,5.00173,empirical
PKG_F,RCP_4,Package_Size_4,1788,4.999994463087249,0.0006006041467639695,0.00012012096237265155,4.99999,0.00042000000000008697,0.0006226920000001289,4.99851805,5.00152,4.99833,5.00203,empirical
PKG_F,RCP_5,Package_Size_4,1673,4.999992719665272,0.0006091055120703404,0.00012182127979400686,5.0,0.00040999999999957737,0.0006078659999993734,4.9983108000000005,5.0016484,4.99806,5.00218,empirical
PKG_F,RCP_6,Package_Size_4,1695,5.000026589970502,0.000590633347266244,0.00011812604125965827,5.00006,0.00041000000000046555,0.0006078660000006902,4.9985341,5.0015606,4.9981,5.00196,empirical
PKG_F,RCP_7,Package_Size_4,1674,5.000026320191159,0.0006000328404926371,0.00012000593638269026,5.00002,0.00041000000000046555,0.0006078660000006902,4.9985892000000005,5.00168635,4.99816,5.00198,empirical
PKG_F,RCP_8,Package_Size_4,1724,5.000010446635731,0.0005746952338206094,0.00011493880661935307,5.0,0.0003799999999998249,0.0005633879999997404,4.9986423,5.0015154,4.99827,5.00214,empirical
PKG_F,RCP_9,Package_Size_4,1611,5.00000965238982,0.0005986857268960616,0.00011973691422973793,4.99998,0.00040999999999957737,0.0006078659999993734,4.99853,5.001549,4.99819,5.00205,empirical
PKG_A,RCP_1,Coating_Thickness,1737,10.002672826712724,0.14882808742575857,0.014878831888643248,10.0,0.10099999999999909,0.14974259999999864,9.623612000000001,10.425956,9.433,10.6138,mentor_target
PKG_A,RCP_2,Coating_Thickness,1650,10.00450581818182,0.1514558272071241,0.015138761470044216,10.0,0.1001499999999993,0.14848238999999894,9.632747499999999,10.377583,9.5275,10.5567,mentor_target
PKG_A,RCP_3,Coating_Thickness,1632,10.004671936274509,0.14872358114847442,0.01486541308858303,10.0,0.10210000000000008,0.1513734600000001,9.641468,10.403191000000001,9.5308,10.486,mentor_target
PKG_A,RCP_4,Coating_Thickness,1602,9.998599313358303,0.14958067357478366,0.014960162807498574,10.0,0.1017500000000009,0.1508545500000013,9.622738,10.3781825,9.4722,10.4852,mentor_target
PKG_A,RCP_5,Coating_Thickness,1690,10.003039349112427,0.14849067333361926,0.014844555554686974,10.0,0.09989999999999988,0.1481117399999998,9.625904499999999,10.3999885,9.503,10.4475,mentor_target
PKG_A,RCP_6,Coating_Thickness,1613,9.999502107873528,0.14960698702358086,0.014961443620856033,10.0,0.10109999999999886,0.1498908599999983,9.633683999999999,10.391446,9.5107,10.4539,mentor_target
PKG_A,RCP_7,Coating_Thickness,1706,9.999490152403283,0.15033806399759736,0.015034572933847535,10.0,0.10169999999999924,0.15078041999999886,9.62741,10.393882499999998,9.576,10.5547,mentor_target
PKG_A,RCP_8,Coating_Thickness,1700,10.003943176470587,0.14701374904340395,0.014695580177742544,10.0,0.09890000000000043,0.14662914000000063,9.647902499999999,10.370502499999999,9.5011,10.4738,mentor_target
PKG_A,RCP_9,Coating_Thickness,1736,10.001570334101382,0.15077046206674277,0.015074678978427555,10.0,0.10074999999999967,0.1493719499999995,9.6054025,10.402875,9.5094,10.4827,mentor_target
PKG_B,RCP_1,Coating_Thickness,1765,10.00439116147309,0.14862251983653652,0.014855728593348274,10.0,0.1009000000000011,0.14959434000000163,9.632406,10.396025999999999,9.4952,10.5604,mentor_target
PKG_B,RCP_2,Coating_Thickness,1749,9.998724699828472,0.14782307830245683,0.014784193258665552,10.0,0.10180000000000078,0.15092868000000115,9.625202,10.352776,9.5042,10.5214,mentor_target
PKG_B,RCP_3,Coating_Thickness,1673,10.001061566049014,0.1479925565879607,0.0147976847868187,10.0,0.10309999999999953,0.1528560599999993,9.619388,10.354808,9.4888,10.4979,mentor_target
PKG_B,RCP_4,Coating_Thickness,1707,10.010970767428237,0.1467374823180984,0.01465766764553189,10.0,0.09729999999999883,0.14425697999999826,9.625095,10.40126,9.5469,10.5139,mentor_target
PKG_B,RCP_5,Coating_Thickness,1646,10.007847691373026,0.15199503932520111,0.015187585184397242,10.0,0.10260000000000069,0.15211476000000101,9.58529,10.374900000000002,9.453,10.4596,mentor_target
PKG_B,RCP_6,Coating_Thickness,1613,10.004505765654061,0.14994924181810135,0.014988170863260847,10.0,0.10379999999999967,0.1538938799999995,9.630861999999999,10.395114000000001,9.5562,10.5788,mentor_target
PKG_B,RCP_7,Coating_Thickness,1605,10.001305171339565,0.15005919884840876,0.015003961610773445,10.0,0.10580000000000034,0.15685908000000048,9.623618,10.389346,9.3578,10.4466,mentor_target
PKG_B,RCP_8,Coating_Thickness,1633,10.001934966319658,0.14931029481628832,0.014928140936636084,10.0,0.10189999999999877,0.15107693999999816,9.633212,10.374016,9.3817,10.4753,mentor_target
PKG_B,RCP_9,Coating_Thickness,1640,10.000345609756097,0.14716195717733074,0.01471568712922912,10.0,0.10285000000000011,0.15248541000000015,9.6308045,10.3603075,9.5333,10.482,mentor_target
PKG_C,RCP_1,Coating_Thickness,1627,10.000242532267977,0.14845344720878506,0.014844984682098203,10.0,0.10210000000000008,0.1513734600000001,9.648469,10.394458,9.5556,10.4992,mentor_target
PKG_C,RCP_2,Coating_Thickness,1738,9.996885155350979,0.14694198385379104,0.01469877682601347,10.0,0.09560000000000013,0.14173656000000018,9.615533,10.406066000000001,9.5132,10.5854,mentor_target
PKG_C,RCP_3,Coating_Thickness,1706,10.000430949589683,0.142489205406574,0.014248306510472963,10.0,0.09645000000000081,0.1429967700000012,9.6574625,10.36108,9.571,10.4868,mentor_target
PKG_C,RCP_4,Coating_Thickness,1637,9.998653756872327,0.14636475200407575,0.014638445891125649,10.0,0.0995999999999988,0.1476669599999982,9.650732,10.400906,9.4841,10.4655,mentor_target
PKG_C,RCP_5,Coating_Thickness,1697,10.007657513258692,0.1443850599425524,0.014427458149048684,10.0,0.09420000000000073,0.13966092000000108,9.654332,10.399016,9.4371,10.512,mentor_target
PKG_C,RCP_6,Coating_Thickness,1630,10.003193926380368,0.14708198928297522,0.014703502737769726,10.0,0.098749999999999,0.1464067499999985,9.640661,10.4036165,9.5022,10.5547,mentor_target
PKG_C,RCP_7,Coating_Thickness,1676,10.008287649164679,0.14533198543558526,0.014521163912361681,10.0,0.10089999999999932,0.149594339999999,9.651675000000001,10.355475,9.529,10.5068,mentor_target
PKG_C,RCP_8,Coating_Thickness,1692,10.002376300236406,0.15178587375736993,0.015174981344561338,10.0,0.1025999999999998,0.1521147599999997,9.627366,10.3718985,9.3706,10.4342,mentor_target
PKG_C,RCP_9,Coating_Thickness,1784,10.00518850896861,0.1477405399412733,0.014766392438167388,10.0,0.10264999999999969,0.15218888999999952,9.6403155,10.383601500000001,9.5061,10.4646,mentor_target
PKG_D,RCP_1,Coating_Thickness,1706,9.989231535756156,0.14685809246217377,0.014701640655389717,10.0,0.09979999999999922,0.14796347999999884,9.601144999999999,10.367144999999999,9.4302,10.4639,mentor_target
PKG_D,RCP_2,Coating_Thickness,1611,9.999074115456239,0.1490623153917412,0.014907611811910224,10.0,0.10299999999999976,0.15270779999999964,9.660214999999999,10.371885,9.5065,10.4673,mentor_target
PKG_D,RCP_3,Coating_Thickness,1671,10.003673309395571,0.14563869301786378,0.014558521506402869,10.0,0.10190000000000055,0.1510769400000008,9.651885,10.371245,9.4481,10.4598,mentor_target
PKG_D,RCP_4,Coating_Thickness,1595,10.0025794984326,0.148276870883139,0.014823863275105579,10.0,0.09830000000000005,0.14573958000000006,9.607643,10.403956,9.5539,10.5098,mentor_target
PKG_D,RCP_5,Coating_Thickness,1681,10.005918262938726,0.15083781839423815,0.015074860140816028,10.0,0.10270000000000046,0.15226302000000067,9.6335,10.37852,9.5752,10.6137,mentor_target
PKG_D,RCP_6,Coating_Thickness,1690,9.998962071005918,0.14745989943451868,0.01474752063137728,10.0,0.10160000000000036,0.15063216000000051,9.641652,10.3950765,9.4863,10.5414,mentor_target
PKG_D,RCP_7,Coating_Thickness,1655,10.00746265861027,0.14499437897686399,0.014488625531079349,10.0,0.09909999999999997,0.14692565999999993,9.673189,10.386342,9.4902,10.5559,mentor_target
PKG_D,RCP_8,Coating_Thickness,1625,9.996474953846153,0.15295864667532663,0.01530125843175105,10.0,0.09569999999999901,0.14188481999999852,9.610984,10.417395999999998,9.4701,10.5932,mentor_target
PKG_D,RCP_9,Coating_Thickness,1730,10.007920115606936,0.1471893911829042,0.014707290773970953,10.0,0.10150000000000148,0.1504839000000022,9.6515215,10.391607,9.5117,10.5377,mentor_target
PKG_E,RCP_1,Coating_Thickness,1697,10.000847790218032,0.14495984482660698,0.014494755631456987,10.0,0.09830000000000005,0.14573958000000006,9.667716,10.364212,9.532,10.4766,mentor_target
PKG_E,RCP_2,Coating_Thickness,1692,9.99966010638298,0.14783013034465523,0.014783515516721649,10.0,0.10459999999999958,0.15507995999999938,9.660674,10.369882,9.4521,10.4631,mentor_target
PKG_E,RCP_3,Coating_Thickness,1680,10.004943630952381,0.14482276936865432,0.014475120971258136,10.0,0.09935000000000116,0.1472963100000017,9.6827975,10.379051,9.5719,10.456,mentor_target
PKG_E,RCP_4,Coating_Thickness,1731,9.996664702484114,0.1451673931789871,0.01452158269776857,10.0,0.09749999999999837,0.14455349999999756,9.65706,10.371094999999999,9.5392,10.5124,mentor_target
PKG_E,RCP_5,Coating_Thickness,1670,10.000932155688623,0.14610050962083496,0.014608689204808937,10.0,0.1009000000000011,0.14959434000000163,9.6500495,10.3725395,9.5219,10.5653,mentor_target
PKG_E,RCP_6,Coating_Thickness,1666,10.007217827130853,0.14870229286808165,0.01485950395372934,10.0,0.10419999999999963,0.15448691999999944,9.62163,10.364912499999999,9.4252,10.4975,mentor_target
PKG_E,RCP_7,Coating_Thickness,1656,10.000923309178743,0.14943687169677033,0.014942307532707378,10.0,0.10500000000000043,0.15567300000000062,9.6272725,10.3986725,9.4116,10.5391,mentor_target
PKG_E,RCP_8,Coating_Thickness,1758,10.002230489192264,0.1495187884402169,0.014948544587307483,10.0,0.10024999999999906,0.1486306499999986,9.628619500000001,10.376941999999998,9.5657,10.5013,mentor_target
PKG_E,RCP_9,Coating_Thickness,1697,9.999882086034178,0.14754361038905237,0.014754535015478989,10.0,0.10440000000000005,0.15478344000000005,9.662844,10.368148,9.5611,10.5303,mentor_target
PKG_F,RCP_1,Coating_Thickness,1758,10.002587315130832,0.1437135412519406,0.014367636764794476,10.0,0.09810000000000052,0.14544306000000076,9.645841,10.387514999999999,9.5459,10.5985,mentor_target
PKG_F,RCP_2,Coating_Thickness,1691,10.00366723832052,0.15198432483990956,0.01519286089982194,10.0,0.10800000000000054,0.16012080000000078,9.638185,10.378409999999999,9.4799,10.5753,mentor_target
PKG_F,RCP_3,Coating_Thickness,1674,10.006735842293907,0.14831317995429252,0.014821334578198855,10.0,0.10094999999999921,0.1496684699999988,9.644222000000001,10.389108,9.5512,10.5719,mentor_target
PKG_F,RCP_4,Coating_Thickness,1788,9.998158724832216,0.1470797933984442,0.014710687982292702,10.0,0.1020500000000002,0.1512993300000003,9.6161855,10.3665325,9.529,10.5291,mentor_target
PKG_F,RCP_5,Coating_Thickness,1673,10.000556724447101,0.14802307435793366,0.014801483401027094,10.0,0.0987000000000009,0.14633262000000133,9.605360000000001,10.394572,9.3582,10.4626,mentor_target
PKG_F,RCP_6,Coating_Thickness,1695,10.000651504424779,0.153259235848555,0.015324925159200437,10.0,0.1061999999999994,0.1574521199999991,9.604869,10.422975,9.4407,10.5672,mentor_target
PKG_F,RCP_7,Coating_Thickness,1674,10.008369115890083,0.1464759262523478,0.014635344136118136,10.0,0.10299999999999976,0.15270779999999964,9.672922,10.393368500000001,9.5282,10.4549,mentor_target
PKG_F,RCP_8,Coating_Thickness,1724,10.004802668213458,0.15308861117528136,0.015301512308849782,10.0,0.104849999999999,0.15545060999999852,9.62323,10.411509,9.4985,10.4927,mentor_target
PKG_F,RCP_9,Coating_Thickness,1611,10.001710117939167,0.15110549189282366,0.0151079655489914,10.0,0.09859999999999935,0.14618435999999904,9.609585000000001,10.389140000000001,9.4643,10.5357,mentor_target
PKG_A,RCP_1,Coating_Uniformity,1737,98.80260967184802,0.2459301062119587,0.0024891053690662985,99.0,0.15800000000000125,0.23425080000000184,98.10904,99.35191999999999,97.991,99.633,mentor_target
PKG_A,RCP_2,Coating_Uniformity,1650,98.80656848484848,0.24907359070107307,0.002520820169352074,99.0,0.17650000000000432,0.2616789000000064,98.163245,99.43754499999999,97.899,99.582,mentor_target
PKG_A,RCP_3,Coating_Uniformity,1632,98.80184007352942,0.24445634981435183,0.0024742084725590608,99.0,0.16799999999999216,0.24907679999998836,98.152945,99.32969,98.013,99.566,mentor_target
PKG_A,RCP_4,Coating_Uniformity,1602,98.8003302122347,0.24922074970751734,0.0025224687930917025,99.0,0.17099999999999227,0.2535245999999885,98.15406999999999,99.37197,97.964,99.475,mentor_target
PKG_A,RCP_5,Coating_Uniformity,1690,98.80835443786982,0.2509856528227531,0.0025401258248923834,99.0,0.170499999999997,0.2527832999999955,98.17789,99.39422,97.636,99.538,mentor_target
PKG_A,RCP_6,Coating_Uniformity,1613,98.80562182269064,0.25399388109294263,0.0025706419979699283,99.0,0.17399999999999238,0.25797239999998867,98.088,99.34982,97.856,99.566,mentor_target
PKG_A,RCP_7,Coating_Uniformity,1706,98.79985697538102,0.2542432726780593,0.0025733162016764025,99.0,0.16600000000000392,0.24611160000000581,98.096525,99.413975,97.865,99.568,mentor_target
PKG_A,RCP_8,Coating_Uniformity,1700,98.79855294117648,0.25602731037568505,0.002591407492861973,99.0,0.17099999999999937,0.25352459999999905,98.04389,99.37904999999999,97.857,99.585,mentor_target
PKG_A,RCP_9,Coating_Uniformity,1736,98.79582258064517,0.2506030896893905,0.002536575769535477,99.0,0.16799999999999926,0.24907679999999888,98.08305,99.43672500000001,97.887,99.597,mentor_target
PKG_B,RCP_1,Coating_Uniformity,1765,98.80394730878187,0.2490250264036742,0.002520395522513101,99.0,0.16500000000000625,0.24462900000000926,98.06764,99.3859,97.842,99.617,mentor_target
PKG_B,RCP_2,Coating_Uniformity,1749,98.80358090337334,0.25191571703834814,0.0025496618111919794,99.0,0.16799999999999216,0.24907679999998836,98.09618,99.41911999999999,97.678,99.693,mentor_target
PKG_B,RCP_3,Coating_Uniformity,1673,98.7950860729229,0.25197091710253056,0.0025504397750769213,99.0,0.1670000000000016,0.24759420000000235,98.07784,99.39404,97.959,99.483,mentor_target
PKG_B,RCP_4,Coating_Uniformity,1707,98.80362507322789,0.25722814562569074,0.0026034282187019676,99.0,0.16800000000000637,0.24907680000000942,98.1433,99.4277,97.785,99.639,mentor_target
PKG_B,RCP_5,Coating_Uniformity,1646,98.7990297691373,0.2498961480846507,0.0025293380782036067,99.0,0.1664999999999992,0.2468528999999988,98.098575,99.3881,97.883,99.609,mentor_target
PKG_B,RCP_6,Coating_Uniformity,1613,98.8001934283943,0.24160971190087993,0.0024454376405243297,99.0,0.16599999999999682,0.24611159999999527,98.15018,99.36646,97.695,99.52,mentor_target
PKG_B,RCP_7,Coating_Uniformity,1605,98.80044797507789,0.24511430346227261,0.002480902753842796,99.0,0.16699999999998738,0.24759419999998128,98.139,99.3834,98.001,99.552,mentor_target
PKG_B,RCP_8,Coating_Uniformity,1633,98.79936987140233,0.24608008544873453,0.0024907050092428055,99.0,0.16599999999999682,0.24611159999999527,98.10544,99.3892,97.905,99.484,mentor_target
PKG_B,RCP_9,Coating_Uniformity,1640,98.79499695121952,0.26085736868972564,0.0026403904725916956,99.0,0.17100000000000648,0.2535246000000096,98.06019500000001,99.40707499999999,97.826,99.66,mentor_target
PKG_C,RCP_1,Coating_Uniformity,1627,98.80761032575292,0.24863991527948406,0.0025164045002177256,99.0,0.16500000000000625,0.24462900000000926,98.07751999999999,99.36887,97.934,99.492,mentor_target
PKG_C,RCP_2,Coating_Uniformity,1738,98.79344706559263,0.24314191210960615,0.0024611137614033774,99.0,0.16100000000000136,0.238698600000002,98.06407,99.37652,97.93,99.606,mentor_target
PKG_C,RCP_3,Coating_Uniformity,1706,98.80179132473623,0.245985372227529,0.0024896853481030314,99.0,0.16200000000000614,0.2401812000000091,98.163925,99.454,97.953,99.573,mentor_target
PKG_C,RCP_4,Coating_Uniformity,1637,98.79931521075137,0.24639827440123155,0.00249392694550193,99.0,0.16599999999999682,0.24611159999999527,98.12472,99.37828,97.915,99.663,mentor_target
PKG_C,RCP_5,Coating_Uniformity,1697,98.80332292280495,0.2487835345726709,0.0025179672830138063,99.0,0.17100000000000648,0.2535246000000096,98.1154,99.4398,97.856,99.653,mentor_target
PKG_C,RCP_6,Coating_Uniformity,1630,98.80181840490798,0.2519565869333664,0.0025501209491995596,99.0,0.16750000000000398,0.2483355000000059,98.14114500000001,99.445245,97.984,99.64,mentor_target
PKG_C,RCP_7,Coating_Uniformity,1676,98.8102822195704,0.24922549342557385,0.002522262742573284,99.0,0.1700000000000017,0.25204200000000254,98.15225000000001,99.376625,97.888,99.543,mentor_target
PKG_C,RCP_8,Coating_Uniformity,1692,98.8026938534279,0.2494729979570612,0.0025249614987942546,99.0,0.16499999999999915,0.2446289999999987,98.092825,99.36336,97.895,99.49,mentor_target
PKG_C,RCP_9,Coating_Uniformity,1784,98.79187668161435,0.24953166325066142,0.002525831795410163,99.0,0.1670000000000016,0.24759420000000235,98.101575,99.37485,97.926,99.625,mentor_target
PKG_D,RCP_1,Coating_Uniformity,1706,98.79660140679954,0.258188738344627,0.0026133362349330526,99.0,0.17600000000000193,0.2609376000000029,98.10787499999999,99.41095,97.978,99.555,mentor_target
PKG_D,RCP_2,Coating_Uniformity,1611,98.80473867163253,0.24118810084257605,0.0024410580310741986,99.0,0.1629999999999967,0.2416637999999951,98.1773,99.41265,98.074,99.729,mentor_target
PKG_D,RCP_3,Coating_Uniformity,1671,98.81073907839617,0.24266107834800857,0.0024558168536264256,99.0,0.15500000000000114,0.22980300000000167,98.18939999999999,99.43195,98.036,99.56,mentor_target
PKG_D,RCP_4,Coating_Uniformity,1595,98.78619435736678,0.24807323481206797,0.0025112136005021476,99.0,0.16899999999999693,0.25055939999999544,98.13143000000001,99.33802999999999,97.896,99.51,mentor_target
PKG_D,RCP_5,Coating_Uniformity,1681,98.81394765020822,0.24807088487876877,0.0025104845093014156,99.0,0.16899999999999693,0.25055939999999544,98.15740000000001,99.4208,97.992,99.545,mentor_target
PKG_D,RCP_6,Coating_Uniformity,1690,98.80015207100593,0.25087634670637965,0.0025392303700714877,99.0,0.16749999999999687,0.24833549999999535,98.11489,99.410555,97.963,99.607,mentor_target
PKG_D,RCP_7,Coating_Uniformity,1655,98.80193776435046,0.2502371868677597,0.0025327153751234406,99.0,0.17100000000000648,0.2535246000000096,98.11427,99.39292,97.983,99.531,mentor_target
PKG_D,RCP_8,Coating_Uniformity,1625,98.7967956923077,0.2537153628108865,0.002568052546977905,99.0,0.16499999999999204,0.2446289999999882,98.08636,99.39788,97.777,99.549,mentor_target
PKG_D,RCP_9,Coating_Uniformity,1730,98.79397976878612,0.25071122693817327,0.0025377176577452273,99.0,0.16949999999999932,0.251300699999999,98.149515,99.359065,97.872,99.519,mentor_target
PKG_E,RCP_1,Coating_Uniformity,1697,98.79602887448439,0.25157841530594155,0.0025464425865290583,99.0,0.16799999999999216,0.24907679999998836,98.1524,99.39156,97.937,99.604,mentor_target
PKG_E,RCP_2,Coating_Uniformity,1692,98.8007429078014,0.2487386645053909,0.002517578888425041,99.0,0.16199999999999193,0.24018119999998802,98.087455,99.402995,97.768,99.547,mentor_target
PKG_E,RCP_3,Coating_Uniformity,1680,98.80007857142859,0.2526527485171624,0.0025572120201757162,99.0,0.1670000000000016,0.24759420000000235,98.11413499999999,99.39721,97.591,99.608,mentor_target
PKG_E,RCP_4,Coating_Uniformity,1731,98.80996302715194,0.24867150794458265,0.0025166643152801337,99.0,0.16499999999999204,0.2446289999999882,98.10965,99.4237,97.965,99.743,mentor_target
PKG_E,RCP_5,Coating_Uniformity,1670,98.7997994011976,0.2460662346829601,0.0024905539907399588,99.0,0.1634999999999991,0.24240509999999862,98.11869,99.397965,97.95,99.679,mentor_target
PKG_E,RCP_6,Coating_Uniformity,1666,98.8070300120048,0.2558747306347736,0.002589640945625888,99.0,0.1700000000000017,0.25204200000000254,98.12384999999999,99.377675,97.91,99.627,mentor_target
PKG_E,RCP_7,Coating_Uniformity,1656,98.79399879227053,0.2507194071997155,0.0025377999702885937,99.0,0.17149999999999466,0.25426589999999205,98.106825,99.396525,97.935,99.566,mentor_target
PKG_E,RCP_8,Coating_Uniformity,1758,98.80123321956769,0.24966897421890738,0.0025269823673563234,99.0,0.1629999999999967,0.2416637999999951,98.10471,99.37165499999999,97.847,99.636,mentor_target
PKG_E,RCP_9,Coating_Uniformity,1697,98.80486387743076,0.24782972076153167,0.0025082745022448386,99.0,0.16400000000000148,0.24314640000000218,98.11092,99.38772,98.02,99.574,mentor_target
PKG_F,RCP_1,Coating_Uniformity,1758,98.8121109215017,0.2547885408574192,0.002578515310333045,99.0,0.17449999999999477,0.2587136999999922,98.10357,99.41929,97.807,99.61,mentor_target
PKG_F,RCP_2,Coating_Uniformity,1691,98.80283796570076,0.2427145565842131,0.0024565545037124443,99.0,0.15900000000000603,0.23573340000000892,98.17345,99.40055,97.884,99.535,mentor_target
PKG_F,RCP_3,Coating_Uniformity,1674,98.7951320191159,0.2515369133604226,0.0025460456220834106,99.0,0.170499999999997,0.2527832999999955,98.11311,99.393175,97.902,99.657,mentor_target
PKG_F,RCP_4,Coating_Uniformity,1788,98.80267002237136,0.2453152047868367,0.002482880318227142,99.0,0.16749999999999687,0.24833549999999535,98.106675,99.41832500000001,97.898,99.672,mentor_target
PKG_F,RCP_5,Coating_Uniformity,1673,98.80787806335923,0.2508548222002673,0.0025388139803934457,99.0,0.16199999999999193,0.24018119999998802,98.11836,99.43975999999999,97.776,99.548,mentor_target
PKG_F,RCP_6,Coating_Uniformity,1695,98.78870560471977,0.24883681714796962,0.0025188792142254884,99.0,0.17300000000000182,0.2564898000000027,98.13552,99.39501,97.996,99.602,mentor_target
PKG_F,RCP_7,Coating_Uniformity,1674,98.79831541218638,0.2569527500486033,0.0026007806810935683,99.0,0.17499999999999716,0.2594549999999958,98.0706,99.415525,97.86,99.651,mentor_target
PKG_F,RCP_8,Coating_Uniformity,1724,98.79667517401391,0.25005838679478765,0.0025310405067210146,99.0,0.1699999999999875,0.25204199999998145,98.11584500000001,99.36385,97.879,99.54,mentor_target
PKG_F,RCP_9,Coating_Uniformity,1611,98.80965673494723,0.24694364430447693,0.0024991853272691043,99.0,0.1670000000000016,0.24759420000000235,98.16810000000001,99.39695,97.844,99.729,mentor_target
PKG_A,RCP_1,Cutting_Offset,1737,0.00681076568796776,0.18255560113291766,26.8039761601885,0.011,0.12569999999999998,0.18636281999999996,-0.493732,0.42076399999999964,-0.8189,0.5393,empirical
PKG_A,RCP_2,Cutting_Offset,1650,0.007680121212121212,0.17655842910778563,22.989015958384993,0.01065,0.11575,0.17161095,-0.4506795,0.4151039999999999,-0.5845,0.6406,empirical
PKG_A,RCP_3,Cutting_Offset,1632,0.006825183823529412,0.18839011156498073,27.60220331583116,0.006200000000000001,0.1254,0.18591804,-0.455511,0.5082985000000007,-0.5897,0.8179,empirical
PKG_A,RCP_4,Cutting_Offset,1602,0.012514794007490638,0.180564243161322,14.428063542495913,0.004,0.1208,0.17909808,-0.455673,0.5122904999999998,-0.5338,0.6569,empirical
PKG_A,RCP_5,Cutting_Offset,1690,0.005745857988165681,0.18157689398340163,31.6013542898871,0.009000000000000001,0.11985,0.17768961,-0.48674649999999997,0.45694150000000033,-0.6583,0.6026,empirical
PKG_A,RCP_6,Cutting_Offset,1613,0.008498574085554867,0.18367989587347222,21.613025199800898,0.0077,0.1241,0.18399066,-0.466844,0.4666840000000005,-0.6278,0.6327,empirical
PKG_A,RCP_7,Cutting_Offset,1706,0.0024806565064478315,0.17926060084591683,72.26337075688423,0.0027,0.12040000000000001,0.17850504,-0.49190249999999996,0.4547599999999999,-0.6306,0.6633,empirical
PKG_A,RCP_8,Cutting_Offset,1700,0.010979941176470588,0.1793024260949306,16.32999878716708,0.0074,0.12254999999999999,0.18169262999999997,-0.4664605,0.4793554999999999,-0.5873,0.6659,empirical
PKG_A,RCP_9,Cutting_Offset,1736,0.012339688940092167,0.18436403803850368,14.940736264388091,0.0169,0.1285,0.1905141,-0.43853000000000003,0.44609000000000004,-0.5709,0.6378,empirical
PKG_B,RCP_1,Cutting_Offset,1765,0.012473031161473089,0.18142393259955691,14.545296187501098,0.0105,0.12050000000000001,0.17865330000000001,-0.433922,0.5033120000000002,-0.811,0.6649,empirical
PKG_B,RCP_2,Cutting_Offset,1749,0.009421440823327616,0.18241394103637404,19.361575841426998,0.0046,0.12359999999999999,0.18324935999999997,-0.470192,0.4893799999999999,-0.6144,0.6784,empirical
PKG_B,RCP_3,Cutting_Offset,1673,0.005819725044829648,0.18973971385190772,32.6028656663902,0.0078,0.1302,0.19303452000000001,-0.507372,0.5411240000000039,-0.7507,0.6551,empirical
PKG_B,RCP_4,Cutting_Offset,1707,0.011130931458699473,0.1754231408317736,15.759969548161235,0.007,0.1154,0.17109204,-0.447151,0.49067000000000005,-0.6622,0.583,empirical
PKG_B,RCP_5,Cutting_Offset,1646,-0.0022280680437424057,0.18135647283475057,-81.39629009270858,-0.00245,0.11945,0.17709656999999998,-0.454265,0.4828350000000003,-0.5439,0.5552,empirical
PKG_B,RCP_6,Cutting_Offset,1613,0.002231680099194048,0.1715759685159187,76.88197272444283,0.0052,0.1124,0.16664424,-0.44630400000000003,0.42139000000000015,-0.5405,0.5293,empirical
PKG_B,RCP_7,Cutting_Offset,1605,0.0013735825545171344,0.17904594378948935,130.34960527176372,0.0066,0.12469999999999999,0.18488021999999998,-0.450566,0.4528900000000002,-0.622,0.6316,empirical
PKG_B,RCP_8,Cutting_Offset,1633,0.010125597060624617,0.18635790904468372,18.40463410986136,0.008,0.12919999999999998,0.19155191999999996,-0.43310400000000004,0.460252,-0.6704,0.635,empirical
PKG_B,RCP_9,Cutting_Offset,1640,0.00689060975609756,0.1755815818429809,25.481283668344044,0.0126,0.1159,0.17183334,-0.469789,0.422022,-0.7633,0.6107,empirical
PKG_C,RCP_1,Cutting_Offset,1627,0.004092931776275353,0.1792066301871195,43.78441664380758,0.0056,0.1199,0.17776374,-0.481203,0.48735299999999654,-0.698,0.6274,empirical
PKG_C,RCP_2,Cutting_Offset,1738,0.0047548906789413115,0.18338166130711894,38.56695635912061,0.00515,0.12315,0.18258218999999998,-0.464919,0.4491240000000005,-0.6393,0.7209,empirical
PKG_C,RCP_3,Cutting_Offset,1706,0.004663305978898007,0.18107425677073993,38.82958947796298,0.0104,0.12165000000000001,0.18035829,-0.42567,0.4858374999999996,-0.674,0.6428,empirical
PKG_C,RCP_4,Cutting_Offset,1637,0.0064444105070250455,0.17682873197857776,27.43908566746593,0.0037,0.12029999999999999,0.17835677999999996,-0.443054,0.4746019999999999,-0.5775,0.6512,empirical
PKG_C,RCP_5,Cutting_Offset,1697,0.0015159104301708899,0.18131419886201158,119.60746179546497,0.0021,0.12589999999999998,0.18665933999999998,-0.451308,0.47204399999999985,-0.6204,0.687,empirical
PKG_C,RCP_6,Cutting_Offset,1630,0.009373803680981596,0.17714554709788694,18.89793653960297,0.008199999999999999,0.1184,0.17553984,-0.436697,0.4519865000000001,-0.5384,0.6024,empirical
PKG_C,RCP_7,Cutting_Offset,1676,0.004294331742243436,0.1809056843015936,42.12662066184137,0.00315,0.1243,0.18428717999999997,-0.43332499999999996,0.478025,-0.5157,0.7102,empirical
PKG_C,RCP_8,Cutting_Offset,1692,0.0038433215130023644,0.1830992816786344,47.64089630783948,0.00135,0.12385,0.18362001,-0.5208805,0.4744725000000001,-0.6332,0.6902,empirical
PKG_C,RCP_9,Cutting_Offset,1784,0.0018502242152466366,0.18178277737216048,98.24905320889916,0.0051,0.1211,0.17954286,-0.468816,0.48181900000000005,-0.6394,0.5999,empirical
PKG_D,RCP_1,Cutting_Offset,1706,0.0006311840562719812,0.18304349748424753,290.000191965199,0.0015,0.12415,0.18406478999999998,-0.4659175,0.45684249999999926,-0.7296,0.6897,empirical
PKG_D,RCP_2,Cutting_Offset,1611,0.006259279950341403,0.1849337945137937,29.545538141924254,0.0077,0.1272,0.18858672,-0.467725,0.445785,-0.7018,0.6462,empirical
PKG_D,RCP_3,Cutting_Offset,1671,0.0004147815679233992,0.17870943201955414,430.85191300631215,-0.0023,0.1224,0.18147023999999998,-0.42496,0.45079500000000183,-0.6462,0.5842,empirical
PKG_D,RCP_4,Cutting_Offset,1595,0.005830532915360501,0.18007447881113253,30.884737540324572,0.006,0.12209999999999999,0.18102545999999997,-0.503065,0.46434399999999987,-0.5649,0.543,empirical
PKG_D,RCP_5,Cutting_Offset,1681,0.009229149315883403,0.17672264645160565,19.14831371808724,0.0067,0.1186,0.17583636,-0.47059999999999996,0.42839999999999984,-0.6087,0.6491,empirical
PKG_D,RCP_6,Cutting_Offset,1690,0.0029695857988165687,0.17832637625807593,60.05092573150844,0.0038,0.1189,0.17628114,-0.42459749999999996,0.45367650000000015,-0.6929,0.711,empirical
PKG_D,RCP_7,Cutting_Offset,1655,0.0048,0.17941461462756822,37.378044714076715,0.0026,0.1218,0.18058068,-0.475711,0.46670800000000034,-0.5389,0.6304,empirical
PKG_D,RCP_8,Cutting_Offset,1625,0.007279938461538462,0.17997375805220783,24.72187903827063,0.0026,0.12340000000000001,0.18295284,-0.43309600000000004,0.4505319999999992,-0.5913,0.6415,empirical
PKG_D,RCP_9,Cutting_Offset,1730,-0.0004197687861271675,0.177132730691396,-421.97689905826934,-0.00345,0.12004999999999999,0.17798612999999996,-0.445173,0.46006750000000035,-0.5947,0.6056,empirical
PKG_E,RCP_1,Cutting_Offset,1697,0.0048296405421331765,0.1794871888315339,37.163674452727946,-0.0015,0.1154,0.17109204,-0.4787,0.48064799999999996,-0.5807,0.6687,empirical
PKG_E,RCP_2,Cutting_Offset,1692,0.008854373522458629,0.18253121631818184,20.61480869936213,0.0068,0.12425,0.18421305,-0.431633,0.5046495000000009,-0.5811,0.6291,empirical
PKG_E,RCP_3,Cutting_Offset,1680,-0.0023273809523809527,0.18167905919017985,-78.06159064948903,-0.0010500000000000002,0.11929999999999999,0.17687417999999996,-0.4825805,0.4767785000000002,-0.6689,0.6537,empirical
PKG_E,RCP_4,Cutting_Offset,1731,-0.00045788561525129967,0.17904462049189715,-391.0247767745068,-0.001,0.1218,0.18058068,-0.466465,0.46108999999999967,-0.5671,0.5967,empirical
PKG_E,RCP_5,Cutting_Offset,1670,0.0022465269461077846,0.1836524352932163,81.7494914144711,0.0014,0.1178,0.17465028,-0.46112749999999997,0.4726754999999999,-0.5723,0.5975,empirical
PKG_E,RCP_6,Cutting_Offset,1666,0.009132833133253302,0.1819708216950314,19.92490381023853,0.01225,0.12345,0.18302696999999998,-0.48334,0.45784749999999974,-0.6377,0.5778,empirical
PKG_E,RCP_7,Cutting_Offset,1656,0.00356328502415459,0.18215364964001673,51.11958442988538,0.0055,0.12325,0.18273045,-0.4443725,0.46089999999999964,-0.5566,0.6021,empirical
PKG_E,RCP_8,Cutting_Offset,1758,0.005454323094425483,0.1828180710549069,33.5180127561115,0.0094,0.12355,0.18317522999999997,-0.46445349999999996,0.4749309999999997,-0.6642,0.6663,empirical
PKG_E,RCP_9,Cutting_Offset,1697,0.012439835002946376,0.1848006815539461,14.855557289158261,0.0139,0.12279999999999999,0.18206327999999997,-0.462976,0.5150639999999999,-0.6559,0.6284,empirical
PKG_F,RCP_1,Cutting_Offset,1758,0.005532309442548351,0.1865456520498518,33.71930908548802,0.0056500000000000005,0.12655,0.18762303,-0.4588125,0.4847224999999999,-0.5637,0.6083,empirical
PKG_F,RCP_2,Cutting_Offset,1691,-0.0009011235955056176,0.17929338531158434,-198.9664749717084,0.0021,0.126,0.1868076,-0.43809,0.4334049999999999,-0.6277,0.5214,empirical
PKG_F,RCP_3,Cutting_Offset,1674,0.01273667861409797,0.1780552241243585,13.979721834801799,0.01005,0.11915,0.17665179,-0.4390265,0.4756875,-0.6584,0.6409,empirical
PKG_F,RCP_4,Cutting_Offset,1788,-0.005335067114093961,0.1819592592183001,-34.10627370321315,-0.0014,0.12435,0.18436131,-0.4726535,0.4239520000000011,-0.6467,0.5647,empirical
PKG_F,RCP_5,Cutting_Offset,1673,0.0058994022713688,0.18194317159769988,30.840950189261257,0.0088,0.124,0.1838424,-0.455024,0.49827600000000033,-0.6225,0.5431,empirical
PKG_F,RCP_6,Cutting_Offset,1695,0.009263716814159292,0.1820232286618436,19.649049330137874,0.0126,0.1237,0.18339761999999998,-0.423645,0.48109799999999986,-0.5715,0.5584,empirical
PKG_F,RCP_7,Cutting_Offset,1674,0.005932974910394265,0.1797361342846622,30.294436939177647,0.01,0.1192,0.17672591999999998,-0.459526,0.459527,-0.6418,0.6969,empirical
PKG_F,RCP_8,Cutting_Offset,1724,0.009768677494199537,0.17738605152610304,18.15865572708605,0.01355,0.11935000000000001,0.17694831,-0.470981,0.44981649999999995,-0.6205,0.6189,empirical
PKG_F,RCP_9,Cutting_Offset,1611,0.012663376784605836,0.18070321490028413,14.26974952841607,0.0073,0.1196,0.17731896,-0.4622,0.49352000000000046,-0.6538,0.6284,empirical
PKG_A,RCP_1,Surface_Roughness,1737,0.5835043177892919,0.03159426205722213,0.05414572110952411,0.5836,0.020399999999999974,0.03024503999999996,0.499676,0.6679839999999999,0.4709,0.693,empirical
PKG_A,RCP_2,Surface_Roughness,1650,0.5837863636363636,0.03219055380863871,0.05514098275287906,0.5835,0.021299999999999986,0.031579379999999976,0.500143,0.6728795,0.4694,0.6966,empirical
PKG_A,RCP_3,Surface_Roughness,1632,0.583415318627451,0.032017294692594546,0.05487907785472409,0.5834,0.021100000000000008,0.03128286000000001,0.5071705,0.6671885000000001,0.4773,0.7046,empirical
PKG_A,RCP_4,Surface_Roughness,1602,0.5838458177278402,0.03273573571597552,0.05606914483582939,0.5835,0.021499999999999964,0.03187589999999994,0.50092,0.6754979999999999,0.4877,0.702,empirical
PKG_A,RCP_5,Surface_Roughness,1690,0.5826510650887574,0.03209876284422142,0.055090885038254746,0.58195,0.021150000000000002,0.03135699,0.5022225,0.6676,0.4756,0.6866,empirical
PKG_A,RCP_6,Surface_Roughness,1613,0.5840157470551767,0.03095713838339766,0.05300736930381586,0.585,0.020399999999999974,0.03024503999999996,0.503642,0.660652,0.4836,0.6782,empirical
PKG_A,RCP_7,Surface_Roughness,1706,0.5837566822977726,0.03145899671607933,0.053890598035213906,0.584,0.020199999999999996,0.029948519999999992,0.5025325,0.6658524999999997,0.4688,0.6952,empirical
PKG_A,RCP_8,Surface_Roughness,1700,0.5834168823529412,0.031548318141561775,0.05407508609337165,0.58295,0.020649999999999946,0.030615689999999918,0.501799,0.6660089999999999,0.4612,0.6858,empirical
PKG_A,RCP_9,Surface_Roughness,1736,0.5831585829493088,0.03181638669480834,0.05455872146114668,0.58255,0.02100000000000002,0.031134600000000026,0.5050875,0.6667325,0.479,0.6883,empirical
PKG_B,RCP_1,Surface_Roughness,1765,0.583087478753541,0.030435506636459046,0.05219715350691573,0.5824,0.020199999999999996,0.029948519999999992,0.505958,0.6700220000000001,0.4945,0.6966,empirical
PKG_B,RCP_2,Surface_Roughness,1749,0.5833666666666667,0.031562112554358174,0.05410338704249729,0.584,0.020299999999999985,0.030096779999999976,0.5065620000000001,0.664524,0.4833,0.6957,empirical
PKG_B,RCP_3,Surface_Roughness,1673,0.5833510460251046,0.031963899536917195,0.054793592562687586,0.5831,0.020299999999999985,0.030096779999999976,0.498916,0.66862,0.4676,0.6871,empirical
PKG_B,RCP_4,Surface_Roughness,1707,0.5816121851200937,0.031703550514267785,0.054509777004966814,0.5817,0.020499999999999963,0.030393299999999943,0.497906,0.665147,0.4838,0.6767,empirical
PKG_B,RCP_5,Surface_Roughness,1646,0.5839984204131227,0.03217372708948433,0.05509214745259844,0.5831500000000001,0.021049999999999902,0.031208729999999855,0.5044675,0.6679150000000003,0.4876,0.6924,empirical
PKG_B,RCP_6,Surface_Roughness,1613,0.5835247985120893,0.03146290509567188,0.05391871121141399,0.5828,0.020100000000000007,0.02980026000000001,0.498596,0.664588,0.4564,0.6809,empirical
PKG_B,RCP_7,Surface_Roughness,1605,0.5842505295950156,0.032548688755185656,0.055710157041273724,0.584,0.02169999999999994,0.03217241999999991,0.502916,0.6707780000000002,0.4551,0.7138,empirical
PKG_B,RCP_8,Surface_Roughness,1633,0.5841318432333129,0.031216524463861486,0.053440888089699705,0.5835,0.01970000000000005,0.029207220000000075,0.5029279999999999,0.6690759999999999,0.4917,0.7,empirical
PKG_B,RCP_9,Surface_Roughness,1640,0.5828118902439025,0.032939758631208446,0.05651867983925894,0.5835,0.02244999999999997,0.03328436999999995,0.4999705,0.6691075000000001,0.4527,0.6935,empirical
PKG_C,RCP_1,Surface_Roughness,1627,0.5841632452366318,0.03136615095328601,0.0536941534905714,0.5843,0.019400000000000084,0.02876244000000012,0.502826,0.6715659999999998,0.4684,0.6874,empirical
PKG_C,RCP_2,Surface_Roughness,1738,0.5831850402761796,0.03108957799859609,0.0533099717096189,0.5831999999999999,0.019699999999999995,0.029207219999999992,0.502407,0.6643315,0.4787,0.6939,empirical
PKG_C,RCP_3,Surface_Roughness,1706,0.582813305978898,0.03229075213256837,0.05540496725333434,0.5827,0.020499999999999963,0.030393299999999943,0.50322,0.6654724999999998,0.4742,0.6909,empirical
PKG_C,RCP_4,Surface_Roughness,1637,0.5825910201588271,0.031353174696790165,0.05381678332124412,0.584,0.020400000000000085,0.030245040000000122,0.506718,0.658046,0.4867,0.6855,empirical
PKG_C,RCP_5,Surface_Roughness,1697,0.5834083677077195,0.03164642444163611,0.05424403589886558,0.583,0.021400000000000086,0.031727640000000126,0.506488,0.66614,0.4882,0.6982,empirical
PKG_C,RCP_6,Surface_Roughness,1630,0.5833083435582822,0.031068912557707617,0.05326327473422008,0.5835,0.020299999999999985,0.030096779999999976,0.505316,0.655868,0.4706,0.6691,empirical
PKG_C,RCP_7,Surface_Roughness,1676,0.5833143794749404,0.0327925801896605,0.05621767839698746,0.58395,0.021299999999999986,0.031579379999999976,0.49548749999999997,0.6711,0.4732,0.7039,empirical
PKG_C,RCP_8,Surface_Roughness,1692,0.5834242907801419,0.031087239673534415,0.053284102435922326,0.5831,0.019400000000000084,0.02876244000000012,0.5047,0.6651995,0.4883,0.7048,empirical
PKG_C,RCP_9,Surface_Roughness,1784,0.5822080156950673,0.03187343112279966,0.054745778593837564,0.58075,0.021050000000000013,0.031208730000000018,0.5031789999999999,0.6641085,0.4708,0.6802,empirical
PKG_D,RCP_1,Surface_Roughness,1706,0.5825505861664713,0.03166720723901881,0.05435958351258014,0.58195,0.020050000000000012,0.029726130000000017,0.4996975,0.6725749999999999,0.4874,0.684,empirical
PKG_D,RCP_2,Surface_Roughness,1611,0.5827256362507759,0.03187789077110007,0.05470480237698248,0.5815,0.02080000000000004,0.03083808000000006,0.504255,0.6648750000000001,0.4726,0.6883,empirical
PKG_D,RCP_3,Surface_Roughness,1671,0.5833075403949731,0.031472209250137606,0.053954744402630095,0.5819,0.02100000000000002,0.031134600000000026,0.506835,0.6654100000000002,0.49,0.687,empirical
PKG_D,RCP_4,Surface_Roughness,1595,0.5853236990595612,0.03199808400960579,0.05466733033536327,0.5853,0.021499999999999964,0.03187589999999994,0.5071019999999999,0.665915,0.4804,0.6888,empirical
PKG_D,RCP_5,Surface_Roughness,1681,0.5847301011302796,0.03219242439799649,0.05505518586398876,0.5841,0.020499999999999963,0.030393299999999943,0.5044,0.67166,0.4799,0.6933,empirical
PKG_D,RCP_6,Surface_Roughness,1690,0.5830127218934912,0.031799739308031864,0.0545438171653504,0.58235,0.020450000000000024,0.030319170000000034,0.5010344999999999,0.6648990000000001,0.486,0.6765,empirical
PKG_D,RCP_7,Surface_Roughness,1655,0.5823777039274924,0.03104769478457083,0.05331195644199378,0.5824,0.02079999999999993,0.030838079999999893,0.5007,0.665184,0.4747,0.6826,empirical
PKG_D,RCP_8,Surface_Roughness,1625,0.5839112615384615,0.031698143369137545,0.05428589146511884,0.584,0.02100000000000002,0.031134600000000026,0.501016,0.6634679999999998,0.4807,0.6849,empirical
PKG_D,RCP_9,Surface_Roughness,1730,0.5827671676300578,0.03221923934712336,0.05528664128102739,0.58205,0.020750000000000046,0.030763950000000068,0.49538699999999997,0.6636775,0.4676,0.6798,empirical
PKG_E,RCP_1,Surface_Roughness,1697,0.5826901591043017,0.031847043841598976,0.054655194264055434,0.5822,0.021400000000000086,0.031727640000000126,0.507628,0.6735879999999999,0.488,0.7115,empirical
PKG_E,RCP_2,Surface_Roughness,1692,0.5824750591016549,0.03205207128257557,0.05502737118394243,0.5833,0.02210000000000001,0.03276546000000001,0.501437,0.6619085000000001,0.4591,0.692,empirical
PKG_E,RCP_3,Surface_Roughness,1680,0.5830851190476191,0.031824117112713234,0.05457885319504139,0.58325,0.020650000000000057,0.030615690000000084,0.495216,0.667594,0.4684,0.6906,empirical
PKG_E,RCP_4,Surface_Roughness,1731,0.5827648180242634,0.031818398424121125,0.05459903796525405,0.5822,0.02089999999999992,0.030986339999999876,0.50401,0.6654749999999999,0.4665,0.6882,empirical
PKG_E,RCP_5,Surface_Roughness,1670,0.5839032934131737,0.031352737095172965,0.05369508521163207,0.5829,0.020100000000000007,0.02980026000000001,0.509383,0.6672514999999999,0.4784,0.7202,empirical
PKG_E,RCP_6,Surface_Roughness,1666,0.5829826530612245,0.03231251181235692,0.055426197748226096,0.5829,0.021100000000000008,0.03128286000000001,0.50127,0.6709524999999998,0.4686,0.6875,empirical
PKG_E,RCP_7,Surface_Roughness,1656,0.5824931763285024,0.03076400094288131,0.05281435421576796,0.583,0.020400000000000085,0.030245040000000122,0.5015025,0.6671749999999997,0.4837,0.7019,empirical
PKG_E,RCP_8,Surface_Roughness,1758,0.5837819112627987,0.03214102271809211,0.055056558105006655,0.5828,0.02074999999999999,0.030763949999999984,0.50617,0.6671579999999999,0.4943,0.6886,empirical
PKG_E,RCP_9,Surface_Roughness,1697,0.5846280494991161,0.0319611075640999,0.05466913123905497,0.5854,0.021299999999999986,0.031579379999999976,0.500696,0.669256,0.4685,0.7087,empirical
PKG_F,RCP_1,Surface_Roughness,1758,0.5831199658703072,0.03260115215619204,0.05590813908684259,0.58255,0.02134999999999998,0.03165350999999997,0.49849150000000003,0.6668934999999999,0.4654,0.6881,empirical
PKG_F,RCP_2,Surface_Roughness,1691,0.5831554109994087,0.030959957322162945,0.05309040564178927,0.5832,0.020400000000000085,0.030245040000000122,0.50467,0.6690499999999998,0.4867,0.6953,empirical
PKG_F,RCP_3,Surface_Roughness,1674,0.5834513739545998,0.03196731334408128,0.054790021535828556,0.58365,0.020950000000000024,0.031060470000000034,0.505246,0.671589,0.4753,0.6805,empirical
PKG_F,RCP_4,Surface_Roughness,1788,0.5822978187919463,0.031926041259709444,0.05482768478498551,0.58205,0.02094999999999997,0.03106046999999995,0.503748,0.6657585,0.4796,0.6948,empirical
PKG_F,RCP_5,Surface_Roughness,1673,0.5832637776449492,0.031503101397839975,0.05401175695332977,0.583,0.020999999999999908,0.03113459999999986,0.501904,0.6633960000000002,0.4779,0.6767,empirical
PKG_F,RCP_6,Surface_Roughness,1695,0.5838834218289086,0.03304180229690838,0.05658972504033587,0.5852,0.022099999999999898,0.032765459999999844,0.500629,0.663259,0.4701,0.6801,empirical
PKG_F,RCP_7,Surface_Roughness,1674,0.5837197132616487,0.03160546940060373,0.05414494094092171,0.58375,0.020850000000000035,0.03091221000000005,0.4929475,0.660489,0.4768,0.7198,empirical
PKG_F,RCP_8,Surface_Roughness,1724,0.5832415313225058,0.03103199504382632,0.05320607908949998,0.58345,0.020650000000000057,0.030615690000000084,0.505414,0.6688704999999999,0.455,0.6953,empirical
PKG_F,RCP_9,Surface_Roughness,1611,0.5839036623215395,0.03124661957758428,0.0535133132293622,0.5836,0.020000000000000018,0.029652000000000026,0.504505,0.66539,0.4856,0.6847,empirical
PKG_A,RCP_1,Yield,1737,100.0,0.0,0.0,100.0,0.0,0.0,100.0,100.0,100.0,100.0,empirical
PKG_A,RCP_2,Yield,1650,100.0,0.0,0.0,100.0,0.0,0.0,100.0,100.0,100.0,100.0,empirical
PKG_A,RCP_3,Yield,1632,100.0,0.0,0.0,100.0,0.0,0.0,100.0,100.0,100.0,100.0,empirical
PKG_A,RCP_4,Yield,1602,100.0,0.0,0.0,100.0,0.0,0.0,100.0,100.0,100.0,100.0,empirical
PKG_A,RCP_5,Yield,1690,100.0,0.0,0.0,100.0,0.0,0.0,100.0,100.0,100.0,100.0,empirical
PKG_A,RCP_6,Yield,1613,100.0,0.0,0.0,100.0,0.0,0.0,100.0,100.0,100.0,100.0,empirical
PKG_A,RCP_7,Yield,1706,100.0,0.0,0.0,100.0,0.0,0.0,100.0,100.0,100.0,100.0,empirical
PKG_A,RCP_8,Yield,1700,100.0,0.0,0.0,100.0,0.0,0.0,100.0,100.0,100.0,100.0,empirical
PKG_A,RCP_9,Yield,1736,100.0,0.0,0.0,100.0,0.0,0.0,100.0,100.0,100.0,100.0,empirical
PKG_B,RCP_1,Yield,1765,100.0,0.0,0.0,100.0,0.0,0.0,100.0,100.0,100.0,100.0,empirical
PKG_B,RCP_2,Yield,1749,100.0,0.0,0.0,100.0,0.0,0.0,100.0,100.0,100.0,100.0,empirical
PKG_B,RCP_3,Yield,1673,100.0,0.0,0.0,100.0,0.0,0.0,100.0,100.0,100.0,100.0,empirical
PKG_B,RCP_4,Yield,1707,100.0,0.0,0.0,100.0,0.0,0.0,100.0,100.0,100.0,100.0,empirical
PKG_B,RCP_5,Yield,1646,100.0,0.0,0.0,100.0,0.0,0.0,100.0,100.0,100.0,100.0,empirical
PKG_B,RCP_6,Yield,1613,100.0,0.0,0.0,100.0,0.0,0.0,100.0,100.0,100.0,100.0,empirical
PKG_B,RCP_7,Yield,1605,100.0,0.0,0.0,100.0,0.0,0.0,100.0,100.0,100.0,100.0,empirical
PKG_B,RCP_8,Yield,1633,100.0,0.0,0.0,100.0,0.0,0.0,100.0,100.0,100.0,100.0,empirical
PKG_B,RCP_9,Yield,1640,100.0,0.0,0.0,100.0,0.0,0.0,100.0,100.0,100.0,100.0,empirical
PKG_C,RCP_1,Yield,1627,100.0,0.0,0.0,100.0,0.0,0.0,100.0,100.0,100.0,100.0,empirical
PKG_C,RCP_2,Yield,1738,100.0,0.0,0.0,100.0,0.0,0.0,100.0,100.0,100.0,100.0,empirical
PKG_C,RCP_3,Yield,1706,100.0,0.0,0.0,100.0,0.0,0.0,100.0,100.0,100.0,100.0,empirical
PKG_C,RCP_4,Yield,1637,100.0,0.0,0.0,100.0,0.0,0.0,100.0,100.0,100.0,100.0,empirical
PKG_C,RCP_5,Yield,1697,100.0,0.0,0.0,100.0,0.0,0.0,100.0,100.0,100.0,100.0,empirical
PKG_C,RCP_6,Yield,1630,100.0,0.0,0.0,100.0,0.0,0.0,100.0,100.0,100.0,100.0,empirical
PKG_C,RCP_7,Yield,1676,100.0,0.0,0.0,100.0,0.0,0.0,100.0,100.0,100.0,100.0,empirical
PKG_C,RCP_8,Yield,1692,100.0,0.0,0.0,100.0,0.0,0.0,100.0,100.0,100.0,100.0,empirical
PKG_C,RCP_9,Yield,1784,100.0,0.0,0.0,100.0,0.0,0.0,100.0,100.0,100.0,100.0,empirical
PKG_D,RCP_1,Yield,1706,100.0,0.0,0.0,100.0,0.0,0.0,100.0,100.0,100.0,100.0,empirical
PKG_D,RCP_2,Yield,1611,100.0,0.0,0.0,100.0,0.0,0.0,100.0,100.0,100.0,100.0,empirical
PKG_D,RCP_3,Yield,1671,100.0,0.0,0.0,100.0,0.0,0.0,100.0,100.0,100.0,100.0,empirical
PKG_D,RCP_4,Yield,1595,100.0,0.0,0.0,100.0,0.0,0.0,100.0,100.0,100.0,100.0,empirical
PKG_D,RCP_5,Yield,1681,100.0,0.0,0.0,100.0,0.0,0.0,100.0,100.0,100.0,100.0,empirical
PKG_D,RCP_6,Yield,1690,100.0,0.0,0.0,100.0,0.0,0.0,100.0,100.0,100.0,100.0,empirical
PKG_D,RCP_7,Yield,1655,100.0,0.0,0.0,100.0,0.0,0.0,100.0,100.0,100.0,100.0,empirical
PKG_D,RCP_8,Yield,1625,100.0,0.0,0.0,100.0,0.0,0.0,100.0,100.0,100.0,100.0,empirical
PKG_D,RCP_9,Yield,1730,100.0,0.0,0.0,100.0,0.0,0.0,100.0,100.0,100.0,100.0,empirical
PKG_E,RCP_1,Yield,1697,100.0,0.0,0.0,100.0,0.0,0.0,100.0,100.0,100.0,100.0,empirical
PKG_E,RCP_2,Yield,1692,100.0,0.0,0.0,100.0,0.0,0.0,100.0,100.0,100.0,100.0,empirical
PKG_E,RCP_3,Yield,1680,100.0,0.0,0.0,100.0,0.0,0.0,100.0,100.0,100.0,100.0,empirical
PKG_E,RCP_4,Yield,1731,100.0,0.0,0.0,100.0,0.0,0.0,100.0,100.0,100.0,100.0,empirical
PKG_E,RCP_5,Yield,1670,100.0,0.0,0.0,100.0,0.0,0.0,100.0,100.0,100.0,100.0,empirical
PKG_E,RCP_6,Yield,1666,100.0,0.0,0.0,100.0,0.0,0.0,100.0,100.0,100.0,100.0,empirical
PKG_E,RCP_7,Yield,1656,100.0,0.0,0.0,100.0,0.0,0.0,100.0,100.0,100.0,100.0,empirical
PKG_E,RCP_8,Yield,1758,100.0,0.0,0.0,100.0,0.0,0.0,100.0,100.0,100.0,100.0,empirical
PKG_E,RCP_9,Yield,1697,100.0,0.0,0.0,100.0,0.0,0.0,100.0,100.0,100.0,100.0,empirical
PKG_F,RCP_1,Yield,1758,100.0,0.0,0.0,100.0,0.0,0.0,100.0,100.0,100.0,100.0,empirical
PKG_F,RCP_2,Yield,1691,100.0,0.0,0.0,100.0,0.0,0.0,100.0,100.0,100.0,100.0,empirical
PKG_F,RCP_3,Yield,1674,100.0,0.0,0.0,100.0,0.0,0.0,100.0,100.0,100.0,100.0,empirical
PKG_F,RCP_4,Yield,1788,100.0,0.0,0.0,100.0,0.0,0.0,100.0,100.0,100.0,100.0,empirical
PKG_F,RCP_5,Yield,1673,100.0,0.0,0.0,100.0,0.0,0.0,100.0,100.0,100.0,100.0,empirical
PKG_F,RCP_6,Yield,1695,100.0,0.0,0.0,100.0,0.0,0.0,100.0,100.0,100.0,100.0,empirical
PKG_F,RCP_7,Yield,1674,100.0,0.0,0.0,100.0,0.0,0.0,100.0,100.0,100.0,100.0,empirical
PKG_F,RCP_8,Yield,1724,100.0,0.0,0.0,100.0,0.0,0.0,100.0,100.0,100.0,100.0,empirical
PKG_F,RCP_9,Yield,1611,100.0,0.0,0.0,100.0,0.0,0.0,100.0,100.0,100.0,100.0,empirical
PKG_A,RCP_1,PLC_CPU_Load,1737,45.477514437541714,20.024589871582684,0.4403184764876326,45.92177769166839,17.80785918141122,26.401932022360274,10.383690279235289,79.71851808235702,10.065468143020226,79.97490525956536,empirical
PKG_A,RCP_2,PLC_CPU_Load,1650,45.17246539312888,20.476117322888395,0.45328757562129846,46.305397142169184,17.809151961148864,26.403848697599305,10.41828680510286,79.62944096884694,10.092063129704393,79.9429579455259,empirical
PKG_A,RCP_3,PLC_CPU_Load,1632,44.89571446922082,20.42156841783443,0.45486676533090603,43.72001704381925,17.919902370797246,26.568047254943995,10.419230088793286,79.61234846225564,10.012347728403192,79.96989943442493,empirical
PKG_A,RCP_4,PLC_CPU_Load,1602,44.707710494114515,20.27144213180394,0.4534216113453751,45.238634416323805,17.545390029931628,26.01279525837663,10.447530579235016,79.76516402267522,10.029210994993822,79.98677987279862,empirical
PKG_A,RCP_5,PLC_CPU_Load,1690,44.05388387760546,20.317849753683184,0.4612045060574477,43.36106579910418,17.57227077835835,26.05264865599409,10.323818242278033,79.73656745903003,10.002433766983238,79.99095596619328,empirical
PKG_A,RCP_6,PLC_CPU_Load,1613,44.74472854385005,20.446748121678272,0.456964401999676,44.56489241376031,17.768381433701222,26.34340231360543,10.537475968981244,79.76457829709528,10.01448540856506,79.99266413897487,empirical
PKG_A,RCP_7,PLC_CPU_Load,1706,44.49738293945266,20.142830463685208,0.45267449753378625,44.122362168981844,17.410778072887208,25.81321957086257,10.159185249601936,79.53518088858745,10.01185386112096,79.98048697509039,empirical
PKG_A,RCP_8,PLC_CPU_Load,1700,45.25295125950656,20.33273236994398,0.44931284709685226,45.614442175381306,17.77192749815999,26.348659708772,10.379806710490039,79.52139255033146,10.005224008079397,79.99370289958834,empirical
PKG_A,RCP_9,PLC_CPU_Load,1736,44.77084967682752,20.155282000223842,0.45018761416663056,44.09245059924172,17.404339222877947,25.803673331838844,10.19207515863439,79.72774512162556,10.000663150867506,79.96949274958307,empirical
PKG_B,RCP_1,PLC_CPU_Load,1765,45.150849620907394,19.72920611685142,0.43696201250918837,44.31633783933514,16.286434200491,24.146267345647956,10.514671278794316,79.59556057001134,10.041649392327962,79.96992240219407,empirical
PKG_B,RCP_2,PLC_CPU_Load,1749,43.89776968774089,20.227931802153524,0.4607963444621761,44.22283578458169,17.316288506019486,25.673129339024488,10.185668981030187,79.67181267933432,10.035710105019357,79.91658066108327,empirical
PKG_B,RCP_3,PLC_CPU_Load,1673,45.34483136513458,19.759772269655816,0.4357668046120248,45.5609375812705,16.56568709313101,24.560287684276034,10.471990639198253,79.60759031827918,10.043023713177222,79.98416106827896,empirical
PKG_B,RCP_4,PLC_CPU_Load,1707,45.576698226206126,20.051198609152348,0.43994408084662695,46.27194916529812,17.482251736582047,25.91918642465654,10.282211384914484,79.53069874322,10.0453128382265,79.96816823441159,empirical
PKG_B,RCP_5,PLC_CPU_Load,1646,44.40498618457811,20.16064226436847,0.4540175326384918,44.39160047114152,17.383290655773887,25.772466726250364,10.271501324455103,79.80548770454811,10.020426880321825,79.98767063950275,empirical
PKG_B,RCP_6,PLC_CPU_Load,1613,44.24737396747597,20.06102128789884,0.4533833194856872,43.60970609830435,17.01638175064458,25.228487583505654,10.417293293105503,79.78672794004297,10.010041922834574,79.96375805644942,empirical
PKG_B,RCP_7,PLC_CPU_Load,1605,45.14643005670191,20.06170616639903,0.4443697129806813,44.81786939111757,17.09693552498166,25.34791660933781,10.116490282511393,79.81843055307566,10.002144064929862,79.99479530668883,empirical
PKG_B,RCP_8,PLC_CPU_Load,1633,44.81448630587526,20.221962916401747,0.45123719099175774,44.90491344968775,17.853836901913994,26.470098590777685,10.396137019681582,79.60766433996895,10.079775338608988,79.96195411260511,empirical
PKG_B,RCP_9,PLC_CPU_Load,1640,45.413566531053725,19.676099604351993,0.43326479524345457,45.700254829759416,16.432908550931735,24.363430217611388,10.420221267130339,79.44059981660114,10.006669422105483,79.92527914211256,empirical
PKG_C,RCP_1,PLC_CPU_Load,1627,44.186164074213295,20.565154721843186,0.46542068434143286,43.20888770405848,18.297972701487645,27.12857432722558,10.459103343600436,79.49645275516947,10.0449895076061,79.96533552124745,empirical
PKG_C,RCP_2,PLC_CPU_Load,1738,44.611814314495255,20.336992789403226,0.45586562891245913,44.26928880865208,17.565092558071516,26.04200622659683,10.553487864866984,79.32261571407625,10.000844702391529,79.97682711327735,empirical
PKG_C,RCP_3,PLC_CPU_Load,1706,44.93731678408456,20.465573178373013,0.45542490391017965,44.217469192904375,17.865375047639844,26.48720504563083,10.308973944207553,79.55341912656633,10.052676014468217,79.9837801621446,empirical
PKG_C,RCP_4,PLC_CPU_Load,1637,45.275163154943826,19.71626893445951,0.4354764855730087,45.242799400998535,16.737400444579016,24.814869899132848,10.38077831176377,79.63080233158091,10.03428379487617,79.90153049192047,empirical
PKG_C,RCP_5,PLC_CPU_Load,1697,44.49330837275669,20.46262423555426,0.4599034098368723,44.20343571907532,17.95520703924489,26.62038995638447,10.583324904490691,79.5756143757438,10.1543731203226,79.97730286475569,empirical
PKG_C,RCP_6,PLC_CPU_Load,1630,45.22684837435474,20.183221623615914,0.44626637382631623,46.0976954657652,17.48464006772963,25.922727364415945,10.892831320732418,79.51649517351824,10.157154472020146,79.92382921914302,empirical
PKG_C,RCP_7,PLC_CPU_Load,1676,43.86674403587932,20.46694257100656,0.4665708162490089,43.077489252261614,17.738510387731242,26.299115500850338,10.24609876742689,79.64175441567237,10.002149750816722,79.93681063884871,empirical
PKG_C,RCP_8,PLC_CPU_Load,1692,45.06979530336149,20.037817522910107,0.4445952635914369,45.275790257077986,16.980631944666563,25.175484921162646,10.523114870953535,79.62358484487633,10.029820794602646,79.9942717614847,empirical
PKG_C,RCP_9,PLC_CPU_Load,1784,44.26760055570755,20.168260139018745,0.4555986745574443,43.72206156646406,17.679250434463697,26.211256694135876,10.22226148353779,79.55710714346203,10.084677961815345,79.92772529346982,empirical
PKG_D,RCP_1,PLC_CPU_Load,1706,44.9963198523122,20.457156075955155,0.45464064934865855,45.21626609991077,17.860372270235082,26.47978792785053,10.366358926175886,79.66644206361762,10.048931447163575,79.98606720339127,empirical
PKG_D,RCP_2,PLC_CPU_Load,1611,45.074629455537504,20.393647978086108,0.4524418331203987,44.921957496370375,18.059952160219506,26.77568507274144,10.243295557385164,79.80630759216756,10.02314000014395,79.95595266309704,empirical
PKG_D,RCP_3,PLC_CPU_Load,1671,45.652868714459295,20.109397188494565,0.44048485352083616,46.38386606078271,16.9476317080102,25.12655877029592,10.563881928315801,79.66239973064334,10.148768301094249,79.97795831630434,empirical
PKG_D,RCP_4,PLC_CPU_Load,1595,44.6895749999428,19.990156650480298,0.4473114065306256,43.884748478189735,16.99031930365284,25.1898473995957,10.480118289204281,79.5481129368504,10.005565642596489,79.94236415547827,empirical
PKG_D,RCP_5,PLC_CPU_Load,1681,44.899267228688394,20.417400670324103,0.45473794853556987,44.24044452205649,17.703711331757276,26.247522420463337,10.457667566489995,79.68924119440243,10.046826184516,79.93628765717443,empirical
PKG_D,RCP_6,PLC_CPU_Load,1690,44.83896313107221,20.08749681300886,0.4479920009365416,45.36192410774839,17.27459361788531,25.611312497876757,10.228278101641344,79.5578331316835,10.030939848263232,79.9699762716539,empirical
PKG_D,RCP_7,PLC_CPU_Load,1655,44.565213091980866,20.43939129507093,0.45864004403804426,43.855749995553,18.11741941904365,26.860886030674113,10.21780003999005,79.57861880619178,10.021250033302676,79.99677464766717,empirical
PKG_D,RCP_8,PLC_CPU_Load,1625,44.58766389252154,20.48848176427946,0.4595100970902377,44.507693630494614,18.19101025661775,26.969991806461476,10.211942030575402,79.43364778138749,10.000116381159437,79.98032434004038,empirical
PKG_D,RCP_9,PLC_CPU_Load,1730,44.78925339337614,20.22328066181442,0.4515208254131164,44.388557442718664,17.661550846231243,26.18501528462244,10.299805000163765,79.786898204849,10.068234062919466,79.97897529323328,empirical
PKG_E,RCP_1,PLC_CPU_Load,1697,44.88132477511305,19.853241057907084,0.44234971131948003,44.98805168305492,16.54967753286339,24.536551910223263,10.364950344574272,79.73933553328483,10.02051705778358,79.98516140584803,empirical
PKG_E,RCP_2,PLC_CPU_Load,1692,45.571475494676406,20.088911758439778,0.44082206117698636,45.8089828975545,17.405206667131438,25.80495940468907,10.458924105625558,79.68015391984258,10.136138699528797,79.9727755241533,empirical
PKG_E,RCP_3,PLC_CPU_Load,1680,45.4462723535274,20.42062341030141,0.4493354977818423,45.3113771446974,17.752199560780305,26.31941106881288,10.246366442217505,79.73059694122557,10.023520910098952,79.99903745571845,empirical
PKG_E,RCP_4,PLC_CPU_Load,1731,45.46379707240034,20.283980034401974,0.44615675197784455,46.121616674091925,17.929961645828357,26.58296113610512,10.233878830612683,79.65533459835457,10.032957806000498,79.9444071776131,empirical
PKG_E,RCP_5,PLC_CPU_Load,1670,45.01275435731358,20.40601571017801,0.4533385259696396,44.644321793481396,18.186103768120738,26.962717446615805,10.243712451919379,79.55806585372832,10.037936029274949,79.98506930928369,empirical
PKG_E,RCP_6,PLC_CPU_Load,1666,45.09615436137943,20.257553581958962,0.44920800606686834,45.59647340354333,17.67554405651039,26.2057616181823,10.492625517124068,79.6182840250802,10.026062617234398,79.98088486684719,empirical
PKG_E,RCP_7,PLC_CPU_Load,1656,44.94763802255503,20.587528716324755,0.45803360581469915,45.121786898236536,17.933899701827436,26.588799697929353,10.326429090295127,79.6398465516369,10.022740968848115,79.98091590792319,empirical
PKG_E,RCP_8,PLC_CPU_Load,1758,44.97353934052584,20.123923484174195,0.44746141351700214,45.82409449087459,17.590777615052204,26.080086892076395,10.318449319503767,79.77185765088774,10.01304973548632,79.9978466158131,empirical
PKG_E,RCP_9,PLC_CPU_Load,1697,44.76732827181391,19.959208459790432,0.4458431903419398,45.80595864344556,17.473447959670708,25.906133945007788,10.28324651448483,79.44790997938914,10.04685700122868,79.97832348799996,empirical
PKG_F,RCP_1,PLC_CPU_Load,1758,45.1942674995561,20.292635905411693,0.44900906747987473,45.50636143293308,17.305904874705206,25.657734567237938,10.348597111211728,79.52883494274356,10.008115328509046,79.91644734340484,empirical
PKG_F,RCP_2,PLC_CPU_Load,1691,44.371625268500125,20.066005053838428,0.45222605510651626,44.00463373797226,17.33273720492688,25.69751618002459,10.513086025200193,79.55463217018328,10.066680064812925,79.99365134617028,empirical
PKG_F,RCP_3,PLC_CPU_Load,1674,44.9978606298194,20.13285442815333,0.4474180360212857,45.01161035842733,17.421934446475177,25.829760010344096,10.214124180509211,79.30777273894864,10.008544764067512,79.91119308684773,empirical
PKG_F,RCP_4,PLC_CPU_Load,1788,44.81208500372382,20.376841168602397,0.45471754253142,45.16273532192366,18.299302042673183,27.13054520846726,10.292478011531793,79.39132638450366,10.031168357420114,79.99772472481311,empirical
PKG_F,RCP_5,PLC_CPU_Load,1673,45.53053361601662,20.190406063784952,0.4434476045034188,46.20820120089383,17.424020919922153,25.83285341587658,10.206678146945269,79.60304990003179,10.001263144731295,79.98323425343546,empirical
PKG_F,RCP_6,PLC_CPU_Load,1695,45.147009931203065,20.409189828378423,0.45206072028864847,44.652292519642245,17.966261218147977,26.63677888202619,10.324317756347584,79.60196377636203,10.01098294198567,79.99595177926426,empirical
PKG_F,RCP_7,PLC_CPU_Load,1674,45.34547735053268,20.457510593224452,0.4511477613320159,44.54877340936476,17.914508928581867,26.560050937515474,10.331708953922762,79.71683753036415,10.050641523052732,79.99855159334714,empirical
PKG_F,RCP_8,PLC_CPU_Load,1724,44.074473123094144,20.03542729149079,0.4545812092985095,43.99429532598705,17.14038941673593,25.412341349252685,10.212797117718841,79.21057237552554,10.014208681088345,79.85066932037611,empirical
PKG_F,RCP_9,PLC_CPU_Load,1611,45.20269908386539,20.18075513786712,0.4464502241431512,46.014990507366086,17.51141652599253,25.962426141436524,10.277401040184126,79.59045302417434,10.00076399330418,79.98763068842129,empirical
PKG_A,RCP_1,PLC_Memory,1737,55.09879776581835,19.98730570565018,0.3627539350422943,55.25343604717864,17.411919866478428,25.814912394040917,20.556011216343492,89.55463394816837,20.089391420199956,89.9550712482082,empirical
PKG_A,RCP_2,PLC_Memory,1650,55.24064658780332,20.473087844217496,0.37061636872182785,54.27316260104976,18.07719609029477,26.801250923471024,20.487886419301155,89.62214546460567,20.049920466626936,89.91816604324086,empirical
PKG_A,RCP_3,PLC_Memory,1632,55.07298161595683,20.199159835748087,0.36677076931486835,54.96236015701014,17.827021090118127,26.430341468209132,20.552033888615497,89.6675147124806,20.04305699629617,89.92165711849646,empirical
PKG_A,RCP_4,PLC_Memory,1602,54.89210503526823,20.373676814576495,0.37115859924640143,54.943868065305956,18.195220652219053,26.976234138979965,20.45459696504882,89.56387531351615,20.139891174588335,89.94358125366621,empirical
PKG_A,RCP_5,PLC_Memory,1690,55.26862261288674,20.30375211396874,0.36736490171250635,55.67205251905178,17.999455766992757,26.68599312014346,20.339656305442038,89.79732963539155,20.008407682216625,89.97452739923057,empirical
PKG_A,RCP_6,PLC_Memory,1613,55.12126072580179,20.291358165623343,0.3681221709815707,56.05721729075854,17.725241576665603,26.279443161564423,20.69283828824475,89.49020610103045,20.00844916781205,89.9618783486281,empirical
PKG_A,RCP_7,PLC_Memory,1706,56.131462434492725,20.618715468122712,0.36732902678574314,56.93750767196306,18.168641133295353,26.936827344223687,20.234046027046613,89.67012398056717,20.07701832239024,89.97397829415665,empirical
PKG_A,RCP_8,PLC_Memory,1700,55.10556979124643,20.585355332856157,0.3735621537140182,54.72493411082266,18.00304438456096,26.691313604550075,20.401091720691564,89.62933905899568,20.01712316672373,89.9632227631921,empirical
PKG_A,RCP_9,PLC_Memory,1736,55.18813708987884,19.480059869582004,0.35297549250225596,55.31552562094354,16.57708507047015,24.577186325479044,20.43958027552988,89.27267768792598,20.099990652553387,89.96963833598707,empirical
PKG_B,RCP_1,PLC_Memory,1765,56.19203770659881,19.962394827362296,0.35525308641758063,56.67216841649504,16.725433813188346,24.79712817143304,20.301029596151285,89.70403252393474,20.055886690191834,89.99118518983974,empirical
PKG_B,RCP_2,PLC_Memory,1749,55.778988148013006,19.788962351797817,0.3547744949995611,55.82457652084615,16.95607794345058,25.13908115895983,20.355592326770516,89.54551425398876,20.049366295289417,89.96186269245729,empirical
PKG_B,RCP_3,PLC_Memory,1673,54.98754310597894,20.41694362613397,0.371301252481564,55.23209882291597,18.13686763665423,26.88971995810356,20.355624456421268,89.62644016681352,20.056259271394563,89.9914616662818,empirical
PKG_B,RCP_4,PLC_Memory,1707,54.338651795827225,20.264064880675786,0.37292174558942415,54.21567131668501,17.45218642227767,25.874611589668874,20.539022365190142,89.43803271367723,20.014835742166273,89.92432013828049,empirical
PKG_B,RCP_5,PLC_Memory,1646,55.91758325647903,19.99227195310904,0.3575310445984374,56.252365592801105,16.956112707746833,25.139132700505453,20.514169534662805,89.65696171002605,20.05977135772901,89.95059071244813,empirical
PKG_B,RCP_6,PLC_Memory,1613,55.08300386149653,20.030383739715607,0.36364000391265894,55.4757962105809,16.894229099926157,25.04738406355052,20.539825137283007,89.74028314624432,20.004150974188708,89.98811585349182,empirical
PKG_B,RCP_7,PLC_Memory,1605,56.53914374353151,20.481270456499125,0.3622493921981677,57.22340920942995,18.11991885459492,26.86459169382243,20.502465861864344,89.77490324865282,20.013702574743924,89.99807851882782,empirical
PKG_B,RCP_8,PLC_Memory,1633,54.647369991073695,20.196890562272788,0.369585774495128,53.99122085293161,17.27283889969599,25.608710952689275,20.55431549741535,89.67054187172737,20.058891877203795,89.97678439944625,empirical
PKG_B,RCP_9,PLC_Memory,1640,55.29813008977572,20.126274364772318,0.36395940210089567,55.0100380715797,17.236635794687054,25.555036229203026,20.270067099528546,89.76827856881177,20.01250705702382,89.97421468073183,empirical
PKG_C,RCP_1,PLC_Memory,1627,54.609309063590615,20.474401065835217,0.37492510740235696,54.83186404580198,17.734299999610116,26.292873179421957,20.196169902021836,89.43507809868538,20.007059049673984,89.99011169168092,empirical
PKG_C,RCP_2,PLC_Memory,1738,55.45306292622914,20.469958132785898,0.36914026119743276,55.110073951253604,17.572060955329306,26.05233757237123,20.37453464523247,89.55616927793051,20.04242146313205,89.96494917780397,empirical
PKG_C,RCP_3,PLC_Memory,1706,54.674785572004296,20.180663633870793,0.3691036631006763,55.17858157556009,17.718674313609565,26.26970653735754,20.184166736849217,89.49906917320018,20.00221549444679,89.97558331963542,empirical
PKG_C,RCP_4,PLC_Memory,1637,55.093357925355576,20.380383518664342,0.3699245115223716,54.93667080755172,17.925266758223884,26.57600049574273,20.436199118707137,89.66391366786702,20.020722550025468,89.9793352375511,empirical
PKG_C,RCP_5,PLC_Memory,1697,55.102129733189564,20.00186584366757,0.36299623881179827,54.60625705785919,17.061938842433044,25.296030527791228,20.462499815665716,89.64980362767548,20.00984337442137,89.9427465320247,empirical
PKG_C,RCP_6,PLC_Memory,1630,54.97365988020045,20.465141290372888,0.37227176314931326,54.59615331321031,18.097516805561856,26.831378415926007,20.331621172036918,89.53492957024896,20.013453455654037,89.91236658500092,empirical
PKG_C,RCP_7,PLC_Memory,1676,54.7617670341905,20.12372424565177,0.367477627832709,54.557326443402886,17.763081493037518,26.335544621577423,20.58604980084956,89.71723788940913,20.098757639630385,89.96803864695178,empirical
PKG_C,RCP_8,PLC_Memory,1692,54.8812864571417,20.309510644592034,0.37006258336258735,55.044289937108516,17.62437153367498,26.129893235826525,20.38760019142519,89.59278243083868,20.03355549951754,89.97696522207634,empirical
PKG_C,RCP_9,PLC_Memory,1784,54.44817974246331,20.171159815038703,0.3704652737786112,53.813957233506855,17.379910079006258,25.767454683134677,20.644276059303078,89.68927190083973,20.029603244339345,89.97537892356924,empirical
PKG_D,RCP_1,PLC_Memory,1706,54.228621416811805,20.189009798354377,0.3722943580508472,53.71529334874923,17.62163625820257,26.12583791641113,20.51457347813134,89.42311226699897,20.05386735428204,89.9939986607719,empirical
PKG_D,RCP_2,PLC_Memory,1611,54.727608720911654,20.75944562482638,0.37932308957058647,54.961254265920886,18.300235575851772,27.131929264757837,20.364375850954126,89.58557277529911,20.011334493212964,89.99289495929243,empirical
PKG_D,RCP_3,PLC_Memory,1671,54.77317547774141,19.987086718971913,0.36490648104005247,54.41555882175319,17.42234837484947,25.830373700551824,20.489805384707697,89.62051794621082,20.010037583506293,89.99832261359967,empirical
PKG_D,RCP_4,PLC_Memory,1595,55.71612713127859,19.920246191519496,0.3575310635748842,56.33958195501546,16.554210361844568,24.543272282470756,20.189665974414847,89.76677830016177,20.007329978366005,89.99959570943876,empirical
PKG_D,RCP_5,PLC_Memory,1681,56.03728777326598,20.476351457664133,0.36540582657237203,56.65843228082984,17.795069266150207,26.382969693994298,20.43485910077811,89.56068368557163,20.14992904567897,89.93039942771576,empirical
PKG_D,RCP_6,PLC_Memory,1690,55.554026579637224,19.856703895222218,0.3574305071614826,55.441432567487716,17.129323960911428,25.395935704447282,20.463819173312867,89.476308844639,20.0315451535011,89.91110240718929,empirical
PKG_D,RCP_7,PLC_Memory,1655,54.71070615366496,20.1240027456597,0.3678256809396278,54.92752238980099,17.297824926654066,25.645755236257315,20.394059992831387,89.71825916256276,20.044345942672173,89.98788448725941,empirical
PKG_D,RCP_8,PLC_Memory,1625,54.75676175103705,20.298715772489754,0.3707070163276285,54.818136556080866,17.439988407704455,25.856526813262622,20.26804581507946,89.62140463050149,20.03598067381882,89.95675317039725,empirical
PKG_D,RCP_9,PLC_Memory,1730,55.634664370081005,20.80233424227451,0.37390958456939144,55.56328358827007,18.749291469531826,27.797699532727883,20.33210473058078,89.63574502368961,20.039578547608784,89.97899243418549,empirical
PKG_E,RCP_1,PLC_Memory,1697,55.499876901729095,20.010277538542514,0.36054634092204796,55.89000482161803,17.3675127716454,25.74907443524147,20.491269708589048,89.71579169672532,20.042192228451302,89.97289957377222,empirical
PKG_E,RCP_2,PLC_Memory,1692,55.006873919005045,20.18193427416149,0.36689840444084154,54.549839773091996,17.429900012137136,25.841569757994517,20.446515493597754,89.78265694668235,20.003126107534737,89.98317274890462,empirical
PKG_E,RCP_3,PLC_Memory,1680,54.172727535662055,20.342371939134143,0.37550946508541044,53.173446637043135,17.43539766744224,25.84972058174986,20.41216896317932,89.52759166724229,20.063898647037263,89.94190428497423,empirical
PKG_E,RCP_4,PLC_Memory,1731,55.31894190343094,20.323742759073834,0.3673921094613947,55.99844963078225,17.55548200383246,26.027757618882003,20.492781998357174,89.58749285360278,20.00388179297057,89.95362822794391,empirical
PKG_E,RCP_5,PLC_Memory,1670,54.27493088179103,20.251339080321628,0.37312510124477843,54.33787636433398,17.658526955739468,26.180532064579335,20.45728969082007,89.5970968335977,20.101612495683263,89.88339416287413,empirical
PKG_E,RCP_6,PLC_Memory,1666,55.52563604607448,19.926492581177953,0.3588701363932724,56.12061995215871,17.02760322724415,25.245124544712176,20.260409114990438,89.53464682085693,20.008485086132307,89.87275878308948,empirical
PKG_E,RCP_7,PLC_Memory,1656,56.31166244262119,19.93712623295994,0.3540496829280238,57.586622160285415,16.803146896405394,24.912345588610638,20.32114112045402,89.62266638001475,20.063433877442705,89.9202171864012,empirical
PKG_E,RCP_8,PLC_Memory,1758,55.57823510194432,19.8654938117785,0.3574329730935183,56.271463991079344,16.712540917128972,24.778013163735412,20.393950931972466,89.57205348345144,20.003266772586343,89.90265637038178,empirical
PKG_E,RCP_9,PLC_Memory,1697,55.44242731032397,20.23848641317469,0.36503608148134,55.82466993158543,18.2207838234702,27.014134096676916,20.311682160499796,89.65550576503634,20.01349921912372,89.97332399904863,empirical
PKG_F,RCP_1,PLC_Memory,1758,54.393233599979645,20.366617767125735,0.37443292886219137,53.654746359309215,17.369453593961715,25.751951898407636,20.48763223441996,89.51942767796095,20.042606752508537,89.90953127821257,empirical
PKG_F,RCP_2,PLC_Memory,1691,55.11601044602816,20.322800639126307,0.36872771586084263,55.102125969909025,17.33626632730423,25.70274845686125,20.447611288542266,89.46449038211797,20.023122964553156,89.92144160918942,empirical
PKG_F,RCP_3,PLC_Memory,1674,55.05924714646768,19.648850136661025,0.356867395669096,54.26865178152943,16.74974447370117,24.833171156709355,20.665130411699167,89.4609448619466,20.117874767761407,89.94521917729843,empirical
PKG_F,RCP_4,PLC_Memory,1788,55.20573163116232,20.625033644479142,0.3736031211809319,55.41287266068271,18.261447238291154,27.074421675490463,20.379481885777192,89.68885209105052,20.0638980744525,89.99806202831972,empirical
PKG_F,RCP_5,PLC_Memory,1673,55.20082533333668,20.29620546214624,0.3676793841321251,54.65856488004172,17.74356010563691,26.306602212617282,20.58983309507407,89.74278257296054,20.046981028898365,89.94190727473024,empirical
PKG_F,RCP_6,PLC_Memory,1695,55.03690716896143,20.318887047743996,0.36918657121058246,55.61983048182801,17.75026065841321,26.316536452163426,20.57278322878315,89.73051729239107,20.00725516438946,89.99117605921467,empirical
PKG_F,RCP_7,PLC_Memory,1674,54.50284282304491,20.137048860839958,0.369467862918989,54.88613910397011,17.22620626414122,25.53957340721577,20.421764951335515,89.51727891654886,20.003747624506712,89.94323256973499,empirical
PKG_F,RCP_8,PLC_Memory,1724,54.60086270564769,20.166022239984063,0.3693352309962343,53.393952935521554,17.80937317596231,26.40417667068172,20.424399897541388,89.67945001906547,20.012975730160907,89.97796734598518,empirical
PKG_F,RCP_9,PLC_Memory,1611,54.51212346326865,20.079959009280568,0.36835767410181414,55.25130237679739,17.440211049591376,25.85685690212417,20.481439330122136,89.70699206986421,20.23425276875983,89.94424661937255,empirical
PKG_A,RCP_1,Network_Latency,1737,10.52239876413292,5.404835898612495,0.5136505486786569,10.498588469551873,4.6408937173368905,6.8805890253236734,1.1476870338619642,19.898742336436783,1.010110883511279,19.982029210594828,empirical
PKG_A,RCP_2,Network_Latency,1650,10.650837147702603,5.543196611084009,0.5204470347459667,10.640063554923275,4.943277890895356,7.328903801041454,1.1043599102281996,19.911712810655853,1.005034650347357,19.99959411176319,empirical
PKG_A,RCP_3,Network_Latency,1632,10.660053088670987,5.476487031461731,0.5137391892805758,10.895962637475474,4.7143892816037924,6.989553548905782,1.1012214478311895,19.899210641905217,1.0081451099923346,19.98957198470512,empirical
PKG_A,RCP_4,Network_Latency,1602,10.352788131918231,5.4331674427704035,0.524802340542413,10.525503499212341,4.587394757201784,6.801271467027364,1.1588910868465818,19.82393961004309,1.0134219267239335,19.980717752180755,empirical
PKG_A,RCP_5,Network_Latency,1690,10.457199500194175,5.46844713744579,0.5229361013284913,10.442717698662033,4.620011386008077,6.849628880895574,1.0877709415069887,19.88258158940274,1.0170327954151164,19.983301121814048,empirical
PKG_A,RCP_6,Network_Latency,1613,10.254319582840983,5.4144464622057855,0.5280161612347273,10.37161592150908,4.596361864842704,6.814566100815792,1.1554322792003942,19.915735330262443,1.0136486025832736,19.994798752030803,empirical
PKG_A,RCP_7,Network_Latency,1706,10.449540499245455,5.483637745625668,0.5247730984938173,10.375128280038066,4.688258579146071,6.9508121694419644,1.1035747255914656,19.91141118327981,1.007253678299753,19.998633576538353,empirical
PKG_A,RCP_8,Network_Latency,1700,10.440993194103608,5.591637802552321,0.5355465422303036,10.345147081709179,4.85261046952102,7.194480282111863,1.057590347039848,19.91512633427636,1.0059069760300543,19.993182984693316,empirical
PKG_A,RCP_9,Network_Latency,1736,10.592273968990098,5.559954359077264,0.5249065852483202,10.657052210805649,4.864743389466685,7.212468549223307,1.1089178541910063,19.921615901781045,1.01424888832451,19.99819812510557,empirical
PKG_B,RCP_1,Network_Latency,1765,10.694145920906506,5.480984619891448,0.5125219592502852,10.742612611940524,4.800575077374077,7.117332609714807,1.1355509608362941,19.882869408605938,1.0054077466143014,19.99525570876728,empirical
PKG_B,RCP_2,Network_Latency,1749,10.335449402309552,5.54455163734863,0.5364596566173164,10.275403552064438,4.713923467986104,6.988862933636198,1.1233892084030137,19.91655379431887,1.0032340682755168,19.995607895993313,empirical
PKG_B,RCP_3,Network_Latency,1673,10.367181521560621,5.447137760541111,0.5254212776358456,10.121067091106909,4.627430227057014,6.860628054634728,1.116671459731451,19.91955364099795,1.005652236541938,19.99898377523189,empirical
PKG_B,RCP_4,Network_Latency,1707,10.621522405163551,5.5026971480198865,0.5180704740918122,10.701754217213894,4.778154933288308,7.0840925040932445,1.2103151352244794,19.866751045690506,1.0222907541430513,19.98408422517229,empirical
PKG_B,RCP_5,Network_Latency,1646,10.594590303947863,5.563592130542577,0.5251351841769111,10.69672060557972,4.882122578116725,7.238234934315856,1.0556582673875332,19.947888707368747,1.0049475329557072,19.994271481506225,empirical
PKG_B,RCP_6,Network_Latency,1613,10.599258176783811,5.513511745227192,0.5201790213303575,10.448514472936369,4.744689483139657,7.034476627702856,1.0750403949993763,19.8779241218596,1.0107876153722026,19.995551839975725,empirical
PKG_B,RCP_7,Network_Latency,1605,10.399149483864887,5.509420485406267,0.5297952966206105,10.497870079095538,4.7913116415226575,7.103598639721492,1.0391912527387366,19.83133767169137,1.0069919560576075,19.98907102516,empirical
PKG_B,RCP_8,Network_Latency,1633,10.578176585856983,5.441790958543747,0.514435632112572,10.666115864483295,4.5500331414585755,6.745879135526484,1.1427298826363883,19.864257911953555,1.000461542160887,19.982513925627835,empirical
PKG_B,RCP_9,Network_Latency,1640,10.432671474682396,5.440685791968416,0.5215045643075853,10.282817056378622,4.640821349561498,6.880481732859876,1.1072047854021065,19.921234975704397,1.0140146559084693,19.99005791379164,empirical
PKG_C,RCP_1,Network_Latency,1627,10.743215148321243,5.574163010236287,0.5188542659975787,10.78580087470585,4.931301777253593,7.311148014956177,1.0754758297540663,19.90699430145673,1.0086331768365997,19.98400132623143,empirical
PKG_C,RCP_2,Network_Latency,1738,10.602174853846325,5.500321747010035,0.5187918349615402,10.644746081017036,4.8994239206677275,7.263885904781972,1.1146804139728825,19.91821499110903,1.0100161672741526,19.97740925862475,empirical
PKG_C,RCP_3,Network_Latency,1706,10.533005221949812,5.447230412590122,0.5171582371609003,10.57156829168773,4.8106271253936495,7.132235776108624,1.0853516274848436,19.893096527674665,1.028120593095675,19.98208383871766,empirical
PKG_C,RCP_4,Network_Latency,1637,10.36528447414074,5.529232718428457,0.5334376236583529,10.33627210717389,4.795098996960954,7.10921377289431,1.0685026956030783,19.88954572916248,1.0016082883067725,19.98426444285045,empirical
PKG_C,RCP_5,Network_Latency,1697,10.442416838414797,5.420497782243021,0.5190846014020903,10.450204158756572,4.611756503228177,6.837390191686095,1.0789892255106792,19.936010803088504,1.0007864995225395,19.9986752268958,empirical
PKG_C,RCP_6,Network_Latency,1630,10.545637204725024,5.526620330015404,0.5240669883408444,10.703747808468773,4.7339394314257515,7.0185386010318185,1.1111401537911074,19.915710751524315,1.0085712679285763,19.996795270690367,empirical
PKG_C,RCP_7,Network_Latency,1676,10.226460770105188,5.521893151134548,0.5399613097110381,10.072796424561442,4.820151875239553,7.146357170230161,1.0800428884354782,19.911407535853748,1.0047353491096676,19.987986915355204,empirical
PKG_C,RCP_8,Network_Latency,1692,10.4842019655992,5.534977620832528,0.5279350435058306,10.601698711892809,4.956892148615198,7.349088299536892,1.0592064877275418,19.911581341933378,1.0026990996569007,19.99099473848131,empirical
PKG_C,RCP_9,Network_Latency,1784,10.44056050140776,5.517347062626049,0.528453147882445,10.39021423511392,4.74686800052269,7.03770649757494,1.073117011688316,19.90267406948852,1.012789350499947,19.988954144238935,empirical
PKG_D,RCP_1,Network_Latency,1706,10.570086812549809,5.536884022390261,0.5238257850272665,10.351478373234421,4.674787913963303,6.930840561241992,1.1287313591039665,19.88983727476678,1.00644240680754,19.97379409977424,empirical
PKG_D,RCP_2,Network_Latency,1611,10.652690180000072,5.516993439249658,0.5178967327527797,10.77633520384159,4.65565939206544,6.902480614676221,1.0562677641892946,19.904443218778063,1.004516070272344,19.970264107196513,empirical
PKG_D,RCP_3,Network_Latency,1671,10.51858342528,5.519978032114617,0.5247834056103118,10.281019805915683,4.737729138159304,7.024157220234984,1.1089757596922794,19.926346895488667,1.0078643048786646,19.99984164466922,empirical
PKG_D,RCP_4,Network_Latency,1595,10.727608329816768,5.445388394625899,0.507605071625402,10.898972153688891,4.665107957623549,6.916489057972674,1.071310173925989,19.926317146282283,1.0098569955597518,19.99676795174249,empirical
PKG_D,RCP_5,Network_Latency,1681,10.428069326471062,5.459843927165495,0.5235718862460945,10.590695942307793,4.709745141488218,6.982668146770432,1.0983689054829084,19.94036457270997,1.0014616221338164,19.991078077156253,empirical
PKG_D,RCP_6,Network_Latency,1690,10.625811901385996,5.486361452387679,0.516323976304536,10.893430159275736,4.842526757604949,7.179530170825097,1.1225987712316166,19.917723958204146,1.0065812570186314,19.979044771617456,empirical
PKG_D,RCP_7,Network_Latency,1655,10.5968209184038,5.473990562768924,0.516569130017295,10.882387748116772,4.762791574427345,7.061314788245981,1.1623273223333144,19.8923973146828,1.008743979338052,19.99098441712486,empirical
PKG_D,RCP_8,Network_Latency,1625,10.54735585319262,5.418722153424319,0.5137517145383983,10.555084446510882,4.618278170822507,6.847059216061449,1.1201910166501934,19.887325685506358,1.01299053999448,19.99607260682375,empirical
PKG_D,RCP_9,Network_Latency,1730,10.285391953162144,5.422688519060305,0.5272223502764182,10.164620642303042,4.715690550074033,6.991482809539761,1.108276854640696,19.942484304489373,1.0153066498718697,19.99888596012668,empirical
PKG_E,RCP_1,Network_Latency,1697,10.529178232537989,5.45425176809126,0.5180130535957836,10.636252164215437,4.839740206197613,7.1753988297085805,1.0795378884200149,19.880642439883644,1.0057224558614104,19.983138284735222,empirical
PKG_E,RCP_2,Network_Latency,1692,10.538962906915204,5.392184765403946,0.5116428260569957,10.665483426282538,4.5583295380178415,6.758179373065252,1.1038318531555444,19.89078106432777,1.0010683332106858,19.995174413565117,empirical
PKG_E,RCP_3,Network_Latency,1680,10.454971564768309,5.505368082664925,0.5265789627986357,10.626578263539304,4.745976508258577,7.036384771144166,1.104505491152123,19.947895392555868,1.0075407656534383,19.99898060994178,empirical
PKG_E,RCP_4,Network_Latency,1731,10.40214672762512,5.501079092148518,0.5288407514517391,10.336441178788467,4.819526690553154,7.145430271414106,1.06240206038337,19.85834435175071,1.0173891087789944,19.999441141638165,empirical
PKG_E,RCP_5,Network_Latency,1670,10.399972573914217,5.54152126594001,0.5328399884283885,10.590532078153387,4.8015434441208145,7.118768310253519,1.1269570447458523,19.94670308593522,1.0253524415731792,19.99808679962479,empirical
PKG_E,RCP_6,Network_Latency,1666,10.581214041756793,5.440515579630506,0.5141674252274383,10.489491172449487,4.63361168626265,6.869792686053005,1.0748733061456084,19.888992804265598,1.0118946353293776,19.9959664125768,empirical
PKG_E,RCP_7,Network_Latency,1656,10.36661944743541,5.552438483325913,0.5356074380351182,10.242409088222292,4.803154091784229,7.121156256479298,1.0956774889978278,19.901416225669937,1.0124680610584458,19.99736232911417,empirical
PKG_E,RCP_8,Network_Latency,1758,10.585764410957566,5.345713708119777,0.5049908065766424,10.69264555305822,4.484837465087875,6.649220025739282,1.1211047501423799,19.858919441282712,1.022547406403274,19.946541800665905,empirical
PKG_E,RCP_9,Network_Latency,1697,10.71713507009642,5.533459399444656,0.5163189008305438,10.737672973118666,4.8651947831539,7.213137785503972,1.1182589166741603,19.88348158637118,1.0145799832606803,19.99817980743658,empirical
PKG_F,RCP_1,Network_Latency,1758,10.385646903551747,5.415690787291224,0.5214591674052709,10.081177608239013,4.634045360184596,6.870435651009682,1.159189306026962,19.914664773813822,1.0126358257029746,19.989292794217256,empirical
PKG_F,RCP_2,Network_Latency,1691,10.440461212830504,5.353365812315456,0.512751851013688,10.573276514408525,4.569712099523391,6.775055158753379,1.163023626008827,19.8413361222179,1.0245022020800094,19.984031484855414,empirical
PKG_F,RCP_3,Network_Latency,1674,10.645455114865124,5.561897848130406,0.5224668920320626,10.985699875063641,4.979522989446208,7.382640784152947,1.0716522052429511,19.880351512399088,1.0004274286472512,19.987764326652982,empirical
PKG_F,RCP_4,Network_Latency,1788,10.287662946148435,5.348297127606494,0.5198748399517527,10.109230265594029,4.51360133536677,6.691865339814774,1.117305449094987,19.84753609174837,1.0019444904369488,19.978930433879977,empirical
PKG_F,RCP_5,Network_Latency,1673,10.571151194999846,5.442258649385409,0.5148217586708624,10.648567807659994,4.670767531136709,6.924879941663285,1.097807066910969,19.87387990660829,1.0209747550822963,19.998258677269103,empirical
PKG_F,RCP_6,Network_Latency,1695,10.490710564115947,5.538877449748401,0.5279792456284549,10.345090609099689,4.8077422404154575,7.127958645639957,1.1140815985696781,19.918023250237304,1.0032211525345218,19.989652971311173,empirical
PKG_F,RCP_7,Network_Latency,1674,10.2707527918281,5.5072733569002414,0.5362093186861717,9.972786100538528,4.7411925444014456,7.029292066329583,1.11622567247116,19.90491479273116,1.0101063380240032,19.983831169748772,empirical
PKG_F,RCP_8,Network_Latency,1724,10.414329462939667,5.578955071588101,0.5356998826896457,10.393992579482763,4.823220886252616,7.150907285958128,1.064044837978396,19.845381323229553,1.0091978460084046,19.986956985883815,empirical
PKG_F,RCP_9,Network_Latency,1611,10.437183423209902,5.461436019442241,0.5232672262228582,10.259575786595304,4.7170554276614,6.993506377050791,1.1795256809411239,19.902917399902535,1.0078059654368925,19.99633147703937,empirical
PKG_A,RCP_1,LED_Brightness,1737,89.93166109776239,5.715828570738895,0.06355746686948621,89.99165074960902,4.8823476995575845,7.238568699364074,80.14477061338974,99.813765154588,80.00486797089435,99.9943395837894,empirical
PKG_A,RCP_2,LED_Brightness,1650,90.03034493029799,5.69078115511731,0.06320958960585063,90.06982765256103,4.818305649920454,7.143619956572064,80.17324299883265,99.92155749836114,80.02952721182899,99.99445861113288,empirical
PKG_A,RCP_3,LED_Brightness,1632,89.85433029197222,5.740279325393389,0.06388428144465552,89.78536391282947,4.9491911929771675,7.337670862707948,80.0915989131339,99.89959292638751,80.01434798684498,99.99309160378888,empirical
PKG_A,RCP_4,LED_Brightness,1602,90.01348960441845,5.88446559306676,0.06537315261220482,90.02546291484144,5.186078251206517,7.688879615238782,80.10593319901378,99.92984514629525,80.01571831729133,99.9931500518108,empirical
PKG_A,RCP_5,LED_Brightness,1690,90.12006395826795,5.726803875959448,0.06354638051090786,90.21747808723882,4.895028260602132,7.25736889916872,80.08211615199329,99.90736602154938,80.00247593907828,99.963719399388,empirical
PKG_A,RCP_6,LED_Brightness,1613,90.0124946453441,5.808919297515705,0.0645345884524507,89.89644703061153,5.010335685992388,7.428323688052314,80.1307619800645,99.9045395168802,80.08735935582514,99.99091337492914,empirical
PKG_A,RCP_7,LED_Brightness,1706,90.03219607101522,5.721096930485415,0.06354501145315562,89.99972494348816,4.85270147276006,7.194615203514065,80.13115198403207,99.90776334303877,80.00017833113901,99.98199169986998,empirical
PKG_A,RCP_8,LED_Brightness,1700,90.14970810376286,5.779813950038178,0.06411350709406155,90.26515507035893,5.034596703282212,7.464293072286207,80.14883460719865,99.91976552427454,80.01479450352987,99.99882346238256,empirical
PKG_A,RCP_9,LED_Brightness,1736,90.01514940344057,5.868188701152677,0.06519112327250531,90.00475511550704,5.135342316238187,7.613658518054736,80.1251546911784,99.86507714930656,80.00176826899038,99.99587795429196,empirical
PKG_B,RCP_1,LED_Brightness,1765,89.94637497449091,5.821620195975629,0.06472323312225378,89.87042472626287,5.029073301662052,7.4561040770441585,80.1145864571889,99.87018987274455,80.00824735528863,99.97368461923972,empirical
PKG_B,RCP_2,LED_Brightness,1749,89.75655375281038,5.756140006176678,0.06413058172920824,89.69362362405678,4.911611423801062,7.2819550969274545,80.0646025222778,99.83634711495743,80.00487961365465,99.98972308123304,empirical
PKG_B,RCP_3,LED_Brightness,1673,90.05935923827407,5.8465956182202525,0.0649193561632129,90.0624157766306,5.148413436241384,7.633037760571476,80.09879989979456,99.87763236652987,80.00282024053517,99.98184063578434,empirical
PKG_B,RCP_4,LED_Brightness,1707,90.26916652172497,5.726519150345365,0.06343826326309517,90.45080532971934,4.90433712138686,7.271170216168158,80.15792278573761,99.93730914288783,80.00418568212567,99.99015287435648,empirical
PKG_B,RCP_5,LED_Brightness,1646,89.96792233435487,5.871738530879549,0.06526480081487206,89.70397582707825,5.2567838172479995,7.793707687451883,80.14666665284548,99.80228371850018,80.00396884761813,99.97853223418234,empirical
PKG_B,RCP_6,LED_Brightness,1613,90.01170167524721,5.879774770474725,0.06532233766325557,89.816987982575,5.230638248640119,7.7549442674338405,80.08213626841895,99.90092152520046,80.01767686255306,99.97756407869775,empirical
PKG_B,RCP_7,LED_Brightness,1605,90.0697661095882,5.76365474738054,0.06399100382216916,89.91638655676005,4.952060961788959,7.341925581948311,80.05406874955123,99.8929643574493,80.02835860090596,99.99243594848448,empirical
PKG_B,RCP_8,LED_Brightness,1633,90.047002368808,5.6379297076928,0.06261096493363962,90.1866514145522,4.839014837664905,7.174323398321988,80.17090119991327,99.87149056097176,80.01031077994453,99.9945549043733,empirical
PKG_B,RCP_9,LED_Brightness,1640,89.79364833317503,5.755907604670726,0.0641015006241166,89.68277859593327,5.057615546890958,7.498420809820534,80.07966217114655,99.88089012924975,80.0082029632996,99.99022529058658,empirical
PKG_C,RCP_1,LED_Brightness,1627,89.93370958558252,5.787584421048706,0.06435389408174182,89.76110680487662,5.0249894343929356,7.450049335430966,80.1113106650307,99.85726241788463,80.01344333279907,99.99957064094922,empirical
PKG_C,RCP_2,LED_Brightness,1738,90.02682090347353,5.749340744789263,0.06386253215531944,90.0269064656185,4.946725473040516,7.334015186329869,80.11301091603421,99.87923458516376,80.02300674352416,99.96915921747932,empirical
PKG_C,RCP_3,LED_Brightness,1706,89.98322347106837,5.706030865039365,0.06341216334480373,89.86391127060267,4.856776054112629,7.200656177827383,80.13909405438827,99.91130376717065,80.00124320689557,99.9950998501719,empirical
PKG_C,RCP_4,LED_Brightness,1637,89.9643259923524,5.768193958540216,0.0641164583284996,89.7880466716555,4.996365096351383,7.40761089185056,80.08704307981013,99.93475776000531,80.0166355743782,99.9998846009364,empirical
PKG_C,RCP_5,LED_Brightness,1697,89.95426774780718,5.813908062540647,0.06463182023603736,89.74578589190655,5.193215355923854,7.699461086692706,80.16953327212445,99.86772460053544,80.02981814299133,99.98308116909632,empirical
PKG_C,RCP_6,LED_Brightness,1630,90.11886277417916,5.648989082431127,0.06268375907701394,90.2371897825087,4.800292955091059,7.116914335218004,80.15814928771961,99.85880454256332,80.03663890713248,99.98658825553233,empirical
PKG_C,RCP_7,LED_Brightness,1676,89.97111395484262,5.7347966692018035,0.06374042086530299,89.8989061841153,4.9330141198789335,7.3136867341325065,80.08991554603384,99.82665121598973,80.04605662478691,99.91492414077018,empirical
PKG_C,RCP_8,LED_Brightness,1692,90.05158103318249,5.66655981040001,0.06292571152428715,90.01146423309491,4.907351385854028,7.275639164667181,80.13167115368117,99.84099702122155,80.03979562757378,99.95053062771876,empirical
PKG_C,RCP_9,LED_Brightness,1784,90.06204257224555,5.64826362595001,0.06271525122716501,90.06622049537714,4.762777345600341,7.061293692587065,80.09089895275233,99.89597332005053,80.00370069139628,99.98445944103406,empirical
PKG_D,RCP_1,LED_Brightness,1706,90.0567405791168,5.700615012378243,0.06330025910020726,90.14108531597856,4.87329611826334,7.225148824937228,80.11436137046785,99.91052316839051,80.00574055561208,99.98568218840556,empirical
PKG_D,RCP_2,LED_Brightness,1611,90.17322087223846,5.869139573152727,0.06508738976362385,90.3297825039342,5.0837574229702795,7.537178755295736,80.05152724846387,99.91481504305143,80.00115502457312,99.9926099025367,empirical
PKG_D,RCP_3,LED_Brightness,1671,90.07035254914503,5.820374544059344,0.06462031489089129,90.14383344376078,5.154843848891417,7.642571490366414,80.1218721187886,99.91414593025075,80.00174216201702,99.99079491440122,empirical
PKG_D,RCP_4,LED_Brightness,1595,89.87022238352904,5.842019711416251,0.0650050657100293,89.88153036043857,5.106950711030464,7.571565124173766,80.08260926081735,99.87678775175598,80.03394294014126,99.9983288875678,empirical
PKG_D,RCP_5,LED_Brightness,1681,89.8593405097782,5.738566068561264,0.06386165351321281,89.81662434201021,4.925721912278746,7.302875307144468,80.10853181910156,99.86962165731556,80.0368063193027,99.99766624732786,empirical
PKG_D,RCP_6,LED_Brightness,1690,89.93242833661034,5.643234361024463,0.06274971626366253,89.80509111268975,4.776814276649674,7.082104846560806,80.08486575191681,99.92341809157541,80.00190616275911,99.99409862858047,empirical
PKG_D,RCP_7,LED_Brightness,1655,90.18518947626475,5.771526566241878,0.06399639009197677,90.34724699213211,4.98597355545067,7.392204393311163,80.06670903866288,99.85739112428786,80.00340221334899,99.98747314276444,empirical
PKG_D,RCP_8,LED_Brightness,1625,90.02494306709617,5.777289939425416,0.06417432483261405,89.97550710808639,4.902591542115431,7.268582220340337,80.06812325882133,99.86374411521662,80.0066213754373,99.99696737247872,empirical
PKG_D,RCP_9,LED_Brightness,1730,89.931643435459,5.7355368488201,0.06377662666574427,89.87117478913703,4.8723144552180315,7.223693411306253,80.09395533409521,99.91407992002081,80.00470786476318,99.97845526990648,empirical
PKG_E,RCP_1,LED_Brightness,1697,90.10930426160282,5.885416820058251,0.06531419666688218,90.25974590201906,5.070496949632073,7.5175187775245105,80.1138777251404,99.9249916519915,80.01049006164388,99.98640991437922,empirical
PKG_E,RCP_2,LED_Brightness,1692,90.29518191613441,5.793807612230397,0.06416519120158204,90.33315997139309,4.999867583823573,7.412803679776828,80.11453942980978,99.91673473067848,80.0178922156923,99.99784724740476,empirical
PKG_E,RCP_3,LED_Brightness,1680,90.24504499058922,5.8444881985051325,0.06476242766696606,90.37831873384938,5.245005749700951,7.7762455245066295,80.08110010809126,99.9496609638078,80.00958877749352,99.99216242497371,empirical
PKG_E,RCP_4,LED_Brightness,1731,90.00378688434215,5.694173266892582,0.0632659298459273,89.75022470526447,4.860489565163888,7.206161829311981,80.16643325789786,99.86893115054474,80.01065436230455,99.99760745199704,empirical
PKG_E,RCP_5,LED_Brightness,1670,90.35079428600203,5.850420163398503,0.06475228258513388,90.58665239856377,5.118981495285922,7.589401964910908,80.10164530031567,99.91967358570227,80.02530006085253,99.99148727815596,empirical
PKG_E,RCP_6,LED_Brightness,1666,89.85446525984806,5.850608348064039,0.06511204903556879,89.81616401680256,4.990629280209639,7.39910697083881,80.10513404865736,99.92602843740755,80.00345201335404,99.99006935229832,empirical
PKG_E,RCP_7,LED_Brightness,1656,89.94239976941778,5.8035696821017755,0.06452540400278609,89.69025385318866,5.087013452623424,7.542006144859488,80.10612848575283,99.89684197737066,80.02072338960862,99.99677993075024,empirical
PKG_E,RCP_8,LED_Brightness,1758,90.06802859304115,5.693373358097419,0.06321192377621665,90.02673703849078,4.888405687354279,7.247550272071454,80.07935892234839,99.828354212418,80.00163483893061,99.9791172372349,empirical
PKG_E,RCP_9,LED_Brightness,1697,89.98468534960101,5.7726762461731465,0.0641517634222493,89.98221552002207,4.90631274580646,7.274099276932657,80.12858149943848,99.86721784002106,80.00219778440126,99.99052195911688,empirical
PKG_F,RCP_1,LED_Brightness,1758,89.9162296195305,5.802574127532955,0.06453311212098012,90.05209336441003,4.9912972651016005,7.400097325239632,80.08257284634158,99.8991615677769,80.0330422946131,99.99900195215208,empirical
PKG_F,RCP_2,LED_Brightness,1691,89.67364856620404,5.760702793469563,0.06424075395144166,89.58077967168043,4.9908030245441495,7.399364564189155,80.1880616289783,99.8578635021029,80.03235746792552,99.98694294704428,empirical
PKG_F,RCP_3,LED_Brightness,1674,89.99690109086922,5.763684784154465,0.06404314720053432,89.77380473380626,5.015763668946178,7.436371215579603,80.09926871908372,99.87799336667179,80.0005814252091,99.99811259733728,empirical
PKG_F,RCP_4,LED_Brightness,1788,89.84829177086003,5.682538287330935,0.06324592460614727,89.978151960426,5.019806909522771,7.44236572405846,80.13496434792827,99.94216316132271,80.02127015296468,99.99681997213582,empirical
PKG_F,RCP_5,LED_Brightness,1673,90.0291216569415,5.8346002768700425,0.06480792180893367,90.17336943245198,5.16891187231866,7.6634287418996445,80.1454417299505,99.82473791797936,80.00266882098028,99.98090382778986,empirical
PKG_F,RCP_6,LED_Brightness,1695,90.09681442198742,5.916099346109967,0.06566380159015023,90.1727357391828,5.083177621895075,7.536319142221638,80.11535013858453,99.95919061993241,80.01390208175394,99.99938651860194,empirical
PKG_F,RCP_7,LED_Brightness,1674,89.73633708532311,5.866683622763607,0.06537690096694548,89.52932861636607,5.0023603482150705,7.416499452263663,80.09758636184038,99.88939557988226,80.00420575282767,99.98822633697748,empirical
PKG_F,RCP_8,LED_Brightness,1724,89.97982182822786,5.742269182248628,0.0638172988740816,89.90206460989242,4.970719529594824,7.369588774577285,80.16204302927032,99.8625326453386,80.00342541426252,99.99288858499168,empirical
PKG_F,RCP_9,LED_Brightness,1611,90.01735393440005,5.678094254951205,0.06307777341565832,89.84479819515688,4.7948969134649815,7.108914163903181,80.07032146586268,99.84583082798017,80.0224927735354,99.96507679808758,empirical
PKG_A,RCP_1,Room_Noise,1737,45.02198115666532,8.716758224940932,0.19361116505754772,45.32418641795219,7.659245472704818,11.355597337832162,30.182084635742772,59.832763248661585,30.00432098600837,59.98802947171674,empirical
PKG_A,RCP_2,Room_Noise,1650,44.86875030534697,8.628170376519636,0.19229798730301217,44.83652598799877,7.457428568826096,11.056383596141568,30.210057339528095,59.80933379134769,30.0061542320092,59.959930592208664,empirical
PKG_A,RCP_3,Room_Noise,1632,45.08379566545607,8.834690704191965,0.19596155500636445,44.988648714614214,7.807661298217226,11.575638640736859,30.132834095846505,59.91041511355106,30.009039609915117,59.98563696395354,empirical
PKG_A,RCP_4,Room_Noise,1602,44.60606290224018,8.58880978663622,0.19254803557668115,44.59850404700104,7.269434826484936,10.777664073746566,30.157093930682674,59.66177824190325,30.017567012992995,59.96003808574845,empirical
PKG_A,RCP_5,Room_Noise,1690,44.768273014469024,8.66330032028589,0.1935142844908475,44.62430743382113,7.416876877352188,10.996261658362354,30.13542395656546,59.85069430243776,30.064147291493263,59.98093073537965,empirical
PKG_A,RCP_6,Room_Noise,1613,44.88027871095171,8.574253433960493,0.19104724124336153,44.96202371324792,7.350594721964448,10.89799173478449,30.08206042817132,59.7790478581533,30.000842458626614,59.98918599934568,empirical
PKG_A,RCP_7,Room_Noise,1706,44.77642184042012,8.872124361440438,0.19814277239615166,44.720399949591126,7.82554826891905,11.602157863499382,30.167016129366083,59.90288538034951,30.0139169979421,59.9996663808038,empirical
PKG_A,RCP_8,Room_Noise,1700,44.686997744756546,8.595036190665432,0.1923386359441422,44.44125333528036,7.3086779377430595,10.83584591049786,30.157500330741875,59.879254796696664,30.00090152850253,59.99180334813455,empirical
PKG_A,RCP_9,Room_Noise,1736,45.142655457637915,8.674613253006322,0.19216001285406484,45.383051090824154,7.43871277491262,11.02863556008545,30.125367639925372,59.863182561574405,30.01714758836834,59.96823065761356,empirical
PKG_B,RCP_1,Room_Noise,1765,45.05208178772834,8.520783606251873,0.18913185069669378,45.06068838030752,7.282697007159179,10.797326582814199,30.175712515973053,59.897229126929886,30.0181698324929,59.9995577396681,empirical
PKG_B,RCP_2,Room_Noise,1749,44.77321182186798,8.744157323547173,0.1952988621485578,44.62342799945635,7.742142659539525,11.478500707033298,30.2196143907616,59.84074186900748,30.006718301643296,59.95294483072768,empirical
PKG_B,RCP_3,Room_Noise,1673,44.77404793000684,8.584505263265672,0.19172948750770594,44.670510854019334,7.411437667225641,10.988197485428735,30.182837392074482,59.764283047659994,30.015961416451542,59.96001252387043,empirical
PKG_B,RCP_4,Room_Noise,1707,45.10021920332615,8.654350077514989,0.19189153024951883,44.912249588412905,7.3179042492493735,10.849524839937121,30.06978664994226,59.89371338114541,30.004697019651783,59.98707424110478,empirical
PKG_B,RCP_5,Room_Noise,1646,44.74614028617062,8.60887726537513,0.19239373966821927,44.85467945719047,7.2424882643621125,10.737713100743267,30.16858160138743,59.83207227579903,30.04706267346663,59.9935842476982,empirical
PKG_B,RCP_6,Room_Noise,1613,44.716245841835274,8.536944583280063,0.19091371430141693,44.72590106498983,7.399428508726963,10.970392707038595,30.181800122699446,59.71974199133519,30.007319581760903,59.94385006814179,empirical
PKG_B,RCP_7,Room_Noise,1605,45.34811977741098,8.628725043637264,0.19027745992537148,45.59069457637508,7.439171802850467,11.029316114906102,30.18318745178634,59.76550801756928,30.00822296588909,59.98744700562333,empirical
PKG_B,RCP_8,Room_Noise,1633,44.85746822623473,8.581699092630023,0.19131037555104474,44.79546915267164,7.268888336543682,10.776853847759662,30.171802195992303,59.777198021386326,30.020777227916906,59.99510195700288,empirical
PKG_B,RCP_9,Room_Noise,1640,44.636241051063465,8.790744115641527,0.19694185506313117,44.53455871095163,7.532856204636101,11.168212608993482,30.14602902550511,59.84302080291156,30.006039356898143,59.998594125230575,empirical
PKG_C,RCP_1,Room_Noise,1627,45.14712562034302,8.587871450098358,0.1902196725062097,45.443843616918805,7.287555551287966,10.804529860339537,30.117502830551256,59.78910580214135,30.02213699170358,59.97651613171751,empirical
PKG_C,RCP_2,Room_Noise,1738,44.95640754234239,8.605803824567193,0.19142552296826162,44.72967818826364,7.269687675600284,10.778038947844982,30.140747649965004,59.80434877140363,30.00645959051796,59.98410874362969,empirical
PKG_C,RCP_3,Room_Noise,1706,44.91779750128684,8.778194673689883,0.19542798538682576,44.650747744183874,7.755876938202633,11.498863148579222,30.170072734791685,59.75926976159568,30.026693298037028,59.995491174746746,empirical
PKG_C,RCP_4,Room_Noise,1637,45.098612754297974,8.504965155449185,0.1885859594348309,45.238888545454,7.12736337839042,10.567028944801637,30.28044940261057,59.85459934768555,30.007772760821258,59.994308423079225,empirical
PKG_C,RCP_5,Room_Noise,1697,45.20021762542465,8.6376196195187,0.1910968591146811,45.3289881764634,7.497163216831595,11.115294185274522,30.19298672673982,59.89027281533056,30.02102590627337,59.9877898894415,empirical
PKG_C,RCP_6,Room_Noise,1630,44.956327553646275,8.824220175384772,0.1962842753304271,45.21480871217617,7.906320763121602,11.721911163404087,30.246956275206802,59.88512494029411,30.098477969669656,59.999526095011674,empirical
PKG_C,RCP_7,Room_Noise,1676,45.239852804614,8.702937604542656,0.19237325201144434,45.448659484344205,7.72578506490262,11.454248937224625,30.21704627556408,59.826853077148854,30.032580134389043,59.99432107394881,empirical
PKG_C,RCP_8,Room_Noise,1692,45.24780255664184,8.475783902899932,0.18731923815062237,44.98699716011295,7.079809043403838,10.49652488775053,30.267026401622015,59.86532308053357,30.031074576846564,59.97630927821241,empirical
PKG_C,RCP_9,Room_Noise,1784,45.0856249589151,8.812869673974124,0.19546961325267143,45.123779853668196,7.725988664893883,11.45455079457167,30.16199602631265,59.86699939213111,30.00162919240027,59.95172653505193,empirical
PKG_D,RCP_1,Room_Noise,1706,45.151781914596704,8.740493858149787,0.1935802638904081,45.194236994574425,7.628974077859045,11.31071696783382,30.18040330069335,59.82161962392223,30.007993262225828,59.97074514940905,empirical
PKG_D,RCP_2,Room_Noise,1611,44.69294975075609,8.71888666578359,0.19508416236581225,44.457656393629264,7.652493275209295,11.345586529825301,30.27699876480357,59.783276445862704,30.018996809229808,59.97979268026281,empirical
PKG_D,RCP_3,Room_Noise,1671,44.69466335458918,8.75480814515649,0.19588039126057227,44.47026246781678,7.551928450437188,11.196489120618175,30.225303720271924,59.884962238782826,30.00541513336321,59.99955448191474,empirical
PKG_D,RCP_4,Room_Noise,1595,45.07466829396718,8.630846928454357,0.19147887838388186,44.9662048986667,7.449931572478839,11.045268549357125,30.169812571943826,59.77448919630044,30.003378934522825,59.98629105593018,empirical
PKG_D,RCP_5,Room_Noise,1681,45.09885175645948,8.749051274606272,0.193997206887937,45.18218421654116,7.701118968394667,11.417678982541933,30.117267753121002,59.83075156000467,30.02454133286361,59.98051261087715,empirical
PKG_D,RCP_6,Room_Noise,1690,45.39489845247158,8.654771847356912,0.19065516484012957,45.58585076729802,7.534789663925871,11.171079155736495,30.20568209879769,59.848906248194425,30.005862206093163,59.99426945500025,empirical
PKG_D,RCP_7,Room_Noise,1655,44.84788321350619,8.60571959819388,0.19188686246851047,44.71329651371165,7.379186227696529,10.940381501182873,30.1846205825686,59.83776303773581,30.02148359597364,59.99952421331664,empirical
PKG_D,RCP_8,Room_Noise,1625,45.333289329109434,8.662734974985629,0.19108992758271148,45.63492383613571,7.411339337537363,10.988051701832894,30.18650748280932,59.90016477709077,30.033651152105065,59.97184769536371,empirical
PKG_D,RCP_9,Room_Noise,1730,45.00184472595389,8.466619941049915,0.1881393972315754,44.89588847091275,7.343738971257288,10.887827398786055,30.133751422717367,59.828793015372185,30.03689272900725,59.987409601678635,empirical
PKG_E,RCP_1,Room_Noise,1697,45.107703818089504,8.649080183651382,0.19174286100953888,44.896891777246125,7.545731801814782,11.187301969370594,30.08815339614351,59.847389301930335,30.013433028574667,59.985654906040125,empirical
PKG_E,RCP_2,Room_Noise,1692,44.75058756112908,8.536943135345487,0.19076717425629472,44.88932592916379,7.230484897443496,10.719916908949727,30.300723666658342,59.90509937085206,30.00028083463112,59.971043083220735,empirical
PKG_E,RCP_3,Room_Noise,1680,44.76387335950596,8.630090326577452,0.19279141144171755,44.281187236531295,7.486674227301908,11.099743209397808,30.14562200239217,59.896435021458075,30.010480323089077,59.98923897320449,empirical
PKG_E,RCP_4,Room_Noise,1731,45.14309503479895,8.514395056253587,0.18860902314496142,45.20501196450075,7.297239188727524,10.818886821207427,30.186154224289762,59.840321772138196,30.00020986975403,59.98399888108532,empirical
PKG_E,RCP_5,Room_Noise,1670,44.97956341255144,8.808259799506486,0.19582804125325418,44.84512513836552,7.760819302385311,11.506190697716463,30.162968326463105,59.916416487645925,30.013331740274182,59.990723534623655,empirical
PKG_E,RCP_6,Room_Noise,1666,44.94145554372292,8.624893024358174,0.19191396718264134,45.03035978862457,7.515195501077169,11.142028849897011,30.247662291390586,59.869750352646804,30.016751955308248,59.97922104092154,empirical
PKG_E,RCP_7,Room_Noise,1656,45.02599285038746,8.539554169119063,0.18965832019505546,45.338064831781296,7.316126365886934,10.846888950063967,30.10872797442278,59.77597304011748,30.002561903036643,59.98723226812065,empirical
PKG_E,RCP_8,Room_Noise,1758,45.22425193362857,8.852493885168979,0.19574660733274174,45.499777678746355,7.702097792936591,11.41913018780779,30.27667759165787,59.9435947857658,30.01182484764873,59.99919865099036,empirical
PKG_E,RCP_9,Room_Noise,1697,44.766944820970146,8.55315928069035,0.19105970521097076,44.65107625942684,7.360714388653442,10.912995152617592,30.23178188334342,59.87290895252861,30.01816145302807,59.99896869488411,empirical
PKG_F,RCP_1,Room_Noise,1758,44.835335810813184,8.586885735306565,0.1915204956095281,44.56999323557943,7.365850448312102,10.920609874667521,30.161525416704407,59.8664030502471,30.04587501808488,59.97444122089352,empirical
PKG_F,RCP_2,Room_Noise,1691,45.09123600317243,8.63186472298698,0.19143109588700735,44.983390625954215,7.450029379415625,11.045413557921606,30.18061345100307,59.78942435170634,30.009976624753374,59.9644475458547,empirical
PKG_F,RCP_3,Room_Noise,1674,45.071235404645115,8.605652716882659,0.19093447604934624,45.12783396102115,7.316327348738284,10.84718692723938,30.222880873476715,59.843485594434,30.022577884440533,59.99496280144591,empirical
PKG_F,RCP_4,Room_Noise,1788,45.2457696485194,8.665744923124315,0.1915260805693442,45.076637255676346,7.561093718927172,11.210077547681424,30.236367794050075,59.91593941544566,30.031562887202597,59.99508905803096,empirical
PKG_F,RCP_5,Room_Noise,1673,45.173229622911116,8.680467290020397,0.19215954587443992,45.12697473890205,7.5966004878241264,11.26271988324805,30.16829894665737,59.816873142236936,30.00201357361678,59.97425081046345,empirical
PKG_F,RCP_6,Room_Noise,1695,44.88484462632,8.615940621595408,0.19195656559192167,44.87291146701253,7.403279310307646,10.976101905462116,30.08698550044466,59.82489811396323,30.005992488163017,59.97111461665416,empirical
PKG_F,RCP_7,Room_Noise,1674,45.43872937197036,8.662796090694247,0.19064785064254103,45.63644855923653,7.557591746660176,11.204885523598376,30.189595165813923,59.72529936829833,30.01880727690611,59.98944969589478,empirical
PKG_F,RCP_8,Room_Noise,1724,44.76784770171355,8.781745129188913,0.19616187911693553,44.63821346123085,7.721164686353163,11.447398763987199,30.194768580941076,59.898901275667676,30.005217818858352,59.99945367746603,empirical
PKG_F,RCP_9,Room_Noise,1611,45.03033244275013,8.611444013622787,0.19123651873037031,44.70536046490732,7.490877215365472,11.105974559500849,30.197115926019066,59.87648736244539,30.00392423738179,59.99391531253501,empirical
PKG_A,RCP_1,Door_Open_Count,1737,4.694876223373632,2.8678943847074323,0.6108562288457156,5.0,3.0,4.4478,0.0,9.0,0.0,9.0,empirical
PKG_A,RCP_2,Door_Open_Count,1650,4.423636363636364,2.88435673155953,0.6520329643887142,4.0,3.0,4.4478,0.0,9.0,0.0,9.0,empirical
PKG_A,RCP_3,Door_Open_Count,1632,4.422181372549019,2.8622703720291316,0.6472530479633564,4.0,3.0,4.4478,0.0,9.0,0.0,9.0,empirical
PKG_A,RCP_4,Door_Open_Count,1602,4.585518102372035,2.9052047910922774,0.6335608596964101,5.0,3.0,4.4478,0.0,9.0,0.0,9.0,empirical
PKG_A,RCP_5,Door_Open_Count,1690,4.465680473372781,2.8897759246837698,0.647107633856575,5.0,2.0,2.9652,0.0,9.0,0.0,9.0,empirical
PKG_A,RCP_6,Door_Open_Count,1613,4.551766893986361,2.885203058719567,0.6338644148344676,5.0,3.0,4.4478,0.0,9.0,0.0,9.0,empirical
PKG_A,RCP_7,Door_Open_Count,1706,4.4044548651817115,2.872554540013416,0.6521929791406558,4.0,2.0,2.9652,0.0,9.0,0.0,9.0,empirical
PKG_A,RCP_8,Door_Open_Count,1700,4.5994117647058825,2.962607799650927,0.6441275430881923,5.0,3.0,4.4478,0.0,9.0,0.0,9.0,empirical
PKG_A,RCP_9,Door_Open_Count,1736,4.4591013824884795,2.8864281645954457,0.6473116255958783,4.0,3.0,4.4478,0.0,9.0,0.0,9.0,empirical
PKG_B,RCP_1,Door_Open_Count,1765,4.454390934844192,2.8782532092270325,0.6461608896318637,4.0,3.0,4.4478,0.0,9.0,0.0,9.0,empirical
PKG_B,RCP_2,Door_Open_Count,1749,4.483704974271012,2.8371902487982203,0.6327780853287538,5.0,2.0,2.9652,0.0,9.0,0.0,9.0,empirical
PKG_B,RCP_3,Door_Open_Count,1673,4.403466826060968,2.855224780659383,0.6484038357598952,4.0,2.0,2.9652,0.0,9.0,0.0,9.0,empirical
PKG_B,RCP_4,Door_Open_Count,1707,4.507322788517867,2.8798383992558594,0.6389243758161882,5.0,3.0,4.4478,0.0,9.0,0.0,9.0,empirical
PKG_B,RCP_5,Door_Open_Count,1646,4.3955042527339,2.8695579371556788,0.6528393040163438,4.0,2.0,2.9652,0.0,9.0,0.0,9.0,empirical
PKG_B,RCP_6,Door_Open_Count,1613,4.4897706137631745,2.8925206467311844,0.6442468659455123,4.0,3.0,4.4478,0.0,9.0,0.0,9.0,empirical
PKG_B,RCP_7,Door_Open_Count,1605,4.522741433021807,2.866569275724532,0.6338123278051899,4.0,3.0,4.4478,0.0,9.0,0.0,9.0,empirical
PKG_B,RCP_8,Door_Open_Count,1633,4.542559706062462,2.842397421324622,0.625725935430454,4.0,2.0,2.9652,0.0,9.0,0.0,9.0,empirical
PKG_B,RCP_9,Door_Open_Count,1640,4.470731707317073,2.926660510916316,0.654626737302613,4.0,3.0,4.4478,0.0,9.0,0.0,9.0,empirical
PKG_C,RCP_1,Door_Open_Count,1627,4.556853103872157,2.8467943482861693,0.6247281365877525,5.0,2.0,2.9652,0.0,9.0,0.0,9.0,empirical
PKG_C,RCP_2,Door_Open_Count,1738,4.474108170310702,2.858325704070343,0.6388593201741585,4.0,2.0,2.9652,0.0,9.0,0.0,9.0,empirical
PKG_C,RCP_3,Door_Open_Count,1706,4.449589683470106,2.9168500980163867,0.6555323761317291,4.0,3.0,4.4478,0.0,9.0,0.0,9.0,empirical
PKG_C,RCP_4,Door_Open_Count,1637,4.587049480757483,2.846183633726047,0.6204824355319669,5.0,2.0,2.9652,0.0,9.0,0.0,9.0,empirical
PKG_C,RCP_5,Door_Open_Count,1697,4.535061873895109,2.8519031028560122,0.6288564924047106,5.0,2.0,2.9652,0.0,9.0,0.0,9.0,empirical
PKG_C,RCP_6,Door_Open_Count,1630,4.382208588957055,2.8608923008311624,0.6528425661983474,4.0,2.0,2.9652,0.0,9.0,0.0,9.0,empirical
PKG_C,RCP_7,Door_Open_Count,1676,4.51491646778043,2.883470865437029,0.6386543108857488,4.0,2.0,2.9652,0.0,9.0,0.0,9.0,empirical
PKG_C,RCP_8,Door_Open_Count,1692,4.421985815602837,2.9058457901540278,0.6571359365063639,4.0,3.0,4.4478,0.0,9.0,0.0,9.0,empirical
PKG_C,RCP_9,Door_Open_Count,1784,4.4742152466367715,2.849448579586775,0.6368599681762473,4.0,2.0,2.9652,0.0,9.0,0.0,9.0,empirical
PKG_D,RCP_1,Door_Open_Count,1706,4.585580304806565,2.8558737409660027,0.6227944013917935,5.0,2.0,2.9652,0.0,9.0,0.0,9.0,empirical
PKG_D,RCP_2,Door_Open_Count,1611,4.554934823091248,2.9081047880848887,0.6384514600170013,5.0,3.0,4.4478,0.0,9.0,0.0,9.0,empirical
PKG_D,RCP_3,Door_Open_Count,1671,4.4374625972471575,2.82474256591994,0.6365670704858016,4.0,2.0,2.9652,0.0,9.0,0.0,9.0,empirical
PKG_D,RCP_4,Door_Open_Count,1595,4.463949843260188,2.8273930156126,0.6333836881884968,4.0,2.0,2.9652,0.0,9.0,0.0,9.0,empirical
PKG_D,RCP_5,Door_Open_Count,1681,4.519333729922665,2.8699615948336246,0.6350408636192343,5.0,3.0,4.4478,0.0,9.0,0.0,9.0,empirical
PKG_D,RCP_6,Door_Open_Count,1690,4.484615384615385,2.9613755944638456,0.6603410416471697,5.0,3.0,4.4478,0.0,9.0,0.0,9.0,empirical
PKG_D,RCP_7,Door_Open_Count,1655,4.468882175226586,2.814514486882365,0.6298027955368192,4.0,2.0,2.9652,0.0,9.0,0.0,9.0,empirical
PKG_D,RCP_8,Door_Open_Count,1625,4.432,2.8195674475232937,0.6361839908671691,4.0,2.0,2.9652,0.0,9.0,0.0,9.0,empirical
PKG_D,RCP_9,Door_Open_Count,1730,4.507514450867052,2.865240349893838,0.6356586054522109,4.0,2.0,2.9652,0.0,9.0,0.0,9.0,empirical
PKG_E,RCP_1,Door_Open_Count,1697,4.461991750147319,2.8628021044219665,0.6415973548869621,4.0,2.0,2.9652,0.0,9.0,0.0,9.0,empirical
PKG_E,RCP_2,Door_Open_Count,1692,4.49290780141844,2.8788791117456722,0.6407607809883816,5.0,3.0,4.4478,0.0,9.0,0.0,9.0,empirical
PKG_E,RCP_3,Door_Open_Count,1680,4.589285714285714,2.9517266772052286,0.6431777973676762,5.0,3.0,4.4478,0.0,9.0,0.0,9.0,empirical
PKG_E,RCP_4,Door_Open_Count,1731,4.59214326978625,2.8323128428154827,0.6167736232121778,5.0,2.0,2.9652,0.0,9.0,0.0,9.0,empirical
PKG_E,RCP_5,Door_Open_Count,1670,4.3305389221556885,2.9050835090767104,0.6708364850882338,4.0,3.0,4.4478,0.0,9.0,0.0,9.0,empirical
PKG_E,RCP_6,Door_Open_Count,1666,4.642256902761105,2.862073117682062,0.6165262236951532,5.0,2.0,2.9652,0.0,9.0,0.0,9.0,empirical
PKG_E,RCP_7,Door_Open_Count,1656,4.515700483091788,2.852209806081791,0.6316206791751063,5.0,3.0,4.4478,0.0,9.0,0.0,9.0,empirical
PKG_E,RCP_8,Door_Open_Count,1758,4.4254835039817975,2.8711405600475484,0.6487744350338804,4.0,2.0,2.9652,0.0,9.0,0.0,9.0,empirical
PKG_E,RCP_9,Door_Open_Count,1697,4.538597525044196,2.8169092127784845,0.6206563144748232,5.0,2.0,2.9652,0.0,9.0,0.0,9.0,empirical
PKG_F,RCP_1,Door_Open_Count,1758,4.4618885096700796,2.905154735185652,0.6511042866466569,4.0,3.0,4.4478,0.0,9.0,0.0,9.0,empirical
PKG_F,RCP_2,Door_Open_Count,1691,4.559432288586635,2.8663294317368435,0.6286592826286644,5.0,2.0,2.9652,0.0,9.0,0.0,9.0,empirical
PKG_F,RCP_3,Door_Open_Count,1674,4.396654719235364,2.899040514277718,0.6593741604484918,4.0,2.0,2.9652,0.0,9.0,0.0,9.0,empirical
PKG_F,RCP_4,Door_Open_Count,1788,4.565436241610739,2.85357490471849,0.6250388251423079,4.0,2.0,2.9652,0.0,9.0,0.0,9.0,empirical
PKG_F,RCP_5,Door_Open_Count,1673,4.555887627017334,2.8221848939928615,0.6194588464510702,5.0,2.0,2.9652,0.0,9.0,0.0,9.0,empirical
PKG_F,RCP_6,Door_Open_Count,1695,4.370501474926254,2.860730856838751,0.6545543739662099,4.0,2.0,2.9652,0.0,9.0,0.0,9.0,empirical
PKG_F,RCP_7,Door_Open_Count,1674,4.4743130227001195,2.8995326477897057,0.6480397399732933,4.0,3.0,4.4478,0.0,9.0,0.0,9.0,empirical
PKG_F,RCP_8,Door_Open_Count,1724,4.466357308584687,2.813722356944993,0.6299814731653465,4.0,2.0,2.9652,0.0,9.0,0.0,9.0,empirical
PKG_F,RCP_9,Door_Open_Count,1611,4.539416511483551,2.8780867363257414,0.6340212952578653,5.0,3.0,4.4478,0.0,9.0,0.0,9.0,empirical
PKG_A,RCP_1,Fan_RPM,1737,2000.1928612550373,577.7516899174464,0.28884799116567755,2017.0,507.0,751.6782,1007.68,2987.5999999999995,1003.0,2998.0,empirical
PKG_A,RCP_2,Fan_RPM,1650,2005.46,574.3544417680199,0.2863953615469867,1992.5,495.5,734.6283,1005.245,2986.0,1000.0,2998.0,empirical
PKG_A,RCP_3,Fan_RPM,1632,2021.1611519607843,585.5439822336172,0.2897067270789193,2035.0,512.0,759.0912,1008.31,2988.535,1000.0,2999.0,empirical
PKG_A,RCP_4,Fan_RPM,1602,1996.0961298377028,579.5993151683871,0.2903664340131318,1975.5,506.5,750.9368999999999,1010.0,2992.995,1001.0,2997.0,empirical
PKG_A,RCP_5,Fan_RPM,1690,1984.4798816568048,575.3327000086263,0.2899161162209878,1963.0,504.0,747.2303999999999,1012.0,2993.0,1000.0,2998.0,empirical
PKG_A,RCP_6,Fan_RPM,1613,1985.3248605083695,575.0642804576258,0.2896575225025756,1987.0,494.0,732.4044,1008.18,2993.94,1000.0,2999.0,empirical
PKG_A,RCP_7,Fan_RPM,1706,1965.4859320046894,581.03438562617,0.2956186946774767,1950.5,506.5,750.9368999999999,1006.0,2986.475,1000.0,2999.0,empirical
PKG_A,RCP_8,Fan_RPM,1700,2008.8241176470588,573.2797212992613,0.2853807440199122,2007.5,495.5,734.6283,1005.99,2988.505,1000.0,2999.0,empirical
PKG_A,RCP_9,Fan_RPM,1736,2017.7137096774193,575.6228355671323,0.2852846926728567,2026.0,508.5,753.9020999999999,1011.675,2984.65,1000.0,2999.0,empirical
PKG_B,RCP_1,Fan_RPM,1765,2010.6322946175637,572.1930096913861,0.28458361641914304,2015.0,497.0,736.8521999999999,1011.82,2993.0,1003.0,2998.0,empirical
PKG_B,RCP_2,Fan_RPM,1749,1988.2464265294454,579.7686060900899,0.29159796208063427,2013.0,502.0,744.2651999999999,1010.0,2987.26,1000.0,2999.0,empirical
PKG_B,RCP_3,Fan_RPM,1673,2005.0657501494322,580.458230741933,0.28949585852667076,2011.0,491.0,727.9566,1012.72,2986.6400000000003,1002.0,2999.0,empirical
PKG_B,RCP_4,Fan_RPM,1707,2013.1282952548331,584.8190865154106,0.290502641035792,2036.0,507.0,751.6782,1011.59,2989.3500000000004,1000.0,2999.0,empirical
PKG_B,RCP_5,Fan_RPM,1646,1999.7667071688943,572.423528249272,0.2862451535957723,2001.5,489.5,725.7326999999999,1011.0,2990.775,1001.0,2999.0,empirical
PKG_B,RCP_6,Fan_RPM,1613,1999.4054556726596,590.5599011057545,0.29536775516453345,1991.0,517.0,766.5042,1015.0,2992.88,1001.0,2999.0,empirical
PKG_B,RCP_7,Fan_RPM,1605,1994.853582554517,588.6623910132649,0.2950905250196113,1977.0,527.0,781.3302,1012.02,2982.96,1005.0,2998.0,empirical
PKG_B,RCP_8,Fan_RPM,1633,1985.7666870789958,563.9044265404578,0.2839731526415848,1986.0,478.0,708.6827999999999,1009.0,2979.84,1001.0,2999.0,empirical
PKG_B,RCP_9,Fan_RPM,1640,1998.773780487805,574.2616200130288,0.2873069607071187,2005.0,491.5,728.6979,1010.39,2991.8050000000003,1002.0,2999.0,empirical
PKG_C,RCP_1,Fan_RPM,1627,2004.9877074370006,568.9808727462962,0.2837827237722226,1996.0,482.0,714.6132,1015.13,2988.4799999999996,1006.0,2998.0,empirical
PKG_C,RCP_2,Fan_RPM,1738,2009.4666283084005,574.8615755706867,0.2860766969066881,2014.5,493.5,731.6631,1005.685,2992.63,1000.0,2999.0,empirical
PKG_C,RCP_3,Fan_RPM,1706,1993.9753810082063,573.6477829345203,0.2876905043052582,1976.0,493.5,731.6631,1009.0,2990.475,1000.0,2999.0,empirical
PKG_C,RCP_4,Fan_RPM,1637,2030.665852168601,580.1641662433749,0.2857014439986778,2030.0,505.0,748.713,1012.0,2992.8199999999997,1000.0,2999.0,empirical
PKG_C,RCP_5,Fan_RPM,1697,1992.3087802003536,573.4648591613183,0.2878393474246741,1987.0,491.0,727.9566,1010.48,2983.56,1000.0,2999.0,empirical
PKG_C,RCP_6,Fan_RPM,1630,2003.3638036809816,573.2319416880082,0.28613472033125065,2006.0,491.0,727.9566,1013.29,2989.0,1004.0,2999.0,empirical
PKG_C,RCP_7,Fan_RPM,1676,2002.442124105012,585.8476391945889,0.29256657765149263,1976.0,504.5,747.9716999999999,1014.5,2994.25,1003.0,2999.0,empirical
PKG_C,RCP_8,Fan_RPM,1692,2004.073877068558,578.6124002620908,0.28871809910942564,1996.5,507.5,752.4195,1014.455,2992.09,1000.0,2999.0,empirical
PKG_C,RCP_9,Fan_RPM,1784,2004.4742152466367,583.632968437693,0.29116511651704186,2016.5,516.5,765.7629,1008.0,2985.0,1000.0,2996.0,empirical
PKG_D,RCP_1,Fan_RPM,1706,1998.877491207503,588.6414237422106,0.29448599342955123,1992.0,512.5,759.8325,1003.0,2992.0,1000.0,2998.0,empirical
PKG_D,RCP_2,Fan_RPM,1611,2000.4171322160148,565.6080670570121,0.28274506249126397,2010.0,481.0,713.1306,1009.1,2989.0,1000.0,2999.0,empirical
PKG_D,RCP_3,Fan_RPM,1671,2006.9509275882706,582.5924593044097,0.29028734648958465,2022.0,510.0,756.126,1010.0,2988.65,1000.0,2999.0,empirical
PKG_D,RCP_4,Fan_RPM,1595,1987.9736677115986,572.6220409795503,0.2880430713343947,2005.0,496.0,735.3696,1014.97,2986.09,1002.0,2999.0,empirical
PKG_D,RCP_5,Fan_RPM,1681,1996.0707911957168,578.9743171044603,0.2900570058227415,1989.0,501.0,742.7826,1012.4,2992.0,1003.0,2999.0,empirical
PKG_D,RCP_6,Fan_RPM,1690,2011.771597633136,583.8380169021854,0.29021088556428326,2004.5,503.5,746.4891,1016.0,2981.11,1000.0,2999.0,empirical
PKG_D,RCP_7,Fan_RPM,1655,2002.2006042296073,573.8275104321644,0.2865984103790428,2015.0,486.0,720.5436,1015.54,2991.73,1000.0,2999.0,empirical
PKG_D,RCP_8,Fan_RPM,1625,2004.7827692307692,574.2540397471943,0.2864420268174663,2008.0,495.0,733.887,1013.24,2982.7599999999998,1000.0,2997.0,empirical
PKG_D,RCP_9,Fan_RPM,1730,2002.0,576.2645400571174,0.28784442560295576,2015.0,505.0,748.713,1007.0,2990.355,1001.0,2999.0,empirical
PKG_E,RCP_1,Fan_RPM,1697,1984.8161461402474,575.4862364946786,0.28994435460120177,1974.0,514.0,762.0563999999999,1009.96,2983.0,1000.0,2999.0,empirical
PKG_E,RCP_2,Fan_RPM,1692,1985.2222222222222,577.8148852863287,0.2910580381472524,1987.0,502.0,744.2651999999999,1007.0,2983.545,1000.0,2997.0,empirical
PKG_E,RCP_3,Fan_RPM,1680,2008.365476190476,579.3793045641585,0.288483003433788,2010.5,505.0,748.713,1015.395,2993.0,1001.0,2998.0,empirical
PKG_E,RCP_4,Fan_RPM,1731,2002.532640092432,578.0671665805946,0.2886680371681295,2000.0,499.0,739.8173999999999,1012.3,2985.35,1001.0,2993.0,empirical
PKG_E,RCP_5,Fan_RPM,1670,1992.4730538922156,581.6736447973062,0.29193551383845834,1984.0,498.0,738.3348,1012.0,2991.0,1001.0,2999.0,empirical
PKG_E,RCP_6,Fan_RPM,1666,1997.6488595438175,580.715619197624,0.2906995473319751,2006.5,503.5,746.4891,1008.0,2987.675,1003.0,2999.0,empirical
PKG_E,RCP_7,Fan_RPM,1656,1986.923309178744,582.4345069104678,0.29313386390902313,1974.5,498.5,739.0761,1007.275,2994.0,1003.0,2999.0,empirical
PKG_E,RCP_8,Fan_RPM,1758,2007.9783845278725,577.061932729272,0.28738453420401444,1997.5,485.0,719.0609999999999,1007.0,2992.0,1000.0,2999.0,empirical
PKG_E,RCP_9,Fan_RPM,1697,1989.180907483795,579.6248417982101,0.29138870155927843,1976.0,509.0,754.6433999999999,1008.48,2992.04,1000.0,2999.0,empirical
PKG_F,RCP_1,Fan_RPM,1758,2015.047212741752,575.3560413523335,0.28552980680263146,2019.5,488.0,723.5088,1012.785,2990.43,1003.0,2999.0,empirical
PKG_F,RCP_2,Fan_RPM,1691,2010.6315789473683,579.8322076581145,0.28838311987603205,2009.0,503.0,745.7478,1012.8,2988.1,1000.0,2998.0,empirical
PKG_F,RCP_3,Fan_RPM,1674,2009.7174432497013,566.9868668699678,0.2821226778791119,2011.5,484.5,718.3197,1008.0,2989.0,1000.0,2998.0,empirical
PKG_F,RCP_4,Fan_RPM,1788,2008.6493288590605,575.5515197052542,0.2865365852745313,2023.5,484.5,718.3197,1019.87,2981.0,1000.0,2998.0,empirical
PKG_F,RCP_5,Fan_RPM,1673,1982.9103407053199,577.1400339178192,0.2910570498676863,1963.0,505.0,748.713,1011.72,2987.92,1000.0,2999.0,empirical
PKG_F,RCP_6,Fan_RPM,1695,1998.7557522123893,585.2699771994023,0.29281715714968015,1997.0,514.0,762.0563999999999,1004.47,2989.5299999999997,1000.0,2998.0,empirical
PKG_F,RCP_7,Fan_RPM,1674,1993.163082437276,575.1120873513524,0.2885424140246943,2005.5,489.5,725.7326999999999,1012.73,2992.635,1000.0,2999.0,empirical
PKG_F,RCP_8,Fan_RPM,1724,2015.334686774942,567.1950308912693,0.2814396212268486,2011.5,482.0,714.6132,1013.615,2989.77,1001.0,2999.0,empirical
PKG_F,RCP_9,Fan_RPM,1611,1994.9764121663563,566.6385721895024,0.2840327177473674,1977.0,485.0,719.0609999999999,1011.2,2988.55,1000.0,2999.0,empirical
PKG_A,RCP_1,Vision_Exposure,1737,7.475518979825344,1.4479670779496263,0.1936945223277938,7.488460328718657,1.2468918098480462,1.8486417972807132,5.027405924146638,9.963213225300994,5.004110487372883,9.998248212847503,empirical
PKG_A,RCP_2,Vision_Exposure,1650,7.503325906924897,1.4420869723401972,0.19219303415959585,7.54200425258036,1.2329288768316626,1.8279403527906228,5.0286783618350155,9.962075103336103,5.000722431737813,9.995517166274746,empirical
PKG_A,RCP_3,Vision_Exposure,1632,7.489545079481164,1.4529583099201815,0.19399820609943302,7.4684456300505175,1.2636658618569947,1.8735110067891803,5.020938179487184,9.96954301277143,5.005608378844474,9.999195015488862,empirical
PKG_A,RCP_4,Vision_Exposure,1602,7.5486565330244675,1.4324284694982854,0.18975939138727302,7.565568278831501,1.2608489054895773,1.8693345872788472,5.0386175323941345,9.971452716083393,5.0027785262483295,9.99748345434716,empirical
PKG_A,RCP_5,Vision_Exposure,1690,7.525696443075571,1.430955075049051,0.19014254506181677,7.5767803520517685,1.2295318086158846,1.8229038594539104,5.020022720154011,9.970608972905083,5.003202792853954,9.99846672673476,empirical
PKG_A,RCP_6,Vision_Exposure,1613,7.484718861705481,1.4580519330852009,0.19480383432237114,7.503844003371421,1.297457778658611,1.9236109026392565,5.022815969235951,9.974218034097902,5.000059210657949,9.994082176804518,empirical
PKG_A,RCP_7,Vision_Exposure,1706,7.481490643783217,1.447578540555813,0.19348798380957488,7.465732588675477,1.2703148028016842,1.8833687266337769,5.0192532081409675,9.976969883949234,5.0017204787026435,9.99883204247246,empirical
PKG_A,RCP_8,Vision_Exposure,1700,7.455094772859333,1.4501625777701868,0.194519670366845,7.401686628084222,1.2924932589401137,1.9162505057046124,5.03464136168309,9.973330286796529,5.017058582319067,9.996466707536026,empirical
PKG_A,RCP_9,Vision_Exposure,1736,7.481830145579492,1.4573479361095159,0.19478495338076665,7.486986417810959,1.250355133947605,1.853776521590719,5.023859329615338,9.955946819689984,5.000045118957215,9.994259523998824,empirical
PKG_B,RCP_1,Vision_Exposure,1765,7.469274089017233,1.45123121933806,0.1942934751145282,7.430774660452565,1.261882132120535,1.870866449081905,5.024437392401571,9.969693260896308,5.002626656412567,9.996650258464364,empirical
PKG_B,RCP_2,Vision_Exposure,1749,7.488565880262113,1.4727154374118003,0.1966618790513001,7.477576786924019,1.3060853712413563,1.9364021714024346,5.023028568549919,9.983667426617105,5.007006224561389,9.999044285398664,empirical
PKG_B,RCP_3,Vision_Exposure,1673,7.495505504751356,1.4379233328175431,0.1918380730834034,7.4992391426902465,1.2182125784373206,1.8061219687911714,5.017786828362529,9.985384322813417,5.002325364335327,9.999622927232831,empirical
PKG_B,RCP_4,Vision_Exposure,1707,7.534648954466983,1.4548131857158693,0.1930830745410336,7.545143249960683,1.298314613397408,1.924881245822997,5.012280448814881,9.97949361848722,5.000245731788205,9.993836610502992,empirical
PKG_B,RCP_5,Vision_Exposure,1646,7.5824281708831105,1.4573695806996056,0.1922035458635764,7.610047885931877,1.257703939153299,1.864671860188681,5.020123765980818,9.975759293093747,5.001761343903336,9.998954769836343,empirical
PKG_B,RCP_6,Vision_Exposure,1613,7.507802985189997,1.456600524145614,0.1940115539817608,7.517846852358296,1.2845609043055761,1.904489996723447,5.023371691165901,9.982268613156538,5.00148596665243,9.998599191013463,empirical
PKG_B,RCP_7,Vision_Exposure,1605,7.459812371505702,1.4384228983458356,0.19282293263034198,7.43164595604838,1.2299952960040592,1.823591025855618,5.015064884905055,9.962768262967245,5.000644938315262,9.99704887177968,empirical
PKG_B,RCP_8,Vision_Exposure,1633,7.497094207604785,1.436469750189889,0.191603534704524,7.453695780358611,1.2455074899249823,1.8465894045627786,5.030958072235373,9.967033606998815,5.000209371504527,9.99951225879553,empirical
PKG_B,RCP_9,Vision_Exposure,1640,7.532086977242113,1.4365405607181048,0.19072277909941193,7.472668463681385,1.2369636779794755,1.8339223489723702,5.045898958428294,9.951349269141396,5.00044249068382,9.984498742711416,empirical
PKG_C,RCP_1,Vision_Exposure,1627,7.49317112320573,1.451790805480087,0.19374851869911405,7.504205810342316,1.2329357654968724,1.827950565925663,5.0220854993067805,9.96557936834397,5.0028051810094905,9.996674662994494,empirical
PKG_C,RCP_2,Vision_Exposure,1738,7.519697585578798,1.4296037848287377,0.1901145316761698,7.565749850380291,1.2496748135559193,1.8527678785780057,5.030908200114252,9.98131274237216,5.0041046089346635,9.998965198978208,empirical
PKG_C,RCP_3,Vision_Exposure,1706,7.430421964685465,1.4516576696376413,0.19536678758446405,7.3537087780558235,1.218759376879254,1.8069326521611817,5.018365831951971,9.975814884142247,5.000733705416421,9.99561777206724,empirical
PKG_C,RCP_4,Vision_Exposure,1637,7.5249506151643475,1.4739766188410444,0.1958785770461634,7.542372916982876,1.3006926043254534,1.9284068551729172,5.032234468542858,9.979143880353936,5.007268787768748,9.999494676872366,empirical
PKG_C,RCP_5,Vision_Exposure,1697,7.524147271951605,1.449022396503767,0.19258293918639913,7.563295781032157,1.27891589717846,1.8961207091567847,5.020051401071081,9.970485302749067,5.0006145462335825,9.996877743683894,empirical
PKG_C,RCP_6,Vision_Exposure,1630,7.484034984191384,1.4213699711949828,0.18992027351520396,7.517996900153671,1.2154094603701848,1.801966065944836,5.0393982024927775,9.957689445970109,5.01752245634379,9.995547135847724,empirical
PKG_C,RCP_7,Vision_Exposure,1676,7.50129236125798,1.4232520985256374,0.18973425244379563,7.4546061599991535,1.2000765532058217,1.7792334977829511,5.029548883819925,9.95397798735086,5.002514860020235,9.999337540152029,empirical
PKG_C,RCP_8,Vision_Exposure,1692,7.5016527195046905,1.4458313318549003,0.19273503931949063,7.483545427614102,1.2386574457846078,1.8364335291202594,5.01436446979811,9.985950224567251,5.0012464886634955,9.994119048866867,empirical
PKG_C,RCP_9,Vision_Exposure,1784,7.551059471729191,1.4346269325280434,0.18999015143493686,7.57430631985067,1.2406123192141951,1.8393318244669656,5.032812487790014,9.965877303266574,5.002949262289885,9.997079711444512,empirical
PKG_D,RCP_1,Vision_Exposure,1706,7.456727840305152,1.4404049147899347,0.19316849771614958,7.4361441830652035,1.2443899710764583,1.844932571117957,5.02817352727038,9.969047789375612,5.000104888065834,9.998157394721686,empirical
PKG_D,RCP_2,Vision_Exposure,1611,7.508308848676106,1.4454297094387087,0.19251068896740609,7.493309061264415,1.2407140612090108,1.8394826671484794,5.022395143141211,9.968976701789162,5.002767898379085,9.997858392354994,empirical
PKG_D,RCP_3,Vision_Exposure,1671,7.537720861869302,1.4354274045085396,0.19043254994621325,7.539489808444004,1.2152655931073992,1.80175276834103,5.020557456766251,9.973646777625227,5.000872406075617,9.994607438320006,empirical
PKG_D,RCP_4,Vision_Exposure,1595,7.4563403828234724,1.4386683259430681,0.19294563446395288,7.407010800507775,1.2349837526866185,1.8309869117331805,5.057675192901158,9.96932922904166,5.016794748437073,9.995873695504832,empirical
PKG_D,RCP_5,Vision_Exposure,1681,7.52207893729739,1.479299214522421,0.19666095328878838,7.554417642551217,1.301910844693973,1.9302130183432842,5.029379905324388,9.98217542683481,5.003826449876861,9.998231774751671,empirical
PKG_D,RCP_6,Vision_Exposure,1690,7.456781318404305,1.454785663435737,0.19509565874556856,7.45635680739737,1.2468148593481176,1.848527710469519,5.023831215434407,9.952677835605254,5.001520678068117,9.980731110763204,empirical
PKG_D,RCP_7,Vision_Exposure,1655,7.496792043347079,1.443788295531714,0.19258748104303938,7.449758214182438,1.2530346034172188,1.8577491030263686,5.020803780243188,9.967497392555222,5.000801371280797,9.994145169088696,empirical
PKG_D,RCP_8,Vision_Exposure,1625,7.509407800969867,1.4393084846566382,0.1916673754847548,7.5284919045752,1.2594323861056829,1.8672344556402853,5.019268389871642,9.968697187907285,5.002019415115305,9.99575166293454,empirical
PKG_D,RCP_9,Vision_Exposure,1730,7.508594472724761,1.4450139985882398,0.1924480012653906,7.482307290674818,1.2714395430891754,1.8850362665840112,5.010963242598671,9.958282071944817,5.001944576350246,9.998848850208654,empirical
PKG_E,RCP_1,Vision_Exposure,1697,7.518377647970901,1.4668861385708962,0.19510673808288775,7.485399257141382,1.2691664796743414,1.8816662227651784,5.021885419837006,9.978495549841176,5.002056123549244,9.999267541140652,empirical
PKG_E,RCP_2,Vision_Exposure,1692,7.50354225775867,1.4805426680432612,0.1973124981754289,7.509790239168934,1.3221405457055395,1.9602055730630328,5.021306757217003,9.981134928359921,5.0042735839474926,9.995664996479949,empirical
PKG_E,RCP_3,Vision_Exposure,1680,7.498745440441572,1.4303059786360508,0.19073936967139207,7.495294249542846,1.2337394768420245,1.8291421483659853,5.027872706915833,9.96826461515389,5.001712570153296,9.99885516941306,empirical
PKG_E,RCP_4,Vision_Exposure,1731,7.500167001811808,1.4081258398261856,0.1877459314553964,7.506493200446589,1.1357751915040692,1.683900298923933,5.0196392691905425,9.974165284299087,5.001546737167567,9.995823449884996,empirical
PKG_E,RCP_5,Vision_Exposure,1670,7.53385927382886,1.4353715535927833,0.19052274557065074,7.564619960731248,1.2577649461746758,1.8647623091985743,5.04410133455644,9.979671182570069,5.002564699570518,9.999441322114915,empirical
PKG_E,RCP_6,Vision_Exposure,1666,7.580504615308613,1.4426111683577016,0.1903054270878471,7.62203411737827,1.2395473185451795,1.837752854475083,5.040947211128634,9.96968890790051,5.001197917424498,9.99355463253119,empirical
PKG_E,RCP_7,Vision_Exposure,1656,7.560105989787042,1.4351243547496098,0.18982860249424033,7.588403227586681,1.2148778760784111,1.8011779390738523,5.020283872240134,9.985310363198264,5.002647638338283,9.999408072280206,empirical
PKG_E,RCP_8,Vision_Exposure,1758,7.463276719143277,1.4722311631996394,0.19726337620892068,7.4493487939630985,1.2676034745025229,1.8793489112974402,5.022489179364517,9.98338134205809,5.002803761818286,9.997591473591813,empirical
PKG_E,RCP_9,Vision_Exposure,1697,7.523864852731346,1.465494749019637,0.19477951527633128,7.559234693056297,1.277816873556107,1.8944912967342842,5.0308568502875115,9.984811041183663,5.007978333273252,9.99975609399352,empirical
PKG_F,RCP_1,Vision_Exposure,1758,7.518117547985071,1.4321302403798863,0.19049053586076362,7.557729692058451,1.2162428116878083,1.8032015926083445,5.023183092582951,9.976826122648934,5.000067980949051,9.999295898906537,empirical
PKG_F,RCP_2,Vision_Exposure,1691,7.538744651571599,1.4338262959913886,0.19019430452422598,7.5381546654951075,1.2172506023696092,1.8046957430731825,5.021714459800063,9.97408078805753,5.001109426958037,9.997404019228371,empirical
PKG_F,RCP_3,Vision_Exposure,1674,7.539810493993184,1.4311143227840941,0.18980773109937368,7.592320667440472,1.2219478304024953,1.8116598533547394,5.030142224852212,9.961215937255902,5.000677218573136,9.984138378559026,empirical
PKG_F,RCP_4,Vision_Exposure,1788,7.454309976696037,1.4298125672470854,0.19181018386906673,7.379273383043588,1.22208699076926,1.8118661725145047,5.036304157748553,9.988063300537203,5.00232638744669,9.999174248265518,empirical
PKG_F,RCP_5,Vision_Exposure,1673,7.484156420287059,1.4479379487986856,0.1934670880039075,7.500002081929418,1.2537239938910965,1.8587711933429396,5.028726427866425,9.96656019800813,5.0051421376596785,9.992121120098307,empirical
PKG_F,RCP_6,Vision_Exposure,1695,7.532475604676803,1.4493071536063327,0.19240781247356173,7.565649373255682,1.273018832838404,1.8873777215662177,5.02070732616931,9.977858550627168,5.000816726229447,9.999797670898856,empirical
PKG_F,RCP_7,Vision_Exposure,1674,7.444188531393295,1.432404246707808,0.19241912542477096,7.380972641785451,1.1996061044351354,1.7785360104355317,5.033474226697137,9.962002019767604,5.010057660161241,9.999040230753163,empirical
PKG_F,RCP_8,Vision_Exposure,1724,7.502488294251788,1.4395971952073747,0.19188263130118535,7.495606261184619,1.2418679739976985,1.8411934582489877,5.014735336490226,9.95756543014326,5.000073362201521,9.997047297498003,empirical
PKG_F,RCP_9,Vision_Exposure,1611,7.555319109961207,1.4743128814273314,0.195135752702165,7.559642137372009,1.2992660828376135,1.9262918944150456,5.033269190738232,9.953611379293513,5.0025072115970275,9.994433776325302,empirical
PKG_A,RCP_1,Maintenance_Count,1737,9.397812320092113,5.778760555025063,0.6149048691545292,9.0,5.0,7.412999999999999,0.0,19.0,0.0,19.0,empirical
PKG_A,RCP_2,Maintenance_Count,1650,9.600606060606061,5.710617997223405,0.5948184897051081,10.0,5.0,7.412999999999999,0.0,19.0,0.0,19.0,empirical
PKG_A,RCP_3,Maintenance_Count,1632,9.732230392156863,5.682159020576154,0.5838496204482958,10.0,5.0,7.412999999999999,0.0,19.0,0.0,19.0,empirical
PKG_A,RCP_4,Maintenance_Count,1602,9.683520599250937,5.780956100118125,0.5969890847927052,10.0,5.0,7.412999999999999,0.0,19.0,0.0,19.0,empirical
PKG_A,RCP_5,Maintenance_Count,1690,9.361538461538462,5.847484315853805,0.6246285629096093,9.0,5.0,7.412999999999999,0.0,19.0,0.0,19.0,empirical
PKG_A,RCP_6,Maintenance_Count,1613,9.60818350898946,5.672534716528765,0.5903857593083558,10.0,5.0,7.412999999999999,0.0,19.0,0.0,19.0,empirical
PKG_A,RCP_7,Maintenance_Count,1706,9.241500586166472,5.818188779978851,0.629571867223387,9.0,5.0,7.412999999999999,0.0,19.0,0.0,19.0,empirical
PKG_A,RCP_8,Maintenance_Count,1700,9.574117647058824,5.834063132061737,0.6093577859735164,10.0,5.0,7.412999999999999,0.0,19.0,0.0,19.0,empirical
PKG_A,RCP_9,Maintenance_Count,1736,9.544354838709678,5.785831082276224,0.6062045240407704,10.0,5.0,7.412999999999999,0.0,19.0,0.0,19.0,empirical
PKG_B,RCP_1,Maintenance_Count,1765,9.511048158640227,5.831488268016582,0.6131278246887035,10.0,5.0,7.412999999999999,0.0,19.0,0.0,19.0,empirical
PKG_B,RCP_2,Maintenance_Count,1749,9.515151515151516,5.693890925373498,0.5984025494819282,9.0,5.0,7.412999999999999,0.0,19.0,0.0,19.0,empirical
PKG_B,RCP_3,Maintenance_Count,1673,9.711297071129707,5.714580763681487,0.5884467050925788,10.0,5.0,7.412999999999999,0.0,19.0,0.0,19.0,empirical
PKG_B,RCP_4,Maintenance_Count,1707,9.622144112478031,5.77546265725634,0.6002261647449969,10.0,5.0,7.412999999999999,0.0,19.0,0.0,19.0,empirical
PKG_B,RCP_5,Maintenance_Count,1646,9.622721749696233,5.807275083424771,0.603496103751321,10.0,5.0,7.412999999999999,0.0,19.0,0.0,19.0,empirical
PKG_B,RCP_6,Maintenance_Count,1613,9.525108493490391,5.7199008902949995,0.6005076891464354,10.0,5.0,7.412999999999999,0.0,19.0,0.0,19.0,empirical
PKG_B,RCP_7,Maintenance_Count,1605,9.525856697819314,5.764614786160324,0.6051544726134686,9.0,5.0,7.412999999999999,0.0,19.0,0.0,19.0,empirical
PKG_B,RCP_8,Maintenance_Count,1633,9.374157991426822,5.898466352434989,0.6292262577427709,9.0,5.0,7.412999999999999,0.0,19.0,0.0,19.0,empirical
PKG_B,RCP_9,Maintenance_Count,1640,9.579878048780488,5.814161666573938,0.6069139541201234,10.0,5.0,7.412999999999999,0.0,19.0,0.0,19.0,empirical
PKG_C,RCP_1,Maintenance_Count,1627,9.649661954517518,5.776500902603832,0.5986220999067793,10.0,5.0,7.412999999999999,0.0,19.0,0.0,19.0,empirical
PKG_C,RCP_2,Maintenance_Count,1738,9.563291139240507,5.790207621770955,0.6054618161745936,10.0,5.0,7.412999999999999,0.0,19.0,0.0,19.0,empirical
PKG_C,RCP_3,Maintenance_Count,1706,9.504689331770223,5.862874020500652,0.6168401528815364,9.0,5.0,7.412999999999999,0.0,19.0,0.0,19.0,empirical
PKG_C,RCP_4,Maintenance_Count,1637,9.642638973732437,5.893821295380328,0.611224926229813,10.0,5.0,7.412999999999999,0.0,19.0,0.0,19.0,empirical
PKG_C,RCP_5,Maintenance_Count,1697,9.45433117265763,5.843210393605496,0.6180458762121994,9.0,5.0,7.412999999999999,0.0,19.0,0.0,19.0,empirical
PKG_C,RCP_6,Maintenance_Count,1630,9.367484662576688,5.678131435913514,0.6061532674398472,9.0,5.0,7.412999999999999,0.0,19.0,0.0,19.0,empirical
PKG_C,RCP_7,Maintenance_Count,1676,9.571599045346062,5.759167026967745,0.6016933011593281,10.0,5.0,7.412999999999999,0.0,19.0,0.0,19.0,empirical
PKG_C,RCP_8,Maintenance_Count,1692,9.52127659574468,5.866755966646146,0.6161732523628355,9.5,5.5,8.1543,0.0,19.0,0.0,19.0,empirical
PKG_C,RCP_9,Maintenance_Count,1784,9.497757847533633,5.76731420034217,0.6072290210936279,9.0,5.0,7.412999999999999,0.0,19.0,0.0,19.0,empirical
PKG_D,RCP_1,Maintenance_Count,1706,9.589097303634231,5.816195268025746,0.6065425226023549,10.0,5.0,7.412999999999999,0.0,19.0,0.0,19.0,empirical
PKG_D,RCP_2,Maintenance_Count,1611,9.567349472377405,5.941717058551358,0.6210410809917757,10.0,5.0,7.412999999999999,0.0,19.0,0.0,19.0,empirical
PKG_D,RCP_3,Maintenance_Count,1671,9.547576301615798,5.798511458998131,0.6073281088119517,10.0,5.0,7.412999999999999,0.0,19.0,0.0,19.0,empirical
PKG_D,RCP_4,Maintenance_Count,1595,9.517868338557994,5.716550228911506,0.6006124507683192,10.0,5.0,7.412999999999999,0.0,19.0,0.0,19.0,empirical
PKG_D,RCP_5,Maintenance_Count,1681,9.431885782272456,5.8079610245883195,0.6157794060128013,9.0,5.0,7.412999999999999,0.0,19.0,0.0,19.0,empirical
PKG_D,RCP_6,Maintenance_Count,1690,9.637278106508877,5.721825274822795,0.5937179784153326,10.0,5.0,7.412999999999999,0.0,19.0,0.0,19.0,empirical
PKG_D,RCP_7,Maintenance_Count,1655,9.661027190332327,5.68823412040776,0.5887815041137558,10.0,5.0,7.412999999999999,0.0,19.0,0.0,19.0,empirical
PKG_D,RCP_8,Maintenance_Count,1625,9.431384615384616,5.756908432045821,0.6103990736052759,9.0,5.0,7.412999999999999,0.0,19.0,0.0,19.0,empirical
PKG_D,RCP_9,Maintenance_Count,1730,9.66936416184971,5.912748883905726,0.6114930397630862,10.0,5.0,7.412999999999999,0.0,19.0,0.0,19.0,empirical
PKG_E,RCP_1,Maintenance_Count,1697,9.408367707719504,5.690007024616316,0.6047815308013208,9.0,5.0,7.412999999999999,0.0,19.0,0.0,19.0,empirical
PKG_E,RCP_2,Maintenance_Count,1692,9.405437352245864,5.699755147217934,0.6060063911708398,9.0,5.0,7.412999999999999,0.0,19.0,0.0,19.0,empirical
PKG_E,RCP_3,Maintenance_Count,1680,9.32202380952381,5.695613659713866,0.6109846720081281,9.0,5.0,7.412999999999999,0.0,19.0,0.0,19.0,empirical
PKG_E,RCP_4,Maintenance_Count,1731,9.526285384170999,5.782050859981309,0.6069575523728106,9.0,5.0,7.412999999999999,0.0,19.0,0.0,19.0,empirical
PKG_E,RCP_5,Maintenance_Count,1670,9.659281437125749,5.830085147977602,0.603573380269208,10.0,5.0,7.412999999999999,0.0,19.0,0.0,19.0,empirical
PKG_E,RCP_6,Maintenance_Count,1666,9.59483793517407,5.866252831751418,0.6113967605691499,10.0,5.0,7.412999999999999,0.0,19.0,0.0,19.0,empirical
PKG_E,RCP_7,Maintenance_Count,1656,9.539855072463768,5.8087011285429035,0.6088877749630996,9.0,5.0,7.412999999999999,0.0,19.0,0.0,19.0,empirical
PKG_E,RCP_8,Maintenance_Count,1758,9.358361774744028,5.825494577283131,0.62249085016191,9.0,5.0,7.412999999999999,0.0,19.0,0.0,19.0,empirical
PKG_E,RCP_9,Maintenance_Count,1697,9.601060695344726,5.744199191006535,0.5982879780972252,10.0,5.0,7.412999999999999,0.0,19.0,0.0,19.0,empirical
PKG_F,RCP_1,Maintenance_Count,1758,9.690557451649601,5.856356005671652,0.6043363382232194,10.0,5.0,7.412999999999999,0.0,19.0,0.0,19.0,empirical
PKG_F,RCP_2,Maintenance_Count,1691,9.428740390301597,5.781021961670818,0.6131277055434867,10.0,5.0,7.412999999999999,0.0,19.0,0.0,19.0,empirical
PKG_F,RCP_3,Maintenance_Count,1674,9.612305854241338,5.820865784521421,0.6055639378092634,10.0,5.0,7.412999999999999,0.0,19.0,0.0,19.0,empirical
PKG_F,RCP_4,Maintenance_Count,1788,9.432326621923938,5.792379239887123,0.6140986706740691,9.0,5.0,7.412999999999999,0.0,19.0,0.0,19.0,empirical
PKG_F,RCP_5,Maintenance_Count,1673,9.594142259414227,5.777131879028964,0.6021519926244755,9.0,5.0,7.412999999999999,0.0,19.0,0.0,19.0,empirical
PKG_F,RCP_6,Maintenance_Count,1695,9.649557522123894,5.641798655652453,0.5846691563542986,10.0,5.0,7.412999999999999,0.0,19.0,0.0,19.0,empirical
PKG_F,RCP_7,Maintenance_Count,1674,9.675029868578255,5.829681470041374,0.6025491961502384,10.0,5.0,7.412999999999999,0.0,19.0,0.0,19.0,empirical
PKG_F,RCP_8,Maintenance_Count,1724,9.518561484918793,5.704281823979592,0.599279821117661,10.0,5.0,7.412999999999999,0.0,19.0,0.0,19.0,empirical
PKG_F,RCP_9,Maintenance_Count,1611,9.38733705772812,5.782942451834392,0.6160365198641279,9.0,5.0,7.412999999999999,0.0,19.0,0.0,19.0,empirical
PKG_A,RCP_1,Factory_Power,1737,299.7629137674734,114.04397634554138,0.380447250502794,298.3116752812638,98.25209294117542,145.66855299458666,103.98916332771452,497.0832583750299,100.23197026793832,499.95661781789056,empirical
PKG_A,RCP_2,Factory_Power,1650,303.50358663960253,114.40266264068708,0.3769400681796071,306.9530568880028,98.2235229122168,145.62619506965262,101.47071328921133,498.6078550105107,100.0286260194534,499.545484247125,empirical
PKG_A,RCP_3,Factory_Power,1632,299.5263300601569,113.94568470607142,0.3804195934400377,300.2533151105384,97.70941371791018,144.86397677817362,102.0632860093955,498.17206679208937,100.09095835041148,499.9766389877271,empirical
PKG_A,RCP_4,Factory_Power,1602,300.42255112423464,116.36707100973408,0.38734466029353587,303.61699797061914,100.40982695707761,148.86760944656325,103.16382241691271,498.29110438211103,100.1147835322176,499.9631444212844,empirical
PKG_A,RCP_5,Factory_Power,1690,294.04231775774497,116.97613559400007,0.3978207507205618,291.8966027562202,106.62393945157389,158.08065263090344,102.92238602371995,498.05844568287847,100.1068314685909,499.59048594482624,empirical
PKG_A,RCP_6,Factory_Power,1613,298.41394786683946,115.22864709114528,0.38613693466688587,297.8618165295559,100.75468823979708,149.37890078432315,104.06103787853688,497.28023786102074,100.23079352394286,499.71350422716256,empirical
PKG_A,RCP_7,Factory_Power,1706,300.3021420510626,115.4049532557565,0.3842961374419145,302.2532771097395,99.55367178269324,147.598273785021,101.35718493218057,496.19074412930837,100.03451563666536,499.71627851280374,empirical
PKG_A,RCP_8,Factory_Power,1700,300.16760513922844,116.06361291004295,0.38666268752155486,302.1089948214672,100.1526441370977,148.48631019766103,102.61281238545806,498.187121169454,100.66478715677128,499.61855422189,empirical
PKG_A,RCP_9,Factory_Power,1736,303.15382655520443,115.32198034510446,0.380407470542366,305.5854970447683,99.81112544749891,147.97997458846189,102.24830058261922,497.9066332786308,100.05535005398394,499.59895786999266,empirical
PKG_B,RCP_1,Factory_Power,1765,294.9561890875124,113.56629575240835,0.3850276751396244,290.57547046831354,97.06557199867916,143.90941704524172,102.02285988486194,497.4065296069097,100.11225623895484,499.5376941601449,empirical
PKG_B,RCP_2,Factory_Power,1749,297.7779924814551,115.33687203461838,0.38732503726514067,295.3504397101606,99.67106811601064,147.77232558879737,102.31485287306384,498.4046423756126,100.28504211942528,499.9945070574119,empirical
PKG_B,RCP_3,Factory_Power,1673,296.102051682529,115.6593545002801,0.39060639344804776,297.925276132564,101.45449707405487,150.41643736199373,102.0847468989072,497.54073875713533,100.1837860959395,499.9673274145119,empirical
PKG_B,RCP_4,Factory_Power,1707,303.9050625534694,116.43011614163792,0.38311344721726404,307.9378436425836,102.06679453660053,151.32422957996394,102.77108313136539,497.6663889109651,100.34771119760894,499.9665259491712,empirical
PKG_B,RCP_5,Factory_Power,1646,301.0410613516599,115.85897170682736,0.3848610258900435,294.7839970602921,101.9203660490968,151.10713470439092,103.71494500375341,498.1956978836622,100.387935869606,499.31745938690005,empirical
PKG_B,RCP_6,Factory_Power,1613,299.46069753937724,114.68425524603501,0.3829693051154225,299.7793451872036,97.98714094321292,145.27573516240747,102.65479346264995,498.3839212950011,100.57374989833464,499.81130044320656,empirical
PKG_B,RCP_7,Factory_Power,1605,300.7576945535865,114.57094353491188,0.3809410219910387,302.26276829284126,96.47348682753125,143.03159157049782,102.11706379072615,497.6058117924133,100.11436859512877,499.9450630653022,empirical
PKG_B,RCP_8,Factory_Power,1633,298.5102941782676,115.21288621098257,0.38595950778896254,297.15569894467353,98.31323305255643,145.75919932372014,101.36857492047953,498.09188463726593,100.01178084672722,499.84881911490857,empirical
PKG_B,RCP_9,Factory_Power,1640,300.1681224222182,116.12951448395849,0.3868815700576294,302.78757284623373,99.12464902184902,146.96220463979336,102.28639612659016,498.49409700067775,100.127239962998,499.8640328102387,empirical
PKG_C,RCP_1,Factory_Power,1627,303.6615068652819,112.78319360513741,0.37141090014801637,303.6170002891042,95.47626872361042,141.5531160096248,103.12274701842996,498.0995541301543,100.7433426146429,499.992796207617,empirical
PKG_C,RCP_2,Factory_Power,1738,301.1689808730146,116.24289423847807,0.3859723332114701,302.29105692584767,103.40561268358744,153.30916136468673,101.16922106480833,497.39813706304324,100.23541816521892,499.88592071234297,empirical
PKG_C,RCP_3,Factory_Power,1706,300.61673907918765,117.47258086250557,0.3907719218242243,303.1330480307238,103.56046810613583,153.53875001415696,101.92301895385484,498.7236623246505,100.22053356576536,499.8675835403334,empirical
PKG_C,RCP_4,Factory_Power,1637,304.42575765494365,116.08055566605155,0.3813099015019122,307.9775561064916,101.22593251409347,150.07756754539497,102.08388210443776,498.32154652371855,100.32833347900036,499.74418400876806,empirical
PKG_C,RCP_5,Factory_Power,1697,300.5764783445952,114.40548980498632,0.38062023494009534,303.4887870009681,100.85781305404407,149.53179363392573,101.52158489289201,498.6157170718266,100.09026443711237,499.9714054636853,empirical
PKG_C,RCP_6,Factory_Power,1630,303.6392873643792,117.05046720480756,0.3854918387564991,303.95019356987575,101.63506906594338,150.68415339716765,102.49043137816692,498.88932133294526,100.21067247369136,499.9416839686986,empirical
PKG_C,RCP_7,Factory_Power,1676,303.4734862630012,115.91340506881858,0.3819556248428365,307.02768775522424,99.93830845728,148.1685361187633,102.6243467265221,497.863378466213,100.12137925277416,499.63443569928125,empirical
PKG_C,RCP_8,Factory_Power,1692,303.33568886259394,114.56639186844978,0.37768846883146173,305.6815051976956,96.85572823395916,143.59830267966782,102.97915456025652,497.8788403694767,100.14231743719924,499.78784858995823,empirical
PKG_C,RCP_9,Factory_Power,1784,298.26518048796316,116.09546057072836,0.38923571427545,294.0978260223606,102.07729518573731,151.33979784237414,101.21873233535051,498.21966320380295,100.05457978757453,499.81288782337685,empirical
PKG_D,RCP_1,Factory_Power,1706,298.3048485489863,116.55644926570133,0.3907293154390716,302.23059969457256,102.02382907607523,151.26052898818912,101.01687559681422,498.4503291367884,100.04499169523054,499.8054875734238,empirical
PKG_D,RCP_2,Factory_Power,1611,301.54174077451546,114.91651306053916,0.38109653663659965,301.2592996103541,100.95638628395847,149.6779383045968,102.65026485198338,497.76540874067547,100.05714574662954,499.4889616610784,empirical
PKG_D,RCP_3,Factory_Power,1671,304.9125815318971,118.85019435059374,0.38978448758488093,304.91594842883705,109.35908901260922,162.13578537009442,102.60774242827917,497.33108079321806,100.47102491748647,499.7692759265547,empirical
PKG_D,RCP_4,Factory_Power,1595,299.3092686763867,115.40814698614848,0.38558160091904076,296.1461079650252,101.09598361381813,149.88490530584676,101.13384037138225,497.5047352524627,100.05650919300288,499.82874268289,empirical
PKG_D,RCP_5,Factory_Power,1681,304.6493869221333,113.96872890980309,0.3740980084064074,305.7093029518178,96.18831448934836,142.60879506190787,101.49411293796155,497.95550418950387,100.00494302046305,499.8960364697269,empirical
PKG_D,RCP_6,Factory_Power,1690,300.55361118736766,113.68691696741139,0.3782583630197609,303.34214169316647,98.40539843761118,145.89584372360233,101.91248298326195,498.13607499985017,100.47269892338556,499.993891925632,empirical
PKG_D,RCP_7,Factory_Power,1655,305.29397096007676,114.84963000483867,0.37619357383201496,305.05371586035733,96.96209578405217,143.75600320943573,101.06424661605142,498.0831563057655,100.19653663172528,499.944663669772,empirical
PKG_D,RCP_8,Factory_Power,1625,304.6057279190666,116.77883405336661,0.38337701280651754,306.2665214971079,104.23904698145986,154.5448110547124,102.28558276215354,497.1287180312947,100.11533572833105,499.7869522393331,empirical
PKG_D,RCP_9,Factory_Power,1730,303.75406351084587,114.98591805126266,0.3785493985569578,305.7568179609149,99.53930335245423,147.57697115034864,102.78235379707019,498.08625032475976,100.12992260712691,499.84130030432567,empirical
PKG_E,RCP_1,Factory_Power,1697,297.0455926215546,117.3853478788526,0.3951761978451746,291.78602037805297,103.82255842627842,153.92732512280037,102.68234307463841,498.36942998235827,100.26733181969044,499.86974380833345,empirical
PKG_E,RCP_2,Factory_Power,1692,298.36430126044115,115.26019926226937,0.38630693677277145,300.129416732167,98.2764867373514,145.7047192367972,101.70624008124642,497.4050277743869,100.2370783739133,499.7387780778552,empirical
PKG_E,RCP_3,Factory_Power,1680,299.7397524783157,114.46206251090682,0.3818714787228211,298.8848509478766,99.15908198645432,147.01325495311718,102.27481624098904,497.6640212415443,100.11112246982135,499.828773877411,empirical
PKG_E,RCP_4,Factory_Power,1731,303.7683970982227,115.15086345982147,0.37907453362433796,305.2241802261441,100.03830278076512,148.31678770276235,102.20188646047434,497.4284379466307,100.23336947941236,499.9838905531473,empirical
PKG_E,RCP_5,Factory_Power,1670,294.9509005129209,115.71245036313735,0.3923108902597446,296.1316502704396,100.28728586715542,148.68593002664463,101.70828521933072,498.6348698178897,100.87064263412464,499.8786876826626,empirical
PKG_E,RCP_6,Factory_Power,1666,301.25769590825666,115.09430524741916,0.3820460250830217,300.7987438244886,101.36476405576789,150.28339918908148,102.2634843036184,498.3304842301835,100.00826628263954,499.6498411484925,empirical
PKG_E,RCP_7,Factory_Power,1656,299.7474178789314,114.44449893907839,0.3818031186020183,295.83087446213585,97.95699582542812,145.23104201077973,101.75112375827707,497.1852584404237,100.34326943793656,499.9354220890155,empirical
PKG_E,RCP_8,Factory_Power,1758,301.30534074289636,115.360690464511,0.3828697167467343,303.0788561155636,99.30759837071264,147.23344534441856,101.56864097951173,497.11526001433157,100.2384813789393,499.93939088615457,empirical
PKG_E,RCP_9,Factory_Power,1697,297.6681366236313,114.70990724321254,0.3853617271379322,296.6600193669968,100.50499611062128,149.0087072336071,102.07713784384299,497.8268769077561,100.04851424791411,499.8501134751068,empirical
PKG_F,RCP_1,Factory_Power,1758,298.366052910324,116.92703399976679,0.39189121168187996,302.0854715643378,102.66309675763182,152.20830725286493,102.43268982408944,498.03026944155397,100.58069255492282,499.933291074443,empirical
PKG_F,RCP_2,Factory_Power,1691,302.23540282879713,115.63166830653621,0.3825880992903945,303.30671700947676,98.43144092177684,145.93445431062634,102.33186290973855,496.3936872971433,100.06983845427766,499.554357988649,empirical
PKG_F,RCP_3,Factory_Power,1674,305.8044649570233,112.70846737084126,0.36856383829019934,308.40490037301424,95.48288314145043,141.5629225455144,104.4660448277795,496.97176645075194,101.94380875659076,499.9748023289869,empirical
PKG_F,RCP_4,Factory_Power,1788,307.00410479392525,116.35926130313888,0.37901532743754146,308.8611326140539,100.99295624670782,149.73215693136902,103.34889676217195,498.42650101298284,100.0065719772548,499.8522027670937,empirical
PKG_F,RCP_5,Factory_Power,1673,297.65704622781584,115.19297628661106,0.38699899010099886,294.2554330739944,101.22442360769273,150.07533044076524,102.09321356577448,496.3606240199467,100.21747087783716,499.71882979196585,empirical
PKG_F,RCP_6,Factory_Power,1695,302.7376948628576,115.42415117527348,0.381267853768793,306.18651428981366,100.08758700357717,148.3898564915035,101.47857810150587,497.0266010643083,100.08375497571744,499.86018410139417,empirical
PKG_F,RCP_7,Factory_Power,1674,298.0951597161064,115.03826034817101,0.38591119848349337,290.8771795720237,99.03213312931422,146.82504057752126,102.47808095087272,498.212013774452,100.1683770520569,499.9239488035359,empirical
PKG_F,RCP_8,Factory_Power,1724,298.36331429362303,114.9884970453271,0.38539757247824874,297.3622461479628,99.97481322659362,148.2226580897477,102.5995683421809,498.0210577988939,100.25716937514645,499.9451137302829,empirical
PKG_F,RCP_9,Factory_Power,1611,295.87335999388534,112.65189833686718,0.38074363416562845,293.37875514596817,95.48065308828029,141.55961626868435,102.64062946065229,495.98607269643395,100.43977306671547,499.4470491004624,empirical
PKG_A,RCP_1,Cooling_Thermal_Load,1737,2.201011982234532,0.03644663114790166,0.01655903350008116,2.199421099910171,0.024568447650838543,0.036425180487133224,2.1107237280986118,2.296065108323976,2.0928244881733256,2.3206232062320624,empirical
PKG_A,RCP_2,Cooling_Thermal_Load,1650,2.2006086197403976,0.0369138857921133,0.016774398437314115,2.201931304078281,0.025527208394364287,0.03784663916548449,2.1102815580770207,2.287158542353479,2.0897674874914154,2.3208215297450425,empirical
PKG_A,RCP_3,Cooling_Thermal_Load,1632,2.199976397735832,0.037377347955547306,0.016989885888782835,2.2000812395796547,0.02473001075782033,0.036664713949544424,2.1035057491435905,2.2921842872872733,2.04167476199728,2.3087833046297233,empirical
PKG_A,RCP_4,Cooling_Thermal_Load,1602,2.1987795543746964,0.036314537894867785,0.016515770224721393,2.1995650302129723,0.024497639194134724,0.03632019986922414,2.1013657911427885,2.2912674587100614,2.083138629283489,2.323802716225876,empirical
PKG_A,RCP_5,Cooling_Thermal_Load,1690,2.20055671334029,0.036944157053547144,0.01678855029256143,2.200229037939185,0.025298616403556018,0.03750772867991215,2.1150939332263428,2.2977062134604633,2.08809617658652,2.326224725882708,empirical
PKG_A,RCP_6,Cooling_Thermal_Load,1613,2.1998504143911535,0.03736013287691642,0.016983033315588633,2.1983668591913963,0.024116908863560216,0.03575572908111437,2.1064055090368434,2.2977976831314852,2.0719424460431655,2.344382308083375,empirical
PKG_A,RCP_7,Cooling_Thermal_Load,1706,2.2009042661371803,0.03611835215034266,0.016410687509699904,2.2002195303236185,0.024032807725615557,0.03563104073399762,2.110311852326778,2.2952318599607886,2.083521666502899,2.332412240302937,empirical
PKG_A,RCP_8,Cooling_Thermal_Load,1700,2.2004436269132057,0.03706081590716631,0.016842429160139595,2.1994036707183477,0.02504622075015628,0.03713352688418169,2.109289365413454,2.29604623646009,2.0923230309072784,2.332824582824583,empirical
PKG_A,RCP_9,Cooling_Thermal_Load,1736,2.2022645824409257,0.03776397441047132,0.017147791737455467,2.2022631535001977,0.02587802853241561,0.03836676510215938,2.106575423980958,2.2974156278602367,2.0838102628770976,2.3129661796260343,empirical
PKG_B,RCP_1,Cooling_Thermal_Load,1765,2.202445318501185,0.03643860373018305,0.016544612219921248,2.2034343434343433,0.024672926190540956,0.03658008037009602,2.1088401660622655,2.2932093168861036,2.080993201300621,2.3293443796665647,empirical
PKG_B,RCP_2,Cooling_Thermal_Load,1749,2.1980075240170276,0.03734675918295646,0.016991188053215756,2.1974554197555602,0.025127187177340637,0.037253567709125225,2.1043947510895387,2.300505627026657,2.0632289156626507,2.326700507614213,empirical
PKG_B,RCP_3,Cooling_Thermal_Load,1673,2.199016548515703,0.03734459235329926,0.01698240623905545,2.1988769780500257,0.025120237486814023,0.037243264097950465,2.105541426904994,2.298444883194606,2.0874464054242696,2.323665060981859,empirical
PKG_B,RCP_4,Cooling_Thermal_Load,1707,2.2006954122281024,0.03734069041006245,0.01696767767251204,2.200816407805655,0.02466035275069922,0.036561438988186666,2.1037781054652736,2.3000028930392364,2.0691545638164857,2.319709076009014,empirical
PKG_B,RCP_5,Cooling_Thermal_Load,1646,2.1995399629937853,0.03723738733140641,0.016929625266150085,2.1992489283815875,0.02526874392479117,0.037463439742895385,2.1013310704254184,2.2978205839836825,2.0720676432995773,2.317914906768311,empirical
PKG_B,RCP_6,Cooling_Thermal_Load,1613,2.2014253751675246,0.037532696355514886,0.017049270340430557,2.201038649755318,0.025824121717002324,0.038286842857627644,2.108043658006729,2.296164143220982,2.083064279424714,2.318502113952084,empirical
PKG_B,RCP_7,Cooling_Thermal_Load,1605,2.200126669137369,0.03816257169968292,0.017345624792887853,2.199392097264438,0.025668484318760676,0.03805609485099458,2.0983715325567167,2.2993730166148123,2.0632771760930604,2.317869239453967,empirical
PKG_B,RCP_8,Cooling_Thermal_Load,1633,2.2017103775620335,0.03661752344807721,0.01663139885302444,2.201973880968996,0.024049453023489153,0.03565571905262502,2.0947842535093004,2.2948553582715694,2.067444368199196,2.3144282659606965,empirical
PKG_B,RCP_9,Cooling_Thermal_Load,1640,2.2006333494289447,0.036825750041161266,0.016734159759378996,2.200748662070974,0.025762200074963104,0.0381950378311403,2.1085346845699204,2.2924440509594377,2.0751656611611113,2.3191994222634893,empirical
PKG_C,RCP_1,Cooling_Thermal_Load,1627,2.200357089066197,0.03754622849888361,0.017063697835889784,2.199163929531203,0.025294582797534826,0.03750174845562513,2.1059379051866607,2.293087385870848,2.0798080689385037,2.348299735288129,empirical
PKG_C,RCP_2,Cooling_Thermal_Load,1738,2.198951704545907,0.03649772671435026,0.016597784589310566,2.199602385292999,0.025367481239578105,0.03760982768579849,2.1025418350331013,2.292367566830333,2.0764607350477884,2.3047258592471356,empirical
PKG_C,RCP_3,Cooling_Thermal_Load,1706,2.200788568534082,0.03747653735794073,0.017028685941831927,2.200199029729326,0.024574271380440438,0.03643381474864099,2.10872886820711,2.300890804597701,2.0877761413843885,2.3200000000000003,empirical
PKG_C,RCP_4,Cooling_Thermal_Load,1637,2.201039946939061,0.03795940869885906,0.017246124383906977,2.201904761904762,0.025440095103876015,0.03771748500100658,2.1047815909771375,2.3000614067918304,2.0748012172376558,2.345507066955535,empirical
PKG_C,RCP_5,Cooling_Thermal_Load,1697,2.199897863334331,0.036980300352863836,0.016810007850461613,2.2013429544999,0.024673301867273345,0.03658063734841946,2.1097940677685525,2.297936476270555,2.068867554858934,2.3244208592713544,empirical
PKG_C,RCP_6,Cooling_Thermal_Load,1630,2.2013825264263507,0.03766657711530363,0.017110418867751376,2.2011436911383297,0.023945924106357985,0.035502227080086345,2.1029503018833364,2.2958057894207893,2.073667711598746,2.3235987293780096,empirical
PKG_C,RCP_7,Cooling_Thermal_Load,1676,2.1997713079571897,0.03782696907096165,0.017195864376506272,2.199014689514329,0.025138435547640947,0.037270244542932464,2.107815642875053,2.3050576302285304,2.083390969271811,2.3410988557880628,empirical
PKG_C,RCP_8,Cooling_Thermal_Load,1692,2.201193599270572,0.037152467645008104,0.01687832803862397,2.2019105894105895,0.024537953383444444,0.03637996968629473,2.1111208008583904,2.2919052001992064,2.0994599901816393,2.3160291438979965,empirical
PKG_C,RCP_9,Cooling_Thermal_Load,1784,2.2002509389241265,0.0372425319122226,0.016926492907410537,2.199661080739845,0.024940256081302126,0.03697642366613853,2.1030070523548594,2.2915280827540845,2.0775094040784,2.3175965665236054,empirical
PKG_D,RCP_1,Cooling_Thermal_Load,1706,2.2005269531916856,0.037169154904697084,0.016891024602441813,2.199355366176561,0.024921243481709432,0.036948235585982404,2.109452942005569,2.301836114855606,2.0762570107251794,2.3369445280369145,empirical
PKG_D,RCP_2,Cooling_Thermal_Load,1611,2.1996047260966356,0.03617849495521417,0.01644772559632368,2.1994579401726564,0.02463844536951232,0.036528959104838964,2.107953058505711,2.2962149962154483,2.079940268790443,2.3189091275032707,empirical
PKG_D,RCP_3,Cooling_Thermal_Load,1671,2.2022221000810065,0.0377640241316876,0.017148145107752068,2.201694748251059,0.025154229130789574,0.03729366010930862,2.101281047317217,2.301824538595627,2.066673261450193,2.3234346688141736,empirical
PKG_D,RCP_4,Cooling_Thermal_Load,1595,2.2013363913224815,0.036901728294123796,0.016763329966100547,2.201615315584804,0.024825727732308955,0.036806623935921254,2.107695357460655,2.2965838796184506,2.0740559097596862,2.3368626644736845,empirical
PKG_D,RCP_5,Cooling_Thermal_Load,1681,2.200475526928816,0.0368255945220328,0.016735289291505983,2.2008422741401783,0.025882037140738667,0.03837270826485915,2.106348732457924,2.297916629991036,2.073122724141325,2.3413704276146317,empirical
PKG_D,RCP_6,Cooling_Thermal_Load,1690,2.2018775153452985,0.036795310823904755,0.016710879950165854,2.201688518818086,0.02403461074413671,0.03563371388925708,2.113551191159349,2.3041644004164428,2.0990235723444126,2.349269997943656,empirical
PKG_D,RCP_7,Cooling_Thermal_Load,1655,2.2003041380226627,0.037895445505918106,0.0172228215413772,2.1993273320803244,0.026072328595309724,0.03865483437540619,2.109335984405234,2.294781825197501,2.0839229559748427,2.3528685996298577,empirical
PKG_D,RCP_8,Cooling_Thermal_Load,1625,2.2011741218305962,0.036778978353531534,0.01670880008481313,2.200723690823198,0.025691387871205507,0.03809005165784928,2.112565432886716,2.2993164428578132,2.071745781111221,2.371378672693651,empirical
PKG_D,RCP_9,Cooling_Thermal_Load,1730,2.201353353450637,0.0365267901067615,0.016592879125700333,2.2011101645417543,0.023614004344515438,0.03501012284117859,2.1098971026443736,2.3006187010382084,2.088445357597104,2.317625458996328,empirical
PKG_E,RCP_1,Cooling_Thermal_Load,1697,2.2006412314175674,0.03740621258439946,0.016997869552913828,2.201472219421196,0.02480442906665692,0.036775046534225544,2.1080094712345274,2.3059417718203212,2.0924228988077647,2.3346484572584725,empirical
PKG_E,RCP_2,Cooling_Thermal_Load,1692,2.2002610108995357,0.03578064232415529,0.016261998984169173,2.2003499921503105,0.023106324266127798,0.034257436356961074,2.105756079768169,2.287135703269885,2.0706783155001474,2.381972060772917,empirical
PKG_E,RCP_3,Cooling_Thermal_Load,1680,2.2014472027695327,0.03761363541778629,0.017085867592221346,2.2011193580624413,0.025786940206508957,0.03823171755017018,2.113270782163434,2.303990039841864,2.083102766798419,2.3390992835209827,empirical
PKG_E,RCP_4,Cooling_Thermal_Load,1731,2.200070977046724,0.03640869401599609,0.016548872466319007,2.2010950721752116,0.024676180676688197,0.03658490547125792,2.097616796633263,2.289471682536629,2.075739527496526,2.3186935794705343,empirical
PKG_E,RCP_5,Cooling_Thermal_Load,1670,2.2013565357496963,0.037815318229288,0.01717818881910902,2.200591733112791,0.02430957204490558,0.03604137151377701,2.1083150270286244,2.302542587934154,2.075350582658503,2.3177332383762335,empirical
PKG_E,RCP_6,Cooling_Thermal_Load,1666,2.2001198648981037,0.03767905470280521,0.01712590995788781,2.2002596338593907,0.026592527696742252,0.03942608156319006,2.108121297232281,2.2878327435548007,2.07405581303619,2.3199388067312596,empirical
PKG_E,RCP_7,Cooling_Thermal_Load,1656,2.200014191727342,0.03726877901269471,0.016940244818799608,2.1993029948975282,0.02474503611998502,0.03668699055148979,2.099324338914882,2.289697172917529,2.081934846989141,2.3385736595523166,empirical
PKG_E,RCP_8,Cooling_Thermal_Load,1758,2.2009622925741454,0.037348747001541324,0.016969280722142644,2.2010589971927677,0.024795711461677028,0.03676212181308236,2.1104485842527816,2.302116564538865,2.08331693881566,2.342007434944238,empirical
PKG_E,RCP_9,Cooling_Thermal_Load,1697,2.2009751260396215,0.03638813440782911,0.016532733140562562,2.2005632669483,0.025039917511907372,0.03712418170315387,2.109504199073253,2.293479780974213,2.0550665101721437,2.3194319431943193,empirical
PKG_F,RCP_1,Cooling_Thermal_Load,1758,2.1997015701846894,0.03714317541091424,0.016885552074136882,2.199201295120141,0.024367060757950698,0.036126604279737705,2.1087191519985224,2.3043884030260706,2.089590276416389,2.3290322580645157,empirical
PKG_F,RCP_2,Cooling_Thermal_Load,1691,2.2001099051095383,0.03687272331433894,0.016759491527539454,2.201666501339153,0.02461961540493318,0.036501041799353935,2.104463761305891,2.2917688386068287,2.0892753060034974,2.3193097110180743,empirical
PKG_F,RCP_3,Cooling_Thermal_Load,1674,2.199654905594442,0.03659048831489898,0.016634649472441063,2.1996206426380094,0.024780529058468392,0.036739612382085236,2.108275861707072,2.2929729073195233,2.087081150538697,2.355342636950635,empirical
PKG_F,RCP_4,Cooling_Thermal_Load,1788,2.2005436834797885,0.037236441455709875,0.016921473422798282,2.200252253866039,0.02486734747465169,0.03686832936591859,2.1128893799247352,2.3034969613165797,2.0778225410238775,2.3235897435897437,empirical
PKG_F,RCP_5,Cooling_Thermal_Load,1673,2.2013908905176027,0.03852418213884529,0.017499928024953027,2.2007625163038025,0.026427079306845958,0.039180787780329816,2.108743238081155,2.2959721130796185,2.092674751059844,2.3268757687576875,empirical
PKG_F,RCP_6,Cooling_Thermal_Load,1695,2.2002444911260013,0.03645488057456368,0.01656855895860349,2.199407699901283,0.024676787518222998,0.03658580517451741,2.107124173851591,2.292127489278578,2.066922546993406,2.3396072845660796,empirical
PKG_F,RCP_7,Cooling_Thermal_Load,1674,2.201611984310858,0.03796160909799484,0.017242642831033404,2.2019474120772333,0.025888065822614603,0.03838164638860841,2.102745683494305,2.297545315116578,2.0616142325861895,2.329399585921325,empirical
PKG_F,RCP_8,Cooling_Thermal_Load,1724,2.201620112292359,0.03702166210200311,0.016815644940423265,2.2022065801791926,0.02516488661649663,0.0373094608976179,2.105473614703956,2.300267112556791,2.085356303837118,2.3265159301130525,empirical
PKG_F,RCP_9,Cooling_Thermal_Load,1611,2.200721304825962,0.037186364759964285,0.016897353008042546,2.2007960199004972,0.024472635316937552,0.03628312912089161,2.0949198563994433,2.297066778130576,2.0798331843908255,2.334956380604585,empirical
PKG_A,RCP_1,Laser_Cleaning_Demand,1737,831.4715892148532,5.563751464699534,0.006691451081273029,831.436179,3.7104477000000315,5.5011097600200465,817.917978384,845.846747008,808.3258394000001,848.4082483999999,empirical
PKG_A,RCP_2,Laser_Cleaning_Demand,1650,831.8147955026667,5.573331231827934,0.006700206899373512,831.76484435,3.764221550000059,5.580834870030087,817.55117827,845.434812871,815.4930096,851.8986756,empirical
PKG_A,RCP_3,Laser_Cleaning_Demand,1632,831.7985570193015,5.523178899930149,0.006640043858361714,831.7309266,3.5726334000000293,5.2967862788400435,816.6685357755,845.364806641,812.7775755,850.8212030000001,empirical
PKG_A,RCP_4,Laser_Cleaning_Demand,1602,831.7191409167291,5.457849916327185,0.006562130950012151,831.65297745,3.5914685999999847,5.324711346359977,817.593880155,846.7765426015,815.0741957,849.3406753999999,empirical
PKG_A,RCP_5,Laser_Cleaning_Demand,1690,831.8495512378698,5.545582817461277,0.006666569464645298,831.8216786,3.5438672000000224,5.2541375107200325,818.1004047744999,846.184111191,813.0010122000001,851.2718808000001,empirical
PKG_A,RCP_6,Laser_Cleaning_Demand,1613,831.7366789239925,5.354550713984209,0.006437795578417109,831.5874928000001,3.7330383999999412,5.534602731839913,818.783113254,845.195137746,813.71016,849.4554488,empirical
PKG_A,RCP_7,Laser_Cleaning_Demand,1706,832.0782024303047,5.347062966358894,0.006426154357536805,832.0724487,3.6926015000000234,5.474650983900035,817.905024325,845.7476648850001,815.9466514,850.0611768000001,empirical
PKG_A,RCP_8,Laser_Cleaning_Demand,1700,831.9909219522941,5.696946507526855,0.006847366187792989,831.9320544500001,3.75724369999989,5.570489509619836,816.935977132,846.0653828430001,814.2587682,848.1463452,empirical
PKG_A,RCP_9,Laser_Cleaning_Demand,1736,831.6510730343318,5.6307217301240735,0.006770533836480277,831.49158765,3.9051955500000304,5.7898429224300445,818.596471845,847.48927354,813.2904974999999,855.4181112000001,empirical
PKG_B,RCP_1,Laser_Cleaning_Demand,1765,831.9287687802832,5.739714020168457,0.006899285414283282,831.8548991999999,3.9446840000001657,5.848388498400245,818.391983506,846.959549778,813.5683191,850.0872171999999,empirical
PKG_B,RCP_2,Laser_Cleaning_Demand,1749,831.761611953459,5.572762004144188,0.006699950952360146,831.7178695000001,3.6480601000001798,5.408613904260267,816.296652254,846.2562072759999,812.6530293000001,850.6696928,empirical
PKG_B,RCP_3,Laser_Cleaning_Demand,1673,831.8336161143455,5.414961984278434,0.006509669577400299,831.7562631999999,3.482825899999966,5.163637679339949,817.4546651439999,847.0349938520001,809.1017937,850.5603104,empirical
PKG_B,RCP_4,Laser_Cleaning_Demand,1707,831.7470675058582,5.516432592681444,0.006632343903806539,831.9566577,3.837777899999992,5.6898895145399875,817.8123658490001,844.59890939,813.0770648,849.4637777999999,empirical
PKG_B,RCP_5,Laser_Cleaning_Demand,1646,831.7329434705954,5.7151365004187795,0.006871360026417938,831.7535025,3.9927575500000785,5.919662343630116,818.0491137225,846.2539140974999,810.6118372,849.2018942,empirical
PKG_B,RCP_6,Laser_Cleaning_Demand,1613,831.5620217719777,5.6538320909062,0.006799050392968206,831.6785552999999,3.7924207000000933,5.622642929820138,816.6609906139998,846.4764043040001,809.5838359999999,854.7200688,empirical
PKG_B,RCP_7,Laser_Cleaning_Demand,1605,831.8038294484736,5.637945467778921,0.006777974888041995,831.7898786999999,3.7363968000001933,5.5395818956802865,817.9690933679999,845.730248826,812.7126000000001,851.0551727999999,empirical
PKG_B,RCP_8,Laser_Cleaning_Demand,1633,831.7160502782608,5.419577372555981,0.0065161389764485066,831.7517032000001,3.5201683000001367,5.219001521580203,817.79984436,845.478021344,813.8733259,848.429667,empirical
PKG_B,RCP_9,Laser_Cleaning_Demand,1640,831.718441659939,5.345076956541133,0.006426546158906202,831.74823995,3.6484150999999656,5.4091402272599485,818.7642653470001,844.5463608135,814.7011748,850.280376,empirical
PKG_C,RCP_1,Laser_Cleaning_Demand,1627,831.6523960888752,5.649290996302866,0.006792851223504621,831.6610271999999,3.788419200000021,5.616710305920031,816.946898832,845.755264254,811.1462634000001,851.1136018,empirical
PKG_C,RCP_2,Laser_Cleaning_Demand,1738,831.6543085827387,5.418099557437095,0.006514845773684903,831.5847222,3.6746349000000578,5.448013702740085,819.075441843,844.925916744,812.659474,850.3784549999999,empirical
PKG_C,RCP_3,Laser_Cleaning_Demand,1706,831.6502517072685,5.814147133352513,0.0069910964632269815,831.7397253500001,4.029645599999981,5.974352566559971,817.86942377,846.597632345,812.0416004000001,853.56356,empirical
PKG_C,RCP_4,Laser_Cleaning_Demand,1637,831.7363492547954,5.530757149151487,0.00664965184473041,831.7470251999999,3.732173200000034,5.53331998632005,817.902853764,845.4952171980001,812.0078274,848.1608543999998,empirical
PKG_C,RCP_5,Laser_Cleaning_Demand,1697,831.8152081035946,5.648740307893248,0.006790859619856519,831.6160172,3.636038800000165,5.390791124880244,817.169467728,846.8125978520001,815.2900128,855.4520352000001,empirical
PKG_C,RCP_6,Laser_Cleaning_Demand,1630,831.80674000227,5.690529371756042,0.006841167663224889,831.870948,3.763096800000028,5.579167315680041,817.5256273749999,846.1106280360001,813.1423872,850.884879,empirical
PKG_C,RCP_7,Laser_Cleaning_Demand,1676,831.6442808489857,5.582373534376997,0.006712453464693126,831.7673791999999,3.6634063000000197,5.431366180380029,817.5791514375001,845.8071277500001,812.3963230000002,850.5300198,empirical
PKG_C,RCP_8,Laser_Cleaning_Demand,1692,831.734063828487,5.699393916858964,0.006852423346261123,831.7085615,3.834302199999968,5.684736441719952,817.51373267,845.59291306,808.4445795,849.3149944999999,empirical
PKG_C,RCP_9,Laser_Cleaning_Demand,1784,831.9025864051009,5.739322426561908,0.00689903183419976,831.83510325,3.9301054500000987,5.826774340170146,817.7308985550001,846.0626300545,811.6023761999999,850.1962540000001,empirical
PKG_D,RCP_1,Laser_Cleaning_Demand,1706,832.0025133850527,5.556702797268604,0.006678709147957765,832.1134213,3.8262549500000205,5.67280558887003,818.899399125,845.8593051825001,816.0681564,849.4631784,empirical
PKG_D,RCP_2,Laser_Cleaning_Demand,1611,831.676063400869,5.751792924704961,0.006915905336008918,831.6566035000001,3.877397700000074,5.74862983002011,816.764364925,846.63458817,813.055296,852.3785264,empirical
PKG_D,RCP_3,Laser_Cleaning_Demand,1671,831.6651192493716,5.573333701472842,0.00670141571706544,831.741013,3.7804665999999543,5.604919781159932,818.24251521,845.9896953750001,814.7464736000001,852.9950091,empirical
PKG_D,RCP_4,Laser_Cleaning_Demand,1595,831.5492145579938,5.761432679157007,0.006928552848455844,831.5791010999999,3.872865099999899,5.74190979725985,816.833873624,845.437680231,813.9787172,853.5495725999999,empirical
PKG_D,RCP_5,Laser_Cleaning_Demand,1681,831.7364424637121,5.670582444359184,0.0068177636025688335,831.5637526,3.8392849000000524,5.692123792740078,818.1626277,845.8302060999999,813.5822357,849.37875,empirical
PKG_D,RCP_6,Laser_Cleaning_Demand,1690,831.7201867245562,5.516207369986986,0.006632287466426263,831.77102285,3.7937976500001014,5.62468439589015,817.1082374995,846.0588474555,811.90951,848.449797,empirical
PKG_D,RCP_7,Laser_Cleaning_Demand,1655,831.7245024426586,5.668996426420804,0.006815954573625947,831.783855,3.9590522000000874,5.869690791720129,816.4790547529999,846.263078338,813.6730524999999,849.6285345,empirical
PKG_D,RCP_8,Laser_Cleaning_Demand,1625,831.8263674804923,5.570809696825596,0.006697082365516913,831.9512880000001,3.865486800000099,5.730970729680146,817.69928688,845.926076796,813.0049408,847.5754047999999,empirical
PKG_D,RCP_9,Laser_Cleaning_Demand,1730,831.8632178048555,5.508243316341918,0.0066215733529813095,831.7001845,3.7955768500000318,5.627322237810047,817.4485875335,845.9746812225001,813.4336704,850.0208616000001,empirical
PKG_E,RCP_1,Laser_Cleaning_Demand,1697,832.1069619559222,5.525540903567288,0.00664042143161396,832.1077554,3.7654779000000644,5.582697534540095,817.838726016,845.273203824,814.8796922,850.9026240000001,empirical
PKG_E,RCP_2,Laser_Cleaning_Demand,1692,831.9957168875295,5.6830980512363825,0.006830681860354616,831.9804534,3.763854600000002,5.580290829960003,817.1266528355001,846.478689452,812.2359168,848.593921,empirical
PKG_E,RCP_3,Laser_Cleaning_Demand,1680,831.865972251012,5.5816801146823805,0.006709831031528397,831.7343320499999,3.811455999999964,5.650864665599947,817.6653580504999,845.4994060905001,813.9325466000001,851.7124572000001,empirical
PKG_E,RCP_4,Laser_Cleaning_Demand,1731,831.7548987435587,5.568008453151696,0.0066942899423408,831.8799755000001,3.9290055000001303,5.825143554300193,817.5099418899999,845.3792869249999,814.5263533,850.342941,empirical
PKG_E,RCP_5,Laser_Cleaning_Demand,1670,831.9982616166467,5.570850953707305,0.006695748309476808,831.9600620000001,3.7120115499997723,5.503428324029662,817.5433320139999,846.0752592345,814.6261710000001,848.6044784,empirical
PKG_E,RCP_6,Laser_Cleaning_Demand,1666,831.5455691663266,5.441272196799283,0.006543564656660343,831.6386856499998,3.619369750000203,5.366077591350301,816.30232573,845.64047556,812.0959026,853.029945,empirical
PKG_E,RCP_7,Laser_Cleaning_Demand,1656,831.8655169591183,5.5668732887494725,0.006692035161042809,832.05088065,3.808954799999924,5.647156386479887,817.64176382,845.6206043999999,807.8799839999999,850.4787756,empirical
PKG_E,RCP_8,Laser_Cleaning_Demand,1758,831.6886163929466,5.501386940497826,0.006614719538133722,831.7641619999999,3.646155199999953,5.4057896995199295,817.659074518,844.457032644,813.9691259,850.0444333,empirical
PKG_E,RCP_9,Laser_Cleaning_Demand,1697,831.7126019799058,5.496058370651183,0.0066081220334617075,831.686,3.7326799999999594,5.53407136799994,817.247379488,846.736727028,813.2533920000001,850.1242482,empirical
PKG_F,RCP_1,Laser_Cleaning_Demand,1758,831.6203486323664,5.500434089074961,0.006614116763882281,831.504201,3.685735999999963,5.464472193599945,816.7875789875001,845.7186737029999,812.1788280000001,850.23477,empirical
PKG_F,RCP_2,Laser_Cleaning_Demand,1691,831.6465472542874,5.628149916215642,0.006767478245171813,831.8275479999999,3.9292932000000746,5.82557009832011,817.54873041,845.3572383149999,811.1930623999999,849.3732552,empirical
PKG_F,RCP_3,Laser_Cleaning_Demand,1674,831.9664640343489,5.7553971973996445,0.006917823549630511,832.0092885,3.811634500000025,5.651129309700037,817.301609495,846.4218045744999,814.1162175000001,853.2614007,empirical
PKG_F,RCP_4,Laser_Cleaning_Demand,1788,831.6223586673377,5.638382975149597,0.006779980019037752,831.5805361,3.84818869999998,5.705324566619971,817.6465790990001,846.6020187285001,812.7747257000001,852.4943562,empirical
PKG_F,RCP_5,Laser_Cleaning_Demand,1673,831.545843439749,5.582279105497557,0.00671313451872486,831.5520408,3.639742800000022,5.396282675280032,815.951365708,846.079168912,809.9481079,848.7162585,empirical
PKG_F,RCP_6,Laser_Cleaning_Demand,1695,831.7504412290856,5.620230501634925,0.00675711153615964,831.6934448,3.824234300000171,5.669809773180253,817.300379196,845.7408920549999,813.4623112,847.100645,empirical
PKG_F,RCP_7,Laser_Cleaning_Demand,1674,831.4936993902629,5.45365433838347,0.006558864297327391,831.6459967000001,3.5899435500001005,5.322450307230149,817.227611847,845.270677438,814.5752971000001,849.0627859999998,empirical
PKG_F,RCP_8,Laser_Cleaning_Demand,1724,831.7047277706497,5.531166149745306,0.006650396426832115,831.5997579,3.8017470500000172,5.636470176330025,816.9068939160001,845.556981804,814.419645,847.2405495000002,empirical
PKG_F,RCP_9,Laser_Cleaning_Demand,1611,831.8211486900682,5.524364389395474,0.006641288693002227,831.9526193,3.7346041999999215,5.536924186919883,817.8900812950001,845.867480625,811.4947139999999,853.2276208000001,empirical
PKG_A,RCP_1,Cleaning_Capacity,1737,44935.41584733856,1591.5147711144743,0.03541782669868708,44935.95177216,1087.2918145520016,1612.0188442547974,40671.095668841604,49356.37311461776,40195.679927137,50165.589472319996,empirical
PKG_A,RCP_2,Cleaning_Capacity,1650,44864.662335410496,1593.7136651476653,0.03552269385720505,44882.225170177,1080.7254453929963,1602.2835453396563,41005.96579675596,48969.72383832836,40467.20027179599,52333.728218288,empirical
PKG_A,RCP_3,Cleaning_Capacity,1632,44840.685518320606,1551.3015589249562,0.03459584841295835,44825.883390834,1050.534422597997,1557.5223349437904,40963.663334877965,48903.893262672245,40394.4363108,50401.474002516006,empirical
PKG_A,RCP_4,Cleaning_Capacity,1602,44921.47183123086,1604.8440763428762,0.03572554528872619,44955.366250113,1060.1280730004983,1571.7458810305386,40492.508703260944,48772.53901638743,39405.398606376,49446.361129127006,empirical
PKG_A,RCP_5,Cleaning_Capacity,1690,44862.819904754564,1586.7893238423283,0.035369807943663394,44799.585841039,1107.594453895501,1642.1195373454696,40776.83364279904,48848.337923326384,39521.965392,50564.587924871994,empirical
PKG_A,RCP_6,Cleaning_Capacity,1613,44938.95619796097,1621.197414543427,0.03607554673503934,44939.16231794,1049.7294485040038,1556.3288803520359,40951.32698533489,49224.6486344022,40149.1843984,50069.997580185,empirical
PKG_A,RCP_7,Cleaning_Capacity,1706,44904.67880209419,1568.8064229557353,0.03493636887750263,44884.522824698994,1052.4195855160106,1560.3172774860373,40925.48384134105,48785.878159629436,39972.67464564,49701.054234726,empirical
PKG_A,RCP_8,Cleaning_Capacity,1700,44910.094572977105,1566.504201640429,0.03488089296037715,44895.427181112,1061.8556600610027,1574.3072016064425,40752.67767388519,49048.080606963464,39088.706267248,49733.765884152,empirical
PKG_A,RCP_9,Cleaning_Capacity,1736,44943.68652852569,1602.894267567889,0.03566450354602163,44964.508103898,1107.6314708239952,1642.1744186436551,40811.1335682865,49098.98736857821,39274.768170562005,49905.327421953,empirical
PKG_B,RCP_1,Cleaning_Capacity,1765,44933.20772724916,1592.643779077939,0.03544469357152307,44988.165417776,1054.107602546006,1562.8199315347085,40451.49681413958,49038.7394438784,39425.902288344,50352.12393874,empirical
PKG_B,RCP_2,Cleaning_Capacity,1749,44837.16684845106,1561.3751052501405,0.03482323293368567,44841.569873099994,1078.9353299400027,1599.629520169048,40931.96421033571,48871.08495911512,40343.639066196,49988.240932245004,empirical
PKG_B,RCP_3,Cleaning_Capacity,1673,44932.467376219596,1509.1668962530864,0.03358744766043739,44856.890132992005,1001.9531927039861,1485.4958035029297,41262.9429679896,48805.36670562376,40092.61918976,49731.080509698004,empirical
PKG_B,RCP_4,Cleaning_Capacity,1707,44880.54385943297,1570.3729461181706,0.03499006052682025,44867.48484867999,1065.503758322011,1579.7158720882135,40908.467093925785,48950.215199165155,39684.837090294,50470.458851475,empirical
PKG_B,RCP_5,Cleaning_Capacity,1646,44905.92152839216,1605.7774435669205,0.03575870150112951,44895.607593966,1066.232358390007,1580.7960945490242,40667.4475756635,49079.32752449161,39736.723720523994,50417.09957113199,empirical
PKG_B,RCP_6,Cleaning_Capacity,1613,44918.13657487717,1571.0893898149645,0.034976726765946896,44920.28106215999,1076.1782509259865,1595.5418748228676,40739.758412058785,48869.33270115699,39682.61370234,50165.03558976001,empirical
PKG_B,RCP_7,Cleaning_Capacity,1605,44965.221636610564,1552.8769187130467,0.034535066484553886,44986.329409125,1094.5940903250084,1622.8451983158575,41195.269821001,48966.319167199035,40337.769108052,50486.980397832005,empirical
PKG_B,RCP_8,Cleaning_Capacity,1633,44886.29723136823,1628.6275172051894,0.03628340089649995,44899.70352769499,1133.1121870830102,1679.9521285692708,40925.754661982406,48975.50922578496,39999.22057994399,49595.3545581,empirical
PKG_B,RCP_9,Cleaning_Capacity,1640,44856.77634652015,1564.3489385882774,0.03487430586860785,44845.048916502004,1053.7538689665016,1562.2954861297353,40728.220514798144,48798.00977754213,39209.351331024,50222.138755932,empirical
PKG_C,RCP_1,Cleaning_Capacity,1627,44840.42970360135,1596.6457452655495,0.035607280211619276,44846.601655959996,1119.3844741299908,1659.5994213451243,40303.55320675477,48827.379923522516,39330.903032915994,50294.809638964005,empirical
PKG_C,RCP_2,Cleaning_Capacity,1738,44952.9871291248,1608.6596922037074,0.03578537923593214,44928.973009392,1113.1386669359963,1650.339387599308,40748.40799625637,48997.78930171009,39352.23079704,50087.96625,empirical
PKG_C,RCP_3,Cleaning_Capacity,1706,44968.129744192265,1549.2163623278914,0.034451429737924026,44995.854586511996,1000.7758944809975,1483.750341157527,41089.4895282543,48839.898920200925,40060.716418799995,50613.369811008,empirical
PKG_C,RCP_4,Cleaning_Capacity,1637,44902.83640473514,1557.3365247104566,0.03468236417569004,44937.66215244,1037.5273702799968,1538.2380791771232,41047.53632218926,48977.639500638834,40039.583963049,50583.19379399999,empirical
PKG_C,RCP_5,Cleaning_Capacity,1697,44933.10282152311,1592.7551413775839,0.03544725472674566,44946.858442248,1074.1408060719987,1592.521159082345,40834.423259591524,48801.4141296384,39430.553321,50712.5770584,empirical
PKG_C,RCP_6,Cleaning_Capacity,1630,44855.3531841112,1604.10013278776,0.035761620830486944,44842.286966900996,1063.8856062759987,1577.3167998647957,40696.84830891216,49134.77910565146,39720.439074814,50197.779869952,empirical
PKG_C,RCP_7,Cleaning_Capacity,1676,44866.01438791153,1571.2902541535248,0.03502183725454529,44854.676900822495,1040.4255301509984,1542.5348910018702,41104.76303444026,48893.47701930125,40227.90464263199,50669.31242466599,empirical
PKG_C,RCP_8,Cleaning_Capacity,1692,44999.86056148281,1583.461785129107,0.03518814870471967,44983.251895512,1090.5059402999977,1616.7841070887766,40965.67831511184,49020.24884817314,39869.87739192499,49867.362278096,empirical
PKG_C,RCP_9,Cleaning_Capacity,1784,44954.143902536576,1517.2690977828363,0.033751484647830725,44942.28120918,1001.3271352049996,1484.5676106549324,41059.22178741438,48820.40087055768,40397.468662908,49989.620424996,empirical
PKG_D,RCP_1,Cleaning_Capacity,1706,44927.39662523848,1506.4333515117028,0.033530394918664094,44980.009069395,982.8202745359995,1457.1293390270728,40803.427468306,48412.188594774896,39131.507886768,49139.160690249,empirical
PKG_D,RCP_2,Cleaning_Capacity,1611,44930.08888869588,1535.634313946891,0.03417830571737967,44855.350243452005,1054.083758447996,1562.7845802749987,41105.4481051972,48624.28076262501,39941.64844992,50592.06909607501,empirical
PKG_D,RCP_3,Cleaning_Capacity,1671,44982.97087808617,1598.8544390522318,0.03554354921077761,44959.632064977006,1056.442905297008,1566.282251393344,40859.025701407554,49280.91149733481,39221.435545314,50031.038053920005,empirical
PKG_D,RCP_4,Cleaning_Capacity,1595,44957.46573548502,1573.0516923965843,0.03498977681820199,44993.042815812005,1062.6720720960002,1575.5176140895298,40716.65087924694,49074.75266919852,40198.40644209,50519.7657216,empirical
PKG_D,RCP_5,Cleaning_Capacity,1681,44895.54951811068,1612.3929664040645,0.03591431631221335,44864.998753750006,1099.085787754011,1629.5045889240969,40701.3654473622,48968.167660328,39658.399702396004,50317.971769592994,empirical
PKG_D,RCP_6,Cleaning_Capacity,1690,44899.963170042,1613.675584499308,0.03593935207447963,44855.37252816401,1074.4291695930006,1592.9486868385825,40642.38115440972,49001.35486861908,39800.653142068,50266.758435475,empirical
PKG_D,RCP_7,Cleaning_Capacity,1655,44942.976928078795,1594.8630848479552,0.03548636948104656,45005.539634664,1100.3046645089998,1631.311695601043,40562.957690515046,48903.264431834614,38163.941998312,49747.432114380004,empirical
PKG_D,RCP_8,Cleaning_Capacity,1625,44959.79836214782,1600.502455780168,0.035598523883230974,44941.666338555995,1100.4687471440047,1631.5549645157014,40839.418661474396,49192.559919786334,38965.67954136,49904.98653814,empirical
PKG_D,RCP_9,Cleaning_Capacity,1730,44886.9245779752,1567.338727959121,0.03491748972991951,44873.282821634995,1065.4143371249957,1579.5832962215184,40989.520528846886,48795.51538392653,39903.144539664,49639.526738935005,empirical
PKG_E,RCP_1,Cleaning_Capacity,1697,44933.18500468015,1580.9407215935628,0.035184256834428614,44870.306368800004,1030.4826275399973,1527.7935435908,41001.054958844645,49071.21904088848,39910.378028508,50887.65055623,empirical
PKG_E,RCP_2,Cleaning_Capacity,1692,44991.42148477479,1494.0966412607463,0.03320847823770921,45049.827141437505,1017.881547511508,1509.1111823405615,41085.018931776,48771.90868572346,39636.723529259994,49961.46725111,empirical
PKG_E,RCP_3,Cleaning_Capacity,1680,44921.73649321986,1549.5449792900022,0.03449432502512183,44888.176265055,1004.1218658839935,1488.7110783596086,41153.97538492719,49059.31805271266,39623.815314775995,50794.921069893004,empirical
PKG_E,RCP_4,Cleaning_Capacity,1731,44864.1628168083,1591.909047999653,0.035482865343990026,44847.1347648,1081.0805307599949,1602.8099949047682,40565.054261320605,48953.437835254,39515.657780511,49892.30820963,empirical
PKG_E,RCP_5,Cleaning_Capacity,1670,44897.913583595415,1589.7149472803621,0.03540732342318028,44917.816808863005,1101.5613026845058,1633.1747873600482,40916.15488125341,48802.36552288956,39418.06022226,49747.31048784,empirical
PKG_E,RCP_6,Cleaning_Capacity,1666,44873.994587557434,1659.1759400983233,0.036974108397258135,44833.88606752199,1128.8062419820017,1673.5681343625156,40610.9210809016,48828.325614354,39564.204945408,50866.877549408,empirical
PKG_E,RCP_7,Cleaning_Capacity,1656,44840.59701137055,1610.1190117965823,0.03590761763025352,44872.133659049505,1080.8735988759945,1602.5031976935493,40813.7043137991,48846.038903261455,39767.769513472005,50161.494239340005,empirical
PKG_E,RCP_8,Cleaning_Capacity,1758,44884.60212653299,1542.3752231892877,0.034363125662587334,44866.055160124,1034.858201223,1534.2807691332196,41227.94385270053,49028.19059396556,39631.274555075004,50330.744517060004,empirical
PKG_E,RCP_9,Cleaning_Capacity,1697,44852.48231693699,1546.962964752222,0.03449001894301098,44918.02490164,1035.362786552003,1535.0288673419996,40751.43408801528,48611.64741399576,39291.6879999,50033.806425792,empirical
PKG_F,RCP_1,Cleaning_Capacity,1758,44974.625187739766,1556.0628174392668,0.034598683389660684,44945.903888014,1048.4663953210002,1554.4562777029148,40843.59065475565,48844.7912901498,40042.9339464,50289.01403472,empirical
PKG_F,RCP_2,Cleaning_Capacity,1691,44871.43357140591,1544.321314376149,0.0344165806942317,44902.715739727995,1040.9738422079972,1543.3478184575765,40998.9797407776,48769.9453183635,38803.923887662,49327.92284095201,empirical
PKG_F,RCP_3,Cleaning_Capacity,1674,44951.80682188939,1558.347630861843,0.034667074385606275,44936.209030597,1053.9957877630004,1562.6541549374242,40705.637047122604,48916.02795608842,39361.129152983995,49917.351948296004,empirical
PKG_F,RCP_4,Cleaning_Capacity,1788,44833.798132231765,1530.4172840226317,0.03413534761228247,44858.0766855555,1006.1481632605028,1491.7152668500214,40680.54819711382,48617.593090625276,39668.18270134501,50889.461333774,empirical
PKG_F,RCP_5,Cleaning_Capacity,1673,44971.18432582495,1534.9295592754204,0.0341314017472735,44932.71189052801,1081.6736956479872,1603.6894211677056,41317.3134543384,49055.5385736696,40180.17363261,50224.475625107,empirical
PKG_F,RCP_6,Cleaning_Capacity,1695,44853.035321460346,1553.1443314810035,0.034627407495382755,44841.785797214005,1046.4978245859966,1551.5376747311984,40889.59534530456,48855.50567142355,40235.45155125,49878.27186459999,empirical
PKG_F,RCP_7,Cleaning_Capacity,1674,44881.90079856747,1597.0316627168024,0.03558297742077306,44834.812618088996,1108.7181529350019,1643.7855335414336,40696.720468981206,49178.17745298768,40001.14377088,50768.069359142,empirical
PKG_F,RCP_8,Cleaning_Capacity,1724,44940.69655094863,1526.0078921909057,0.03395603560485299,44979.962629017,981.7568533355006,1455.5527107552132,40888.55501731593,48758.8704445971,39436.21512072001,51134.62219866,empirical
PKG_F,RCP_9,Cleaning_Capacity,1611,44956.77533006534,1533.604182142091,0.034112859983453404,44950.3245,1076.9344731180026,1596.6630498447507,41204.122341288494,48712.423839505405,39965.17985495999,50138.570715199996,empirical
PKG_A,RCP_1,Cleaning_Load_Ratio,1737,0.018527043872505238,0.0006718216053454403,0.03626167293436631,0.018487955804178398,0.00045416978450343176,0.0006733521225047879,0.016885374012342136,0.020410763409552717,0.016572560185698578,0.02070032187777233,empirical
PKG_A,RCP_2,Cleaning_Load_Ratio,1650,0.018564045934189602,0.0006746263524412751,0.036340480670693044,0.018542930035463825,0.0004625160202592158,0.0006857262516363133,0.016978913047905286,0.020347916339896032,0.015886167013216417,0.02077266608078187,empirical
PKG_A,RCP_3,Cleaning_Load_Ratio,1632,0.01857237255130952,0.0006571455043721607,0.03538295942301815,0.018556786553555932,0.0004450117811628188,0.0006597744667519951,0.016968443624484974,0.0204262878417087,0.016537328713013274,0.02065596695881646,empirical
PKG_A,RCP_4,Cleaning_Load_Ratio,1602,0.01853870890984582,0.0006771446001276641,0.03652598481483443,0.018505253851718213,0.0004410155947446419,0.000653849720768406,0.016980868731262016,0.020415259661677253,0.016719787529784525,0.02118635919254261,empirical
PKG_A,RCP_5,Cleaning_Load_Ratio,1690,0.0185653754131603,0.0006716890292544161,0.03617966317978579,0.018566750565160637,0.00046834043559011544,0.0006943615298059051,0.01697031595293287,0.020388896510424543,0.016471149337295894,0.02126503801276341,empirical
PKG_A,RCP_6,Cleaning_Load_Ratio,1613,0.018532412569536052,0.0006843816069150385,0.03692889980444524,0.01852359511814,0.00044831183315408724,0.0006646671238342497,0.016878146894492938,0.020344861122773734,0.016442072119765498,0.020778428665496014,empirical
PKG_A,RCP_7,Cleaning_Load_Ratio,1706,0.018552464778406635,0.0006586368506168994,0.035501312547079576,0.018535138113585436,0.00044838351216478466,0.0006647733951355097,0.017102696446903206,0.02039808427969757,0.016706523004461384,0.02097057557021473,empirical
PKG_A,RCP_8,Cleaning_Load_Ratio,1700,0.018548338808066292,0.0006621621855887333,0.035699271640475566,0.018539065554091648,0.00045335826336287584,0.0006721489612617997,0.01691524513229855,0.020468645578086815,0.016665760107596177,0.02084615700578336,empirical
PKG_A,RCP_9,Cleaning_Load_Ratio,1736,0.01852800800363441,0.0006778775474134743,0.03658663938835213,0.018511368531512536,0.00045856745208583405,0.0006798721044624575,0.016934106480882793,0.02043156780355462,0.01640795659502669,0.021200370802547382,empirical
PKG_B,RCP_1,Cleaning_Load_Ratio,1765,0.018538173695717537,0.00067312085840342,0.03630998767472527,0.018485379150781106,0.0004471742440148481,0.0006629805341764138,0.016876054290050332,0.02068178218381847,0.016469570413929827,0.021245275899434136,empirical
PKG_B,RCP_2,Cleaning_Load_Ratio,1749,0.01857317971302739,0.0006581297343820439,0.03543441373802171,0.018549222308502557,0.0004578842948587958,0.0006788592555576505,0.016997792979806654,0.020350582275052494,0.016574517593507768,0.020613087326181456,empirical
PKG_B,RCP_3,Cleaning_Load_Ratio,1673,0.018533840745141375,0.000633722218007644,0.03419270871709489,0.0185437373891379,0.00042921103483311435,0.0006363482802435753,0.017045841331820164,0.02018418939372508,0.016754907382405693,0.020777783923633768,empirical
PKG_B,RCP_4,Cleaning_Load_Ratio,1707,0.018555082243412,0.0006594429668433753,0.03553974906672867,0.018530622870363184,0.0004540244218981006,0.0006731366079061238,0.016996218065990127,0.02031025233594234,0.01648241596035516,0.021099488051187987,empirical
PKG_B,RCP_5,Cleaning_Load_Ratio,1646,0.018545486189352593,0.0006793042454455511,0.036629087989915085,0.018508410532447686,0.00045976736918051236,0.0006816511015470276,0.016935874115750635,0.020381586633989614,0.016516086472312397,0.021023789972661168,empirical
PKG_B,RCP_6,Cleaning_Load_Ratio,1613,0.01853575968750501,0.0006686836162695789,0.03607532831364553,0.018500572624571967,0.0004555537289464076,0.0006754039585359439,0.01693723172253294,0.020486766227963426,0.016601278245399455,0.020890855547428703,empirical
PKG_B,RCP_7,Cleaning_Load_Ratio,1605,0.01852103763540394,0.0006562385686459513,0.03543206280146619,0.018507053230751306,0.0004630987049877022,0.0006865901400147673,0.016889060582256286,0.020305574348774107,0.01646929115680892,0.020610376202423182,empirical
PKG_B,RCP_8,Cleaning_Load_Ratio,1633,0.018553848128862776,0.0006859785286261293,0.03697230482117647,0.018529008355781383,0.0004730369904904774,0.0007013246421011818,0.016981486674965175,0.020436422545409446,0.01676750623400905,0.02084279640733858,empirical
PKG_B,RCP_9,Cleaning_Load_Ratio,1640,0.01856422649830185,0.0006600917501505751,0.03555719114992249,0.0185440745310453,0.00043509056005067853,0.000645065264331136,0.01703731252750429,0.020483057751710155,0.016718204293934565,0.021241344488680907,empirical
PKG_C,RCP_1,Cleaning_Load_Ratio,1627,0.018570717676827553,0.0006811724322361276,0.036679919650390844,0.018548719855952907,0.0004681480897837306,0.000694076357913359,0.01700312264480695,0.02059226051131484,0.016527480282100982,0.021187766800131274,empirical
PKG_C,RCP_2,Cleaning_Load_Ratio,1738,0.018524407336769945,0.0006794585031740949,0.03667909535898655,0.018491575102600445,0.000466814734757676,0.0006920995257517304,0.01693143720344426,0.020517966500241333,0.016591537257951296,0.021182315744669288,empirical
PKG_C,RCP_3,Cleaning_Load_Ratio,1706,0.01851639922377358,0.0006580738657800087,0.03554005602423469,0.018484006502200695,0.0004390579442454159,0.0006509473081382535,0.016953626870446645,0.020304994591045095,0.016393976869490085,0.020764581334587067,empirical
PKG_C,RCP_4,Cleaning_Load_Ratio,1637,0.01854536847722488,0.0006573857502388831,0.03544743535542055,0.01851629051052813,0.0004363124022402666,0.0006468767675614193,0.016970579127966876,0.020303349500600115,0.016539767961361272,0.020954878441651732,empirical
PKG_C,RCP_5,Cleaning_Load_Ratio,1697,0.018535705982118816,0.0006730640999629992,0.03631175961748079,0.018499802828244993,0.0004651929028969895,0.0006896949978350766,0.016939683092156328,0.020305114626594227,0.016601394226731542,0.020803908934275948,empirical
PKG_C,RCP_6,Cleaning_Load_Ratio,1630,0.018567724810340743,0.0006709573662063007,0.036135680222524134,0.01855335738031824,0.0004393253141080581,0.0006513437106966069,0.016948240243141625,0.020499896883396027,0.016495838547944768,0.02100169517216033,empirical
PKG_C,RCP_7,Cleaning_Load_Ratio,1676,0.01855894805037521,0.0006630196969689805,0.03572506885462057,0.018543932273981607,0.0004376098069749819,0.0006488002998211081,0.016943829487398577,0.02030250485046172,0.016381543863143742,0.02078481075332723,empirical
PKG_C,RCP_8,Cleaning_Load_Ratio,1692,0.018506112884650445,0.0006690086206890519,0.03615068301263572,0.018465982826798927,0.0004483315559353808,0.0006646963648297955,0.01694228793567805,0.020245917213404387,0.01668468186787295,0.021182359496571913,empirical
PKG_C,RCP_9,Cleaning_Load_Ratio,1784,0.018526935398193112,0.0006466720956502588,0.03490442870078379,0.018498921236789326,0.00043181558886967557,0.000640209792058181,0.01700765733077341,0.020304561815672976,0.016584714237707004,0.020733933578592337,empirical
PKG_D,RCP_1,Cleaning_Load_Ratio,1706,0.018539980828732042,0.0006440887774833153,0.03474053093329788,0.01849188865811753,0.0004235469721088781,0.0006279507408486226,0.017075632998777793,0.02044255614018158,0.016849124793136643,0.02141978812637135,empirical
PKG_D,RCP_2,Cleaning_Load_Ratio,1611,0.018532216155591676,0.0006510214925122237,0.03512917651328995,0.018535075157060734,0.0004381380164933217,0.0006495834232529987,0.017027225116445794,0.020357697489103422,0.016422127002203527,0.020853508623820165,empirical
PKG_D,RCP_3,Cleaning_Load_Ratio,1671,0.018511751255783183,0.0006684700972303533,0.0361105812191334,0.018499516784884908,0.00043544110483774434,0.0006455849820324397,0.016845800613123525,0.02034151703695635,0.01657760724744025,0.021156262374469312,empirical
PKG_D,RCP_4,Cleaning_Load_Ratio,1595,0.01851921492972374,0.0006669591679460325,0.03601444070264277,0.018483477849247608,0.0004329936094234904,0.0006419563253312669,0.0169334492860552,0.020431815139943122,0.016391818753940433,0.02087745321409173,empirical
PKG_D,RCP_5,Cleaning_Load_Ratio,1681,0.01855006736610484,0.0006824474259211283,0.03678948504349444,0.018528948851660943,0.00044870885538990726,0.0006652557490010765,0.016912319626500815,0.020443500362075668,0.01659183356242725,0.021039945174359267,empirical
PKG_D,RCP_6,Cleaning_Load_Ratio,1690,0.018547945938902143,0.0006827656855585465,0.03681085160629703,0.018539780782411926,0.0004435285042999875,0.0006575753604751614,0.0169212951657912,0.020454554315188604,0.016513076938619514,0.021024591471227327,empirical
PKG_D,RCP_7,Cleaning_Load_Ratio,1655,0.018529636812042317,0.0006732035757373783,0.03633118029058544,0.018477045288718484,0.00045331964935632976,0.0006720917121356945,0.01695619412896803,0.02052860073655006,0.016758474179280083,0.022071278725275714,empirical
PKG_D,RCP_8,Cleaning_Load_Ratio,1625,0.018524892112493828,0.000668478386583346,0.03608541321179955,0.01849030092494709,0.00046160322885116165,0.0006843729470947322,0.016940895059394886,0.020401402553409106,0.01664271727333478,0.021282403444799668,empirical
PKG_D,RCP_9,Cleaning_Load_Ratio,1730,0.018555088869067832,0.0006619533409483687,0.035675029401334456,0.018518122953301096,0.0004566098594136203,0.0006769697775666334,0.016987201191227593,0.020394247580570596,0.016664449648732146,0.020807721358267455,empirical
PKG_E,RCP_1,Cleaning_Load_Ratio,1697,0.01854190251778017,0.0006703924262211786,0.03615553612032676,0.018538736989550723,0.0004444563921006707,0.0006589510469284544,0.016930906481228948,0.02034040464667992,0.016348025308827147,0.020912578873659847,empirical
PKG_E,RCP_2,Cleaning_Load_Ratio,1692,0.018513116591470778,0.0006399716270379971,0.03456855164693555,0.01847995527196415,0.0004321803997360662,0.0006407506606486917,0.017006054922425455,0.02030013498250925,0.016638073492289625,0.020988067499020237,empirical
PKG_E,RCP_3,Cleaning_Load_Ratio,1680,0.01854027964504081,0.0006558287225885367,0.03537318396186969,0.018529681842000198,0.000433504646289053,0.00064271398858815,0.016918786849577813,0.020279016747946563,0.016437998924645175,0.021087869766251557,empirical
PKG_E,RCP_4,Cleaning_Load_Ratio,1731,0.01856286706347388,0.0006739576788951557,0.036306766438105945,0.01855598781444667,0.00046350010026817087,0.0006871852486575901,0.016944000496363507,0.020423639703552442,0.01670316655838521,0.021221870113083463,empirical
PKG_E,RCP_5,Cleaning_Load_Ratio,1670,0.01855424799756178,0.0006724879900636133,0.036244421770797994,0.01853639806792668,0.00046327989000779536,0.0006868587649255574,0.017027907661018686,0.02025684727671236,0.016608505833036007,0.02114867594446544,empirical
PKG_E,RCP_6,Cleaning_Load_Ratio,1666,0.018556297997882793,0.0007047904429208738,0.0379811987822834,0.018544373654551537,0.00048757914847492173,0.0007228848455289189,0.016951004362347095,0.02052735924166501,0.016307178894444524,0.020960502220439988,empirical
PKG_E,RCP_7,Cleaning_Load_Ratio,1656,0.018575613008454138,0.0006809414165593513,0.03665781668951873,0.018560734160614552,0.00044416307359599477,0.0006585161729134218,0.016983872959339234,0.020401788028656154,0.01648118954860858,0.020997512830512693,empirical
PKG_E,RCP_8,Cleaning_Load_Ratio,1758,0.018551415289105155,0.000650877202215863,0.035085042950772014,0.018537795620406514,0.0004323916919382921,0.0006410639224677118,0.016914625554763908,0.020233505235283708,0.01646746210907691,0.021025018689268923,empirical
PKG_E,RCP_9,Cleaning_Load_Ratio,1697,0.018565824748386035,0.0006658295975778749,0.03586318445862508,0.018541533588643962,0.0004364216206097331,0.0006470386947159902,0.017049683494810557,0.0204032907359934,0.01655497187943339,0.02110211820036641,empirical
PKG_F,RCP_1,Cleaning_Load_Ratio,1758,0.018513275166512144,0.0006600153180792394,0.03565092141411652,0.01850355197065861,0.0004425842537531116,0.0006561754146143632,0.01698403043280138,0.020330521323779997,0.016356086150985515,0.02088438260092037,empirical
PKG_F,RCP_2,Cleaning_Load_Ratio,1691,0.01855622023533584,0.0006591288719187152,0.03552064286581184,0.01851948228445771,0.0004352614274478195,0.0006453185923341371,0.017069124801690896,0.020360371928128496,0.016801335374940045,0.021467322696838497,empirical
PKG_F,RCP_3,Cleaning_Load_Ratio,1674,0.018530396788147913,0.0006607443186265881,0.03565732165266973,0.018515479049087433,0.00046295887611840815,0.0006863828297331519,0.016999536165379445,0.02047357000485707,0.016504205592743248,0.021150692343308616,empirical
PKG_F,RCP_4,Cleaning_Load_Ratio,1788,0.018570717854274815,0.0006495625089744724,0.034977781369121864,0.01853531120439386,0.0004308772249142917,0.0006388185736579289,0.017081788202688315,0.0204755113011507,0.016321858762705067,0.021027391183506824,empirical
PKG_F,RCP_5,Cleaning_Load_Ratio,1673,0.01851225840432587,0.0006464135117966696,0.03491813357821422,0.018515898574654716,0.0004487047055912047,0.00066524959650952,0.016972477568918697,0.020200214361987018,0.016404813452907896,0.02085363956018256,empirical
PKG_F,RCP_6,Cleaning_Load_Ratio,1695,0.018566183281026754,0.0006567005601745703,0.035370789474305636,0.01854243281593759,0.0004478806225922706,0.0006640278110553004,0.017065314679085366,0.020373621720998155,0.01636208453683853,0.020657529289675226,empirical
PKG_F,RCP_7,Cleaning_Load_Ratio,1674,0.018549762589144734,0.0006729532219826333,0.036278266028937946,0.018545011444103747,0.0004530107561732718,0.0006716337471024928,0.0169220855508898,0.02042073882986814,0.01638533926035508,0.02089665367040106,empirical
PKG_F,RCP_8,Cleaning_Load_Ratio,1724,0.018528157396820278,0.0006445371292417519,0.03478689841831571,0.01850076910318696,0.0004134159774671492,0.0006129305281927954,0.01703120694142582,0.02041588068210097,0.016132380546298772,0.020981405648799627,empirical
PKG_F,RCP_9,Cleaning_Load_Ratio,1611,0.018524351039487217,0.0006481029719999774,0.034986541262279916,0.018511954162283274,0.0004507121837381105,0.0006682258836101225,0.017066779664859897,0.020233288557070017,0.016456816293924717,0.020820327540618622,empirical
PKG_A,RCP_1,Package_Size_Asymmetry,1737,0.0005266889590805203,0.00022657405594892087,0.4301856950722261,0.0005032809023466118,0.00015208159276582556,0.00022547616943461297,6.53414507979102e-05,0.0012298092773411794,1.9148542155252208e-05,0.0015039835992012548,empirical
PKG_A,RCP_2,Package_Size_Asymmetry,1650,0.0005189894126165765,0.00022888827410202058,0.4410268659394033,0.0005016140149794331,0.00015103840644438196,0.0002239295413944407,7.984130829893727e-05,0.0012051872940732104,6.075908711177749e-05,0.001390083930319658,empirical
PKG_A,RCP_3,Package_Size_Asymmetry,1632,0.0005355124819880468,0.00022805793321949115,0.42586856682190577,0.0005096894350825448,0.00015753114836105096,0.00023355568056009416,9.424505262552666e-05,0.0012382158881405567,5.439056290709474e-05,0.0016099896479996815,empirical
PKG_A,RCP_4,Package_Size_Asymmetry,1602,0.0005215048336934877,0.00022834785621625217,0.43786335516587493,0.0004926712888484253,0.00015218764794658785,0.00022563340684561114,8.108531869382064e-05,0.0012031415780042064,1.4142135623614252e-05,0.0014383410583029275,empirical
PKG_A,RCP_5,Package_Size_Asymmetry,1690,0.0005200244300175919,0.00022693188884405645,0.4363869767356499,0.000501942055534845,0.00015199649003978785,0.00022534999613298945,0.00010095382246067778,0.0013127445816396239,2.0816659994584367e-05,0.0015880596126510963,empirical
PKG_A,RCP_6,Package_Size_Asymmetry,1613,0.000528851993038588,0.00022678156478214302,0.4288185877472826,0.0005028170641495408,0.0001497164598933964,0.00022196962343794951,9.857926333682616e-05,0.0012350032318963365,5.887840577550244e-05,0.0015279043381920799,empirical
PKG_A,RCP_7,Package_Size_Asymmetry,1706,0.0005274532384660436,0.0002432623819257005,0.4612017979701176,0.0005004455096437237,0.0001553943514317733,0.00023038766543274707,8.506109230301121e-05,0.0012684241963589957,4.787135538792179e-05,0.0014829334667027063,empirical
PKG_A,RCP_8,Package_Size_Asymmetry,1700,0.0005207376781283533,0.0002238650138524393,0.429899781127918,0.0005044716708266853,0.00015835769306934847,0.00023478111574461603,9.137737694547772e-05,0.0012058114543375493,4.35889894355225e-05,0.001342742839613342,empirical
PKG_A,RCP_9,Package_Size_Asymmetry,1736,0.0005183488349169364,0.00022806129189983953,0.43997647247800903,0.0005031815346300504,0.00014990155199452146,0.0002222440409870775,7.932002689538266e-05,0.0012531820725508983,2.8722813232659277e-05,0.0014147084505296839,empirical
PKG_B,RCP_1,Package_Size_Asymmetry,1765,0.0005361246772818776,0.0002316047893341428,0.4319980018609967,0.0005134848261309985,0.0001598018230525089,0.00023692218285764968,9.654067857977491e-05,0.0012406712149054778,5.4999999999869125e-05,0.0015678940227792637,empirical
PKG_B,RCP_2,Package_Size_Asymmetry,1749,0.000511633384652861,0.0002323616541847943,0.4541565526308447,0.0004772839825511764,0.00015025087703854129,0.0002227619502973413,7.806866834293668e-05,0.0012739142558312502,4.425306015776949e-05,0.0015633511015337186,empirical
PKG_B,RCP_3,Package_Size_Asymmetry,1673,0.0005256871154655608,0.00023610269144969928,0.4491315927357307,0.0005076416058598574,0.00016071462026577706,0.00023827549600604107,8.731532776523601e-05,0.0012205763027385704,2.7080128015739937e-05,0.0015911500034042258,empirical
PKG_B,RCP_4,Package_Size_Asymmetry,1707,0.0005216584008253664,0.00022589245449052166,0.4330275408832969,0.0004970831587036214,0.00015063691467703566,0.00022333428970017306,0.00010603484280940666,0.0012704565715196047,6.184658438413752e-05,0.001626632513302403,empirical
PKG_B,RCP_5,Package_Size_Asymmetry,1646,0.0005201654549435309,0.00023113008905081917,0.4443395593732971,0.0005003915122754381,0.00015333844366406416,0.0002273395765763415,8.813454830134365e-05,0.0012954683121542438,3.4156502553032375e-05,0.001475745574277486,empirical
PKG_B,RCP_6,Package_Size_Asymmetry,1613,0.0005165530480273505,0.00022146466545583618,0.4287355699508137,0.000488910353064099,0.00014336730220078012,0.0002125563622428766,0.00010168050421076673,0.0012179902137447781,2.380476142838338e-05,0.0015726516884971052,empirical
PKG_B,RCP_7,Package_Size_Asymmetry,1605,0.0005206238457218204,0.00022165147366586218,0.42574206980195634,0.0005073131840065601,0.00015278297842958314,0.00022651604381969994,8.349471746063258e-05,0.001162879777691794,2.3804761428569933e-05,0.0013246980788086044,empirical
PKG_B,RCP_8,Package_Size_Asymmetry,1633,0.0005285048023683422,0.00023228151380553778,0.4395069122638716,0.0004960174728104314,0.000151500903300869,0.00022461523923386837,9.573687121388498e-05,0.0013253259996338508,2.9439202887751217e-05,0.0015271842281356913,empirical
PKG_B,RCP_9,Package_Size_Asymmetry,1640,0.0005203915410765685,0.0002277700737591337,0.4376898081162708,0.0004923074815110359,0.00015100037575663632,0.000223873157096789,8.90621663140022e-05,0.0012002190106647757,4.112987559739277e-05,0.0014200557500792942,empirical
PKG_C,RCP_1,Package_Size_Asymmetry,1627,0.0005163381811893243,0.00022375617302847003,0.43335197972978484,0.0004970244796118515,0.00015066371697661674,0.00022337402678953197,7.962152039343142e-05,0.0012391565922811561,2.872281323283966e-05,0.0014574635501444322,empirical
PKG_C,RCP_2,Package_Size_Asymmetry,1738,0.0005166399609578232,0.0002269130691796539,0.4392092875645334,0.0004969238662346617,0.00015423623414792577,0.00022867064074771472,8.24136606971793e-05,0.00117127396152232,4.654746681239105e-05,0.001405346932255731,empirical
PKG_C,RCP_3,Package_Size_Asymmetry,1706,0.0005262995886221182,0.0002276135690262286,0.43247909355607456,0.0005074691843195388,0.00015025943827738178,0.00022277464319004622,9.93641703075556e-05,0.0012285868504967373,3.593976442128809e-05,0.001520405647626247,empirical
PKG_C,RCP_4,Package_Size_Asymmetry,1637,0.000514028654225923,0.00022042274521791755,0.42881412039150363,0.0004890126106074578,0.0001449366512948772,0.00021488307920978494,0.00010168291377505078,0.00122766390503826,4.9916597106248006e-05,0.0013558023454765932,empirical
PKG_C,RCP_5,Package_Size_Asymmetry,1697,0.0005125207682324535,0.00022405077098014003,0.4371545210798598,0.0004913247398617478,0.00014937799932372752,0.0002214678217973584,9.775249667377343e-05,0.0011828145439521333,3.5590260840087976e-05,0.0015223337347641005,empirical
PKG_C,RCP_6,Package_Size_Asymmetry,1630,0.0005152200979101713,0.00022057154165151203,0.42811129174927626,0.00048757904862669276,0.00015299967250897114,0.0002268373144618006,0.0001211325741037706,0.0012259797174655387,8.041558721233108e-05,0.0013781509351303042,empirical
PKG_C,RCP_7,Package_Size_Asymmetry,1676,0.000523608681062653,0.00022875124822185523,0.4368744379058218,0.0004993829389243759,0.00015553220977620647,0.00023059205421420371,9.096621206174748e-05,0.0011976507462450273,4.787135538792179e-05,0.0014627257660500468,empirical
PKG_C,RCP_8,Package_Size_Asymmetry,1692,0.0005161631995492202,0.00022183935494316269,0.42978529879096616,0.0004976444511090843,0.0001424492398287701,0.00021119524297013453,8.541047586316328e-05,0.0012018242785949492,3.774917217643439e-05,0.0013889084443069047,empirical
PKG_C,RCP_9,Package_Size_Asymmetry,1784,0.0005176577074842249,0.000228310986702317,0.4410462423362538,0.0004947010299621553,0.0001538320739828089,0.00022807143288691248,9.59863733960968e-05,0.0012388791499476927,2.8722813232478897e-05,0.0014339456056628398,empirical
PKG_D,RCP_1,Package_Size_Asymmetry,1706,0.0005255527703353194,0.00021907206938897767,0.4168412417447685,0.0005032353342562889,0.00014632219479028395,0.00021693728599607497,9.536831558175314e-05,0.0011516299880764672,4.112987559739277e-05,0.0015845714457436053,empirical
PKG_D,RCP_2,Package_Size_Asymmetry,1611,0.0005194484982075928,0.00022936955837440972,0.4415636182718239,0.0004974937185533169,0.00015845343378981507,0.00023492306093677982,9.159530137552627e-05,0.0012374011533042792,1.7078251276342837e-05,0.0014382048996347749,empirical
PKG_D,RCP_3,Package_Size_Asymmetry,1671,0.0005308933784432887,0.00022707299972597684,0.4277186511382216,0.0005053958844309449,0.00015721011026239044,0.00023307970947502004,8.771947041156855e-05,0.001211214071053748,1.7078251276776223e-05,0.0014949358960614728,empirical
PKG_D,RCP_4,Package_Size_Asymmetry,1595,0.0005124135208988229,0.00022237611296679237,0.43397783996160594,0.00048705749147305545,0.00014808028885514605,0.00021954383625663953,8.283499788388591e-05,0.0011840903075957887,3.862210075395257e-05,0.0015144085754288754,empirical
PKG_D,RCP_5,Package_Size_Asymmetry,1681,0.0005212213927617197,0.00022699787112052142,0.43551142426783546,0.000491824833316293,0.00014369988427304612,0.00021304944842321817,8.12966152297771e-05,0.001221900606527367,3.316624790372665e-05,0.0014682983348083018,empirical
PKG_D,RCP_6,Package_Size_Asymmetry,1690,0.0005159704209267645,0.00022708853071951076,0.44011928108519055,0.0004967812149193227,0.0001561428627288474,0.00023149740828178915,9.67925509624486e-05,0.0011715401076012595,3.862210075433585e-05,0.001542430441435206,empirical
PKG_D,RCP_7,Package_Size_Asymmetry,1655,0.0005218356711685647,0.00022549473033283015,0.4321182755250747,0.0004981298358189618,0.00014852291369059058,0.0002202000718376696,8.027553241506172e-05,0.0011917965934226957,3.464101615117716e-05,0.0013939273056129402,empirical
PKG_D,RCP_8,Package_Size_Asymmetry,1625,0.0005233314445689854,0.00023525975265309486,0.4495425510822386,0.0005054618350247593,0.00015215601848587502,0.0002255865130071583,7.652898067784034e-05,0.0012863556580457749,3.109126351021407e-05,0.0016823198269053964,empirical
PKG_D,RCP_9,Package_Size_Asymmetry,1730,0.0005257817577943789,0.00022705853683773776,0.43184940038664316,0.00049944552378415,0.0001509105442167939,0.00022373997285581862,9.864032287174855e-05,0.0012111291258837724,4.509249752842587e-05,0.0014927044806883336,empirical
PKG_E,RCP_1,Package_Size_Asymmetry,1697,0.0005141834807995101,0.00022427555763958483,0.4361780687525318,0.0004960090724978445,0.0001561561631387112,0.00023151712746945322,7.728329506161773e-05,0.00119875025656612,3.2015621187269955e-05,0.0014213725760689664,empirical
PKG_E,RCP_2,Package_Size_Asymmetry,1692,0.0005253304497640402,0.0002282993155518575,0.43458230082494065,0.0004998999722096324,0.00014820076286560803,0.00021972245102455044,8.714272765180861e-05,0.0012303081765820487,2.629955639658634e-05,0.0013797191743251049,empirical
PKG_E,RCP_3,Package_Size_Asymmetry,1680,0.0005184743214080698,0.00022747531716073714,0.43873979437006816,0.0004952944768781601,0.00015171281995889543,0.00022492942687105835,8.211972361544876e-05,0.0011885239232974725,2.9439202887952353e-05,0.0016612545460183237,empirical
PKG_E,RCP_4,Package_Size_Asymmetry,1731,0.0005171175653935663,0.00022862307814439187,0.44211044730300764,0.0004956477243636032,0.0001489968805673794,0.0002209027751291967,7.99704105572923e-05,0.0012823578124230267,4.795831523313272e-05,0.001502117949208103,empirical
PKG_E,RCP_5,Package_Size_Asymmetry,1670,0.0005248844653277082,0.0002303231802911611,0.43880738620709664,0.0004985938552346411,0.00015322544507260854,0.00022717204486464942,7.414522480030873e-05,0.0012237061550943187,2.986078811200749e-05,0.001341873690031976,empirical
PKG_E,RCP_6,Package_Size_Asymmetry,1666,0.0005286135976847242,0.00023061657850935135,0.43626682991022053,0.0005078836065477097,0.00015450114185257627,0.00022906339291062957,9.442461076041174e-05,0.0012626961474568555,3.3040379335867583e-05,0.0014308622109296591,empirical
PKG_E,RCP_7,Package_Size_Asymmetry,1656,0.0005246775799552472,0.00022890639585067114,0.43628011677227735,0.000503119380423552,0.00015586861827271276,0.00023109081345112394,8.492972763416527e-05,0.00121106084935732,2.708012801552128e-05,0.0013973158793437503,empirical
PKG_E,RCP_8,Package_Size_Asymmetry,1758,0.0005242358962587548,0.0002306963829451742,0.4400621639829601,0.0005002789189042376,0.00016251503888179705,0.00024094479664615227,8.868318587786826e-05,0.0011877223738588117,4.2720018726564323e-05,0.0014812466596307158,empirical
PKG_E,RCP_9,Package_Size_Asymmetry,1697,0.0005230598351326009,0.00023135986025583978,0.44232006496386356,0.000501223503040222,0.0001588421367247031,0.0002354993519080448,8.983472008555307e-05,0.0012332675916173956,3.4034296427590874e-05,0.0014760871699641437,empirical
PKG_F,RCP_1,Package_Size_Asymmetry,1758,0.0005274826062606131,0.00023409623333038023,0.4437989623770085,0.000502444013319818,0.00016047252192512426,0.00023791656100618922,9.21891408928179e-05,0.0011928020410654765,4.272001872665095e-05,0.0017402777556088686,empirical
PKG_F,RCP_2,Package_Size_Asymmetry,1691,0.0005181423469445213,0.00022872943484160803,0.4414413069891364,0.0004956477243632029,0.00015242767832860407,0.00022598927588998838,7.55026493815854e-05,0.0012219858742694776,2.629955639658634e-05,0.0014987327980666933,empirical
PKG_F,RCP_3,Package_Size_Asymmetry,1674,0.0005157220630004596,0.00022933066160468215,0.4446787873887757,0.0004914731033552203,0.0001522048871549015,0.00022565896569585697,8.57227747955994e-05,0.001232363165061551,4.9916597106173866e-05,0.0014702154037192258,empirical
PKG_F,RCP_4,Package_Size_Asymmetry,1788,0.0005206482833440999,0.00022484787625458923,0.4318613610140068,0.0004980127103465001,0.00015338730985089342,0.00022741202558493459,0.00010459335100919122,0.0012126833473679482,3.304037933600199e-05,0.0014058775432683492,empirical
PKG_F,RCP_5,Package_Size_Asymmetry,1673,0.0005331559834610989,0.00023727751719209334,0.4450433354452,0.0005087894128879695,0.000163113746017007,0.00024183243984481458,0.00010712452347860865,0.0012824624094355537,3.829708431011789e-05,0.0016669933013262787,empirical
PKG_F,RCP_6,Package_Size_Asymmetry,1695,0.0005367343683323785,0.00022949389407274167,0.4275744346049127,0.0005148786264740077,0.00015015270110875132,0.0002226163946638347,9.04944944706224e-05,0.0012377001277757756,4.1932485418261e-05,0.0015655962655381785,empirical
PKG_F,RCP_7,Package_Size_Asymmetry,1674,0.0005243314707988107,0.00022994870086445458,0.43855597779422123,0.0004952566312870388,0.00015887886836834592,0.00023555381024290966,9.493483304322626e-05,0.0012334458923578073,3.862210075395257e-05,0.0014368948001388976,empirical
PKG_F,RCP_8,Package_Size_Asymmetry,1724,0.0005215385985305695,0.00022886989029830728,0.43883595757465743,0.0005069434028602189,0.00015793127157485423,0.00023414890323687887,0.00010041897169958921,0.0011944610699068177,4.999999999988347e-05,0.0014506435353547021,empirical
PKG_F,RCP_9,Package_Size_Asymmetry,1611,0.0005292886420663153,0.00022753369910518653,0.4298858524847743,0.0005034133490480756,0.00015154212017626657,0.0002246763473733328,8.663076384719065e-05,0.0012101177394547497,5.802298395153186e-05,0.0014967297685286867,empirical
