Product_ID,Recipe_ID,column,n,median,mad,robust_z_scale
PKG_A,RCP_1,Laser_Power,2819,18.486,0.05700000000000216,0.0845082000000032
PKG_A,RCP_2,Laser_Power,2718,18.487,0.0589999999999975,0.08747339999999629
PKG_A,RCP_3,Laser_Power,2735,18.488,0.05700000000000216,0.0845082000000032
PKG_A,RCP_4,Laser_Power,2670,18.489,0.05799999999999983,0.08599079999999974
PKG_A,RCP_5,Laser_Power,2808,18.489,0.05699999999999861,0.08450819999999792
PKG_A,RCP_6,Laser_Power,2712,18.487,0.05700000000000216,0.0845082000000032
PKG_A,RCP_7,Laser_Power,2813,18.491,0.05600000000000094,0.08302560000000139
PKG_A,RCP_8,Laser_Power,2724,18.491,0.05699999999999861,0.08450819999999792
PKG_A,RCP_9,Laser_Power,2823,18.485,0.05900000000000105,0.08747340000000156
PKG_B,RCP_1,Laser_Power,2902,18.487,0.05800000000000338,0.08599080000000502
PKG_B,RCP_2,Laser_Power,2867,18.487,0.05700000000000216,0.0845082000000032
PKG_B,RCP_3,Laser_Power,2756,18.488,0.05900000000000105,0.08747340000000156
PKG_B,RCP_4,Laser_Power,2806,18.488,0.05900000000000105,0.08747340000000156
PKG_B,RCP_5,Laser_Power,2729,18.488,0.05900000000000105,0.08747340000000156
PKG_B,RCP_6,Laser_Power,2712,18.486,0.05600000000000094,0.08302560000000139
PKG_B,RCP_7,Laser_Power,2678,18.486,0.05700000000000216,0.0845082000000032
PKG_B,RCP_8,Laser_Power,2707,18.485,0.05700000000000216,0.0845082000000032
PKG_B,RCP_9,Laser_Power,2778,18.486,0.05600000000000094,0.08302560000000139
PKG_C,RCP_1,Laser_Power,2703,18.488,0.05799999999999983,0.08599079999999974
PKG_C,RCP_2,Laser_Power,2841,18.485,0.05699999999999861,0.08450819999999792
PKG_C,RCP_3,Laser_Power,2777,18.487,0.05900000000000105,0.08747340000000156
PKG_C,RCP_4,Laser_Power,2726,18.489,0.05700000000000216,0.0845082000000032
PKG_C,RCP_5,Laser_Power,2705,18.487,0.0589999999999975,0.08747339999999629
PKG_C,RCP_6,Laser_Power,2738,18.485,0.05799999999999983,0.08599079999999974
PKG_C,RCP_7,Laser_Power,2719,18.486,0.05700000000000216,0.0845082000000032
PKG_C,RCP_8,Laser_Power,2794,18.489,0.05799999999999983,0.08599079999999974
PKG_C,RCP_9,Laser_Power,2912,18.492,0.05799999999999983,0.08599079999999974
PKG_D,RCP_1,Laser_Power,2863,18.493,0.0589999999999975,0.08747339999999629
PKG_D,RCP_2,Laser_Power,2721,18.486,0.05799999999999983,0.08599079999999974
PKG_D,RCP_3,Laser_Power,2731,18.487,0.05800000000000338,0.08599080000000502
PKG_D,RCP_4,Laser_Power,2650,18.486,0.05900000000000105,0.08747340000000156
PKG_D,RCP_5,Laser_Power,2726,18.488,0.05799999999999983,0.08599079999999974
PKG_D,RCP_6,Laser_Power,2810,18.486,0.060000000000002274,0.08895600000000337
PKG_D,RCP_7,Laser_Power,2725,18.489,0.05699999999999861,0.08450819999999792
PKG_D,RCP_8,Laser_Power,2667,18.488,0.05900000000000105,0.08747340000000156
PKG_D,RCP_9,Laser_Power,2833,18.488,0.05799999999999983,0.08599079999999974
PKG_E,RCP_1,Laser_Power,2816,18.492,0.05600000000000094,0.08302560000000139
PKG_E,RCP_2,Laser_Power,2816,18.492,0.05600000000000094,0.08302560000000139
PKG_E,RCP_3,Laser_Power,2733,18.489,0.05699999999999861,0.08450819999999792
PKG_E,RCP_4,Laser_Power,2805,18.488,0.05900000000000105,0.08747340000000156
PKG_E,RCP_5,Laser_Power,2697,18.491,0.05600000000000094,0.08302560000000139
PKG_E,RCP_6,Laser_Power,2732,18.486,0.05600000000000094,0.08302560000000139
PKG_E,RCP_7,Laser_Power,2832,18.49,0.05799999999999983,0.08599079999999974
PKG_E,RCP_8,Laser_Power,2859,18.487,0.055999999999997385,0.08302559999999612
PKG_E,RCP_9,Laser_Power,2773,18.488,0.05600000000000094,0.08302560000000139
PKG_F,RCP_1,Laser_Power,2872,18.487,0.05600000000000094,0.08302560000000139
PKG_F,RCP_2,Laser_Power,2828,18.488,0.05700000000000216,0.0845082000000032
PKG_F,RCP_3,Laser_Power,2786,18.489,0.0589999999999975,0.08747339999999629
PKG_F,RCP_4,Laser_Power,2894,18.485,0.05799999999999983,0.08599079999999974
PKG_F,RCP_5,Laser_Power,2717,18.485,0.05700000000000216,0.0845082000000032
PKG_F,RCP_6,Laser_Power,2756,18.487,0.06099999999999994,0.09043859999999991
PKG_F,RCP_7,Laser_Power,2781,18.485,0.05699999999999861,0.08450819999999792
PKG_F,RCP_8,Laser_Power,2850,18.487,0.05699999999999861,0.08450819999999792
PKG_F,RCP_9,Laser_Power,2728,18.487,0.0589999999999975,0.08747339999999629
PKG_A,RCP_1,Power_Efficiency,2819,94.981,0.10899999999999466,0.16160339999999207
PKG_A,RCP_2,Power_Efficiency,2718,94.975,0.10900000000000887,0.16160340000001314
PKG_A,RCP_3,Power_Efficiency,2735,94.983,0.10999999999999943,0.16308599999999915
PKG_A,RCP_4,Power_Efficiency,2670,94.976,0.10800000000000409,0.16012080000000606
PKG_A,RCP_5,Power_Efficiency,2808,94.972,0.10699999999999932,0.15863819999999898
PKG_A,RCP_6,Power_Efficiency,2712,94.982,0.10599999999999454,0.1571555999999919
PKG_A,RCP_7,Power_Efficiency,2813,94.978,0.1110000000000042,0.16456860000000623
PKG_A,RCP_8,Power_Efficiency,2724,94.983,0.10999999999999943,0.16308599999999915
PKG_A,RCP_9,Power_Efficiency,2823,94.973,0.1110000000000042,0.16456860000000623
PKG_B,RCP_1,Power_Efficiency,2902,94.972,0.10899999999999466,0.16160339999999207
PKG_B,RCP_2,Power_Efficiency,2867,94.976,0.1110000000000042,0.16456860000000623
PKG_B,RCP_3,Power_Efficiency,2756,94.9795,0.1144999999999925,0.16975769999998885
PKG_B,RCP_4,Power_Efficiency,2806,94.975,0.10900000000000887,0.16160340000001314
PKG_B,RCP_5,Power_Efficiency,2729,94.984,0.10999999999999943,0.16308599999999915
PKG_B,RCP_6,Power_Efficiency,2712,94.9825,0.10849999999999937,0.16086209999999906
PKG_B,RCP_7,Power_Efficiency,2678,94.9795,0.10649999999999693,0.15789689999999543
PKG_B,RCP_8,Power_Efficiency,2707,94.984,0.10899999999999466,0.16160339999999207
PKG_B,RCP_9,Power_Efficiency,2778,94.974,0.11399999999999011,0.16901639999998533
PKG_C,RCP_1,Power_Efficiency,2703,94.976,0.10299999999999443,0.15270779999999173
PKG_C,RCP_2,Power_Efficiency,2841,94.977,0.10899999999999466,0.16160339999999207
PKG_C,RCP_3,Power_Efficiency,2777,94.981,0.1039999999999992,0.1541903999999988
PKG_C,RCP_4,Power_Efficiency,2726,94.974,0.10650000000000404,0.15789690000000597
PKG_C,RCP_5,Power_Efficiency,2705,94.983,0.10799999999998988,0.160120799999985
PKG_C,RCP_6,Power_Efficiency,2738,94.977,0.11299999999999955,0.16753379999999932
PKG_C,RCP_7,Power_Efficiency,2719,94.975,0.10899999999999466,0.16160339999999207
PKG_C,RCP_8,Power_Efficiency,2794,94.9865,0.1074999999999875,0.15937949999998144
PKG_C,RCP_9,Power_Efficiency,2912,94.98,0.1074999999999946,0.15937949999999199
PKG_D,RCP_1,Power_Efficiency,2863,94.971,0.10800000000000409,0.16012080000000606
PKG_D,RCP_2,Power_Efficiency,2721,94.981,0.10600000000000875,0.15715560000001297
PKG_D,RCP_3,Power_Efficiency,2731,94.981,0.10900000000000887,0.16160340000001314
PKG_D,RCP_4,Power_Efficiency,2650,94.977,0.10599999999999454,0.1571555999999919
PKG_D,RCP_5,Power_Efficiency,2726,94.977,0.1110000000000042,0.16456860000000623
PKG_D,RCP_6,Power_Efficiency,2810,94.976,0.10999999999999943,0.16308599999999915
PKG_D,RCP_7,Power_Efficiency,2725,94.984,0.10999999999999943,0.16308599999999915
PKG_D,RCP_8,Power_Efficiency,2667,94.979,0.11299999999999955,0.16753379999999932
PKG_D,RCP_9,Power_Efficiency,2833,94.975,0.10999999999999943,0.16308599999999915
PKG_E,RCP_1,Power_Efficiency,2816,94.971,0.1110000000000042,0.16456860000000623
PKG_E,RCP_2,Power_Efficiency,2816,94.979,0.1110000000000042,0.16456860000000623
PKG_E,RCP_3,Power_Efficiency,2733,94.98,0.10899999999999466,0.16160339999999207
PKG_E,RCP_4,Power_Efficiency,2805,94.979,0.1110000000000042,0.16456860000000623
PKG_E,RCP_5,Power_Efficiency,2697,94.983,0.1110000000000042,0.16456860000000623
PKG_E,RCP_6,Power_Efficiency,2732,94.975,0.10899999999999466,0.16160339999999207
PKG_E,RCP_7,Power_Efficiency,2832,94.9785,0.11200000000000188,0.16605120000000279
PKG_E,RCP_8,Power_Efficiency,2859,94.981,0.10699999999999932,0.15863819999999898
PKG_E,RCP_9,Power_Efficiency,2773,94.978,0.10999999999999943,0.16308599999999915
PKG_F,RCP_1,Power_Efficiency,2872,94.9785,0.11050000000000182,0.1638273000000027
PKG_F,RCP_2,Power_Efficiency,2828,94.975,0.10900000000000887,0.16160340000001314
PKG_F,RCP_3,Power_Efficiency,2786,94.979,0.11199999999999477,0.16605119999999224
PKG_F,RCP_4,Power_Efficiency,2894,94.977,0.11049999999999471,0.16382729999999215
PKG_F,RCP_5,Power_Efficiency,2717,94.984,0.10999999999999943,0.16308599999999915
PKG_F,RCP_6,Power_Efficiency,2756,94.9735,0.10649999999999693,0.15789689999999543
PKG_F,RCP_7,Power_Efficiency,2781,94.976,0.1110000000000042,0.16456860000000623
PKG_F,RCP_8,Power_Efficiency,2850,94.9815,0.1115000000000066,0.16530990000000978
PKG_F,RCP_9,Power_Efficiency,2728,94.983,0.10999999999999943,0.16308599999999915
PKG_A,RCP_1,Laser_Centering_Position,2819,0.007,0.106,0.15715559999999998
PKG_A,RCP_2,Laser_Centering_Position,2718,0.0075,0.10250000000000001,0.1519665
PKG_A,RCP_3,Laser_Centering_Position,2735,0.011,0.10300000000000001,0.1527078
PKG_A,RCP_4,Laser_Centering_Position,2670,0.002,0.1,0.14826
PKG_A,RCP_5,Laser_Centering_Position,2808,0.0125,0.1015,0.1504839
PKG_A,RCP_6,Laser_Centering_Position,2712,0.009,0.103,0.15270779999999998
PKG_A,RCP_7,Laser_Centering_Position,2813,0.009,0.107,0.15863819999999998
PKG_A,RCP_8,Laser_Centering_Position,2724,0.005,0.10099999999999999,0.14974259999999998
PKG_A,RCP_9,Laser_Centering_Position,2823,0.009,0.1,0.14826
PKG_B,RCP_1,Laser_Centering_Position,2902,0.009,0.106,0.15715559999999998
PKG_B,RCP_2,Laser_Centering_Position,2867,0.01,0.101,0.1497426
PKG_B,RCP_3,Laser_Centering_Position,2756,0.008,0.10500000000000001,0.155673
PKG_B,RCP_4,Laser_Centering_Position,2806,0.005,0.106,0.15715559999999998
PKG_B,RCP_5,Laser_Centering_Position,2729,-0.002,0.099,0.1467774
PKG_B,RCP_6,Laser_Centering_Position,2712,0.006500000000000001,0.1015,0.1504839
PKG_B,RCP_7,Laser_Centering_Position,2678,0.004,0.10200000000000001,0.1512252
PKG_B,RCP_8,Laser_Centering_Position,2707,0.01,0.105,0.15567299999999998
PKG_B,RCP_9,Laser_Centering_Position,2778,0.008,0.101,0.1497426
PKG_C,RCP_1,Laser_Centering_Position,2703,0.008,0.10500000000000001,0.155673
PKG_C,RCP_2,Laser_Centering_Position,2841,0.007,0.106,0.15715559999999998
PKG_C,RCP_3,Laser_Centering_Position,2777,0.002,0.104,0.15419039999999998
PKG_C,RCP_4,Laser_Centering_Position,2726,0.002,0.10099999999999999,0.14974259999999998
PKG_C,RCP_5,Laser_Centering_Position,2705,0.002,0.10099999999999999,0.14974259999999998
PKG_C,RCP_6,Laser_Centering_Position,2738,0.009,0.09999999999999999,0.14825999999999998
PKG_C,RCP_7,Laser_Centering_Position,2719,0.009,0.102,0.15122519999999998
PKG_C,RCP_8,Laser_Centering_Position,2794,0.003,0.10400000000000001,0.1541904
PKG_C,RCP_9,Laser_Centering_Position,2912,0.008,0.101,0.1497426
PKG_D,RCP_1,Laser_Centering_Position,2863,0.006,0.09899999999999999,0.14677739999999997
PKG_D,RCP_2,Laser_Centering_Position,2721,0.009,0.103,0.15270779999999998
PKG_D,RCP_3,Laser_Centering_Position,2731,0.004,0.10400000000000001,0.1541904
PKG_D,RCP_4,Laser_Centering_Position,2650,0.006,0.10400000000000001,0.1541904
PKG_D,RCP_5,Laser_Centering_Position,2726,0.011,0.10300000000000001,0.1527078
PKG_D,RCP_6,Laser_Centering_Position,2810,0.0,0.103,0.15270779999999998
PKG_D,RCP_7,Laser_Centering_Position,2725,0.013,0.10200000000000001,0.1512252
PKG_D,RCP_8,Laser_Centering_Position,2667,0.007,0.105,0.15567299999999998
PKG_D,RCP_9,Laser_Centering_Position,2833,0.006,0.10300000000000001,0.1527078
PKG_E,RCP_1,Laser_Centering_Position,2816,0.0045000000000000005,0.1015,0.1504839
PKG_E,RCP_2,Laser_Centering_Position,2816,0.012,0.104,0.15419039999999998
PKG_E,RCP_3,Laser_Centering_Position,2733,0.001,0.104,0.15419039999999998
PKG_E,RCP_4,Laser_Centering_Position,2805,0.001,0.104,0.15419039999999998
PKG_E,RCP_5,Laser_Centering_Position,2697,0.008,0.10600000000000001,0.1571556
PKG_E,RCP_6,Laser_Centering_Position,2732,0.013,0.108,0.16012079999999998
PKG_E,RCP_7,Laser_Centering_Position,2832,0.005,0.106,0.15715559999999998
PKG_E,RCP_8,Laser_Centering_Position,2859,0.006,0.10300000000000001,0.1527078
PKG_E,RCP_9,Laser_Centering_Position,2773,0.01,0.104,0.15419039999999998
PKG_F,RCP_1,Laser_Centering_Position,2872,0.005,0.109,0.16160339999999998
PKG_F,RCP_2,Laser_Centering_Position,2828,0.006,0.10099999999999999,0.14974259999999998
PKG_F,RCP_3,Laser_Centering_Position,2786,0.01,0.10099999999999999,0.14974259999999998
PKG_F,RCP_4,Laser_Centering_Position,2894,0.005,0.10200000000000001,0.1512252
PKG_F,RCP_5,Laser_Centering_Position,2717,0.006,0.10200000000000001,0.1512252
PKG_F,RCP_6,Laser_Centering_Position,2756,0.009,0.10300000000000001,0.1527078
PKG_F,RCP_7,Laser_Centering_Position,2781,0.011,0.106,0.15715559999999998
PKG_F,RCP_8,Laser_Centering_Position,2850,0.0125,0.0975,0.1445535
PKG_F,RCP_9,Laser_Centering_Position,2728,0.0095,0.1025,0.15196649999999998
PKG_A,RCP_1,Laser_Current,2819,8.506,0.07099999999999973,0.1052645999999996
PKG_A,RCP_2,Laser_Current,2718,8.498,0.06600000000000072,0.09785160000000107
PKG_A,RCP_3,Laser_Current,2735,8.505,0.06800000000000139,0.10081680000000207
PKG_A,RCP_4,Laser_Current,2670,8.497,0.06700000000000017,0.09933420000000025
PKG_A,RCP_5,Laser_Current,2808,8.498,0.06650000000000045,0.09859290000000066
PKG_A,RCP_6,Laser_Current,2712,8.497,0.0649999999999995,0.09636899999999926
PKG_A,RCP_7,Laser_Current,2813,8.501,0.06700000000000017,0.09933420000000025
PKG_A,RCP_8,Laser_Current,2724,8.5,0.06900000000000084,0.10229940000000123
PKG_A,RCP_9,Laser_Current,2823,8.502,0.06899999999999906,0.1022993999999986
PKG_B,RCP_1,Laser_Current,2902,8.502500000000001,0.06549999999999834,0.09711029999999753
PKG_B,RCP_2,Laser_Current,2867,8.496,0.06500000000000128,0.0963690000000019
PKG_B,RCP_3,Laser_Current,2756,8.499,0.06600000000000072,0.09785160000000107
PKG_B,RCP_4,Laser_Current,2806,8.501,0.06700000000000017,0.09933420000000025
PKG_B,RCP_5,Laser_Current,2729,8.502,0.06899999999999906,0.1022993999999986
PKG_B,RCP_6,Laser_Current,2712,8.501,0.06700000000000017,0.09933420000000025
PKG_B,RCP_7,Laser_Current,2678,8.506,0.0649999999999995,0.09636899999999926
PKG_B,RCP_8,Laser_Current,2707,8.502,0.06899999999999906,0.1022993999999986
PKG_B,RCP_9,Laser_Current,2778,8.498,0.06700000000000017,0.09933420000000025
PKG_C,RCP_1,Laser_Current,2703,8.498,0.0649999999999995,0.09636899999999926
PKG_C,RCP_2,Laser_Current,2841,8.499,0.06900000000000084,0.10229940000000123
PKG_C,RCP_3,Laser_Current,2777,8.496,0.0649999999999995,0.09636899999999926
PKG_C,RCP_4,Laser_Current,2726,8.499,0.06600000000000072,0.09785160000000107
PKG_C,RCP_5,Laser_Current,2705,8.499,0.06900000000000084,0.10229940000000123
PKG_C,RCP_6,Laser_Current,2738,8.497,0.06600000000000072,0.09785160000000107
PKG_C,RCP_7,Laser_Current,2719,8.5,0.06799999999999962,0.10081679999999943
PKG_C,RCP_8,Laser_Current,2794,8.5,0.06700000000000017,0.09933420000000025
PKG_C,RCP_9,Laser_Current,2912,8.5,0.06799999999999962,0.10081679999999943
PKG_D,RCP_1,Laser_Current,2863,8.502,0.06700000000000017,0.09933420000000025
PKG_D,RCP_2,Laser_Current,2721,8.499,0.06500000000000128,0.0963690000000019
PKG_D,RCP_3,Laser_Current,2731,8.5,0.06600000000000072,0.09785160000000107
PKG_D,RCP_4,Laser_Current,2650,8.504,0.06600000000000072,0.09785160000000107
PKG_D,RCP_5,Laser_Current,2726,8.5,0.06799999999999962,0.10081679999999943
PKG_D,RCP_6,Laser_Current,2810,8.499,0.06899999999999906,0.1022993999999986
PKG_D,RCP_7,Laser_Current,2725,8.497,0.06600000000000072,0.09785160000000107
PKG_D,RCP_8,Laser_Current,2667,8.5,0.07099999999999973,0.1052645999999996
PKG_D,RCP_9,Laser_Current,2833,8.5,0.06600000000000072,0.09785160000000107
PKG_E,RCP_1,Laser_Current,2816,8.505,0.06600000000000072,0.09785160000000107
PKG_E,RCP_2,Laser_Current,2816,8.501,0.06700000000000017,0.09933420000000025
PKG_E,RCP_3,Laser_Current,2733,8.499,0.06700000000000017,0.09933420000000025
PKG_E,RCP_4,Laser_Current,2805,8.498,0.06899999999999906,0.1022993999999986
PKG_E,RCP_5,Laser_Current,2697,8.499,0.06599999999999895,0.09785159999999843
PKG_E,RCP_6,Laser_Current,2732,8.5075,0.06750000000000078,0.10007550000000115
PKG_E,RCP_7,Laser_Current,2832,8.494499999999999,0.0694999999999979,0.10304069999999688
PKG_E,RCP_8,Laser_Current,2859,8.496,0.06700000000000017,0.09933420000000025
PKG_E,RCP_9,Laser_Current,2773,8.499,0.06899999999999906,0.1022993999999986
PKG_F,RCP_1,Laser_Current,2872,8.501,0.06700000000000017,0.09933420000000025
PKG_F,RCP_2,Laser_Current,2828,8.503,0.06950000000000056,0.10304070000000083
PKG_F,RCP_3,Laser_Current,2786,8.499,0.0649999999999995,0.09636899999999926
PKG_F,RCP_4,Laser_Current,2894,8.5015,0.06850000000000023,0.10155810000000033
PKG_F,RCP_5,Laser_Current,2717,8.5,0.0649999999999995,0.09636899999999926
PKG_F,RCP_6,Laser_Current,2756,8.497,0.06700000000000017,0.09933420000000025
PKG_F,RCP_7,Laser_Current,2781,8.497,0.06799999999999962,0.10081679999999943
PKG_F,RCP_8,Laser_Current,2850,8.499,0.06900000000000084,0.10229940000000123
PKG_F,RCP_9,Laser_Current,2728,8.503,0.06400000000000006,0.09488640000000008
PKG_A,RCP_1,Laser_Voltage,2819,23.997,0.13100000000000023,0.19422060000000033
PKG_A,RCP_2,Laser_Voltage,2718,24.005,0.13500000000000156,0.2001510000000023
PKG_A,RCP_3,Laser_Voltage,2735,24.009,0.13500000000000156,0.2001510000000023
PKG_A,RCP_4,Laser_Voltage,2670,23.994,0.13700000000000045,0.20311620000000066
PKG_A,RCP_5,Laser_Voltage,2808,24.0,0.13200000000000145,0.19570320000000213
PKG_A,RCP_6,Laser_Voltage,2712,23.999499999999998,0.13750000000000284,0.20385750000000422
PKG_A,RCP_7,Laser_Voltage,2813,24.001,0.13400000000000034,0.1986684000000005
PKG_A,RCP_8,Laser_Voltage,2724,24.005,0.1280000000000001,0.18977280000000016
PKG_A,RCP_9,Laser_Voltage,2823,24.002,0.13700000000000045,0.20311620000000066
PKG_B,RCP_1,Laser_Voltage,2902,24.004,0.13800000000000168,0.20459880000000247
PKG_B,RCP_2,Laser_Voltage,2867,24.001,0.134999999999998,0.20015099999999703
PKG_B,RCP_3,Laser_Voltage,2756,24.002,0.13400000000000034,0.1986684000000005
PKG_B,RCP_4,Laser_Voltage,2806,24.002,0.13700000000000045,0.20311620000000066
PKG_B,RCP_5,Laser_Voltage,2729,24.009,0.13100000000000023,0.19422060000000033
PKG_B,RCP_6,Laser_Voltage,2712,23.996499999999997,0.14349999999999952,0.21275309999999928
PKG_B,RCP_7,Laser_Voltage,2678,24.003,0.13100000000000023,0.19422060000000033
PKG_B,RCP_8,Laser_Voltage,2707,23.993,0.134999999999998,0.20015099999999703
PKG_B,RCP_9,Laser_Voltage,2778,23.998,0.13700000000000045,0.20311620000000066
PKG_C,RCP_1,Laser_Voltage,2703,23.996,0.13999999999999702,0.20756399999999556
PKG_C,RCP_2,Laser_Voltage,2841,24.009,0.13500000000000156,0.2001510000000023
PKG_C,RCP_3,Laser_Voltage,2777,23.998,0.13100000000000023,0.19422060000000033
PKG_C,RCP_4,Laser_Voltage,2726,24.008,0.13299999999999912,0.1971857999999987
PKG_C,RCP_5,Laser_Voltage,2705,24.001,0.13700000000000045,0.20311620000000066
PKG_C,RCP_6,Laser_Voltage,2738,24.0015,0.13149999999999906,0.1949618999999986
PKG_C,RCP_7,Laser_Voltage,2719,24.002,0.13700000000000045,0.20311620000000066
PKG_C,RCP_8,Laser_Voltage,2794,23.99,0.13400000000000034,0.1986684000000005
PKG_C,RCP_9,Laser_Voltage,2912,23.996,0.13400000000000034,0.1986684000000005
PKG_D,RCP_1,Laser_Voltage,2863,24.003,0.13400000000000034,0.1986684000000005
PKG_D,RCP_2,Laser_Voltage,2721,24.001,0.13100000000000023,0.19422060000000033
PKG_D,RCP_3,Laser_Voltage,2731,24.008,0.13599999999999923,0.20163359999999886
PKG_D,RCP_4,Laser_Voltage,2650,24.007,0.134999999999998,0.20015099999999703
PKG_D,RCP_5,Laser_Voltage,2726,23.997,0.13500000000000156,0.2001510000000023
PKG_D,RCP_6,Laser_Voltage,2810,23.996,0.13449999999999918,0.19940969999999877
PKG_D,RCP_7,Laser_Voltage,2725,23.996,0.13300000000000267,0.19718580000000396
PKG_D,RCP_8,Laser_Voltage,2667,24.002,0.129999999999999,0.19273799999999852
PKG_D,RCP_9,Laser_Voltage,2833,23.995,0.13599999999999923,0.20163359999999886
PKG_E,RCP_1,Laser_Voltage,2816,24.006,0.134999999999998,0.20015099999999703
PKG_E,RCP_2,Laser_Voltage,2816,23.998,0.13400000000000034,0.1986684000000005
PKG_E,RCP_3,Laser_Voltage,2733,24.014,0.134999999999998,0.20015099999999703
PKG_E,RCP_4,Laser_Voltage,2805,24.01,0.1339999999999968,0.19866839999999522
PKG_E,RCP_5,Laser_Voltage,2697,23.997,0.13500000000000156,0.2001510000000023
PKG_E,RCP_6,Laser_Voltage,2732,23.997500000000002,0.13550000000000395,0.20089230000000585
PKG_E,RCP_7,Laser_Voltage,2832,23.995,0.14000000000000057,0.20756400000000083
PKG_E,RCP_8,Laser_Voltage,2859,24.002,0.13700000000000045,0.20311620000000066
PKG_E,RCP_9,Laser_Voltage,2773,24.003,0.13400000000000034,0.1986684000000005
PKG_F,RCP_1,Laser_Voltage,2872,23.999,0.13299999999999912,0.1971857999999987
PKG_F,RCP_2,Laser_Voltage,2828,23.9955,0.14000000000000057,0.20756400000000083
PKG_F,RCP_3,Laser_Voltage,2786,24.0075,0.13899999999999935,0.20608139999999903
PKG_F,RCP_4,Laser_Voltage,2894,24.0,0.13400000000000034,0.1986684000000005
PKG_F,RCP_5,Laser_Voltage,2717,24.001,0.13200000000000145,0.19570320000000213
PKG_F,RCP_6,Laser_Voltage,2756,23.992,0.1280000000000001,0.18977280000000016
PKG_F,RCP_7,Laser_Voltage,2781,24.003,0.13100000000000023,0.19422060000000033
PKG_F,RCP_8,Laser_Voltage,2850,23.994500000000002,0.12849999999999895,0.19051409999999844
PKG_F,RCP_9,Laser_Voltage,2728,23.997,0.13100000000000023,0.19422060000000033
PKG_A,RCP_1,Beam_Diameter,2819,34.989,0.19600000000000506,0.2905896000000075
PKG_A,RCP_2,Beam_Diameter,2718,35.002,0.2010000000000005,0.29800260000000073
PKG_A,RCP_3,Beam_Diameter,2735,34.992,0.2119999999999962,0.31431119999999435
PKG_A,RCP_4,Beam_Diameter,2670,35.013,0.19750000000000156,0.2928135000000023
PKG_A,RCP_5,Beam_Diameter,2808,34.996,0.20500000000000185,0.30393300000000273
PKG_A,RCP_6,Beam_Diameter,2712,35.004,0.19699999999999562,0.2920721999999935
PKG_A,RCP_7,Beam_Diameter,2813,35.01,0.20300000000000296,0.3009678000000044
PKG_A,RCP_8,Beam_Diameter,2724,35.0,0.20250000000000057,0.30022650000000084
PKG_A,RCP_9,Beam_Diameter,2823,34.996,0.2049999999999983,0.30393299999999746
PKG_B,RCP_1,Beam_Diameter,2902,35.005,0.19699999999999562,0.2920721999999935
PKG_B,RCP_2,Beam_Diameter,2867,34.999,0.19700000000000273,0.29207220000000406
PKG_B,RCP_3,Beam_Diameter,2756,34.992,0.20700000000000074,0.30689820000000106
PKG_B,RCP_4,Beam_Diameter,2806,34.989,0.19500000000000028,0.2891070000000004
PKG_B,RCP_5,Beam_Diameter,2729,34.988,0.1980000000000004,0.29355480000000056
PKG_B,RCP_6,Beam_Diameter,2712,34.9865,0.19550000000000267,0.28984830000000394
PKG_B,RCP_7,Beam_Diameter,2678,34.988,0.21099999999999852,0.3128285999999978
PKG_B,RCP_8,Beam_Diameter,2707,35.008,0.20000000000000284,0.2965200000000042
PKG_B,RCP_9,Beam_Diameter,2778,35.0015,0.20349999999999824,0.30170909999999734
PKG_C,RCP_1,Beam_Diameter,2703,35.005,0.2079999999999984,0.3083807999999976
PKG_C,RCP_2,Beam_Diameter,2841,34.995,0.20400000000000063,0.3024504000000009
PKG_C,RCP_3,Beam_Diameter,2777,35.0,0.20400000000000063,0.3024504000000009
PKG_C,RCP_4,Beam_Diameter,2726,35.008,0.20000000000000284,0.2965200000000042
PKG_C,RCP_5,Beam_Diameter,2705,35.004,0.20300000000000296,0.3009678000000044
PKG_C,RCP_6,Beam_Diameter,2738,35.01,0.20199999999999818,0.2994851999999973
PKG_C,RCP_7,Beam_Diameter,2719,34.995,0.19500000000000028,0.2891070000000004
PKG_C,RCP_8,Beam_Diameter,2794,34.9975,0.20749999999999602,0.30763949999999407
PKG_C,RCP_9,Beam_Diameter,2912,34.9995,0.20550000000000068,0.304674300000001
PKG_D,RCP_1,Beam_Diameter,2863,35.009,0.2010000000000005,0.29800260000000073
PKG_D,RCP_2,Beam_Diameter,2721,35.001,0.19899999999999807,0.2950373999999971
PKG_D,RCP_3,Beam_Diameter,2731,34.994,0.20400000000000063,0.3024504000000009
PKG_D,RCP_4,Beam_Diameter,2650,34.9835,0.2115000000000009,0.31356990000000134
PKG_D,RCP_5,Beam_Diameter,2726,35.004,0.2010000000000005,0.29800260000000073
PKG_D,RCP_6,Beam_Diameter,2810,34.988,0.2035000000000018,0.3017091000000026
PKG_D,RCP_7,Beam_Diameter,2725,35.003,0.1980000000000004,0.29355480000000056
PKG_D,RCP_8,Beam_Diameter,2667,34.997,0.2010000000000005,0.29800260000000073
PKG_D,RCP_9,Beam_Diameter,2833,35.002,0.20000000000000284,0.2965200000000042
PKG_E,RCP_1,Beam_Diameter,2816,34.99,0.19650000000000034,0.2913309000000005
PKG_E,RCP_2,Beam_Diameter,2816,34.984,0.20449999999999946,0.3031916999999992
PKG_E,RCP_3,Beam_Diameter,2733,34.996,0.21300000000000097,0.3157938000000014
PKG_E,RCP_4,Beam_Diameter,2805,35.007,0.20600000000000307,0.30541560000000456
PKG_E,RCP_5,Beam_Diameter,2697,34.995,0.20300000000000296,0.3009678000000044
PKG_E,RCP_6,Beam_Diameter,2732,34.997,0.20000000000000284,0.2965200000000042
PKG_E,RCP_7,Beam_Diameter,2832,35.004,0.19900000000000162,0.2950374000000024
PKG_E,RCP_8,Beam_Diameter,2859,34.996,0.20600000000000307,0.30541560000000456
PKG_E,RCP_9,Beam_Diameter,2773,35.0,0.20400000000000063,0.3024504000000009
PKG_F,RCP_1,Beam_Diameter,2872,34.998,0.19899999999999807,0.2950373999999971
PKG_F,RCP_2,Beam_Diameter,2828,35.006,0.19899999999999807,0.2950373999999971
PKG_F,RCP_3,Beam_Diameter,2786,35.003,0.20199999999999818,0.2994851999999973
PKG_F,RCP_4,Beam_Diameter,2894,35.0185,0.20549999999999358,0.30467429999999046
PKG_F,RCP_5,Beam_Diameter,2717,35.01,0.19900000000000517,0.29503740000000767
PKG_F,RCP_6,Beam_Diameter,2756,34.998,0.20050000000000168,0.29726130000000245
PKG_F,RCP_7,Beam_Diameter,2781,34.998,0.19999999999999574,0.2965199999999937
PKG_F,RCP_8,Beam_Diameter,2850,35.005,0.19699999999999562,0.2920721999999935
PKG_F,RCP_9,Beam_Diameter,2728,35.008,0.19500000000000028,0.2891070000000004
PKG_A,RCP_1,Feed_Speed,2819,250.008,0.525999999999982,0.7798475999999733
PKG_A,RCP_2,Feed_Speed,2718,250.0095,0.5474999999999994,0.8117234999999992
PKG_A,RCP_3,Feed_Speed,2735,250.007,0.5370000000000061,0.7961562000000091
PKG_A,RCP_4,Feed_Speed,2670,250.0,0.5300000000000011,0.7857780000000016
PKG_A,RCP_5,Feed_Speed,2808,250.00650000000002,0.542500000000004,0.8043105000000058
PKG_A,RCP_6,Feed_Speed,2712,249.953,0.5210000000000008,0.7724346000000012
PKG_A,RCP_7,Feed_Speed,2813,250.008,0.5190000000000055,0.7694694000000081
PKG_A,RCP_8,Feed_Speed,2724,249.995,0.5224999999999937,0.7746584999999907
PKG_A,RCP_9,Feed_Speed,2823,250.017,0.5480000000000018,0.8124648000000027
PKG_B,RCP_1,Feed_Speed,2902,249.9975,0.5585000000000093,0.8280321000000138
PKG_B,RCP_2,Feed_Speed,2867,250.024,0.5579999999999927,0.8272907999999891
PKG_B,RCP_3,Feed_Speed,2756,249.98450000000003,0.5410000000000252,0.8020866000000374
PKG_B,RCP_4,Feed_Speed,2806,249.99849999999998,0.5310000000000201,0.7872606000000298
PKG_B,RCP_5,Feed_Speed,2729,249.996,0.5690000000000168,0.8435994000000249
PKG_B,RCP_6,Feed_Speed,2712,250.01549999999997,0.5405000000000371,0.8013453000000549
PKG_B,RCP_7,Feed_Speed,2678,249.952,0.5365000000000038,0.7954149000000055
PKG_B,RCP_8,Feed_Speed,2707,250.0,0.554000000000002,0.821360400000003
PKG_B,RCP_9,Feed_Speed,2778,250.0045,0.5234999999999985,0.7761410999999978
PKG_C,RCP_1,Feed_Speed,2703,249.985,0.5269999999999868,0.7813301999999804
PKG_C,RCP_2,Feed_Speed,2841,250.004,0.5379999999999825,0.797638799999974
PKG_C,RCP_3,Feed_Speed,2777,250.01,0.5460000000000207,0.8094996000000306
PKG_C,RCP_4,Feed_Speed,2726,249.971,0.5219999999999914,0.7739171999999871
PKG_C,RCP_5,Feed_Speed,2705,249.994,0.5370000000000061,0.7961562000000091
PKG_C,RCP_6,Feed_Speed,2738,250.00549999999998,0.5519999999999783,0.8183951999999678
PKG_C,RCP_7,Feed_Speed,2719,249.988,0.5339999999999918,0.7917083999999878
PKG_C,RCP_8,Feed_Speed,2794,250.001,0.5430000000000064,0.8050518000000094
PKG_C,RCP_9,Feed_Speed,2912,250.0005,0.5334999999999752,0.7909670999999632
PKG_D,RCP_1,Feed_Speed,2863,249.97,0.556999999999988,0.8258081999999821
PKG_D,RCP_2,Feed_Speed,2721,250.004,0.5450000000000159,0.8080170000000235
PKG_D,RCP_3,Feed_Speed,2731,249.954,0.568000000000012,0.8421168000000179
PKG_D,RCP_4,Feed_Speed,2650,249.98450000000003,0.5374999999999943,0.7968974999999915
PKG_D,RCP_5,Feed_Speed,2726,250.03449999999998,0.5399999999999778,0.8006039999999671
PKG_D,RCP_6,Feed_Speed,2810,249.984,0.542999999999978,0.8050517999999672
PKG_D,RCP_7,Feed_Speed,2725,249.962,0.5609999999999786,0.8317385999999682
PKG_D,RCP_8,Feed_Speed,2667,250.03,0.5600000000000023,0.8302560000000033
PKG_D,RCP_9,Feed_Speed,2833,249.982,0.5480000000000018,0.8124648000000027
PKG_E,RCP_1,Feed_Speed,2816,249.9955,0.5420000000000158,0.8035692000000234
PKG_E,RCP_2,Feed_Speed,2816,250.009,0.5294999999999987,0.7850366999999981
PKG_E,RCP_3,Feed_Speed,2733,249.953,0.5409999999999968,0.8020865999999952
PKG_E,RCP_4,Feed_Speed,2805,250.02,0.5309999999999775,0.7872605999999666
PKG_E,RCP_5,Feed_Speed,2697,250.002,0.554000000000002,0.821360400000003
PKG_E,RCP_6,Feed_Speed,2732,250.002,0.5309999999999917,0.7872605999999877
PKG_E,RCP_7,Feed_Speed,2832,249.985,0.541499999999985,0.8028278999999777
PKG_E,RCP_8,Feed_Speed,2859,249.982,0.5339999999999918,0.7917083999999878
PKG_E,RCP_9,Feed_Speed,2773,249.99,0.5360000000000014,0.794673600000002
PKG_F,RCP_1,Feed_Speed,2872,249.959,0.5219999999999914,0.7739171999999871
PKG_F,RCP_2,Feed_Speed,2828,249.9885,0.5289999999999964,0.7842953999999945
PKG_F,RCP_3,Feed_Speed,2786,249.977,0.5430000000000064,0.8050518000000094
PKG_F,RCP_4,Feed_Speed,2894,249.957,0.5250000000000057,0.7783650000000084
PKG_F,RCP_5,Feed_Speed,2717,249.956,0.5630000000000166,0.8347038000000245
PKG_F,RCP_6,Feed_Speed,2756,249.98149999999998,0.5369999999999919,0.796156199999988
PKG_F,RCP_7,Feed_Speed,2781,250.006,0.5420000000000016,0.8035692000000023
PKG_F,RCP_8,Feed_Speed,2850,249.9855,0.5309999999999917,0.7872605999999877
PKG_F,RCP_9,Feed_Speed,2728,250.0145,0.5549999999999926,0.822842999999989
PKG_A,RCP_1,Frequency,2819,100.011,0.32399999999999807,0.4803623999999971
PKG_A,RCP_2,Frequency,2718,99.999,0.3299999999999983,0.4892579999999974
PKG_A,RCP_3,Frequency,2735,99.999,0.3289999999999935,0.48777539999999037
PKG_A,RCP_4,Frequency,2670,100.001,0.32849999999999824,0.48703409999999736
PKG_A,RCP_5,Frequency,2808,99.998,0.3269999999999982,0.48481019999999725
PKG_A,RCP_6,Frequency,2712,100.0025,0.3374999999999915,0.5003774999999874
PKG_A,RCP_7,Frequency,2813,99.987,0.3240000000000123,0.4803624000000182
PKG_A,RCP_8,Frequency,2724,100.0055,0.33500000000000085,0.49667100000000125
PKG_A,RCP_9,Frequency,2823,100.001,0.3259999999999934,0.4833275999999902
PKG_B,RCP_1,Frequency,2902,99.99549999999999,0.3194999999999908,0.4736906999999863
PKG_B,RCP_2,Frequency,2867,99.986,0.32200000000000273,0.477397200000004
PKG_B,RCP_3,Frequency,2756,100.003,0.32500000000000284,0.4818450000000042
PKG_B,RCP_4,Frequency,2806,99.994,0.33199999999999363,0.49222319999999053
PKG_B,RCP_5,Frequency,2729,99.971,0.34199999999999875,0.5070491999999981
PKG_B,RCP_6,Frequency,2712,100.0035,0.3269999999999982,0.48481019999999725
PKG_B,RCP_7,Frequency,2678,99.982,0.33449999999999847,0.4959296999999977
PKG_B,RCP_8,Frequency,2707,99.995,0.31799999999999784,0.47146679999999674
PKG_B,RCP_9,Frequency,2778,99.98,0.3329999999999984,0.4937057999999976
PKG_C,RCP_1,Frequency,2703,99.996,0.3470000000000084,0.5144622000000124
PKG_C,RCP_2,Frequency,2841,99.988,0.3400000000000034,0.5040840000000051
PKG_C,RCP_3,Frequency,2777,100.019,0.32900000000000773,0.48777540000001146
PKG_C,RCP_4,Frequency,2726,99.995,0.33499999999999375,0.4966709999999907
PKG_C,RCP_5,Frequency,2705,100.001,0.32099999999999795,0.4759145999999969
PKG_C,RCP_6,Frequency,2738,99.9995,0.3329999999999984,0.4937057999999976
PKG_C,RCP_7,Frequency,2719,99.989,0.32099999999999795,0.4759145999999969
PKG_C,RCP_8,Frequency,2794,100.0055,0.3335000000000008,0.49444710000000114
PKG_C,RCP_9,Frequency,2912,99.9885,0.3269999999999982,0.48481019999999725
PKG_D,RCP_1,Frequency,2863,100.015,0.32399999999999807,0.4803623999999971
PKG_D,RCP_2,Frequency,2721,99.975,0.32500000000000284,0.4818450000000042
PKG_D,RCP_3,Frequency,2731,99.99,0.3359999999999985,0.49815359999999775
PKG_D,RCP_4,Frequency,2650,100.0035,0.332499999999996,0.4929644999999941
PKG_D,RCP_5,Frequency,2726,99.9965,0.33149999999999835,0.49148189999999753
PKG_D,RCP_6,Frequency,2810,100.015,0.3264999999999958,0.48406889999999375
PKG_D,RCP_7,Frequency,2725,100.009,0.31399999999999295,0.4655363999999895
PKG_D,RCP_8,Frequency,2667,99.99,0.32399999999999807,0.4803623999999971
PKG_D,RCP_9,Frequency,2833,99.99,0.3159999999999883,0.4685015999999826
PKG_E,RCP_1,Frequency,2816,100.018,0.33149999999999835,0.49148189999999753
PKG_E,RCP_2,Frequency,2816,99.99600000000001,0.3190000000000026,0.47294940000000385
PKG_E,RCP_3,Frequency,2733,100.002,0.32500000000000284,0.4818450000000042
PKG_E,RCP_4,Frequency,2805,100.003,0.3259999999999934,0.4833275999999902
PKG_E,RCP_5,Frequency,2697,99.994,0.3190000000000026,0.47294940000000385
PKG_E,RCP_6,Frequency,2732,99.9765,0.32150000000000034,0.47665590000000047
PKG_E,RCP_7,Frequency,2832,99.9825,0.32049999999999557,0.4751732999999934
PKG_E,RCP_8,Frequency,2859,99.994,0.3149999999999977,0.4670189999999966
PKG_E,RCP_9,Frequency,2773,100.013,0.3340000000000032,0.4951884000000047
PKG_F,RCP_1,Frequency,2872,99.9975,0.32450000000000045,0.48110370000000063
PKG_F,RCP_2,Frequency,2828,99.9725,0.3185000000000002,0.4722081000000003
PKG_F,RCP_3,Frequency,2786,100.0195,0.3305000000000007,0.48999930000000097
PKG_F,RCP_4,Frequency,2894,100.009,0.32200000000000273,0.477397200000004
PKG_F,RCP_5,Frequency,2717,99.979,0.32900000000000773,0.48777540000001146
PKG_F,RCP_6,Frequency,2756,100.0015,0.33550000000001035,0.4974123000000153
PKG_F,RCP_7,Frequency,2781,100.017,0.33499999999999375,0.4966709999999907
PKG_F,RCP_8,Frequency,2850,99.996,0.3119999999999976,0.4625711999999964
PKG_F,RCP_9,Frequency,2728,100.011,0.3329999999999984,0.4937057999999976
PKG_A,RCP_1,Alignment_Time,2819,0.3992,0.013600000000000001,0.02016336
PKG_A,RCP_2,Alignment_Time,2718,0.4009,0.013250000000000012,0.019644450000000015
PKG_A,RCP_3,Alignment_Time,2735,0.4,0.013600000000000001,0.02016336
PKG_A,RCP_4,Alignment_Time,2670,0.40055,0.013550000000000006,0.02008923000000001
PKG_A,RCP_5,Alignment_Time,2808,0.4001,0.014000000000000012,0.02075640000000002
PKG_A,RCP_6,Alignment_Time,2712,0.4002,0.013000000000000012,0.019273800000000015
PKG_A,RCP_7,Alignment_Time,2813,0.3998,0.013399999999999967,0.01986683999999995
PKG_A,RCP_8,Alignment_Time,2724,0.40015,0.013550000000000006,0.02008923000000001
PKG_A,RCP_9,Alignment_Time,2823,0.3992,0.013600000000000001,0.02016336
PKG_B,RCP_1,Alignment_Time,2902,0.40035,0.013550000000000006,0.02008923000000001
PKG_B,RCP_2,Alignment_Time,2867,0.4004,0.013300000000000034,0.019718580000000048
PKG_B,RCP_3,Alignment_Time,2756,0.4,0.013899999999999996,0.020608139999999994
PKG_B,RCP_4,Alignment_Time,2806,0.4,0.01369999999999999,0.020311619999999985
PKG_B,RCP_5,Alignment_Time,2729,0.3996,0.013000000000000012,0.019273800000000015
PKG_B,RCP_6,Alignment_Time,2712,0.3997,0.013500000000000012,0.02001510000000002
PKG_B,RCP_7,Alignment_Time,2678,0.3996,0.01369999999999999,0.020311619999999985
PKG_B,RCP_8,Alignment_Time,2707,0.3995,0.013300000000000034,0.019718580000000048
PKG_B,RCP_9,Alignment_Time,2778,0.39895,0.013550000000000006,0.02008923000000001
PKG_C,RCP_1,Alignment_Time,2703,0.3987,0.013299999999999979,0.019718579999999968
PKG_C,RCP_2,Alignment_Time,2841,0.3999,0.013500000000000012,0.02001510000000002
PKG_C,RCP_3,Alignment_Time,2777,0.4006,0.013400000000000023,0.01986684000000003
PKG_C,RCP_4,Alignment_Time,2726,0.4001,0.013600000000000001,0.02016336
PKG_C,RCP_5,Alignment_Time,2705,0.4004,0.013499999999999956,0.020015099999999935
PKG_C,RCP_6,Alignment_Time,2738,0.4006,0.013600000000000001,0.02016336
PKG_C,RCP_7,Alignment_Time,2719,0.3999,0.013000000000000012,0.019273800000000015
PKG_C,RCP_8,Alignment_Time,2794,0.4002,0.013299999999999979,0.019718579999999968
PKG_C,RCP_9,Alignment_Time,2912,0.3997,0.013600000000000001,0.02016336
PKG_D,RCP_1,Alignment_Time,2863,0.4001,0.01319999999999999,0.019570319999999985
PKG_D,RCP_2,Alignment_Time,2721,0.4002,0.01419999999999999,0.021052919999999985
PKG_D,RCP_3,Alignment_Time,2731,0.4003,0.01369999999999999,0.020311619999999985
PKG_D,RCP_4,Alignment_Time,2650,0.3992,0.013500000000000012,0.02001510000000002
PKG_D,RCP_5,Alignment_Time,2726,0.3999,0.013700000000000018,0.020311620000000027
PKG_D,RCP_6,Alignment_Time,2810,0.4006,0.0131,0.01942206
PKG_D,RCP_7,Alignment_Time,2725,0.4002,0.013400000000000023,0.01986684000000003
PKG_D,RCP_8,Alignment_Time,2667,0.399,0.01369999999999999,0.020311619999999985
PKG_D,RCP_9,Alignment_Time,2833,0.3997,0.01319999999999999,0.019570319999999985
PKG_E,RCP_1,Alignment_Time,2816,0.3993,0.01319999999999999,0.019570319999999985
PKG_E,RCP_2,Alignment_Time,2816,0.40015,0.013349999999999973,0.01979270999999996
PKG_E,RCP_3,Alignment_Time,2733,0.3998,0.013600000000000001,0.02016336
PKG_E,RCP_4,Alignment_Time,2805,0.3989,0.013300000000000034,0.019718580000000048
PKG_E,RCP_5,Alignment_Time,2697,0.3992,0.013000000000000012,0.019273800000000015
PKG_E,RCP_6,Alignment_Time,2732,0.4007,0.01319999999999999,0.019570319999999985
PKG_E,RCP_7,Alignment_Time,2832,0.3998,0.013300000000000034,0.019718580000000048
PKG_E,RCP_8,Alignment_Time,2859,0.3999,0.013300000000000034,0.019718580000000048
PKG_E,RCP_9,Alignment_Time,2773,0.4001,0.01369999999999999,0.020311619999999985
PKG_F,RCP_1,Alignment_Time,2872,0.3992,0.013299999999999979,0.019718579999999968
PKG_F,RCP_2,Alignment_Time,2828,0.4,0.013399999999999967,0.01986683999999995
PKG_F,RCP_3,Alignment_Time,2786,0.3997,0.013050000000000006,0.019347930000000006
PKG_F,RCP_4,Alignment_Time,2894,0.4003,0.013300000000000006,0.01971858000000001
PKG_F,RCP_5,Alignment_Time,2717,0.4001,0.01419999999999999,0.021052919999999985
PKG_F,RCP_6,Alignment_Time,2756,0.3995,0.013600000000000001,0.02016336
PKG_F,RCP_7,Alignment_Time,2781,0.3999,0.013499999999999956,0.020015099999999935
PKG_F,RCP_8,Alignment_Time,2850,0.40065,0.013749999999999984,0.020385749999999977
PKG_F,RCP_9,Alignment_Time,2728,0.39944999999999997,0.013450000000000017,0.019940970000000023
PKG_A,RCP_1,Process_Time,2819,5.006,0.06599999999999984,0.09785159999999975
PKG_A,RCP_2,Process_Time,2718,5.0,0.06400000000000006,0.09488640000000008
PKG_A,RCP_3,Process_Time,2735,4.999,0.0699999999999994,0.1037819999999991
PKG_A,RCP_4,Process_Time,2670,5.002,0.06599999999999984,0.09785159999999975
PKG_A,RCP_5,Process_Time,2808,5.005,0.06599999999999984,0.09785159999999975
PKG_A,RCP_6,Process_Time,2712,4.999,0.06799999999999962,0.10081679999999943
PKG_A,RCP_7,Process_Time,2813,5.004,0.06799999999999962,0.10081679999999943
PKG_A,RCP_8,Process_Time,2724,5.001,0.06800000000000006,0.10081680000000008
PKG_A,RCP_9,Process_Time,2823,5.001,0.0680000000000005,0.10081680000000075
PKG_B,RCP_1,Process_Time,2902,4.998,0.07000000000000028,0.10378200000000042
PKG_B,RCP_2,Process_Time,2867,5.001,0.07200000000000006,0.10674720000000008
PKG_B,RCP_3,Process_Time,2756,5.0055,0.06650000000000045,0.09859290000000066
PKG_B,RCP_4,Process_Time,2806,5.006,0.06700000000000017,0.09933420000000025
PKG_B,RCP_5,Process_Time,2729,4.999,0.06699999999999928,0.09933419999999893
PKG_B,RCP_6,Process_Time,2712,4.996,0.06600000000000072,0.09785160000000107
PKG_B,RCP_7,Process_Time,2678,4.999,0.06799999999999962,0.10081679999999943
PKG_B,RCP_8,Process_Time,2707,5.007,0.06699999999999928,0.09933419999999893
PKG_B,RCP_9,Process_Time,2778,5.001,0.0680000000000005,0.10081680000000075
PKG_C,RCP_1,Process_Time,2703,5.001,0.06700000000000017,0.09933420000000025
PKG_C,RCP_2,Process_Time,2841,5.001,0.07000000000000028,0.10378200000000042
PKG_C,RCP_3,Process_Time,2777,4.998,0.0699999999999994,0.1037819999999991
PKG_C,RCP_4,Process_Time,2726,4.994,0.06799999999999962,0.10081679999999943
PKG_C,RCP_5,Process_Time,2705,4.998,0.06400000000000006,0.09488640000000008
PKG_C,RCP_6,Process_Time,2738,4.997,0.06899999999999995,0.10229939999999992
PKG_C,RCP_7,Process_Time,2719,5.001,0.06400000000000006,0.09488640000000008
PKG_C,RCP_8,Process_Time,2794,4.999,0.06600000000000072,0.09785160000000107
PKG_C,RCP_9,Process_Time,2912,5.0,0.06799999999999962,0.10081679999999943
PKG_D,RCP_1,Process_Time,2863,4.999,0.06799999999999962,0.10081679999999943
PKG_D,RCP_2,Process_Time,2721,4.996,0.0680000000000005,0.10081680000000075
PKG_D,RCP_3,Process_Time,2731,5.001,0.06700000000000017,0.09933420000000025
PKG_D,RCP_4,Process_Time,2650,5.003,0.0649999999999995,0.09636899999999926
PKG_D,RCP_5,Process_Time,2726,5.003,0.06599999999999984,0.09785159999999975
PKG_D,RCP_6,Process_Time,2810,5.0024999999999995,0.06350000000000033,0.0941451000000005
PKG_D,RCP_7,Process_Time,2725,4.998,0.0680000000000005,0.10081680000000075
PKG_D,RCP_8,Process_Time,2667,5.003,0.0680000000000005,0.10081680000000075
PKG_D,RCP_9,Process_Time,2833,5.005,0.06599999999999984,0.09785159999999975
PKG_E,RCP_1,Process_Time,2816,5.002,0.06700000000000017,0.09933420000000025
PKG_E,RCP_2,Process_Time,2816,5.001,0.06599999999999984,0.09785159999999975
PKG_E,RCP_3,Process_Time,2733,5.003,0.06700000000000017,0.09933420000000025
PKG_E,RCP_4,Process_Time,2805,4.999,0.06700000000000017,0.09933420000000025
PKG_E,RCP_5,Process_Time,2697,4.999,0.06799999999999962,0.10081679999999943
PKG_E,RCP_6,Process_Time,2732,4.998,0.0680000000000005,0.10081680000000075
PKG_E,RCP_7,Process_Time,2832,5.002,0.06700000000000017,0.09933420000000025
PKG_E,RCP_8,Process_Time,2859,4.995,0.06700000000000017,0.09933420000000025
PKG_E,RCP_9,Process_Time,2773,5.006,0.06899999999999995,0.10229939999999992
PKG_F,RCP_1,Process_Time,2872,4.997,0.0674999999999999,0.10007549999999983
PKG_F,RCP_2,Process_Time,2828,4.9985,0.07050000000000001,0.1045233
PKG_F,RCP_3,Process_Time,2786,5.003,0.06799999999999962,0.10081679999999943
PKG_F,RCP_4,Process_Time,2894,4.9975000000000005,0.06549999999999923,0.09711029999999884
PKG_F,RCP_5,Process_Time,2717,4.999,0.06899999999999995,0.10229939999999992
PKG_F,RCP_6,Process_Time,2756,4.999499999999999,0.06850000000000023,0.10155810000000033
PKG_F,RCP_7,Process_Time,2781,5.002,0.06700000000000017,0.09933420000000025
PKG_F,RCP_8,Process_Time,2850,4.998,0.06700000000000017,0.09933420000000025
PKG_F,RCP_9,Process_Time,2728,5.002,0.06599999999999984,0.09785159999999975
PKG_A,RCP_1,Cutting_X_Index,2819,0.006,0.333,0.4937058
PKG_A,RCP_2,Cutting_X_Index,2718,0.006500000000000001,0.3295,0.48851669999999997
PKG_A,RCP_3,Cutting_X_Index,2735,0.018,0.325,0.48184499999999997
PKG_A,RCP_4,Cutting_X_Index,2670,0.001,0.342,0.5070492
PKG_A,RCP_5,Cutting_X_Index,2808,-0.001,0.321,0.47591459999999997
PKG_A,RCP_6,Cutting_X_Index,2712,-0.0195,0.3225,0.47813849999999997
PKG_A,RCP_7,Cutting_X_Index,2813,0.003,0.348,0.5159448
PKG_A,RCP_8,Cutting_X_Index,2724,-0.028,0.348,0.5159448
PKG_A,RCP_9,Cutting_X_Index,2823,0.019,0.34299999999999997,0.5085318
PKG_B,RCP_1,Cutting_X_Index,2902,0.008,0.322,0.47739719999999997
PKG_B,RCP_2,Cutting_X_Index,2867,0.003,0.347,0.5144622
PKG_B,RCP_3,Cutting_X_Index,2756,0.0015,0.3305,0.48999929999999997
PKG_B,RCP_4,Cutting_X_Index,2806,-0.001,0.328,0.48629279999999997
PKG_B,RCP_5,Cutting_X_Index,2729,-0.015,0.316,0.46850159999999996
PKG_B,RCP_6,Cutting_X_Index,2712,-0.008,0.3395,0.5033427
PKG_B,RCP_7,Cutting_X_Index,2678,0.007,0.328,0.48629279999999997
PKG_B,RCP_8,Cutting_X_Index,2707,0.021,0.33999999999999997,0.504084
PKG_B,RCP_9,Cutting_X_Index,2778,0.016,0.324,0.48036239999999997
PKG_C,RCP_1,Cutting_X_Index,2703,0.004,0.341,0.5055666
PKG_C,RCP_2,Cutting_X_Index,2841,-0.012,0.34700000000000003,0.5144622
PKG_C,RCP_3,Cutting_X_Index,2777,-0.005,0.354,0.5248404
PKG_C,RCP_4,Cutting_X_Index,2726,-0.007,0.338,0.5011188
PKG_C,RCP_5,Cutting_X_Index,2705,0.016,0.338,0.5011188
PKG_C,RCP_6,Cutting_X_Index,2738,-0.007,0.332,0.49222319999999997
PKG_C,RCP_7,Cutting_X_Index,2719,-0.007,0.335,0.49667100000000003
PKG_C,RCP_8,Cutting_X_Index,2794,0.026,0.346,0.5129796
PKG_C,RCP_9,Cutting_X_Index,2912,-0.014,0.318,0.47146679999999996
PKG_D,RCP_1,Cutting_X_Index,2863,-0.01,0.34500000000000003,0.511497
PKG_D,RCP_2,Cutting_X_Index,2721,-0.002,0.324,0.48036239999999997
PKG_D,RCP_3,Cutting_X_Index,2731,0.019,0.335,0.49667100000000003
PKG_D,RCP_4,Cutting_X_Index,2650,0.0185,0.33299999999999996,0.4937057999999999
PKG_D,RCP_5,Cutting_X_Index,2726,-0.014499999999999999,0.3395,0.5033427
PKG_D,RCP_6,Cutting_X_Index,2810,0.001,0.331,0.49074059999999997
PKG_D,RCP_7,Cutting_X_Index,2725,0.009,0.331,0.49074059999999997
PKG_D,RCP_8,Cutting_X_Index,2667,0.013,0.342,0.5070492
PKG_D,RCP_9,Cutting_X_Index,2833,-0.011,0.331,0.49074059999999997
PKG_E,RCP_1,Cutting_X_Index,2816,-0.010499999999999999,0.3355,0.49741230000000003
PKG_E,RCP_2,Cutting_X_Index,2816,-0.0005,0.3395,0.5033427
PKG_E,RCP_3,Cutting_X_Index,2733,-0.008,0.354,0.5248404
PKG_E,RCP_4,Cutting_X_Index,2805,-0.015,0.341,0.5055666
PKG_E,RCP_5,Cutting_X_Index,2697,-0.012,0.33699999999999997,0.4996361999999999
PKG_E,RCP_6,Cutting_X_Index,2732,-0.0215,0.3395,0.5033427
PKG_E,RCP_7,Cutting_X_Index,2832,-0.002,0.329,0.48777539999999997
PKG_E,RCP_8,Cutting_X_Index,2859,-0.02,0.34600000000000003,0.5129796
PKG_E,RCP_9,Cutting_X_Index,2773,-0.024,0.34299999999999997,0.5085318
PKG_F,RCP_1,Cutting_X_Index,2872,-0.0085,0.34650000000000003,0.5137209
PKG_F,RCP_2,Cutting_X_Index,2828,-0.035,0.33999999999999997,0.504084
PKG_F,RCP_3,Cutting_X_Index,2786,0.009,0.3315,0.49148189999999997
PKG_F,RCP_4,Cutting_X_Index,2894,-0.01,0.338,0.5011188
PKG_F,RCP_5,Cutting_X_Index,2717,0.007,0.34500000000000003,0.511497
PKG_F,RCP_6,Cutting_X_Index,2756,0.014,0.3375,0.5003775
PKG_F,RCP_7,Cutting_X_Index,2781,0.003,0.334,0.49518840000000003
PKG_F,RCP_8,Cutting_X_Index,2850,0.0075,0.3395,0.5033427
PKG_F,RCP_9,Cutting_X_Index,2728,0.012,0.3415,0.5063079
PKG_A,RCP_1,Cutting_Y_Index,2819,-0.005,0.345,0.511497
PKG_A,RCP_2,Cutting_Y_Index,2718,-0.0015,0.3215,0.47665589999999997
PKG_A,RCP_3,Cutting_Y_Index,2735,0.006,0.34,0.504084
PKG_A,RCP_4,Cutting_Y_Index,2670,0.0005,0.353,0.5233578
PKG_A,RCP_5,Cutting_Y_Index,2808,-0.003,0.3385,0.5018601
PKG_A,RCP_6,Cutting_Y_Index,2712,0.0125,0.33,0.48925799999999997
PKG_A,RCP_7,Cutting_Y_Index,2813,0.006,0.334,0.49518840000000003
PKG_A,RCP_8,Cutting_Y_Index,2724,0.002,0.336,0.49815360000000003
PKG_A,RCP_9,Cutting_Y_Index,2823,-0.0,0.342,0.5070492
PKG_B,RCP_1,Cutting_Y_Index,2902,-0.0095,0.34199999999999997,0.5070492
PKG_B,RCP_2,Cutting_Y_Index,2867,-0.003,0.334,0.49518840000000003
PKG_B,RCP_3,Cutting_Y_Index,2756,0.003,0.34500000000000003,0.511497
PKG_B,RCP_4,Cutting_Y_Index,2806,-0.0025,0.3325,0.49296449999999997
PKG_B,RCP_5,Cutting_Y_Index,2729,-0.012,0.334,0.49518840000000003
PKG_B,RCP_6,Cutting_Y_Index,2712,0.016,0.3345,0.49592970000000003
PKG_B,RCP_7,Cutting_Y_Index,2678,0.0025,0.3335,0.4944471
PKG_B,RCP_8,Cutting_Y_Index,2707,-0.005,0.336,0.49815360000000003
PKG_B,RCP_9,Cutting_Y_Index,2778,0.002,0.333,0.4937058
PKG_C,RCP_1,Cutting_Y_Index,2703,0.013,0.34199999999999997,0.5070492
PKG_C,RCP_2,Cutting_Y_Index,2841,0.019,0.35300000000000004,0.5233578
PKG_C,RCP_3,Cutting_Y_Index,2777,0.003,0.331,0.49074059999999997
PKG_C,RCP_4,Cutting_Y_Index,2726,-0.001,0.333,0.4937058
PKG_C,RCP_5,Cutting_Y_Index,2705,-0.021,0.339,0.5026014
PKG_C,RCP_6,Cutting_Y_Index,2738,-0.008,0.353,0.5233578
PKG_C,RCP_7,Cutting_Y_Index,2719,0.017,0.33999999999999997,0.504084
PKG_C,RCP_8,Cutting_Y_Index,2794,-0.0185,0.34650000000000003,0.5137209
PKG_C,RCP_9,Cutting_Y_Index,2912,0.007,0.34600000000000003,0.5129796
PKG_D,RCP_1,Cutting_Y_Index,2863,0.013,0.33,0.48925799999999997
PKG_D,RCP_2,Cutting_Y_Index,2721,-0.014,0.35,0.51891
PKG_D,RCP_3,Cutting_Y_Index,2731,0.001,0.338,0.5011188
PKG_D,RCP_4,Cutting_Y_Index,2650,0.012,0.329,0.48777539999999997
PKG_D,RCP_5,Cutting_Y_Index,2726,0.009,0.3325,0.49296449999999997
PKG_D,RCP_6,Cutting_Y_Index,2810,0.009,0.3375,0.5003775
PKG_D,RCP_7,Cutting_Y_Index,2725,-0.009,0.342,0.5070492
PKG_D,RCP_8,Cutting_Y_Index,2667,-0.009,0.338,0.5011188
PKG_D,RCP_9,Cutting_Y_Index,2833,0.018,0.34199999999999997,0.5070492
PKG_E,RCP_1,Cutting_Y_Index,2816,0.008,0.348,0.5159448
PKG_E,RCP_2,Cutting_Y_Index,2816,0.003,0.3455,0.5122382999999999
PKG_E,RCP_3,Cutting_Y_Index,2733,-0.002,0.34299999999999997,0.5085318
PKG_E,RCP_4,Cutting_Y_Index,2805,0.006,0.339,0.5026014
PKG_E,RCP_5,Cutting_Y_Index,2697,0.018,0.334,0.49518840000000003
PKG_E,RCP_6,Cutting_Y_Index,2732,-0.002,0.3345,0.49592970000000003
PKG_E,RCP_7,Cutting_Y_Index,2832,-0.006,0.331,0.49074059999999997
PKG_E,RCP_8,Cutting_Y_Index,2859,-0.007,0.33699999999999997,0.4996361999999999
PKG_E,RCP_9,Cutting_Y_Index,2773,-0.005,0.34700000000000003,0.5144622
PKG_F,RCP_1,Cutting_Y_Index,2872,-0.009,0.333,0.4937058
PKG_F,RCP_2,Cutting_Y_Index,2828,0.001,0.335,0.49667100000000003
PKG_F,RCP_3,Cutting_Y_Index,2786,-0.02,0.325,0.48184499999999997
PKG_F,RCP_4,Cutting_Y_Index,2894,0.0085,0.33799999999999997,0.5011188
PKG_F,RCP_5,Cutting_Y_Index,2717,0.009,0.33499999999999996,0.4966709999999999
PKG_F,RCP_6,Cutting_Y_Index,2756,0.003,0.338,0.5011188
PKG_F,RCP_7,Cutting_Y_Index,2781,0.029,0.33799999999999997,0.5011188
PKG_F,RCP_8,Cutting_Y_Index,2850,-0.002,0.341,0.5055666
PKG_F,RCP_9,Cutting_Y_Index,2728,0.01,0.329,0.48777539999999997
PKG_A,RCP_1,Head_Temp,2819,42.032,0.21699999999999875,0.32172419999999813
PKG_A,RCP_2,Head_Temp,2718,42.036500000000004,0.21600000000000108,0.32024160000000157
PKG_A,RCP_3,Head_Temp,2735,42.031,0.2220000000000013,0.3291372000000019
PKG_A,RCP_4,Head_Temp,2670,42.0325,0.21899999999999764,0.32468939999999646
PKG_A,RCP_5,Head_Temp,2808,42.041,0.22300000000000608,0.330619800000009
PKG_A,RCP_6,Head_Temp,2712,42.035,0.21199999999999974,0.3143111999999996
PKG_A,RCP_7,Head_Temp,2813,42.033,0.21699999999999875,0.32172419999999813
PKG_A,RCP_8,Head_Temp,2724,42.0285,0.2184999999999988,0.3239480999999982
PKG_A,RCP_9,Head_Temp,2823,42.04,0.20700000000000074,0.30689820000000106
PKG_B,RCP_1,Head_Temp,2902,42.036,0.22299999999999898,0.33061979999999846
PKG_B,RCP_2,Head_Temp,2867,42.024,0.21600000000000108,0.32024160000000157
PKG_B,RCP_3,Head_Temp,2756,42.045,0.22099999999999653,0.32765459999999486
PKG_B,RCP_4,Head_Temp,2806,42.038,0.22000000000000597,0.32617200000000884
PKG_B,RCP_5,Head_Temp,2729,42.033,0.22100000000000364,0.3276546000000054
PKG_B,RCP_6,Head_Temp,2712,42.036,0.2154999999999987,0.319500299999998
PKG_B,RCP_7,Head_Temp,2678,42.023,0.2119999999999962,0.31431119999999435
PKG_B,RCP_8,Head_Temp,2707,42.042,0.21000000000000085,0.31134600000000123
PKG_B,RCP_9,Head_Temp,2778,42.0325,0.21649999999999991,0.32098289999999985
PKG_C,RCP_1,Head_Temp,2703,42.032,0.21699999999999875,0.32172419999999813
PKG_C,RCP_2,Head_Temp,2841,42.037,0.21699999999999875,0.32172419999999813
PKG_C,RCP_3,Head_Temp,2777,42.036,0.20700000000000074,0.30689820000000106
PKG_C,RCP_4,Head_Temp,2726,42.031499999999994,0.2114999999999938,0.3135698999999908
PKG_C,RCP_5,Head_Temp,2705,42.034,0.21600000000000108,0.32024160000000157
PKG_C,RCP_6,Head_Temp,2738,42.039,0.21699999999999875,0.32172419999999813
PKG_C,RCP_7,Head_Temp,2719,42.028,0.21099999999999852,0.3128285999999978
PKG_C,RCP_8,Head_Temp,2794,42.037,0.22100000000000364,0.3276546000000054
PKG_C,RCP_9,Head_Temp,2912,42.046,0.21850000000000236,0.32394810000000346
PKG_D,RCP_1,Head_Temp,2863,42.033,0.21999999999999886,0.3261719999999983
PKG_D,RCP_2,Head_Temp,2721,42.025,0.21300000000000097,0.3157938000000014
PKG_D,RCP_3,Head_Temp,2731,42.042,0.2049999999999983,0.30393299999999746
PKG_D,RCP_4,Head_Temp,2650,42.0385,0.21949999999999648,0.32543069999999474
PKG_D,RCP_5,Head_Temp,2726,42.042,0.22299999999999898,0.33061979999999846
PKG_D,RCP_6,Head_Temp,2810,42.039,0.2190000000000012,0.32468940000000174
PKG_D,RCP_7,Head_Temp,2725,42.038,0.21699999999999875,0.32172419999999813
PKG_D,RCP_8,Head_Temp,2667,42.039,0.21600000000000108,0.32024160000000157
PKG_D,RCP_9,Head_Temp,2833,42.039,0.21799999999999642,0.3232067999999947
PKG_E,RCP_1,Head_Temp,2816,42.032,0.2220000000000013,0.3291372000000019
PKG_E,RCP_2,Head_Temp,2816,42.032,0.22499999999999432,0.3335849999999915
PKG_E,RCP_3,Head_Temp,2733,42.036,0.21600000000000108,0.32024160000000157
PKG_E,RCP_4,Head_Temp,2805,42.028,0.21399999999999864,0.31727639999999796
PKG_E,RCP_5,Head_Temp,2697,42.036,0.21099999999999852,0.3128285999999978
PKG_E,RCP_6,Head_Temp,2732,42.038,0.21100000000000563,0.31282860000000834
PKG_E,RCP_7,Head_Temp,2832,42.0265,0.22449999999999903,0.3328436999999985
PKG_E,RCP_8,Head_Temp,2859,42.046,0.22999999999999687,0.34099799999999536
PKG_E,RCP_9,Head_Temp,2773,42.029,0.22000000000000597,0.32617200000000884
PKG_F,RCP_1,Head_Temp,2872,42.037,0.21699999999999875,0.32172419999999813
PKG_F,RCP_2,Head_Temp,2828,42.044,0.21100000000000207,0.31282860000000307
PKG_F,RCP_3,Head_Temp,2786,42.042,0.22100000000000009,0.32765460000000013
PKG_F,RCP_4,Head_Temp,2894,42.039,0.21800000000000352,0.32320680000000523
PKG_F,RCP_5,Head_Temp,2717,42.03,0.2190000000000012,0.32468940000000174
PKG_F,RCP_6,Head_Temp,2756,42.025,0.21649999999999991,0.32098289999999985
PKG_F,RCP_7,Head_Temp,2781,42.038,0.2079999999999984,0.3083807999999976
PKG_F,RCP_8,Head_Temp,2850,42.038,0.2219999999999942,0.32913719999999136
PKG_F,RCP_9,Head_Temp,2728,42.03,0.2204999999999977,0.3269132999999966
PKG_A,RCP_1,Cooling_Flow,2819,10.0,0.07099999999999973,0.1052645999999996
PKG_A,RCP_2,Cooling_Flow,2718,9.994,0.06799999999999962,0.10081679999999943
PKG_A,RCP_3,Cooling_Flow,2735,9.994,0.07099999999999973,0.1052645999999996
PKG_A,RCP_4,Cooling_Flow,2670,9.994,0.06599999999999895,0.09785159999999843
PKG_A,RCP_5,Cooling_Flow,2808,9.995,0.0710000000000015,0.10526460000000223
PKG_A,RCP_6,Cooling_Flow,2712,9.994,0.06700000000000017,0.09933420000000025
PKG_A,RCP_7,Cooling_Flow,2813,9.995,0.07000000000000028,0.10378200000000042
PKG_A,RCP_8,Cooling_Flow,2724,9.994,0.07000000000000028,0.10378200000000042
PKG_A,RCP_9,Cooling_Flow,2823,9.993,0.07099999999999973,0.1052645999999996
PKG_B,RCP_1,Cooling_Flow,2902,9.993,0.06799999999999962,0.10081679999999943
PKG_B,RCP_2,Cooling_Flow,2867,9.995,0.06899999999999906,0.1022993999999986
PKG_B,RCP_3,Cooling_Flow,2756,9.998,0.06899999999999906,0.1022993999999986
PKG_B,RCP_4,Cooling_Flow,2806,9.995,0.0710000000000015,0.10526460000000223
PKG_B,RCP_5,Cooling_Flow,2729,9.999,0.07000000000000028,0.10378200000000042
PKG_B,RCP_6,Cooling_Flow,2712,9.997,0.07099999999999973,0.1052645999999996
PKG_B,RCP_7,Cooling_Flow,2678,10.0,0.0649999999999995,0.09636899999999926
PKG_B,RCP_8,Cooling_Flow,2707,9.992,0.06799999999999962,0.10081679999999943
PKG_B,RCP_9,Cooling_Flow,2778,9.998,0.06900000000000084,0.10229940000000123
PKG_C,RCP_1,Cooling_Flow,2703,10.0,0.07099999999999973,0.1052645999999996
PKG_C,RCP_2,Cooling_Flow,2841,9.996,0.07000000000000028,0.10378200000000042
PKG_C,RCP_3,Cooling_Flow,2777,9.997,0.07000000000000028,0.10378200000000042
PKG_C,RCP_4,Cooling_Flow,2726,9.993,0.06899999999999906,0.1022993999999986
PKG_C,RCP_5,Cooling_Flow,2705,9.999,0.06800000000000139,0.10081680000000207
PKG_C,RCP_6,Cooling_Flow,2738,9.992,0.06850000000000023,0.10155810000000033
PKG_C,RCP_7,Cooling_Flow,2719,9.993,0.06700000000000017,0.09933420000000025
PKG_C,RCP_8,Cooling_Flow,2794,9.99,0.07000000000000028,0.10378200000000042
PKG_C,RCP_9,Cooling_Flow,2912,9.999,0.06899999999999906,0.1022993999999986
PKG_D,RCP_1,Cooling_Flow,2863,9.995,0.06799999999999962,0.10081679999999943
PKG_D,RCP_2,Cooling_Flow,2721,9.998,0.06800000000000139,0.10081680000000207
PKG_D,RCP_3,Cooling_Flow,2731,9.995,0.07000000000000028,0.10378200000000042
PKG_D,RCP_4,Cooling_Flow,2650,9.994,0.06799999999999962,0.10081679999999943
PKG_D,RCP_5,Cooling_Flow,2726,9.997,0.06799999999999962,0.10081679999999943
PKG_D,RCP_6,Cooling_Flow,2810,9.992,0.06800000000000139,0.10081680000000207
PKG_D,RCP_7,Cooling_Flow,2725,9.995,0.06700000000000017,0.09933420000000025
PKG_D,RCP_8,Cooling_Flow,2667,9.994,0.06900000000000084,0.10229940000000123
PKG_D,RCP_9,Cooling_Flow,2833,9.996,0.06900000000000084,0.10229940000000123
PKG_E,RCP_1,Cooling_Flow,2816,9.997,0.06900000000000084,0.10229940000000123
PKG_E,RCP_2,Cooling_Flow,2816,9.997,0.06700000000000017,0.09933420000000025
PKG_E,RCP_3,Cooling_Flow,2733,9.993,0.06700000000000017,0.09933420000000025
PKG_E,RCP_4,Cooling_Flow,2805,9.996,0.07099999999999973,0.1052645999999996
PKG_E,RCP_5,Cooling_Flow,2697,9.995,0.07099999999999973,0.1052645999999996
PKG_E,RCP_6,Cooling_Flow,2732,9.996,0.06899999999999906,0.1022993999999986
PKG_E,RCP_7,Cooling_Flow,2832,10.0,0.07000000000000028,0.10378200000000042
PKG_E,RCP_8,Cooling_Flow,2859,9.991,0.07000000000000028,0.10378200000000042
PKG_E,RCP_9,Cooling_Flow,2773,9.995,0.06999999999999851,0.10378199999999778
PKG_F,RCP_1,Cooling_Flow,2872,9.995,0.07050000000000001,0.1045233
PKG_F,RCP_2,Cooling_Flow,2828,9.998,0.06799999999999962,0.10081679999999943
PKG_F,RCP_3,Cooling_Flow,2786,9.994,0.07000000000000028,0.10378200000000042
PKG_F,RCP_4,Cooling_Flow,2894,9.994,0.06799999999999962,0.10081679999999943
PKG_F,RCP_5,Cooling_Flow,2717,9.995,0.06900000000000084,0.10229940000000123
PKG_F,RCP_6,Cooling_Flow,2756,9.992,0.07000000000000028,0.10378200000000042
PKG_F,RCP_7,Cooling_Flow,2781,9.996,0.07000000000000028,0.10378200000000042
PKG_F,RCP_8,Cooling_Flow,2850,9.994,0.07099999999999973,0.1052645999999996
PKG_F,RCP_9,Cooling_Flow,2728,9.999,0.06899999999999906,0.1022993999999986
PKG_A,RCP_1,Cooling_Water_Temp,2819,22.008,0.20599999999999952,0.3054155999999993
PKG_A,RCP_2,Cooling_Water_Temp,2718,22.002,0.20500000000000007,0.30393300000000006
PKG_A,RCP_3,Cooling_Water_Temp,2735,21.995,0.2049999999999983,0.30393299999999746
PKG_A,RCP_4,Cooling_Water_Temp,2670,21.992,0.20599999999999952,0.3054155999999993
PKG_A,RCP_5,Cooling_Water_Temp,2808,21.993,0.2060000000000013,0.3054156000000019
PKG_A,RCP_6,Cooling_Water_Temp,2712,22.0015,0.20250000000000057,0.30022650000000084
PKG_A,RCP_7,Cooling_Water_Temp,2813,22.014,0.19599999999999795,0.29058959999999695
PKG_A,RCP_8,Cooling_Water_Temp,2724,22.004,0.20200000000000173,0.29948520000000256
PKG_A,RCP_9,Cooling_Water_Temp,2823,22.006,0.1999999999999993,0.29651999999999895
PKG_B,RCP_1,Cooling_Water_Temp,2902,22.0105,0.20049999999999812,0.2972612999999972
PKG_B,RCP_2,Cooling_Water_Temp,2867,21.989,0.2029999999999994,0.3009677999999991
PKG_B,RCP_3,Cooling_Water_Temp,2756,21.998,0.20200000000000173,0.29948520000000256
PKG_B,RCP_4,Cooling_Water_Temp,2806,22.001,0.19900000000000162,0.2950374000000024
PKG_B,RCP_5,Cooling_Water_Temp,2729,21.998,0.20400000000000063,0.3024504000000009
PKG_B,RCP_6,Cooling_Water_Temp,2712,22.002,0.2029999999999994,0.3009677999999991
PKG_B,RCP_7,Cooling_Water_Temp,2678,22.002,0.21100000000000207,0.31282860000000307
PKG_B,RCP_8,Cooling_Water_Temp,2707,22.008,0.2010000000000005,0.29800260000000073
PKG_B,RCP_9,Cooling_Water_Temp,2778,22.004,0.20200000000000173,0.29948520000000256
PKG_C,RCP_1,Cooling_Water_Temp,2703,22.004,0.20099999999999696,0.29800259999999545
PKG_C,RCP_2,Cooling_Water_Temp,2841,21.993,0.20099999999999696,0.29800259999999545
PKG_C,RCP_3,Cooling_Water_Temp,2777,22.005,0.20700000000000074,0.30689820000000106
PKG_C,RCP_4,Cooling_Water_Temp,2726,21.996,0.1980000000000004,0.29355480000000056
PKG_C,RCP_5,Cooling_Water_Temp,2705,22.015,0.1980000000000004,0.29355480000000056
PKG_C,RCP_6,Cooling_Water_Temp,2738,22.008499999999998,0.19649999999999856,0.29133089999999784
PKG_C,RCP_7,Cooling_Water_Temp,2719,22.001,0.19899999999999807,0.2950373999999971
PKG_C,RCP_8,Cooling_Water_Temp,2794,22.003,0.20500000000000185,0.30393300000000273
PKG_C,RCP_9,Cooling_Water_Temp,2912,22.002,0.2029999999999994,0.3009677999999991
PKG_D,RCP_1,Cooling_Water_Temp,2863,21.991,0.2029999999999994,0.3009677999999991
PKG_D,RCP_2,Cooling_Water_Temp,2721,21.999,0.19699999999999918,0.2920721999999988
PKG_D,RCP_3,Cooling_Water_Temp,2731,22.015,0.20700000000000074,0.30689820000000106
PKG_D,RCP_4,Cooling_Water_Temp,2650,22.009,0.19849999999999923,0.29429609999999884
PKG_D,RCP_5,Cooling_Water_Temp,2726,22.003,0.2029999999999994,0.3009677999999991
PKG_D,RCP_6,Cooling_Water_Temp,2810,21.997,0.20200000000000173,0.29948520000000256
PKG_D,RCP_7,Cooling_Water_Temp,2725,21.99,0.2049999999999983,0.30393299999999746
PKG_D,RCP_8,Cooling_Water_Temp,2667,22.006,0.20199999999999818,0.2994851999999973
PKG_D,RCP_9,Cooling_Water_Temp,2833,21.997,0.18799999999999883,0.2787287999999983
PKG_E,RCP_1,Cooling_Water_Temp,2816,22.002,0.19700000000000273,0.29207220000000406
PKG_E,RCP_2,Cooling_Water_Temp,2816,22.008499999999998,0.19450000000000145,0.2883657000000021
PKG_E,RCP_3,Cooling_Water_Temp,2733,22.004,0.2079999999999984,0.3083807999999976
PKG_E,RCP_4,Cooling_Water_Temp,2805,22.007,0.1910000000000025,0.2831766000000037
PKG_E,RCP_5,Cooling_Water_Temp,2697,21.994,0.20400000000000063,0.3024504000000009
PKG_E,RCP_6,Cooling_Water_Temp,2732,22.001,0.2115000000000009,0.31356990000000134
PKG_E,RCP_7,Cooling_Water_Temp,2832,22.003500000000003,0.20149999999999935,0.298743899999999
PKG_E,RCP_8,Cooling_Water_Temp,2859,22.006,0.20200000000000173,0.29948520000000256
PKG_E,RCP_9,Cooling_Water_Temp,2773,22.017,0.20199999999999818,0.2994851999999973
PKG_F,RCP_1,Cooling_Water_Temp,2872,21.996,0.19650000000000034,0.2913309000000005
PKG_F,RCP_2,Cooling_Water_Temp,2828,22.014,0.2010000000000005,0.29800260000000073
PKG_F,RCP_3,Cooling_Water_Temp,2786,21.995,0.1999999999999993,0.29651999999999895
PKG_F,RCP_4,Cooling_Water_Temp,2894,21.998,0.20599999999999952,0.3054155999999993
PKG_F,RCP_5,Cooling_Water_Temp,2717,22.011,0.20599999999999952,0.3054155999999993
PKG_F,RCP_6,Cooling_Water_Temp,2756,22.002,0.19750000000000156,0.2928135000000023
PKG_F,RCP_7,Cooling_Water_Temp,2781,21.995,0.21100000000000207,0.31282860000000307
PKG_F,RCP_8,Cooling_Water_Temp,2850,22.012,0.19699999999999918,0.2920721999999988
PKG_F,RCP_9,Cooling_Water_Temp,2728,22.004,0.19700000000000273,0.29207220000000406
PKG_A,RCP_1,Focus,2819,0.028,0.147,0.21794219999999997
PKG_A,RCP_2,Focus,2718,0.036,0.147,0.21794219999999997
PKG_A,RCP_3,Focus,2735,0.029,0.149,0.22090739999999998
PKG_A,RCP_4,Focus,2670,0.0195,0.14350000000000002,0.2127531
PKG_A,RCP_5,Focus,2808,0.038,0.145,0.21497699999999997
PKG_A,RCP_6,Focus,2712,0.0315,0.14700000000000002,0.21794220000000003
PKG_A,RCP_7,Focus,2813,0.019,0.149,0.22090739999999998
PKG_A,RCP_8,Focus,2724,0.017,0.14700000000000002,0.21794220000000003
PKG_A,RCP_9,Focus,2823,0.027,0.14,0.207564
PKG_B,RCP_1,Focus,2902,0.026,0.14400000000000002,0.2134944
PKG_B,RCP_2,Focus,2867,0.033,0.14700000000000002,0.21794220000000003
PKG_B,RCP_3,Focus,2756,0.02,0.144,0.21349439999999997
PKG_B,RCP_4,Focus,2806,0.026,0.144,0.21349439999999997
PKG_B,RCP_5,Focus,2729,0.027,0.147,0.21794219999999997
PKG_B,RCP_6,Focus,2712,0.016,0.15000000000000002,0.22239000000000003
PKG_B,RCP_7,Focus,2678,0.016,0.14800000000000002,0.21942480000000003
PKG_B,RCP_8,Focus,2707,0.028,0.155,0.22980299999999998
PKG_B,RCP_9,Focus,2778,0.03,0.146,0.21645959999999997
PKG_C,RCP_1,Focus,2703,0.02,0.14300000000000002,0.2120118
PKG_C,RCP_2,Focus,2841,0.033,0.151,0.22387259999999998
PKG_C,RCP_3,Focus,2777,0.037,0.146,0.21645959999999997
PKG_C,RCP_4,Focus,2726,0.021,0.143,0.21201179999999997
PKG_C,RCP_5,Focus,2705,0.026,0.154,0.22832039999999998
PKG_C,RCP_6,Focus,2738,0.034,0.145,0.21497699999999997
PKG_C,RCP_7,Focus,2719,0.027,0.146,0.21645959999999997
PKG_C,RCP_8,Focus,2794,0.028,0.14300000000000002,0.2120118
PKG_C,RCP_9,Focus,2912,0.023,0.143,0.21201179999999997
PKG_D,RCP_1,Focus,2863,0.022,0.14300000000000002,0.2120118
PKG_D,RCP_2,Focus,2721,0.025,0.149,0.22090739999999998
PKG_D,RCP_3,Focus,2731,0.034,0.14700000000000002,0.21794220000000003
PKG_D,RCP_4,Focus,2650,0.022,0.141,0.20904659999999997
PKG_D,RCP_5,Focus,2726,0.026,0.139,0.2060814
PKG_D,RCP_6,Focus,2810,0.02,0.152,0.22535519999999998
PKG_D,RCP_7,Focus,2725,0.026,0.14200000000000002,0.2105292
PKG_D,RCP_8,Focus,2667,0.031,0.14600000000000002,0.2164596
PKG_D,RCP_9,Focus,2833,0.033,0.143,0.21201179999999997
PKG_E,RCP_1,Focus,2816,0.017,0.15200000000000002,0.22535520000000003
PKG_E,RCP_2,Focus,2816,0.033,0.14200000000000002,0.2105292
PKG_E,RCP_3,Focus,2733,0.029,0.149,0.22090739999999998
PKG_E,RCP_4,Focus,2805,0.028,0.14400000000000002,0.2134944
PKG_E,RCP_5,Focus,2697,0.03,0.14400000000000002,0.2134944
PKG_E,RCP_6,Focus,2732,0.026,0.147,0.21794219999999997
PKG_E,RCP_7,Focus,2832,0.022,0.144,0.21349439999999997
PKG_E,RCP_8,Focus,2859,0.023,0.14300000000000002,0.2120118
PKG_E,RCP_9,Focus,2773,0.027,0.14100000000000001,0.2090466
PKG_F,RCP_1,Focus,2872,0.024,0.137,0.2031162
PKG_F,RCP_2,Focus,2828,0.032,0.14250000000000002,0.2112705
PKG_F,RCP_3,Focus,2786,0.019,0.14900000000000002,0.22090740000000003
PKG_F,RCP_4,Focus,2894,0.02,0.14600000000000002,0.2164596
PKG_F,RCP_5,Focus,2717,0.018,0.14600000000000002,0.2164596
PKG_F,RCP_6,Focus,2756,0.026,0.14500000000000002,0.214977
PKG_F,RCP_7,Focus,2781,0.025,0.14600000000000002,0.2164596
PKG_F,RCP_8,Focus,2850,0.018,0.14100000000000001,0.2090466
PKG_F,RCP_9,Focus,2728,0.024,0.145,0.21497699999999997
PKG_A,RCP_1,CLN_Flow,2819,9.991,0.03999999999999915,0.05930399999999873
PKG_A,RCP_2,CLN_Flow,2718,9.991,0.0389999999999997,0.05782139999999955
PKG_A,RCP_3,CLN_Flow,2735,9.993,0.038000000000000256,0.056338800000000376
PKG_A,RCP_4,CLN_Flow,2670,9.993,0.040000000000000924,0.05930400000000137
PKG_A,RCP_5,CLN_Flow,2808,9.994,0.0389999999999997,0.05782139999999955
PKG_A,RCP_6,CLN_Flow,2712,9.993,0.040000000000000924,0.05930400000000137
PKG_A,RCP_7,CLN_Flow,2813,9.992,0.0389999999999997,0.05782139999999955
PKG_A,RCP_8,CLN_Flow,2724,9.994,0.0389999999999997,0.05782139999999955
PKG_A,RCP_9,CLN_Flow,2823,9.991,0.0389999999999997,0.05782139999999955
PKG_B,RCP_1,CLN_Flow,2902,9.994,0.03999999999999915,0.05930399999999873
PKG_B,RCP_2,CLN_Flow,2867,9.994,0.038000000000000256,0.056338800000000376
PKG_B,RCP_3,CLN_Flow,2756,9.993,0.0389999999999997,0.05782139999999955
PKG_B,RCP_4,CLN_Flow,2806,9.995,0.03999999999999915,0.05930399999999873
PKG_B,RCP_5,CLN_Flow,2729,9.991,0.038000000000000256,0.056338800000000376
PKG_B,RCP_6,CLN_Flow,2712,9.991,0.0389999999999997,0.05782139999999955
PKG_B,RCP_7,CLN_Flow,2678,9.994,0.03999999999999915,0.05930399999999873
PKG_B,RCP_8,CLN_Flow,2707,9.993,0.0389999999999997,0.05782139999999955
PKG_B,RCP_9,CLN_Flow,2778,9.992,0.03900000000000148,0.05782140000000219
PKG_C,RCP_1,CLN_Flow,2703,9.992,0.0389999999999997,0.05782139999999955
PKG_C,RCP_2,CLN_Flow,2841,9.991,0.03999999999999915,0.05930399999999873
PKG_C,RCP_3,CLN_Flow,2777,9.993,0.03999999999999915,0.05930399999999873
PKG_C,RCP_4,CLN_Flow,2726,9.993,0.03999999999999915,0.05930399999999873
PKG_C,RCP_5,CLN_Flow,2705,9.993,0.038000000000000256,0.056338800000000376
PKG_C,RCP_6,CLN_Flow,2738,9.993,0.0389999999999997,0.05782139999999955
PKG_C,RCP_7,CLN_Flow,2719,9.992,0.03999999999999915,0.05930399999999873
PKG_C,RCP_8,CLN_Flow,2794,9.993,0.03999999999999915,0.05930399999999873
PKG_C,RCP_9,CLN_Flow,2912,9.99,0.040000000000000924,0.05930400000000137
PKG_D,RCP_1,CLN_Flow,2863,9.993,0.0389999999999997,0.05782139999999955
PKG_D,RCP_2,CLN_Flow,2721,9.995,0.036000000000001364,0.05337360000000202
PKG_D,RCP_3,CLN_Flow,2731,9.994,0.0389999999999997,0.05782139999999955
PKG_D,RCP_4,CLN_Flow,2650,9.993,0.03999999999999915,0.05930399999999873
PKG_D,RCP_5,CLN_Flow,2726,9.995,0.03900000000000148,0.05782140000000219
PKG_D,RCP_6,CLN_Flow,2810,9.994,0.038000000000000256,0.056338800000000376
PKG_D,RCP_7,CLN_Flow,2725,9.992,0.03999999999999915,0.05930399999999873
PKG_D,RCP_8,CLN_Flow,2667,9.993,0.0389999999999997,0.05782139999999955
PKG_D,RCP_9,CLN_Flow,2833,9.99,0.03999999999999915,0.05930399999999873
PKG_E,RCP_1,CLN_Flow,2816,9.993,0.0389999999999997,0.05782139999999955
PKG_E,RCP_2,CLN_Flow,2816,9.994,0.039499999999999424,0.05856269999999914
PKG_E,RCP_3,CLN_Flow,2733,9.993,0.0389999999999997,0.05782139999999955
PKG_E,RCP_4,CLN_Flow,2805,9.992,0.0389999999999997,0.05782139999999955
PKG_E,RCP_5,CLN_Flow,2697,9.992,0.03999999999999915,0.05930399999999873
PKG_E,RCP_6,CLN_Flow,2732,9.992,0.03999999999999915,0.05930399999999873
PKG_E,RCP_7,CLN_Flow,2832,9.993,0.0389999999999997,0.05782139999999955
PKG_E,RCP_8,CLN_Flow,2859,9.994,0.0389999999999997,0.05782139999999955
PKG_E,RCP_9,CLN_Flow,2773,9.993,0.0389999999999997,0.05782139999999955
PKG_F,RCP_1,CLN_Flow,2872,9.992,0.03900000000000148,0.05782140000000219
PKG_F,RCP_2,CLN_Flow,2828,9.99,0.03999999999999915,0.05930399999999873
PKG_F,RCP_3,CLN_Flow,2786,9.994,0.0389999999999997,0.05782139999999955
PKG_F,RCP_4,CLN_Flow,2894,9.992,0.038000000000000256,0.056338800000000376
PKG_F,RCP_5,CLN_Flow,2717,9.994,0.0389999999999997,0.05782139999999955
PKG_F,RCP_6,CLN_Flow,2756,9.991,0.04050000000000065,0.06004530000000095
PKG_F,RCP_7,CLN_Flow,2781,9.992,0.03799999999999848,0.05633879999999774
PKG_F,RCP_8,CLN_Flow,2850,9.992,0.03799999999999848,0.05633879999999774
PKG_F,RCP_9,CLN_Flow,2728,9.995,0.03700000000000081,0.0548562000000012
PKG_A,RCP_1,CLN_Pressure,2819,299.967,1.3140000000000214,1.9481364000000316
PKG_A,RCP_2,CLN_Pressure,2718,300.08450000000005,1.350999999999999,2.0029925999999985
PKG_A,RCP_3,CLN_Pressure,2735,299.988,1.339999999999975,1.9866839999999628
PKG_A,RCP_4,CLN_Pressure,2670,300.1195,1.283500000000032,1.9029171000000473
PKG_A,RCP_5,CLN_Pressure,2808,300.0245,1.2549999999999955,1.860662999999993
PKG_A,RCP_6,CLN_Pressure,2712,300.03499999999997,1.4010000000000105,2.0771226000000156
PKG_A,RCP_7,CLN_Pressure,2813,300.05,1.3050000000000068,1.93479300000001
PKG_A,RCP_8,CLN_Pressure,2724,300.0965,1.3594999999999686,2.015594699999953
PKG_A,RCP_9,CLN_Pressure,2823,300.042,1.3220000000000027,1.9599972000000039
PKG_B,RCP_1,CLN_Pressure,2902,300.015,1.3019999999999925,1.9303451999999888
PKG_B,RCP_2,CLN_Pressure,2867,300.056,1.3240000000000123,1.962962400000018
PKG_B,RCP_3,CLN_Pressure,2756,299.98350000000005,1.316500000000019,1.9518429000000281
PKG_B,RCP_4,CLN_Pressure,2806,300.021,1.364500000000021,2.023007700000031
PKG_B,RCP_5,CLN_Pressure,2729,300.083,1.3350000000000364,1.9792710000000537
PKG_B,RCP_6,CLN_Pressure,2712,300.0905,1.3105000000000189,1.942947300000028
PKG_B,RCP_7,CLN_Pressure,2678,300.076,1.3049999999999784,1.9347929999999678
PKG_B,RCP_8,CLN_Pressure,2707,299.98,1.34699999999998,1.9970621999999703
PKG_B,RCP_9,CLN_Pressure,2778,299.9545,1.343500000000006,1.9918731000000087
PKG_C,RCP_1,CLN_Pressure,2703,300.046,1.396000000000015,2.069709600000022
PKG_C,RCP_2,CLN_Pressure,2841,300.0,1.3620000000000232,2.0193012000000343
PKG_C,RCP_3,CLN_Pressure,2777,300.001,1.3220000000000027,1.9599972000000039
PKG_C,RCP_4,CLN_Pressure,2726,300.001,1.2934999999999945,1.9177430999999918
PKG_C,RCP_5,CLN_Pressure,2705,299.98,1.3109999999999786,1.9436885999999682
PKG_C,RCP_6,CLN_Pressure,2738,300.05499999999995,1.3550000000000466,2.008923000000069
PKG_C,RCP_7,CLN_Pressure,2719,299.996,1.3310000000000173,1.9733406000000255
PKG_C,RCP_8,CLN_Pressure,2794,300.028,1.320999999999998,1.9585145999999969
PKG_C,RCP_9,CLN_Pressure,2912,300.001,1.3495000000000061,2.000768700000009
PKG_D,RCP_1,CLN_Pressure,2863,299.986,1.301999999999964,1.9303451999999466
PKG_D,RCP_2,CLN_Pressure,2721,300.014,1.2849999999999682,1.9051409999999527
PKG_D,RCP_3,CLN_Pressure,2731,299.92,1.3600000000000136,2.0163360000000203
PKG_D,RCP_4,CLN_Pressure,2650,300.01250000000005,1.349000000000018,2.0000274000000267
PKG_D,RCP_5,CLN_Pressure,2726,300.065,1.3370000000000175,1.9822362000000258
PKG_D,RCP_6,CLN_Pressure,2810,300.0895,1.309500000000014,1.9414647000000207
PKG_D,RCP_7,CLN_Pressure,2725,299.919,1.3210000000000264,1.958514600000039
PKG_D,RCP_8,CLN_Pressure,2667,300.069,1.3389999999999986,1.9852013999999978
PKG_D,RCP_9,CLN_Pressure,2833,300.067,1.353999999999985,2.0074403999999775
PKG_E,RCP_1,CLN_Pressure,2816,300.0095,1.3629999999999995,2.0207837999999994
PKG_E,RCP_2,CLN_Pressure,2816,300.1705,1.3480000000000132,1.9985448000000194
PKG_E,RCP_3,CLN_Pressure,2733,300.011,1.3169999999999504,1.9525841999999265
PKG_E,RCP_4,CLN_Pressure,2805,300.023,1.3310000000000173,1.9733406000000255
PKG_E,RCP_5,CLN_Pressure,2697,300.082,1.3799999999999955,2.0459879999999933
PKG_E,RCP_6,CLN_Pressure,2732,299.9975,1.3710000000000093,2.0326446000000136
PKG_E,RCP_7,CLN_Pressure,2832,300.01149999999996,1.362499999999983,2.0200424999999744
PKG_E,RCP_8,CLN_Pressure,2859,299.991,1.3280000000000314,1.9688928000000465
PKG_E,RCP_9,CLN_Pressure,2773,299.964,1.3380000000000223,1.983718800000033
PKG_F,RCP_1,CLN_Pressure,2872,300.03650000000005,1.3214999999999577,1.9592558999999372
PKG_F,RCP_2,CLN_Pressure,2828,299.9765,1.2895000000000039,1.9118127000000056
PKG_F,RCP_3,CLN_Pressure,2786,300.029,1.3240000000000123,1.962962400000018
PKG_F,RCP_4,CLN_Pressure,2894,299.95550000000003,1.3635000000000446,2.021525100000066
PKG_F,RCP_5,CLN_Pressure,2717,300.002,1.2749999999999773,1.8903149999999662
PKG_F,RCP_6,CLN_Pressure,2756,300.02250000000004,1.3554999999999495,2.0096642999999252
PKG_F,RCP_7,CLN_Pressure,2781,299.998,1.329999999999984,1.9718579999999764
PKG_F,RCP_8,CLN_Pressure,2850,300.03049999999996,1.3424999999999727,1.9903904999999595
PKG_F,RCP_9,CLN_Pressure,2728,300.13300000000004,1.3264999999999816,1.9666688999999726
PKG_A,RCP_1,CLN_Time,2819,15.0,0.3520000000000003,0.5218752000000004
PKG_A,RCP_2,CLN_Time,2718,14.981,0.33399999999999963,0.4951883999999994
PKG_A,RCP_3,CLN_Time,2735,14.988,0.3290000000000006,0.4877754000000009
PKG_A,RCP_4,CLN_Time,2670,15.0075,0.34050000000000047,0.5048253000000007
PKG_A,RCP_5,CLN_Time,2808,14.969,0.34499999999999886,0.5114969999999983
PKG_A,RCP_6,CLN_Time,2712,15.000499999999999,0.3404999999999996,0.5048252999999994
PKG_A,RCP_7,CLN_Time,2813,15.026,0.3439999999999994,0.5100143999999991
PKG_A,RCP_8,CLN_Time,2724,14.9985,0.34199999999999964,0.5070491999999994
PKG_A,RCP_9,CLN_Time,2823,15.008,0.3330000000000002,0.49370580000000025
PKG_B,RCP_1,CLN_Time,2902,15.013,0.33500000000000085,0.49667100000000125
PKG_B,RCP_2,CLN_Time,2867,14.972,0.3410000000000011,0.5055666000000015
PKG_B,RCP_3,CLN_Time,2756,14.9895,0.3235000000000001,0.47962110000000013
PKG_B,RCP_4,CLN_Time,2806,14.994,0.3309999999999995,0.49074059999999925
PKG_B,RCP_5,CLN_Time,2729,15.005,0.3280000000000012,0.48629280000000175
PKG_B,RCP_6,CLN_Time,2712,15.0115,0.3410000000000002,0.5055666000000003
PKG_B,RCP_7,CLN_Time,2678,15.02,0.33749999999999947,0.5003774999999991
PKG_B,RCP_8,CLN_Time,2707,14.994,0.3439999999999994,0.5100143999999991
PKG_B,RCP_9,CLN_Time,2778,14.9985,0.32649999999999935,0.484068899999999
PKG_C,RCP_1,CLN_Time,2703,14.98,0.34299999999999997,0.5085318
PKG_C,RCP_2,CLN_Time,2841,14.996,0.34499999999999886,0.5114969999999983
PKG_C,RCP_3,CLN_Time,2777,15.014,0.32899999999999885,0.48777539999999825
PKG_C,RCP_4,CLN_Time,2726,15.0,0.33500000000000085,0.49667100000000125
PKG_C,RCP_5,CLN_Time,2705,15.009,0.3490000000000002,0.5174274000000003
PKG_C,RCP_6,CLN_Time,2738,14.977,0.3360000000000003,0.4981536000000004
PKG_C,RCP_7,CLN_Time,2719,15.008,0.3299999999999983,0.4892579999999974
PKG_C,RCP_8,CLN_Time,2794,15.016,0.3460000000000001,0.5129796000000001
PKG_C,RCP_9,CLN_Time,2912,15.005,0.3370000000000015,0.49963620000000225
PKG_D,RCP_1,CLN_Time,2863,15.012,0.3379999999999992,0.5011187999999988
PKG_D,RCP_2,CLN_Time,2721,15.005,0.33399999999999963,0.4951883999999994
PKG_D,RCP_3,CLN_Time,2731,15.011,0.33399999999999963,0.4951883999999994
PKG_D,RCP_4,CLN_Time,2650,15.011,0.34699999999999953,0.5144621999999993
PKG_D,RCP_5,CLN_Time,2726,14.9785,0.34300000000000086,0.5085318000000012
PKG_D,RCP_6,CLN_Time,2810,14.986,0.33500000000000085,0.49667100000000125
PKG_D,RCP_7,CLN_Time,2725,15.011,0.3460000000000001,0.5129796000000001
PKG_D,RCP_8,CLN_Time,2667,15.003,0.33800000000000097,0.5011188000000014
PKG_D,RCP_9,CLN_Time,2833,15.007,0.3439999999999994,0.5100143999999991
PKG_E,RCP_1,CLN_Time,2816,14.993,0.3390000000000004,0.5026014000000005
PKG_E,RCP_2,CLN_Time,2816,15.026,0.3230000000000004,0.4788798000000006
PKG_E,RCP_3,CLN_Time,2733,14.999,0.3379999999999992,0.5011187999999988
PKG_E,RCP_4,CLN_Time,2805,14.984,0.34500000000000064,0.5114970000000009
PKG_E,RCP_5,CLN_Time,2697,15.001,0.33699999999999974,0.4996361999999996
PKG_E,RCP_6,CLN_Time,2732,14.9985,0.35350000000000037,0.5240991000000005
PKG_E,RCP_7,CLN_Time,2832,14.985,0.3389999999999995,0.5026013999999993
PKG_E,RCP_8,CLN_Time,2859,14.98,0.3260000000000005,0.48332760000000075
PKG_E,RCP_9,CLN_Time,2773,15.004,0.33399999999999963,0.4951883999999994
PKG_F,RCP_1,CLN_Time,2872,15.008,0.3340000000000014,0.4951884000000021
PKG_F,RCP_2,CLN_Time,2828,15.007,0.32399999999999984,0.48036239999999975
PKG_F,RCP_3,CLN_Time,2786,15.018,0.32950000000000035,0.48851670000000047
PKG_F,RCP_4,CLN_Time,2894,14.984,0.33500000000000085,0.49667100000000125
PKG_F,RCP_5,CLN_Time,2717,14.996,0.33999999999999986,0.5040839999999998
PKG_F,RCP_6,CLN_Time,2756,14.98,0.3390000000000004,0.5026014000000005
PKG_F,RCP_7,CLN_Time,2781,14.971,0.3509999999999991,0.5203925999999987
PKG_F,RCP_8,CLN_Time,2850,15.005,0.3235000000000001,0.47962110000000013
PKG_F,RCP_9,CLN_Time,2728,15.013,0.3379999999999992,0.5011187999999988
PKG_A,RCP_1,Coating_Flow,2819,50.013,0.33500000000000085,0.49667100000000125
PKG_A,RCP_2,Coating_Flow,2718,50.0115,0.3294999999999959,0.4885166999999939
PKG_A,RCP_3,Coating_Flow,2735,49.997,0.3269999999999982,0.48481019999999725
PKG_A,RCP_4,Coating_Flow,2670,50.0125,0.3375000000000057,0.5003775000000084
PKG_A,RCP_5,Coating_Flow,2808,50.0065,0.33149999999999835,0.49148189999999753
PKG_A,RCP_6,Coating_Flow,2712,49.991,0.34350000000000236,0.5092731000000035
PKG_A,RCP_7,Coating_Flow,2813,50.015,0.3509999999999991,0.5203925999999987
PKG_A,RCP_8,Coating_Flow,2724,50.015,0.3549999999999969,0.5263229999999953
PKG_A,RCP_9,Coating_Flow,2823,50.007,0.3330000000000055,0.49370580000000813
PKG_B,RCP_1,Coating_Flow,2902,50.0035,0.3279999999999994,0.4862927999999991
PKG_B,RCP_2,Coating_Flow,2867,49.997,0.3299999999999983,0.4892579999999974
PKG_B,RCP_3,Coating_Flow,2756,49.9895,0.3535000000000039,0.5240991000000058
PKG_B,RCP_4,Coating_Flow,2806,49.978,0.33649999999999736,0.49889489999999603
PKG_B,RCP_5,Coating_Flow,2729,49.981,0.347999999999999,0.5159447999999984
PKG_B,RCP_6,Coating_Flow,2712,49.987,0.3384999999999998,0.5018600999999997
PKG_B,RCP_7,Coating_Flow,2678,49.9985,0.3325000000000031,0.49296450000000464
PKG_B,RCP_8,Coating_Flow,2707,50.008,0.3369999999999962,0.4996361999999943
PKG_B,RCP_9,Coating_Flow,2778,50.013,0.34199999999999875,0.5070491999999981
PKG_C,RCP_1,Coating_Flow,2703,49.974,0.3270000000000053,0.4848102000000078
PKG_C,RCP_2,Coating_Flow,2841,50.022,0.3399999999999963,0.5040839999999945
PKG_C,RCP_3,Coating_Flow,2777,50.007,0.3290000000000006,0.4877754000000009
PKG_C,RCP_4,Coating_Flow,2726,49.9815,0.33000000000000185,0.4892580000000027
PKG_C,RCP_5,Coating_Flow,2705,49.997,0.3340000000000032,0.4951884000000047
PKG_C,RCP_6,Coating_Flow,2738,49.999,0.3430000000000035,0.5085318000000052
PKG_C,RCP_7,Coating_Flow,2719,49.994,0.32500000000000284,0.4818450000000042
PKG_C,RCP_8,Coating_Flow,2794,49.9965,0.3405000000000058,0.5048253000000086
PKG_C,RCP_9,Coating_Flow,2912,49.994,0.3260000000000005,0.48332760000000075
PKG_D,RCP_1,Coating_Flow,2863,50.008,0.3329999999999984,0.4937057999999976
PKG_D,RCP_2,Coating_Flow,2721,49.987,0.3290000000000006,0.4877754000000009
PKG_D,RCP_3,Coating_Flow,2731,49.975,0.3269999999999982,0.48481019999999725
PKG_D,RCP_4,Coating_Flow,2650,49.988,0.3299999999999983,0.4892579999999974
PKG_D,RCP_5,Coating_Flow,2726,50.006,0.3329999999999984,0.4937057999999976
PKG_D,RCP_6,Coating_Flow,2810,50.018,0.3500000000000014,0.5189100000000021
PKG_D,RCP_7,Coating_Flow,2725,50.005,0.3359999999999985,0.49815359999999775
PKG_D,RCP_8,Coating_Flow,2667,50.014,0.33800000000000097,0.5011188000000014
PKG_D,RCP_9,Coating_Flow,2833,49.999,0.3359999999999985,0.49815359999999775
PKG_E,RCP_1,Coating_Flow,2816,49.996,0.34550000000000125,0.5122383000000018
PKG_E,RCP_2,Coating_Flow,2816,50.027,0.3400000000000034,0.5040840000000051
PKG_E,RCP_3,Coating_Flow,2733,50.021,0.3410000000000011,0.5055666000000015
PKG_E,RCP_4,Coating_Flow,2805,49.996,0.3359999999999985,0.49815359999999775
PKG_E,RCP_5,Coating_Flow,2697,50.0,0.33899999999999864,0.502601399999998
PKG_E,RCP_6,Coating_Flow,2732,50.0145,0.33549999999999613,0.49741229999999426
PKG_E,RCP_7,Coating_Flow,2832,50.005,0.33800000000000097,0.5011188000000014
PKG_E,RCP_8,Coating_Flow,2859,50.002,0.3329999999999984,0.4937057999999976
PKG_E,RCP_9,Coating_Flow,2773,49.992,0.3330000000000055,0.49370580000000813
PKG_F,RCP_1,Coating_Flow,2872,49.985,0.33500000000000085,0.49667100000000125
PKG_F,RCP_2,Coating_Flow,2828,50.0005,0.33549999999999613,0.49741229999999426
PKG_F,RCP_3,Coating_Flow,2786,49.9765,0.332499999999996,0.4929644999999941
PKG_F,RCP_4,Coating_Flow,2894,49.983999999999995,0.3440000000000012,0.5100144000000018
PKG_F,RCP_5,Coating_Flow,2717,49.992,0.3300000000000054,0.48925800000000796
PKG_F,RCP_6,Coating_Flow,2756,50.024,0.347999999999999,0.5159447999999984
PKG_F,RCP_7,Coating_Flow,2781,49.993,0.3330000000000055,0.49370580000000813
PKG_F,RCP_8,Coating_Flow,2850,50.0115,0.3445000000000036,0.5107557000000053
PKG_F,RCP_9,Coating_Flow,2728,49.997,0.3365000000000009,0.4988949000000013
PKG_A,RCP_1,Laser_Head_Remain_Time,2819,3093.0,1004.0,1488.5303999999999
PKG_A,RCP_2,Laser_Head_Remain_Time,2718,3008.0,973.0,1442.5698
PKG_A,RCP_3,Laser_Head_Remain_Time,2735,2969.0,1024.0,1518.1824
PKG_A,RCP_4,Laser_Head_Remain_Time,2670,3020.0,1042.5,1545.6105
PKG_A,RCP_5,Laser_Head_Remain_Time,2808,3077.0,981.0,1454.4306
PKG_A,RCP_6,Laser_Head_Remain_Time,2712,3033.0,1013.0,1501.8737999999998
PKG_A,RCP_7,Laser_Head_Remain_Time,2813,2971.0,999.0,1481.1173999999999
PKG_A,RCP_8,Laser_Head_Remain_Time,2724,2951.5,997.0,1478.1522
PKG_A,RCP_9,Laser_Head_Remain_Time,2823,2989.0,991.0,1469.2566
PKG_B,RCP_1,Laser_Head_Remain_Time,2902,3008.5,988.5,1465.5501
PKG_B,RCP_2,Laser_Head_Remain_Time,2867,3019.0,949.0,1406.9874
PKG_B,RCP_3,Laser_Head_Remain_Time,2756,3003.5,1002.5,1486.3065
PKG_B,RCP_4,Laser_Head_Remain_Time,2806,2928.5,1004.0,1488.5303999999999
PKG_B,RCP_5,Laser_Head_Remain_Time,2729,3006.0,999.0,1481.1173999999999
PKG_B,RCP_6,Laser_Head_Remain_Time,2712,2967.0,999.0,1481.1173999999999
PKG_B,RCP_7,Laser_Head_Remain_Time,2678,2966.0,981.0,1454.4306
PKG_B,RCP_8,Laser_Head_Remain_Time,2707,3047.0,1027.0,1522.6301999999998
PKG_B,RCP_9,Laser_Head_Remain_Time,2778,3011.5,1014.5,1504.0976999999998
PKG_C,RCP_1,Laser_Head_Remain_Time,2703,3069.0,1016.0,1506.3216
PKG_C,RCP_2,Laser_Head_Remain_Time,2841,2960.0,977.0,1448.5002
PKG_C,RCP_3,Laser_Head_Remain_Time,2777,3040.0,990.0,1467.774
PKG_C,RCP_4,Laser_Head_Remain_Time,2726,2959.5,974.5,1444.7937
PKG_C,RCP_5,Laser_Head_Remain_Time,2705,3061.0,980.0,1452.9479999999999
PKG_C,RCP_6,Laser_Head_Remain_Time,2738,2988.0,1000.0,1482.6
PKG_C,RCP_7,Laser_Head_Remain_Time,2719,2972.0,980.0,1452.9479999999999
PKG_C,RCP_8,Laser_Head_Remain_Time,2794,3003.5,992.0,1470.7392
PKG_C,RCP_9,Laser_Head_Remain_Time,2912,2972.0,1008.5,1495.2021
PKG_D,RCP_1,Laser_Head_Remain_Time,2863,2985.0,1014.0,1503.3564
PKG_D,RCP_2,Laser_Head_Remain_Time,2721,3009.0,976.0,1447.0176
PKG_D,RCP_3,Laser_Head_Remain_Time,2731,3041.0,999.0,1481.1173999999999
PKG_D,RCP_4,Laser_Head_Remain_Time,2650,2993.0,995.5,1475.9282999999998
PKG_D,RCP_5,Laser_Head_Remain_Time,2726,3011.5,1001.5,1484.8238999999999
PKG_D,RCP_6,Laser_Head_Remain_Time,2810,3043.0,987.0,1463.3262
PKG_D,RCP_7,Laser_Head_Remain_Time,2725,2936.0,1026.0,1521.1476
PKG_D,RCP_8,Laser_Head_Remain_Time,2667,2965.0,996.0,1476.6696
PKG_D,RCP_9,Laser_Head_Remain_Time,2833,2978.0,1029.0,1525.5954
PKG_E,RCP_1,Laser_Head_Remain_Time,2816,3065.5,974.5,1444.7937
PKG_E,RCP_2,Laser_Head_Remain_Time,2816,3033.5,982.0,1455.9132
PKG_E,RCP_3,Laser_Head_Remain_Time,2733,3014.0,989.0,1466.2913999999998
PKG_E,RCP_4,Laser_Head_Remain_Time,2805,2981.0,998.0,1479.6347999999998
PKG_E,RCP_5,Laser_Head_Remain_Time,2697,2956.0,1041.0,1543.3865999999998
PKG_E,RCP_6,Laser_Head_Remain_Time,2732,3019.0,1002.5,1486.3065
PKG_E,RCP_7,Laser_Head_Remain_Time,2832,2952.0,1003.5,1487.7891
PKG_E,RCP_8,Laser_Head_Remain_Time,2859,3001.0,984.0,1458.8783999999998
PKG_E,RCP_9,Laser_Head_Remain_Time,2773,2999.0,973.0,1442.5698
PKG_F,RCP_1,Laser_Head_Remain_Time,2872,3043.0,1018.0,1509.2867999999999
PKG_F,RCP_2,Laser_Head_Remain_Time,2828,2966.0,971.5,1440.3459
PKG_F,RCP_3,Laser_Head_Remain_Time,2786,3018.0,969.0,1436.6394
PKG_F,RCP_4,Laser_Head_Remain_Time,2894,3009.5,1016.5,1507.0629
PKG_F,RCP_5,Laser_Head_Remain_Time,2717,3010.0,982.0,1455.9132
PKG_F,RCP_6,Laser_Head_Remain_Time,2756,3003.5,984.5,1459.6197
PKG_F,RCP_7,Laser_Head_Remain_Time,2781,3004.0,1027.0,1522.6301999999998
PKG_F,RCP_8,Laser_Head_Remain_Time,2850,3043.0,996.0,1476.6696
PKG_F,RCP_9,Laser_Head_Remain_Time,2728,3000.0,1028.0,1524.1127999999999
PKG_A,RCP_1,Vibration,2819,0.1535,0.014600000000000002,0.021645960000000002
PKG_A,RCP_2,Vibration,2718,0.1544,0.015199999999999991,0.022535519999999986
PKG_A,RCP_3,Vibration,2735,0.1548,0.014899999999999997,0.022090739999999994
PKG_A,RCP_4,Vibration,2670,0.1541,0.015199999999999991,0.022535519999999986
PKG_A,RCP_5,Vibration,2808,0.155,0.014800000000000008,0.02194248000000001
PKG_A,RCP_6,Vibration,2712,0.1547,0.014300000000000007,0.02120118000000001
PKG_A,RCP_7,Vibration,2813,0.1533,0.015200000000000019,0.022535520000000028
PKG_A,RCP_8,Vibration,2724,0.15475,0.015050000000000008,0.02231313000000001
PKG_A,RCP_9,Vibration,2823,0.1545,0.014899999999999997,0.022090739999999994
PKG_B,RCP_1,Vibration,2902,0.1546,0.014399999999999996,0.021349439999999994
PKG_B,RCP_2,Vibration,2867,0.1552,0.015399999999999997,0.022832039999999994
PKG_B,RCP_3,Vibration,2756,0.1547,0.014499999999999985,0.021497699999999977
PKG_B,RCP_4,Vibration,2806,0.1544,0.01529999999999998,0.02268377999999997
PKG_B,RCP_5,Vibration,2729,0.1551,0.015499999999999986,0.022980299999999978
PKG_B,RCP_6,Vibration,2712,0.1542,0.015300000000000008,0.02268378000000001
PKG_B,RCP_7,Vibration,2678,0.1546,0.015200000000000019,0.022535520000000028
PKG_B,RCP_8,Vibration,2707,0.1554,0.014800000000000008,0.02194248000000001
PKG_B,RCP_9,Vibration,2778,0.1548,0.015100000000000002,0.022387260000000003
PKG_C,RCP_1,Vibration,2703,0.1541,0.014399999999999996,0.021349439999999994
PKG_C,RCP_2,Vibration,2841,0.1554,0.014600000000000002,0.021645960000000002
PKG_C,RCP_3,Vibration,2777,0.1552,0.015000000000000013,0.02223900000000002
PKG_C,RCP_4,Vibration,2726,0.15405,0.014850000000000002,0.022016610000000002
PKG_C,RCP_5,Vibration,2705,0.1544,0.015200000000000019,0.022535520000000028
PKG_C,RCP_6,Vibration,2738,0.1547,0.014899999999999997,0.022090739999999994
PKG_C,RCP_7,Vibration,2719,0.1548,0.014700000000000019,0.021794220000000027
PKG_C,RCP_8,Vibration,2794,0.1552,0.01469999999999999,0.021794219999999986
PKG_C,RCP_9,Vibration,2912,0.155,0.014949999999999991,0.022164869999999986
PKG_D,RCP_1,Vibration,2863,0.1553,0.015600000000000003,0.023128560000000003
PKG_D,RCP_2,Vibration,2721,0.1545,0.014800000000000008,0.02194248000000001
PKG_D,RCP_3,Vibration,2731,0.1542,0.014600000000000002,0.021645960000000002
PKG_D,RCP_4,Vibration,2650,0.15425,0.014850000000000002,0.022016610000000002
PKG_D,RCP_5,Vibration,2726,0.1555,0.014899999999999997,0.022090739999999994
PKG_D,RCP_6,Vibration,2810,0.1541,0.01490000000000001,0.022090740000000015
PKG_D,RCP_7,Vibration,2725,0.1539,0.014800000000000008,0.02194248000000001
PKG_D,RCP_8,Vibration,2667,0.1556,0.015400000000000025,0.022832040000000036
PKG_D,RCP_9,Vibration,2833,0.156,0.014399999999999996,0.021349439999999994
PKG_E,RCP_1,Vibration,2816,0.1544,0.014899999999999997,0.022090739999999994
PKG_E,RCP_2,Vibration,2816,0.1551,0.015,0.022239
PKG_E,RCP_3,Vibration,2733,0.1546,0.014900000000000024,0.022090740000000036
PKG_E,RCP_4,Vibration,2805,0.1543,0.014800000000000008,0.02194248000000001
PKG_E,RCP_5,Vibration,2697,0.1549,0.014899999999999997,0.022090739999999994
PKG_E,RCP_6,Vibration,2732,0.1544,0.014649999999999996,0.021720089999999994
PKG_E,RCP_7,Vibration,2832,0.1544,0.015,0.022239
PKG_E,RCP_8,Vibration,2859,0.1546,0.015200000000000019,0.022535520000000028
PKG_E,RCP_9,Vibration,2773,0.1538,0.01469999999999999,0.021794219999999986
PKG_F,RCP_1,Vibration,2872,0.1544,0.014800000000000008,0.02194248000000001
PKG_F,RCP_2,Vibration,2828,0.1548,0.014700000000000019,0.021794220000000027
PKG_F,RCP_3,Vibration,2786,0.1563,0.014700000000000019,0.021794220000000027
PKG_F,RCP_4,Vibration,2894,0.1541,0.015200000000000019,0.022535520000000028
PKG_F,RCP_5,Vibration,2717,0.1541,0.015499999999999986,0.022980299999999978
PKG_F,RCP_6,Vibration,2756,0.1536,0.014299999999999993,0.02120117999999999
PKG_F,RCP_7,Vibration,2781,0.1539,0.015100000000000002,0.022387260000000003
PKG_F,RCP_8,Vibration,2850,0.1547,0.015199999999999991,0.022535519999999986
PKG_F,RCP_9,Vibration,2728,0.15435,0.015349999999999975,0.02275790999999996
PKG_A,RCP_1,Kerf_Width_Profile,2819,50.0965,0.08109999999999928,0.12023885999999893
PKG_A,RCP_2,Kerf_Width_Profile,2718,50.0962,0.07669999999999533,0.11371541999999307
PKG_A,RCP_3,Kerf_Width_Profile,2735,50.0959,0.08050000000000068,0.119349300000001
PKG_A,RCP_4,Kerf_Width_Profile,2670,50.0958,0.08089999999999975,0.11994233999999962
PKG_A,RCP_5,Kerf_Width_Profile,2808,50.1004,0.08009999999999806,0.11875625999999712
PKG_A,RCP_6,Kerf_Width_Profile,2712,50.0966,0.08085000000000164,0.11986821000000243
PKG_A,RCP_7,Kerf_Width_Profile,2813,50.0899,0.0777000000000001,0.11519802000000015
PKG_A,RCP_8,Kerf_Width_Profile,2724,50.09805,0.08035000000000281,0.11912691000000415
PKG_A,RCP_9,Kerf_Width_Profile,2823,50.0967,0.08250000000000313,0.12231450000000463
PKG_B,RCP_1,Kerf_Width_Profile,2902,50.0928,0.07899999999999707,0.11712539999999565
PKG_B,RCP_2,Kerf_Width_Profile,2867,50.0956,0.07700000000000529,0.11416020000000783
PKG_B,RCP_3,Kerf_Width_Profile,2756,50.095349999999996,0.08314999999999628,0.12327818999999449
PKG_B,RCP_4,Kerf_Width_Profile,2806,50.0958,0.08089999999999975,0.11994233999999962
PKG_B,RCP_5,Kerf_Width_Profile,2729,50.0957,0.07949999999999591,0.11786669999999393
PKG_B,RCP_6,Kerf_Width_Profile,2712,50.09665,0.07725000000000293,0.11453085000000433
PKG_B,RCP_7,Kerf_Width_Profile,2678,50.0966,0.08164999999999978,0.12105428999999966
PKG_B,RCP_8,Kerf_Width_Profile,2707,50.0974,0.07840000000000202,0.11623584000000299
PKG_B,RCP_9,Kerf_Width_Profile,2778,50.0998,0.0788499999999992,0.11690300999999881
PKG_C,RCP_1,Kerf_Width_Profile,2703,50.1003,0.0835000000000008,0.12379710000000117
PKG_C,RCP_2,Kerf_Width_Profile,2841,50.0973,0.07950000000000301,0.11786670000000446
PKG_C,RCP_3,Kerf_Width_Profile,2777,50.0929,0.07909999999999684,0.11727365999999531
PKG_C,RCP_4,Kerf_Width_Profile,2726,50.09375,0.08129999999999882,0.12053537999999824
PKG_C,RCP_5,Kerf_Width_Profile,2705,50.0969,0.07920000000000016,0.11742192000000023
PKG_C,RCP_6,Kerf_Width_Profile,2738,50.0964,0.08245000000000147,0.12224037000000217
PKG_C,RCP_7,Kerf_Width_Profile,2719,50.0965,0.08040000000000447,0.11920104000000661
PKG_C,RCP_8,Kerf_Width_Profile,2794,50.0969,0.07880000000000109,0.1168288800000016
PKG_C,RCP_9,Kerf_Width_Profile,2912,50.09155,0.08425000000000438,0.12490905000000649
PKG_D,RCP_1,Kerf_Width_Profile,2863,50.0964,0.0812000000000026,0.12038712000000386
PKG_D,RCP_2,Kerf_Width_Profile,2721,50.102,0.08010000000000161,0.11875626000000239
PKG_D,RCP_3,Kerf_Width_Profile,2731,50.0981,0.0811999999999955,0.12038711999999333
PKG_D,RCP_4,Kerf_Width_Profile,2650,50.0959,0.08105000000000118,0.12016473000000173
PKG_D,RCP_5,Kerf_Width_Profile,2726,50.09635,0.07700000000000173,0.11416020000000257
PKG_D,RCP_6,Kerf_Width_Profile,2810,50.0994,0.07929999999999993,0.11757017999999989
PKG_D,RCP_7,Kerf_Width_Profile,2725,50.0942,0.08099999999999596,0.12009059999999401
PKG_D,RCP_8,Kerf_Width_Profile,2667,50.0986,0.07950000000000301,0.11786670000000446
PKG_D,RCP_9,Kerf_Width_Profile,2833,50.0968,0.07560000000000144,0.11208456000000214
PKG_E,RCP_1,Kerf_Width_Profile,2816,50.0943,0.07890000000000086,0.11697714000000127
PKG_E,RCP_2,Kerf_Width_Profile,2816,50.0947,0.08225000000000193,0.12194385000000287
PKG_E,RCP_3,Kerf_Width_Profile,2733,50.0961,0.07970000000000255,0.11816322000000377
PKG_E,RCP_4,Kerf_Width_Profile,2805,50.0998,0.08460000000000178,0.12542796000000264
PKG_E,RCP_5,Kerf_Width_Profile,2697,50.0949,0.08319999999999794,0.12335231999999695
PKG_E,RCP_6,Kerf_Width_Profile,2732,50.10085,0.07965000000000089,0.11808909000000131
PKG_E,RCP_7,Kerf_Width_Profile,2832,50.0963,0.07939999999999969,0.11771843999999954
PKG_E,RCP_8,Kerf_Width_Profile,2859,50.0955,0.08310000000000173,0.12320406000000256
PKG_E,RCP_9,Kerf_Width_Profile,2773,50.0996,0.08230000000000359,0.12201798000000531
PKG_F,RCP_1,Kerf_Width_Profile,2872,50.09825,0.08020000000000138,0.11890452000000204
PKG_F,RCP_2,Kerf_Width_Profile,2828,50.09785,0.08294999999999675,0.12298166999999517
PKG_F,RCP_3,Kerf_Width_Profile,2786,50.0957,0.07965000000000089,0.11808909000000131
PKG_F,RCP_4,Kerf_Width_Profile,2894,50.09895,0.08214999999999506,0.12179558999999267
PKG_F,RCP_5,Kerf_Width_Profile,2717,50.0999,0.08129999999999882,0.12053537999999824
PKG_F,RCP_6,Kerf_Width_Profile,2756,50.09635,0.0791499999999985,0.11734778999999777
PKG_F,RCP_7,Kerf_Width_Profile,2781,50.0995,0.07929999999999637,0.11757017999999461
PKG_F,RCP_8,Kerf_Width_Profile,2850,50.09155,0.08089999999999975,0.11994233999999962
PKG_F,RCP_9,Kerf_Width_Profile,2728,50.09555,0.082650000000001,0.12253689000000148
PKG_A,RCP_1,Top_Kerf,2819,50.0973,0.06880000000000308,0.10200288000000456
PKG_A,RCP_2,Top_Kerf,2718,50.0981,0.06935000000000002,0.10281831000000002
PKG_A,RCP_3,Top_Kerf,2735,50.0943,0.06859999999999644,0.10170635999999472
PKG_A,RCP_4,Top_Kerf,2670,50.0958,0.07050000000000267,0.10452330000000395
PKG_A,RCP_5,Top_Kerf,2808,50.0935,0.07079999999999842,0.10496807999999765
PKG_A,RCP_6,Top_Kerf,2712,50.0958,0.07084999999999653,0.10504220999999485
PKG_A,RCP_7,Top_Kerf,2813,50.0884,0.06750000000000256,0.10007550000000379
PKG_A,RCP_8,Top_Kerf,2724,50.0916,0.06879999999999953,0.1020028799999993
PKG_A,RCP_9,Top_Kerf,2823,50.0955,0.06900000000000261,0.10229940000000387
PKG_B,RCP_1,Top_Kerf,2902,50.092349999999996,0.06729999999999947,0.09977897999999921
PKG_B,RCP_2,Top_Kerf,2867,50.0949,0.0648000000000053,0.09607248000000784
PKG_B,RCP_3,Top_Kerf,2756,50.09385,0.06870000000000331,0.1018546200000049
PKG_B,RCP_4,Top_Kerf,2806,50.09255,0.06899999999999906,0.1022993999999986
PKG_B,RCP_5,Top_Kerf,2729,50.0935,0.06640000000000157,0.09844464000000232
PKG_B,RCP_6,Top_Kerf,2712,50.096,0.06860000000000355,0.10170636000000526
PKG_B,RCP_7,Top_Kerf,2678,50.093050000000005,0.06684999999999874,0.09911180999999814
PKG_B,RCP_8,Top_Kerf,2707,50.0955,0.06790000000000163,0.1006685400000024
PKG_B,RCP_9,Top_Kerf,2778,50.09385,0.07230000000000203,0.107191980000003
PKG_C,RCP_1,Top_Kerf,2703,50.0936,0.0677999999999983,0.10052027999999748
PKG_C,RCP_2,Top_Kerf,2841,50.0956,0.06820000000000448,0.10111332000000664
PKG_C,RCP_3,Top_Kerf,2777,50.0952,0.0683000000000007,0.10126158000000102
PKG_C,RCP_4,Top_Kerf,2726,50.090050000000005,0.06814999999999571,0.10103918999999364
PKG_C,RCP_5,Top_Kerf,2705,50.0952,0.06940000000000168,0.10289244000000249
PKG_C,RCP_6,Top_Kerf,2738,50.092699999999994,0.07039999999999935,0.10437503999999903
PKG_C,RCP_7,Top_Kerf,2719,50.092,0.06869999999999976,0.10185461999999965
PKG_C,RCP_8,Top_Kerf,2794,50.092349999999996,0.07019999999999982,0.10407851999999973
PKG_C,RCP_9,Top_Kerf,2912,50.09375,0.06674999999999898,0.09896354999999847
PKG_D,RCP_1,Top_Kerf,2863,50.0939,0.07030000000000314,0.10422678000000464
PKG_D,RCP_2,Top_Kerf,2721,50.098,0.06869999999999976,0.10185461999999965
PKG_D,RCP_3,Top_Kerf,2731,50.095,0.0688999999999993,0.10215113999999895
PKG_D,RCP_4,Top_Kerf,2650,50.0991,0.0727499999999992,0.10785914999999881
PKG_D,RCP_5,Top_Kerf,2726,50.096,0.06509999999999394,0.09651725999999101
PKG_D,RCP_6,Top_Kerf,2810,50.095600000000005,0.06755000000000422,0.10014963000000625
PKG_D,RCP_7,Top_Kerf,2725,50.0939,0.07029999999999603,0.1042267799999941
PKG_D,RCP_8,Top_Kerf,2667,50.0954,0.06850000000000023,0.10155810000000033
PKG_D,RCP_9,Top_Kerf,2833,50.0933,0.06629999999999825,0.0982963799999974
PKG_E,RCP_1,Top_Kerf,2816,50.09365,0.06874999999999432,0.10192874999999156
PKG_E,RCP_2,Top_Kerf,2816,50.0915,0.06959999999999766,0.10318895999999653
PKG_E,RCP_3,Top_Kerf,2733,50.0937,0.06810000000000116,0.10096506000000172
PKG_E,RCP_4,Top_Kerf,2805,50.0977,0.06969999999999743,0.10333721999999619
PKG_E,RCP_5,Top_Kerf,2697,50.0969,0.06919999999999504,0.10259591999999265
PKG_E,RCP_6,Top_Kerf,2732,50.09485,0.06764999999999688,0.10029788999999537
PKG_E,RCP_7,Top_Kerf,2832,50.0949,0.0700999999999965,0.1039302599999948
PKG_E,RCP_8,Top_Kerf,2859,50.0922,0.06899999999999551,0.10229939999999334
PKG_E,RCP_9,Top_Kerf,2773,50.0914,0.06770000000000209,0.1003720200000031
PKG_F,RCP_1,Top_Kerf,2872,50.09665,0.07024999999999793,0.10415264999999692
PKG_F,RCP_2,Top_Kerf,2828,50.0981,0.06980000000000075,0.1034854800000011
PKG_F,RCP_3,Top_Kerf,2786,50.0926,0.07039999999999935,0.10437503999999903
PKG_F,RCP_4,Top_Kerf,2894,50.09795,0.07034999999999769,0.10430090999999657
PKG_F,RCP_5,Top_Kerf,2717,50.0971,0.06970000000000454,0.10333722000000672
PKG_F,RCP_6,Top_Kerf,2756,50.09585,0.07034999999999769,0.10430090999999657
PKG_F,RCP_7,Top_Kerf,2781,50.0933,0.06700000000000017,0.09933420000000025
PKG_F,RCP_8,Top_Kerf,2850,50.0889,0.06719999999999615,0.09963071999999429
PKG_F,RCP_9,Top_Kerf,2728,50.09185,0.06760000000000232,0.10022376000000344
PKG_A,RCP_1,Bottom_Kerf,2819,50.0954,0.07090000000000174,0.10511634000000257
PKG_A,RCP_2,Bottom_Kerf,2718,50.0972,0.07050000000000267,0.10452330000000395
PKG_A,RCP_3,Bottom_Kerf,2735,50.0951,0.07000000000000028,0.10378200000000042
PKG_A,RCP_4,Bottom_Kerf,2670,50.095150000000004,0.06614999999999327,0.09807398999999002
PKG_A,RCP_5,Bottom_Kerf,2808,50.097449999999995,0.06850000000000023,0.10155810000000033
PKG_A,RCP_6,Bottom_Kerf,2712,50.0956,0.06930000000000547,0.1027441800000081
PKG_A,RCP_7,Bottom_Kerf,2813,50.0948,0.06840000000000401,0.10140984000000594
PKG_A,RCP_8,Bottom_Kerf,2724,50.094049999999996,0.07095000000000695,0.1051904700000103
PKG_A,RCP_9,Bottom_Kerf,2823,50.0942,0.07059999999999889,0.10467155999999835
PKG_B,RCP_1,Bottom_Kerf,2902,50.0989,0.07209999999999894,0.10689545999999843
PKG_B,RCP_2,Bottom_Kerf,2867,50.0964,0.06700000000000017,0.09933420000000025
PKG_B,RCP_3,Bottom_Kerf,2756,50.0995,0.07079999999999842,0.10496807999999765
PKG_B,RCP_4,Bottom_Kerf,2806,50.0958,0.06950000000000145,0.10304070000000215
PKG_B,RCP_5,Bottom_Kerf,2729,50.0934,0.06750000000000256,0.10007550000000379
PKG_B,RCP_6,Bottom_Kerf,2712,50.0951,0.06680000000000064,0.09903768000000093
PKG_B,RCP_7,Bottom_Kerf,2678,50.0934,0.06770000000000209,0.1003720200000031
PKG_B,RCP_8,Bottom_Kerf,2707,50.0994,0.06759999999999877,0.10022375999999818
PKG_B,RCP_9,Bottom_Kerf,2778,50.0916,0.06739999999999924,0.09992723999999886
PKG_C,RCP_1,Bottom_Kerf,2703,50.0974,0.07030000000000314,0.10422678000000464
PKG_C,RCP_2,Bottom_Kerf,2841,50.0995,0.06909999999999883,0.10244765999999826
PKG_C,RCP_3,Bottom_Kerf,2777,50.095,0.07029999999999603,0.1042267799999941
PKG_C,RCP_4,Bottom_Kerf,2726,50.090199999999996,0.06735000000000113,0.09985311000000167
PKG_C,RCP_5,Bottom_Kerf,2705,50.0943,0.07190000000000651,0.10659894000000965
PKG_C,RCP_6,Bottom_Kerf,2738,50.09805,0.06960000000000122,0.1031889600000018
PKG_C,RCP_7,Bottom_Kerf,2719,50.0953,0.06810000000000116,0.10096506000000172
PKG_C,RCP_8,Bottom_Kerf,2794,50.09735,0.07054999999999723,0.10459742999999588
PKG_C,RCP_9,Bottom_Kerf,2912,50.095,0.06935000000000002,0.10281831000000002
PKG_D,RCP_1,Bottom_Kerf,2863,50.0978,0.0707000000000022,0.10481982000000327
PKG_D,RCP_2,Bottom_Kerf,2721,50.0983,0.0694999999999979,0.10304069999999688
PKG_D,RCP_3,Bottom_Kerf,2731,50.0947,0.07019999999999982,0.10407851999999973
PKG_D,RCP_4,Bottom_Kerf,2650,50.09695,0.06950000000000145,0.10304070000000215
PKG_D,RCP_5,Bottom_Kerf,2726,50.0939,0.06855000000000189,0.1016322300000028
PKG_D,RCP_6,Bottom_Kerf,2810,50.0934,0.07295000000000229,0.1081556700000034
PKG_D,RCP_7,Bottom_Kerf,2725,50.0939,0.07080000000000553,0.10496808000000818
PKG_D,RCP_8,Bottom_Kerf,2667,50.0963,0.07209999999999894,0.10689545999999843
PKG_D,RCP_9,Bottom_Kerf,2833,50.0966,0.07090000000000174,0.10511634000000257
PKG_E,RCP_1,Bottom_Kerf,2816,50.0969,0.06955000000000311,0.1031148300000046
PKG_E,RCP_2,Bottom_Kerf,2816,50.0911,0.06914999999999694,0.10252178999999545
PKG_E,RCP_3,Bottom_Kerf,2733,50.0892,0.07100000000000506,0.1052646000000075
PKG_E,RCP_4,Bottom_Kerf,2805,50.0976,0.06940000000000168,0.10289244000000249
PKG_E,RCP_5,Bottom_Kerf,2697,50.0976,0.06880000000000308,0.10200288000000456
PKG_E,RCP_6,Bottom_Kerf,2732,50.1005,0.06954999999999956,0.10311482999999934
PKG_E,RCP_7,Bottom_Kerf,2832,50.0919,0.0666000000000011,0.09874116000000163
PKG_E,RCP_8,Bottom_Kerf,2859,50.0934,0.06880000000000308,0.10200288000000456
PKG_E,RCP_9,Bottom_Kerf,2773,50.0944,0.06869999999999976,0.10185461999999965
PKG_F,RCP_1,Bottom_Kerf,2872,50.095699999999994,0.06960000000000122,0.1031889600000018
PKG_F,RCP_2,Bottom_Kerf,2828,50.0937,0.07029999999999959,0.10422677999999938
PKG_F,RCP_3,Bottom_Kerf,2786,50.09635,0.07114999999999938,0.10548698999999907
PKG_F,RCP_4,Bottom_Kerf,2894,50.0987,0.07000000000000028,0.10378200000000042
PKG_F,RCP_5,Bottom_Kerf,2717,50.099,0.06730000000000302,0.09977898000000447
PKG_F,RCP_6,Bottom_Kerf,2756,50.09605,0.07085000000000008,0.10504221000000011
PKG_F,RCP_7,Bottom_Kerf,2781,50.0997,0.06920000000000215,0.10259592000000319
PKG_F,RCP_8,Bottom_Kerf,2850,50.0931,0.06909999999999883,0.10244765999999826
PKG_F,RCP_9,Bottom_Kerf,2728,50.0938,0.07209999999999894,0.10689545999999843
PKG_A,RCP_1,Kerf_Angle,2819,90.037,0.07199999999998852,0.10674719999998297
PKG_A,RCP_2,Kerf_Angle,2718,90.035,0.07350000000000279,0.10897110000000412
PKG_A,RCP_3,Kerf_Angle,2735,90.035,0.07399999999999807,0.10971239999999713
PKG_A,RCP_4,Kerf_Angle,2670,90.0355,0.07450000000000045,0.11045370000000067
PKG_A,RCP_5,Kerf_Angle,2808,90.035,0.07200000000000273,0.10674720000000404
PKG_A,RCP_6,Kerf_Angle,2712,90.04,0.07200000000000273,0.10674720000000404
PKG_A,RCP_7,Kerf_Angle,2813,90.032,0.07200000000000273,0.10674720000000404
PKG_A,RCP_8,Kerf_Angle,2724,90.034,0.07200000000000273,0.10674720000000404
PKG_A,RCP_9,Kerf_Angle,2823,90.033,0.07099999999999795,0.10526459999999696
PKG_B,RCP_1,Kerf_Angle,2902,90.034,0.07100000000001216,0.10526460000001803
PKG_B,RCP_2,Kerf_Angle,2867,90.037,0.0730000000000075,0.10822980000001112
PKG_B,RCP_3,Kerf_Angle,2756,90.036,0.07399999999999807,0.10971239999999713
PKG_B,RCP_4,Kerf_Angle,2806,90.039,0.07299999999999329,0.10822979999999005
PKG_B,RCP_5,Kerf_Angle,2729,90.039,0.06900000000000261,0.10229940000000387
PKG_B,RCP_6,Kerf_Angle,2712,90.041,0.07099999999999795,0.10526459999999696
PKG_B,RCP_7,Kerf_Angle,2678,90.04,0.06900000000000261,0.10229940000000387
PKG_B,RCP_8,Kerf_Angle,2707,90.039,0.07099999999999795,0.10526459999999696
PKG_B,RCP_9,Kerf_Angle,2778,90.04,0.0759999999999934,0.11267759999999022
PKG_C,RCP_1,Kerf_Angle,2703,90.034,0.07299999999999329,0.10822979999999005
PKG_C,RCP_2,Kerf_Angle,2841,90.036,0.0730000000000075,0.10822980000001112
PKG_C,RCP_3,Kerf_Angle,2777,90.035,0.07200000000000273,0.10674720000000404
PKG_C,RCP_4,Kerf_Angle,2726,90.035,0.07050000000000267,0.10452330000000395
PKG_C,RCP_5,Kerf_Angle,2705,90.04,0.0730000000000075,0.10822980000001112
PKG_C,RCP_6,Kerf_Angle,2738,90.036,0.0730000000000075,0.10822980000001112
PKG_C,RCP_7,Kerf_Angle,2719,90.039,0.07500000000000284,0.11119500000000421
PKG_C,RCP_8,Kerf_Angle,2794,90.038,0.07500000000000284,0.11119500000000421
PKG_C,RCP_9,Kerf_Angle,2912,90.038,0.07099999999999795,0.10526459999999696
PKG_D,RCP_1,Kerf_Angle,2863,90.037,0.07399999999999807,0.10971239999999713
PKG_D,RCP_2,Kerf_Angle,2721,90.038,0.07000000000000739,0.10378200000001095
PKG_D,RCP_3,Kerf_Angle,2731,90.04,0.07100000000001216,0.10526460000001803
PKG_D,RCP_4,Kerf_Angle,2650,90.038,0.07050000000000267,0.10452330000000395
PKG_D,RCP_5,Kerf_Angle,2726,90.0335,0.0724999999999909,0.10748849999998651
PKG_D,RCP_6,Kerf_Angle,2810,90.036,0.0730000000000075,0.10822980000001112
PKG_D,RCP_7,Kerf_Angle,2725,90.039,0.07299999999999329,0.10822979999999005
PKG_D,RCP_8,Kerf_Angle,2667,90.042,0.07099999999999795,0.10526459999999696
PKG_D,RCP_9,Kerf_Angle,2833,90.033,0.06999999999999318,0.10378199999998988
PKG_E,RCP_1,Kerf_Angle,2816,90.042,0.07099999999999795,0.10526459999999696
PKG_E,RCP_2,Kerf_Angle,2816,90.034,0.07099999999999795,0.10526459999999696
PKG_E,RCP_3,Kerf_Angle,2733,90.035,0.07500000000000284,0.11119500000000421
PKG_E,RCP_4,Kerf_Angle,2805,90.041,0.0730000000000075,0.10822980000001112
PKG_E,RCP_5,Kerf_Angle,2697,90.036,0.07200000000000273,0.10674720000000404
PKG_E,RCP_6,Kerf_Angle,2732,90.034,0.07200000000000273,0.10674720000000404
PKG_E,RCP_7,Kerf_Angle,2832,90.036,0.07299999999999329,0.10822979999999005
PKG_E,RCP_8,Kerf_Angle,2859,90.042,0.0730000000000075,0.10822980000001112
PKG_E,RCP_9,Kerf_Angle,2773,90.038,0.07099999999999795,0.10526459999999696
PKG_F,RCP_1,Kerf_Angle,2872,90.041,0.07399999999999807,0.10971239999999713
PKG_F,RCP_2,Kerf_Angle,2828,90.037,0.07050000000000267,0.10452330000000395
PKG_F,RCP_3,Kerf_Angle,2786,90.037,0.07500000000000284,0.11119500000000421
PKG_F,RCP_4,Kerf_Angle,2894,90.035,0.07200000000000273,0.10674720000000404
PKG_F,RCP_5,Kerf_Angle,2717,90.036,0.07099999999999795,0.10526459999999696
PKG_F,RCP_6,Kerf_Angle,2756,90.037,0.07399999999999807,0.10971239999999713
PKG_F,RCP_7,Kerf_Angle,2781,90.036,0.07500000000000284,0.11119500000000421
PKG_F,RCP_8,Kerf_Angle,2850,90.033,0.07000000000000739,0.10378200000001095
PKG_F,RCP_9,Kerf_Angle,2728,90.036,0.07399999999999807,0.10971239999999713
PKG_A,RCP_1,Groove_Depth,2819,44.986,0.10699999999999932,0.15863819999999898
PKG_A,RCP_2,Groove_Depth,2718,44.992149999999995,0.10965000000000558,0.16256709000000827
PKG_A,RCP_3,Groove_Depth,2735,44.9886,0.10849999999999937,0.16086209999999906
PKG_A,RCP_4,Groove_Depth,2670,44.979699999999994,0.10714999999999719,0.15886058999999583
PKG_A,RCP_5,Groove_Depth,2808,44.98425,0.10960000000000036,0.16249296000000052
PKG_A,RCP_6,Groove_Depth,2712,44.9893,0.11080000000000112,0.16427208000000165
PKG_A,RCP_7,Groove_Depth,2813,44.9909,0.11019999999999897,0.16338251999999845
PKG_A,RCP_8,Groove_Depth,2724,44.99405,0.11100000000000065,0.16456860000000095
PKG_A,RCP_9,Groove_Depth,2823,44.9873,0.10999999999999943,0.16308599999999915
PKG_B,RCP_1,Groove_Depth,2902,44.9893,0.11255000000000237,0.1668666300000035
PKG_B,RCP_2,Groove_Depth,2867,44.9896,0.1127000000000038,0.1670890200000056
PKG_B,RCP_3,Groove_Depth,2756,44.987449999999995,0.11204999999999998,0.16612532999999996
PKG_B,RCP_4,Groove_Depth,2806,44.9835,0.10679999999999978,0.15834167999999968
PKG_B,RCP_5,Groove_Depth,2729,44.9835,0.11200000000000188,0.16605120000000279
PKG_B,RCP_6,Groove_Depth,2712,44.9846,0.10810000000000031,0.16026906000000044
PKG_B,RCP_7,Groove_Depth,2678,44.9854,0.10745000000000005,0.15930537000000006
PKG_B,RCP_8,Groove_Depth,2707,44.9832,0.11019999999999897,0.16338251999999845
PKG_B,RCP_9,Groove_Depth,2778,44.99235,0.11435000000000173,0.16953531000000255
PKG_C,RCP_1,Groove_Depth,2703,44.9908,0.11050000000000182,0.1638273000000027
PKG_C,RCP_2,Groove_Depth,2841,44.9861,0.1086000000000027,0.161010360000004
PKG_C,RCP_3,Groove_Depth,2777,44.9863,0.10999999999999943,0.16308599999999915
PKG_C,RCP_4,Groove_Depth,2726,44.98645,0.10945000000000249,0.1622705700000037
PKG_C,RCP_5,Groove_Depth,2705,44.9923,0.1109999999999971,0.16456859999999568
PKG_C,RCP_6,Groove_Depth,2738,44.991,0.11280000000000001,0.16723728000000002
PKG_C,RCP_7,Groove_Depth,2719,44.9879,0.11140000000000327,0.16516164000000486
PKG_C,RCP_8,Groove_Depth,2794,44.99015,0.11255000000000237,0.1668666300000035
PKG_C,RCP_9,Groove_Depth,2912,44.98495,0.11135000000000161,0.16508751000000238
PKG_D,RCP_1,Groove_Depth,2863,44.9896,0.10889999999999844,0.1614551399999977
PKG_D,RCP_2,Groove_Depth,2721,44.9844,0.113900000000001,0.16886814000000147
PKG_D,RCP_3,Groove_Depth,2731,44.9875,0.11149999999999949,0.16530989999999923
PKG_D,RCP_4,Groove_Depth,2650,44.980850000000004,0.11344999999999672,0.16820096999999512
PKG_D,RCP_5,Groove_Depth,2726,44.98245,0.10874999999999702,0.16123274999999557
PKG_D,RCP_6,Groove_Depth,2810,44.98805,0.1086500000000008,0.1610844900000012
PKG_D,RCP_7,Groove_Depth,2725,44.9891,0.11019999999999897,0.16338251999999845
PKG_D,RCP_8,Groove_Depth,2667,44.9967,0.11059999999999803,0.16397555999999708
PKG_D,RCP_9,Groove_Depth,2833,44.9885,0.11169999999999902,0.16560641999999853
PKG_E,RCP_1,Groove_Depth,2816,44.991550000000004,0.11050000000000182,0.1638273000000027
PKG_E,RCP_2,Groove_Depth,2816,44.98785,0.11095000000000255,0.16449447000000378
PKG_E,RCP_3,Groove_Depth,2733,44.9891,0.10540000000000305,0.15626604000000452
PKG_E,RCP_4,Groove_Depth,2805,44.9878,0.11220000000000141,0.1663477200000021
PKG_E,RCP_5,Groove_Depth,2697,44.9931,0.10699999999999932,0.15863819999999898
PKG_E,RCP_6,Groove_Depth,2732,44.9789,0.107800000000001,0.15982428000000148
PKG_E,RCP_7,Groove_Depth,2832,44.99255,0.10889999999999844,0.1614551399999977
PKG_E,RCP_8,Groove_Depth,2859,44.9953,0.11240000000000094,0.1666442400000014
PKG_E,RCP_9,Groove_Depth,2773,44.9858,0.11180000000000234,0.16575468000000346
PKG_F,RCP_1,Groove_Depth,2872,44.9828,0.1104499999999966,0.16375316999999495
PKG_F,RCP_2,Groove_Depth,2828,44.98935,0.11084999999999923,0.16434620999999885
PKG_F,RCP_3,Groove_Depth,2786,44.98635,0.11365000000000336,0.16849749000000497
PKG_F,RCP_4,Groove_Depth,2894,44.989450000000005,0.11370000000000147,0.16857162000000217
PKG_F,RCP_5,Groove_Depth,2717,44.9849,0.10890000000000555,0.1614551400000082
PKG_F,RCP_6,Groove_Depth,2756,44.98995,0.11090000000000089,0.1644203400000013
PKG_F,RCP_7,Groove_Depth,2781,44.9831,0.1133000000000024,0.16797858000000354
PKG_F,RCP_8,Groove_Depth,2850,44.9843,0.10725000000000051,0.15900885000000076
PKG_F,RCP_9,Groove_Depth,2728,44.98025,0.11424999999999841,0.16938704999999762
PKG_A,RCP_1,Package_Size_1,2819,4.99999,0.00039999999999995595,0.0005930399999999347
PKG_A,RCP_2,Package_Size_1,2718,4.99997,0.00038999999999989043,0.0005782139999998375
PKG_A,RCP_3,Package_Size_1,2735,5.00001,0.00039999999999995595,0.0005930399999999347
PKG_A,RCP_4,Package_Size_1,2670,4.99996,0.00039999999999995595,0.0005930399999999347
PKG_A,RCP_5,Package_Size_1,2808,4.99997,0.00039999999999995595,0.0005930399999999347
PKG_A,RCP_6,Package_Size_1,2712,4.99997,0.00038999999999944635,0.0005782139999991791
PKG_A,RCP_7,Package_Size_1,2813,4.99999,0.00039999999999995595,0.0005930399999999347
PKG_A,RCP_8,Package_Size_1,2724,4.99998,0.00039999999999995595,0.0005930399999999347
PKG_A,RCP_9,Package_Size_1,2823,4.99999,0.00039999999999995595,0.0005930399999999347
PKG_B,RCP_1,Package_Size_1,2902,4.99999,0.00040999999999957737,0.0006078659999993734
PKG_B,RCP_2,Package_Size_1,2867,4.99997,0.0003799999999998249,0.0005633879999997404
PKG_B,RCP_3,Package_Size_1,2756,4.99997,0.00039999999999995595,0.0005930399999999347
PKG_B,RCP_4,Package_Size_1,2806,4.99999,0.00041000000000046555,0.0006078660000006902
PKG_B,RCP_5,Package_Size_1,2729,4.99999,0.0003900000000003345,0.000578214000000496
PKG_B,RCP_6,Package_Size_1,2712,5.0,0.00039999999999995595,0.0005930399999999347
PKG_B,RCP_7,Package_Size_1,2678,4.99999,0.0003800000000007131,0.0005633880000010572
PKG_B,RCP_8,Package_Size_1,2707,5.0,0.0003900000000003345,0.000578214000000496
PKG_B,RCP_9,Package_Size_1,2778,4.99999,0.00040999999999957737,0.0006078659999993734
PKG_C,RCP_1,Package_Size_1,2703,5.00001,0.0003800000000007131,0.0005633880000010572
PKG_C,RCP_2,Package_Size_1,2841,5.00001,0.00039999999999995595,0.0005930399999999347
PKG_C,RCP_3,Package_Size_1,2777,4.99996,0.00040999999999957737,0.0006078659999993734
PKG_C,RCP_4,Package_Size_1,2726,4.99997,0.00040999999999957737,0.0006078659999993734
PKG_C,RCP_5,Package_Size_1,2705,4.99999,0.0003800000000007131,0.0005633880000010572
PKG_C,RCP_6,Package_Size_1,2738,4.99999,0.00039999999999995595,0.0005930399999999347
PKG_C,RCP_7,Package_Size_1,2719,4.99997,0.00039999999999995595,0.0005930399999999347
PKG_C,RCP_8,Package_Size_1,2794,5.0,0.00039999999999995595,0.0005930399999999347
PKG_C,RCP_9,Package_Size_1,2912,4.9999649999999995,0.00039499999999925706,0.0005856269999988985
PKG_D,RCP_1,Package_Size_1,2863,4.99997,0.00039999999999995595,0.0005930399999999347
PKG_D,RCP_2,Package_Size_1,2721,4.99999,0.0003700000000002035,0.0005485620000003017
PKG_D,RCP_3,Package_Size_1,2731,4.99999,0.00039999999999995595,0.0005930399999999347
PKG_D,RCP_4,Package_Size_1,2650,4.99999,0.00039999999999995595,0.0005930399999999347
PKG_D,RCP_5,Package_Size_1,2726,4.999985000000001,0.0003750000000009024,0.0005559750000013378
PKG_D,RCP_6,Package_Size_1,2810,4.99996,0.00040999999999957737,0.0006078659999993734
PKG_D,RCP_7,Package_Size_1,2725,4.99999,0.0003900000000003345,0.000578214000000496
PKG_D,RCP_8,Package_Size_1,2667,5.0,0.00039999999999995595,0.0005930399999999347
PKG_D,RCP_9,Package_Size_1,2833,4.99999,0.0003800000000007131,0.0005633880000010572
PKG_E,RCP_1,Package_Size_1,2816,4.99998,0.0003799999999998249,0.0005633879999997404
PKG_E,RCP_2,Package_Size_1,2816,4.999985000000001,0.00040499999999976666,0.0006004529999996541
PKG_E,RCP_3,Package_Size_1,2733,4.99998,0.00038999999999944635,0.0005782139999991791
PKG_E,RCP_4,Package_Size_1,2805,5.0,0.00039999999999995595,0.0005930399999999347
PKG_E,RCP_5,Package_Size_1,2697,4.99999,0.00041000000000046555,0.0006078660000006902
PKG_E,RCP_6,Package_Size_1,2732,4.99998,0.00039999999999995595,0.0005930399999999347
PKG_E,RCP_7,Package_Size_1,2832,4.99998,0.00039999999999995595,0.0005930399999999347
PKG_E,RCP_8,Package_Size_1,2859,4.99998,0.00039999999999995595,0.0005930399999999347
PKG_E,RCP_9,Package_Size_1,2773,5.00001,0.00039999999999995595,0.0005930399999999347
PKG_F,RCP_1,Package_Size_1,2872,4.999975,0.00038499999999963563,0.0005708009999994598
PKG_F,RCP_2,Package_Size_1,2828,5.0,0.0003900000000003345,0.000578214000000496
PKG_F,RCP_3,Package_Size_1,2786,4.999985000000001,0.0003750000000009024,0.0005559750000013378
PKG_F,RCP_4,Package_Size_1,2894,4.99998,0.0003900000000003345,0.000578214000000496
PKG_F,RCP_5,Package_Size_1,2717,5.0,0.0003799999999998249,0.0005633879999997404
PKG_F,RCP_6,Package_Size_1,2756,4.99998,0.00039999999999995595,0.0005930399999999347
PKG_F,RCP_7,Package_Size_1,2781,4.99996,0.00039999999999995595,0.0005930399999999347
PKG_F,RCP_8,Package_Size_1,2850,4.99998,0.0003900000000003345,0.000578214000000496
PKG_F,RCP_9,Package_Size_1,2728,4.99999,0.00039999999999995595,0.0005930399999999347
PKG_A,RCP_1,Package_Size_2,2819,4.99998,0.0003500000000000725,0.0005189100000001075
PKG_A,RCP_2,Package_Size_2,2718,4.99998,0.0003599999999996939,0.0005337359999995462
PKG_A,RCP_3,Package_Size_2,2735,4.99999,0.0003599999999996939,0.0005337359999995462
PKG_A,RCP_4,Package_Size_2,2670,4.99996,0.00032999999999994145,0.0004892579999999132
PKG_A,RCP_5,Package_Size_2,2808,4.99999,0.0003499999999991843,0.0005189099999987906
PKG_A,RCP_6,Package_Size_2,2712,4.99999,0.0003599999999996939,0.0005337359999995462
PKG_A,RCP_7,Package_Size_2,2813,4.99999,0.0003399999999995629,0.0005040839999993519
PKG_A,RCP_8,Package_Size_2,2724,5.00002,0.0003599999999996939,0.0005337359999995462
PKG_A,RCP_9,Package_Size_2,2823,4.99999,0.0003500000000000725,0.0005189100000001075
PKG_B,RCP_1,Package_Size_2,2902,4.999985000000001,0.0003650000000003928,0.0005411490000005823
PKG_B,RCP_2,Package_Size_2,2867,4.99997,0.0003500000000000725,0.0005189100000001075
PKG_B,RCP_3,Package_Size_2,2756,4.99998,0.00034000000000045105,0.0005040840000006688
PKG_B,RCP_4,Package_Size_2,2806,4.99997,0.0003500000000000725,0.0005189100000001075
PKG_B,RCP_5,Package_Size_2,2729,4.99998,0.0003500000000000725,0.0005189100000001075
PKG_B,RCP_6,Package_Size_2,2712,5.00001,0.0003499999999991843,0.0005189099999987906
PKG_B,RCP_7,Package_Size_2,2678,4.99998,0.0003599999999996939,0.0005337359999995462
PKG_B,RCP_8,Package_Size_2,2707,4.99998,0.0003599999999996939,0.0005337359999995462
PKG_B,RCP_9,Package_Size_2,2778,4.999985000000001,0.000354999999998995,0.00052632299999851
PKG_C,RCP_1,Package_Size_2,2703,5.0,0.00032999999999994145,0.0004892579999999132
PKG_C,RCP_2,Package_Size_2,2841,4.99999,0.0003600000000005821,0.000533736000000863
PKG_C,RCP_3,Package_Size_2,2777,5.0,0.0003500000000000725,0.0005189100000001075
PKG_C,RCP_4,Package_Size_2,2726,4.99999,0.0003499999999991843,0.0005189099999987906
PKG_C,RCP_5,Package_Size_2,2705,4.99999,0.0003499999999991843,0.0005189099999987906
PKG_C,RCP_6,Package_Size_2,2738,4.99998,0.00034000000000045105,0.0005040840000006688
PKG_C,RCP_7,Package_Size_2,2719,5.0,0.0003700000000002035,0.0005485620000003017
PKG_C,RCP_8,Package_Size_2,2794,4.99998,0.0003500000000000725,0.0005189100000001075
PKG_C,RCP_9,Package_Size_2,2912,4.99999,0.0003599999999996939,0.0005337359999995462
PKG_D,RCP_1,Package_Size_2,2863,4.99997,0.0003600000000005821,0.000533736000000863
PKG_D,RCP_2,Package_Size_2,2721,4.99999,0.0003500000000000725,0.0005189100000001075
PKG_D,RCP_3,Package_Size_2,2731,4.99999,0.00034000000000045105,0.0005040840000006688
PKG_D,RCP_4,Package_Size_2,2650,4.99999,0.0003499999999991843,0.0005189099999987906
PKG_D,RCP_5,Package_Size_2,2726,4.99997,0.0003399999999995629,0.0005040839999993519
PKG_D,RCP_6,Package_Size_2,2810,4.999985000000001,0.0003449999999993736,0.0005114969999990712
PKG_D,RCP_7,Package_Size_2,2725,4.99997,0.0003600000000005821,0.000533736000000863
PKG_D,RCP_8,Package_Size_2,2667,5.00002,0.0003500000000000725,0.0005189100000001075
PKG_D,RCP_9,Package_Size_2,2833,4.99998,0.00034000000000045105,0.0005040840000006688
PKG_E,RCP_1,Package_Size_2,2816,4.99999,0.0003499999999996284,0.000518909999999449
PKG_E,RCP_2,Package_Size_2,2816,5.00001,0.0003499999999991843,0.0005189099999987906
PKG_E,RCP_3,Package_Size_2,2733,4.99999,0.0003499999999991843,0.0005189099999987906
PKG_E,RCP_4,Package_Size_2,2805,5.00002,0.00032999999999994145,0.0004892579999999132
PKG_E,RCP_5,Package_Size_2,2697,4.99997,0.0003799999999998249,0.0005633879999997404
PKG_E,RCP_6,Package_Size_2,2732,4.99999,0.0003700000000002035,0.0005485620000003017
PKG_E,RCP_7,Package_Size_2,2832,5.0,0.0003399999999995629,0.0005040839999993519
PKG_E,RCP_8,Package_Size_2,2859,5.0,0.0003599999999996939,0.0005337359999995462
PKG_E,RCP_9,Package_Size_2,2773,5.0,0.0003399999999995629,0.0005040839999993519
PKG_F,RCP_1,Package_Size_2,2872,4.99999,0.0003600000000005821,0.000533736000000863
PKG_F,RCP_2,Package_Size_2,2828,4.99997,0.0003599999999996939,0.0005337359999995462
PKG_F,RCP_3,Package_Size_2,2786,4.99998,0.0003500000000000725,0.0005189100000001075
PKG_F,RCP_4,Package_Size_2,2894,5.00001,0.00034000000000045105,0.0005040840000006688
PKG_F,RCP_5,Package_Size_2,2717,4.99999,0.0003499999999991843,0.0005189099999987906
PKG_F,RCP_6,Package_Size_2,2756,5.00001,0.0003500000000000725,0.0005189100000001075
PKG_F,RCP_7,Package_Size_2,2781,4.99997,0.0003500000000000725,0.0005189100000001075
PKG_F,RCP_8,Package_Size_2,2850,4.99998,0.00034000000000045105,0.0005040840000006688
PKG_F,RCP_9,Package_Size_2,2728,5.0,0.0003599999999996939,0.0005337359999995462
PKG_A,RCP_1,Package_Size_3,2819,5.00001,0.0003500000000000725,0.0005189100000001075
PKG_A,RCP_2,Package_Size_3,2718,5.00001,0.0003500000000000725,0.0005189100000001075
PKG_A,RCP_3,Package_Size_3,2735,5.00002,0.0003599999999996939,0.0005337359999995462
PKG_A,RCP_4,Package_Size_3,2670,5.00002,0.0003500000000000725,0.0005189100000001075
PKG_A,RCP_5,Package_Size_3,2808,4.99999,0.0003599999999996939,0.0005337359999995462
PKG_A,RCP_6,Package_Size_3,2712,5.00003,0.0003500000000000725,0.0005189100000001075
PKG_A,RCP_7,Package_Size_3,2813,5.0,0.0003599999999996939,0.0005337359999995462
PKG_A,RCP_8,Package_Size_3,2724,5.00002,0.0003500000000000725,0.0005189100000001075
PKG_A,RCP_9,Package_Size_3,2823,5.00001,0.0003499999999991843,0.0005189099999987906
PKG_B,RCP_1,Package_Size_3,2902,5.00002,0.00034000000000045105,0.0005040840000006688
PKG_B,RCP_2,Package_Size_3,2867,5.00002,0.0003500000000000725,0.0005189100000001075
PKG_B,RCP_3,Package_Size_3,2756,5.00001,0.00034000000000045105,0.0005040840000006688
PKG_B,RCP_4,Package_Size_3,2806,5.00002,0.0003500000000000725,0.0005189100000001075
PKG_B,RCP_5,Package_Size_3,2729,4.99998,0.00034000000000045105,0.0005040840000006688
PKG_B,RCP_6,Package_Size_3,2712,5.00002,0.0003599999999996939,0.0005337359999995462
PKG_B,RCP_7,Package_Size_3,2678,5.00001,0.0003600000000005821,0.000533736000000863
PKG_B,RCP_8,Package_Size_3,2707,5.0,0.0003700000000002035,0.0005485620000003017
PKG_B,RCP_9,Package_Size_3,2778,5.00003,0.0003599999999996939,0.0005337359999995462
PKG_C,RCP_1,Package_Size_3,2703,5.00002,0.0003599999999996939,0.0005337359999995462
PKG_C,RCP_2,Package_Size_3,2841,5.0,0.0003500000000000725,0.0005189100000001075
PKG_C,RCP_3,Package_Size_3,2777,5.00002,0.0003500000000000725,0.0005189100000001075
PKG_C,RCP_4,Package_Size_3,2726,5.00001,0.0003500000000000725,0.0005189100000001075
PKG_C,RCP_5,Package_Size_3,2705,5.00001,0.00034000000000045105,0.0005040840000006688
PKG_C,RCP_6,Package_Size_3,2738,5.00003,0.0003500000000000725,0.0005189100000001075
PKG_C,RCP_7,Package_Size_3,2719,5.00002,0.0003599999999996939,0.0005337359999995462
PKG_C,RCP_8,Package_Size_3,2794,5.00001,0.0003549999999998832,0.0005263229999998268
PKG_C,RCP_9,Package_Size_3,2912,5.00001,0.0003599999999996939,0.0005337359999995462
PKG_D,RCP_1,Package_Size_3,2863,5.00004,0.0003599999999996939,0.0005337359999995462
PKG_D,RCP_2,Package_Size_3,2721,5.00002,0.0003700000000002035,0.0005485620000003017
PKG_D,RCP_3,Package_Size_3,2731,5.00002,0.0003599999999996939,0.0005337359999995462
PKG_D,RCP_4,Package_Size_3,2650,5.00002,0.0003599999999996939,0.0005337359999995462
PKG_D,RCP_5,Package_Size_3,2726,5.0,0.0003599999999996939,0.0005337359999995462
PKG_D,RCP_6,Package_Size_3,2810,5.00004,0.0003599999999996939,0.0005337359999995462
PKG_D,RCP_7,Package_Size_3,2725,5.0,0.0003500000000000725,0.0005189100000001075
PKG_D,RCP_8,Package_Size_3,2667,5.00001,0.0003500000000000725,0.0005189100000001075
PKG_D,RCP_9,Package_Size_3,2833,5.00001,0.0003699999999993153,0.0005485619999989849
PKG_E,RCP_1,Package_Size_3,2816,5.00001,0.0003599999999996939,0.0005337359999995462
PKG_E,RCP_2,Package_Size_3,2816,5.0,0.0003500000000000725,0.0005189100000001075
PKG_E,RCP_3,Package_Size_3,2733,5.00001,0.0003499999999991843,0.0005189099999987906
PKG_E,RCP_4,Package_Size_3,2805,5.00003,0.0003500000000000725,0.0005189100000001075
PKG_E,RCP_5,Package_Size_3,2697,5.00001,0.0003699999999993153,0.0005485619999989849
PKG_E,RCP_6,Package_Size_3,2732,5.00001,0.0003699999999993153,0.0005485619999989849
PKG_E,RCP_7,Package_Size_3,2832,5.0,0.0003599999999996939,0.0005337359999995462
PKG_E,RCP_8,Package_Size_3,2859,4.99999,0.0003700000000002035,0.0005485620000003017
PKG_E,RCP_9,Package_Size_3,2773,5.0,0.0003500000000000725,0.0005189100000001075
PKG_F,RCP_1,Package_Size_3,2872,4.99999,0.00034000000000045105,0.0005040840000006688
PKG_F,RCP_2,Package_Size_3,2828,5.00002,0.0003500000000000725,0.0005189100000001075
PKG_F,RCP_3,Package_Size_3,2786,5.0,0.0003500000000000725,0.0005189100000001075
PKG_F,RCP_4,Package_Size_3,2894,5.0,0.0003599999999996939,0.0005337359999995462
PKG_F,RCP_5,Package_Size_3,2717,5.0,0.0003399999999995629,0.0005040839999993519
PKG_F,RCP_6,Package_Size_3,2756,5.00003,0.0003700000000002035,0.0005485620000003017
PKG_F,RCP_7,Package_Size_3,2781,5.00002,0.0003599999999996939,0.0005337359999995462
PKG_F,RCP_8,Package_Size_3,2850,5.0000350000000005,0.00034500000000026176,0.0005114970000003881
PKG_F,RCP_9,Package_Size_3,2728,5.00001,0.0003500000000000725,0.0005189100000001075
PKG_A,RCP_1,Package_Size_4,2819,5.0,0.00040999999999957737,0.0006078659999993734
PKG_A,RCP_2,Package_Size_4,2718,5.00004,0.00039999999999995595,0.0005930399999999347
PKG_A,RCP_3,Package_Size_4,2735,5.00003,0.00039999999999995595,0.0005930399999999347
PKG_A,RCP_4,Package_Size_4,2670,5.00003,0.0003750000000000142,0.000555975000000021
PKG_A,RCP_5,Package_Size_4,2808,5.00002,0.0003900000000003345,0.000578214000000496
PKG_A,RCP_6,Package_Size_4,2712,5.00002,0.00039999999999995595,0.0005930399999999347
PKG_A,RCP_7,Package_Size_4,2813,5.00004,0.00040999999999957737,0.0006078659999993734
PKG_A,RCP_8,Package_Size_4,2724,5.00003,0.0003799999999998249,0.0005633879999997404
PKG_A,RCP_9,Package_Size_4,2823,5.0,0.00039999999999995595,0.0005930399999999347
PKG_B,RCP_1,Package_Size_4,2902,5.00001,0.0004199999999991988,0.0006226919999988121
PKG_B,RCP_2,Package_Size_4,2867,5.00002,0.00041000000000046555,0.0006078660000006902
PKG_B,RCP_3,Package_Size_4,2756,5.00002,0.0003900000000003345,0.000578214000000496
PKG_B,RCP_4,Package_Size_4,2806,5.00003,0.00040499999999976666,0.0006004529999996541
PKG_B,RCP_5,Package_Size_4,2729,5.0,0.0003900000000003345,0.000578214000000496
PKG_B,RCP_6,Package_Size_4,2712,5.00001,0.0003900000000003345,0.000578214000000496
PKG_B,RCP_7,Package_Size_4,2678,5.00002,0.00039999999999995595,0.0005930399999999347
PKG_B,RCP_8,Package_Size_4,2707,5.00004,0.0003900000000003345,0.000578214000000496
PKG_B,RCP_9,Package_Size_4,2778,5.00001,0.00039999999999995595,0.0005930399999999347
PKG_C,RCP_1,Package_Size_4,2703,5.00001,0.0003900000000003345,0.000578214000000496
PKG_C,RCP_2,Package_Size_4,2841,5.0,0.0003900000000003345,0.000578214000000496
PKG_C,RCP_3,Package_Size_4,2777,5.00002,0.00040999999999957737,0.0006078659999993734
PKG_C,RCP_4,Package_Size_4,2726,5.00002,0.0003900000000003345,0.000578214000000496
PKG_C,RCP_5,Package_Size_4,2705,5.00001,0.0003799999999998249,0.0005633879999997404
PKG_C,RCP_6,Package_Size_4,2738,5.00003,0.00038999999999944635,0.0005782139999991791
PKG_C,RCP_7,Package_Size_4,2719,5.00002,0.00039999999999995595,0.0005930399999999347
PKG_C,RCP_8,Package_Size_4,2794,5.00001,0.00038999999999944635,0.0005782139999991791
PKG_C,RCP_9,Package_Size_4,2912,5.00004,0.00039999999999995595,0.0005930399999999347
PKG_D,RCP_1,Package_Size_4,2863,5.00001,0.00039999999999995595,0.0005930399999999347
PKG_D,RCP_2,Package_Size_4,2721,4.99999,0.00040999999999957737,0.0006078659999993734
PKG_D,RCP_3,Package_Size_4,2731,5.0,0.0003900000000003345,0.000578214000000496
PKG_D,RCP_4,Package_Size_4,2650,5.0,0.0003900000000003345,0.000578214000000496
PKG_D,RCP_5,Package_Size_4,2726,5.00001,0.00041000000000046555,0.0006078660000006902
PKG_D,RCP_6,Package_Size_4,2810,5.00001,0.00040999999999957737,0.0006078659999993734
PKG_D,RCP_7,Package_Size_4,2725,5.00002,0.00039999999999995595,0.0005930399999999347
PKG_D,RCP_8,Package_Size_4,2667,5.0,0.0003900000000003345,0.000578214000000496
PKG_D,RCP_9,Package_Size_4,2833,5.00003,0.00039999999999995595,0.0005930399999999347
PKG_E,RCP_1,Package_Size_4,2816,5.00001,0.0003900000000003345,0.000578214000000496
PKG_E,RCP_2,Package_Size_4,2816,5.00003,0.00039999999999995595,0.0005930399999999347
PKG_E,RCP_3,Package_Size_4,2733,4.99999,0.0003700000000002035,0.0005485620000003017
PKG_E,RCP_4,Package_Size_4,2805,4.99999,0.00040999999999957737,0.0006078659999993734
PKG_E,RCP_5,Package_Size_4,2697,5.0,0.0003900000000003345,0.000578214000000496
PKG_E,RCP_6,Package_Size_4,2732,5.00001,0.00039999999999995595,0.0005930399999999347
PKG_E,RCP_7,Package_Size_4,2832,5.00001,0.00039999999999995595,0.0005930399999999347
PKG_E,RCP_8,Package_Size_4,2859,5.00001,0.0003900000000003345,0.000578214000000496
PKG_E,RCP_9,Package_Size_4,2773,4.99999,0.00040999999999957737,0.0006078659999993734
PKG_F,RCP_1,Package_Size_4,2872,5.00001,0.0003900000000003345,0.000578214000000496
PKG_F,RCP_2,Package_Size_4,2828,5.0,0.00039500000000014523,0.0005856270000002153
PKG_F,RCP_3,Package_Size_4,2786,5.00003,0.00038999999999944635,0.0005782139999991791
PKG_F,RCP_4,Package_Size_4,2894,5.0,0.00042000000000008697,0.0006226920000001289
PKG_F,RCP_5,Package_Size_4,2717,5.00001,0.00041000000000046555,0.0006078660000006902
PKG_F,RCP_6,Package_Size_4,2756,5.00004,0.00042000000000008697,0.0006226920000001289
PKG_F,RCP_7,Package_Size_4,2781,5.0,0.00039999999999995595,0.0005930399999999347
PKG_F,RCP_8,Package_Size_4,2850,5.00001,0.00039999999999995595,0.0005930399999999347
PKG_F,RCP_9,Package_Size_4,2728,4.99999,0.00039999999999995595,0.0005930399999999347
PKG_A,RCP_1,Coating_Thickness,2819,9.9994,0.0990000000000002,0.14677740000000028
PKG_A,RCP_2,Coating_Thickness,2718,10.00335,0.09979999999999922,0.14796347999999884
PKG_A,RCP_3,Coating_Thickness,2735,10.0037,0.10050000000000026,0.14900130000000036
PKG_A,RCP_4,Coating_Thickness,2670,9.9962,0.10060000000000002,0.14914956000000001
PKG_A,RCP_5,Coating_Thickness,2808,10.0024,0.09980000000000011,0.14796348000000015
PKG_A,RCP_6,Coating_Thickness,2712,10.0044,0.10090000000000021,0.1495943400000003
PKG_A,RCP_7,Coating_Thickness,2813,9.9965,0.10230000000000139,0.15166998000000206
PKG_A,RCP_8,Coating_Thickness,2724,10.0012,0.09884999999999966,0.14655500999999949
PKG_A,RCP_9,Coating_Thickness,2823,9.9971,0.10060000000000002,0.14914956000000001
PKG_B,RCP_1,Coating_Thickness,2902,9.9986,0.10185000000000066,0.151002810000001
PKG_B,RCP_2,Coating_Thickness,2867,10.001,0.10309999999999953,0.1528560599999993
PKG_B,RCP_3,Coating_Thickness,2756,10.0043,0.10365000000000002,0.15367149000000002
PKG_B,RCP_4,Coating_Thickness,2806,10.0045,0.09745000000000026,0.14447937000000038
PKG_B,RCP_5,Coating_Thickness,2729,10.0059,0.09980000000000011,0.14796348000000015
PKG_B,RCP_6,Coating_Thickness,2712,10.00665,0.10194999999999954,0.1511510699999993
PKG_B,RCP_7,Coating_Thickness,2678,10.0001,0.10360000000000014,0.15359736000000018
PKG_B,RCP_8,Coating_Thickness,2707,10.0012,0.1012000000000004,0.15003912000000058
PKG_B,RCP_9,Coating_Thickness,2778,9.9958,0.10240000000000116,0.15181824000000171
PKG_C,RCP_1,Coating_Thickness,2703,10.0007,0.10170000000000101,0.1507804200000015
PKG_C,RCP_2,Coating_Thickness,2841,9.9958,0.09649999999999892,0.1430708999999984
PKG_C,RCP_3,Coating_Thickness,2777,10.0,0.09609999999999985,0.14247785999999976
PKG_C,RCP_4,Coating_Thickness,2726,10.0017,0.09780000000000033,0.14499828000000048
PKG_C,RCP_5,Coating_Thickness,2705,10.0064,0.09529999999999994,0.1412917799999999
PKG_C,RCP_6,Coating_Thickness,2738,10.00315,0.10164999999999935,0.15070628999999902
PKG_C,RCP_7,Coating_Thickness,2719,10.0019,0.09759999999999991,0.14470175999999985
PKG_C,RCP_8,Coating_Thickness,2794,9.9998,0.10089999999999932,0.149594339999999
PKG_C,RCP_9,Coating_Thickness,2912,10.00175,0.10245000000000104,0.15189237000000153
PKG_D,RCP_1,Coating_Thickness,2863,9.9962,0.09590000000000032,0.14218134000000046
PKG_D,RCP_2,Coating_Thickness,2721,9.9904,0.10219999999999985,0.15152171999999978
PKG_D,RCP_3,Coating_Thickness,2731,10.0052,0.10069999999999979,0.1492978199999997
PKG_D,RCP_4,Coating_Thickness,2650,9.99825,0.09879999999999889,0.14648087999999834
PKG_D,RCP_5,Coating_Thickness,2726,10.0044,0.10094999999999921,0.1496684699999988
PKG_D,RCP_6,Coating_Thickness,2810,10.0001,0.10159999999999947,0.1506321599999992
PKG_D,RCP_7,Coating_Thickness,2725,10.0036,0.09879999999999889,0.14648087999999834
PKG_D,RCP_8,Coating_Thickness,2667,9.9992,0.09830000000000005,0.14573958000000006
PKG_D,RCP_9,Coating_Thickness,2833,10.006,0.09769999999999968,0.14485001999999952
PKG_E,RCP_1,Coating_Thickness,2816,9.9999,0.0979499999999991,0.14522066999999864
PKG_E,RCP_2,Coating_Thickness,2816,10.0049,0.1039999999999992,0.1541903999999988
PKG_E,RCP_3,Coating_Thickness,2733,10.0018,0.10180000000000078,0.15092868000000115
PKG_E,RCP_4,Coating_Thickness,2805,9.9957,0.0965000000000007,0.14307090000000103
PKG_E,RCP_5,Coating_Thickness,2697,10.0007,0.10079999999999956,0.14944607999999934
PKG_E,RCP_6,Coating_Thickness,2732,10.0056,0.10189999999999966,0.1510769399999995
PKG_E,RCP_7,Coating_Thickness,2832,10.00065,0.1039999999999992,0.1541903999999988
PKG_E,RCP_8,Coating_Thickness,2859,10.0033,0.09949999999999903,0.14751869999999856
PKG_E,RCP_9,Coating_Thickness,2773,9.9994,0.10029999999999895,0.14870477999999843
PKG_F,RCP_1,Coating_Thickness,2872,10.00085,0.09960000000000058,0.14766696000000085
PKG_F,RCP_2,Coating_Thickness,2828,10.0011,0.10609999999999964,0.15730385999999946
PKG_F,RCP_3,Coating_Thickness,2786,9.9999,0.09849999999999959,0.1460360999999994
PKG_F,RCP_4,Coating_Thickness,2894,9.99815,0.09840000000000071,0.14588784000000105
PKG_F,RCP_5,Coating_Thickness,2717,9.998,0.09960000000000058,0.14766696000000085
PKG_F,RCP_6,Coating_Thickness,2756,10.0012,0.10375000000000068,0.153819750000001
PKG_F,RCP_7,Coating_Thickness,2781,10.0078,0.1014999999999997,0.15048389999999956
PKG_F,RCP_8,Coating_Thickness,2850,10.0036,0.10390000000000033,0.15404214000000047
PKG_F,RCP_9,Coating_Thickness,2728,10.0043,0.0987499999999999,0.14640674999999984
PKG_A,RCP_1,Coating_Uniformity,2819,98.817,0.16200000000000614,0.2401812000000091
PKG_A,RCP_2,Coating_Uniformity,2718,98.808,0.17200000000000415,0.25500720000000615
PKG_A,RCP_3,Coating_Uniformity,2735,98.804,0.1670000000000016,0.24759420000000235
PKG_A,RCP_4,Coating_Uniformity,2670,98.807,0.17099999999999227,0.2535245999999885
PKG_A,RCP_5,Coating_Uniformity,2808,98.8055,0.1664999999999992,0.2468528999999988
PKG_A,RCP_6,Coating_Uniformity,2712,98.809,0.16899999999999693,0.25055939999999544
PKG_A,RCP_7,Coating_Uniformity,2813,98.807,0.16499999999999204,0.2446289999999882
PKG_A,RCP_8,Coating_Uniformity,2724,98.809,0.16800000000000637,0.24907680000000942
PKG_A,RCP_9,Coating_Uniformity,2823,98.807,0.16100000000000136,0.238698600000002
PKG_B,RCP_1,Coating_Uniformity,2902,98.817,0.16449999999999676,0.24388769999999518
PKG_B,RCP_2,Coating_Uniformity,2867,98.822,0.16599999999999682,0.24611159999999527
PKG_B,RCP_3,Coating_Uniformity,2756,98.7995,0.16600000000000392,0.24611160000000581
PKG_B,RCP_4,Coating_Uniformity,2806,98.806,0.16799999999999926,0.24907679999999888
PKG_B,RCP_5,Coating_Uniformity,2729,98.808,0.1599999999999966,0.23721599999999493
PKG_B,RCP_6,Coating_Uniformity,2712,98.809,0.16799999999999216,0.24907679999998836
PKG_B,RCP_7,Coating_Uniformity,2678,98.806,0.16799999999999216,0.24907679999998836
PKG_B,RCP_8,Coating_Uniformity,2707,98.814,0.16899999999999693,0.25055939999999544
PKG_B,RCP_9,Coating_Uniformity,2778,98.812,0.16799999999999216,0.24907679999998836
PKG_C,RCP_1,Coating_Uniformity,2703,98.821,0.16599999999999682,0.24611159999999527
PKG_C,RCP_2,Coating_Uniformity,2841,98.805,0.16399999999998727,0.2431463999999811
PKG_C,RCP_3,Coating_Uniformity,2777,98.814,0.16100000000000136,0.238698600000002
PKG_C,RCP_4,Coating_Uniformity,2726,98.8035,0.16599999999999682,0.24611159999999527
PKG_C,RCP_5,Coating_Uniformity,2705,98.813,0.17099999999999227,0.2535245999999885
PKG_C,RCP_6,Coating_Uniformity,2738,98.807,0.16899999999999693,0.25055939999999544
PKG_C,RCP_7,Coating_Uniformity,2719,98.822,0.16899999999999693,0.25055939999999544
PKG_C,RCP_8,Coating_Uniformity,2794,98.819,0.16400000000000148,0.24314640000000218
PKG_C,RCP_9,Coating_Uniformity,2912,98.808,0.16800000000000637,0.24907680000000942
PKG_D,RCP_1,Coating_Uniformity,2863,98.806,0.17099999999999227,0.2535245999999885
PKG_D,RCP_2,Coating_Uniformity,2721,98.806,0.1670000000000016,0.24759420000000235
PKG_D,RCP_3,Coating_Uniformity,2731,98.813,0.15800000000000125,0.23425080000000184
PKG_D,RCP_4,Coating_Uniformity,2650,98.805,0.16600000000001103,0.24611160000001633
PKG_D,RCP_5,Coating_Uniformity,2726,98.816,0.1670000000000016,0.24759420000000235
PKG_D,RCP_6,Coating_Uniformity,2810,98.81,0.16800000000000637,0.24907680000000942
PKG_D,RCP_7,Coating_Uniformity,2725,98.806,0.17499999999999716,0.2594549999999958
PKG_D,RCP_8,Coating_Uniformity,2667,98.806,0.16200000000000614,0.2401812000000091
PKG_D,RCP_9,Coating_Uniformity,2833,98.802,0.16900000000001114,0.25055940000001653
PKG_E,RCP_1,Coating_Uniformity,2816,98.809,0.16899999999999693,0.25055939999999544
PKG_E,RCP_2,Coating_Uniformity,2816,98.815,0.16400000000000148,0.24314640000000218
PKG_E,RCP_3,Coating_Uniformity,2733,98.805,0.16499999999999204,0.2446289999999882
PKG_E,RCP_4,Coating_Uniformity,2805,98.818,0.1629999999999967,0.2416637999999951
PKG_E,RCP_5,Coating_Uniformity,2697,98.807,0.16400000000000148,0.24314640000000218
PKG_E,RCP_6,Coating_Uniformity,2732,98.8175,0.16749999999998977,0.2483354999999848
PKG_E,RCP_7,Coating_Uniformity,2832,98.807,0.17100000000000648,0.2535246000000096
PKG_E,RCP_8,Coating_Uniformity,2859,98.81,0.1629999999999967,0.2416637999999951
PKG_E,RCP_9,Coating_Uniformity,2773,98.811,0.1600000000000108,0.237216000000016
PKG_F,RCP_1,Coating_Uniformity,2872,98.814,0.17099999999999937,0.25352459999999905
PKG_F,RCP_2,Coating_Uniformity,2828,98.8145,0.16049999999999898,0.23795729999999846
PKG_F,RCP_3,Coating_Uniformity,2786,98.804,0.17199999999999704,0.2550071999999956
PKG_F,RCP_4,Coating_Uniformity,2894,98.814,0.1740000000000066,0.25797240000000976
PKG_F,RCP_5,Coating_Uniformity,2717,98.82,0.16800000000000637,0.24907680000000942
PKG_F,RCP_6,Coating_Uniformity,2756,98.798,0.1700000000000017,0.25204200000000254
PKG_F,RCP_7,Coating_Uniformity,2781,98.81,0.17199999999999704,0.2550071999999956
PKG_F,RCP_8,Coating_Uniformity,2850,98.8,0.17100000000000648,0.2535246000000096
PKG_F,RCP_9,Coating_Uniformity,2728,98.811,0.16600000000001103,0.24611160000001633
PKG_A,RCP_1,Cutting_Offset,2819,0.0088,0.12919999999999998,0.19155191999999996
PKG_A,RCP_2,Cutting_Offset,2718,0.0113,0.12090000000000001,0.17924634
PKG_A,RCP_3,Cutting_Offset,2735,0.006,0.12439999999999998,0.18443543999999995
PKG_A,RCP_4,Cutting_Offset,2670,0.0046,0.1212,0.17969111999999998
PKG_A,RCP_5,Cutting_Offset,2808,0.0165,0.12129999999999999,0.17983937999999997
PKG_A,RCP_6,Cutting_Offset,2712,0.0117,0.12535000000000002,0.18584391
PKG_A,RCP_7,Cutting_Offset,2813,0.007,0.12359999999999999,0.18324935999999997
PKG_A,RCP_8,Cutting_Offset,2724,0.0074,0.12195,0.18080306999999998
PKG_A,RCP_9,Cutting_Offset,2823,0.0144,0.12510000000000002,0.18547326
PKG_B,RCP_1,Cutting_Offset,2902,0.00955,0.12340000000000001,0.18295284
PKG_B,RCP_2,Cutting_Offset,2867,0.0074,0.126,0.1868076
PKG_B,RCP_3,Cutting_Offset,2756,0.015649999999999997,0.12795,0.18969867
PKG_B,RCP_4,Cutting_Offset,2806,0.008,0.1213,0.17983938
PKG_B,RCP_5,Cutting_Offset,2729,-0.0005,0.1207,0.17894981999999998
PKG_B,RCP_6,Cutting_Offset,2712,0.0049,0.1195,0.1771707
PKG_B,RCP_7,Cutting_Offset,2678,0.00385,0.12405000000000001,0.18391653
PKG_B,RCP_8,Cutting_Offset,2707,0.0081,0.1255,0.1860663
PKG_B,RCP_9,Cutting_Offset,2778,0.0122,0.11845,0.17561396999999998
PKG_C,RCP_1,Cutting_Offset,2703,0.0084,0.1221,0.18102546
PKG_C,RCP_2,Cutting_Offset,2841,0.0075,0.1237,0.18339761999999998
PKG_C,RCP_3,Cutting_Offset,2777,0.0058,0.1252,0.18562152
PKG_C,RCP_4,Cutting_Offset,2726,0.0049499999999999995,0.11805,0.17502093
PKG_C,RCP_5,Cutting_Offset,2705,0.0023,0.1259,0.18665934
PKG_C,RCP_6,Cutting_Offset,2738,0.011,0.12025,0.17828265
PKG_C,RCP_7,Cutting_Offset,2719,0.0074,0.12739999999999999,0.18888323999999998
PKG_C,RCP_8,Cutting_Offset,2794,0.002,0.12519999999999998,0.18562151999999996
PKG_C,RCP_9,Cutting_Offset,2912,0.00885,0.12525,0.18569565
PKG_D,RCP_1,Cutting_Offset,2863,0.0045,0.12309999999999999,0.18250805999999997
PKG_D,RCP_2,Cutting_Offset,2721,0.0053,0.1243,0.18428717999999997
PKG_D,RCP_3,Cutting_Offset,2731,0.0034,0.12419999999999999,0.18413891999999998
PKG_D,RCP_4,Cutting_Offset,2650,0.0103,0.12575,0.18643695
PKG_D,RCP_5,Cutting_Offset,2726,0.009049999999999999,0.1237,0.18339761999999998
PKG_D,RCP_6,Cutting_Offset,2810,0.005050000000000001,0.12165000000000001,0.18035829
PKG_D,RCP_7,Cutting_Offset,2725,0.0065,0.1215,0.1801359
PKG_D,RCP_8,Cutting_Offset,2667,0.0046,0.1265,0.1875489
PKG_D,RCP_9,Cutting_Offset,2833,0.0032,0.123,0.1823598
PKG_E,RCP_1,Cutting_Offset,2816,-0.0010500000000000002,0.1168,0.17316768
PKG_E,RCP_2,Cutting_Offset,2816,0.0076500000000000005,0.12514999999999998,0.18554738999999998
PKG_E,RCP_3,Cutting_Offset,2733,-0.0004,0.1215,0.1801359
PKG_E,RCP_4,Cutting_Offset,2805,-0.0007,0.1241,0.18399066
PKG_E,RCP_5,Cutting_Offset,2697,0.0021,0.12219999999999999,0.18117371999999998
PKG_E,RCP_6,Cutting_Offset,2732,0.01735,0.12360000000000002,0.18324936
PKG_E,RCP_7,Cutting_Offset,2832,0.00645,0.12815,0.18999518999999998
PKG_E,RCP_8,Cutting_Offset,2859,0.0057,0.12840000000000001,0.19036584
PKG_E,RCP_9,Cutting_Offset,2773,0.0146,0.1242,0.18413891999999998
PKG_F,RCP_1,Cutting_Offset,2872,0.0082,0.12725,0.18866085
PKG_F,RCP_2,Cutting_Offset,2828,0.0035,0.1265,0.1875489
PKG_F,RCP_3,Cutting_Offset,2786,0.00975,0.11995,0.17783786999999998
PKG_F,RCP_4,Cutting_Offset,2894,0.00375,0.12425,0.18421305
PKG_F,RCP_5,Cutting_Offset,2717,0.009,0.1244,0.18443543999999998
PKG_F,RCP_6,Cutting_Offset,2756,0.0133,0.1251,0.18547325999999997
PKG_F,RCP_7,Cutting_Offset,2781,0.0154,0.1214,0.17998763999999998
PKG_F,RCP_8,Cutting_Offset,2850,0.014450000000000001,0.1215,0.1801359
PKG_F,RCP_9,Cutting_Offset,2728,0.0029,0.1192,0.17672591999999998
PKG_A,RCP_1,Surface_Roughness,2819,0.5826,0.02070000000000005,0.030689820000000076
PKG_A,RCP_2,Surface_Roughness,2718,0.5842,0.02100000000000002,0.031134600000000026
PKG_A,RCP_3,Surface_Roughness,2735,0.5819,0.02070000000000005,0.030689820000000076
PKG_A,RCP_4,Surface_Roughness,2670,0.58235,0.020949999999999913,0.031060469999999868
PKG_A,RCP_5,Surface_Roughness,2808,0.5816,0.02070000000000005,0.030689820000000076
PKG_A,RCP_6,Surface_Roughness,2712,0.58375,0.020449999999999968,0.03031916999999995
PKG_A,RCP_7,Surface_Roughness,2813,0.5831,0.020100000000000007,0.02980026000000001
PKG_A,RCP_8,Surface_Roughness,2724,0.5825,0.020549999999999957,0.030467429999999934
PKG_A,RCP_9,Surface_Roughness,2823,0.5808,0.020399999999999974,0.03024503999999996
PKG_B,RCP_1,Surface_Roughness,2902,0.5819,0.020600000000000063,0.030541560000000093
PKG_B,RCP_2,Surface_Roughness,2867,0.582,0.02079999999999993,0.030838079999999893
PKG_B,RCP_3,Surface_Roughness,2756,0.5822,0.020300000000000096,0.03009678000000014
PKG_B,RCP_4,Surface_Roughness,2806,0.5823,0.020399999999999974,0.03024503999999996
PKG_B,RCP_5,Surface_Roughness,2729,0.5822,0.02079999999999993,0.030838079999999893
PKG_B,RCP_6,Surface_Roughness,2712,0.5819,0.020299999999999985,0.030096779999999976
PKG_B,RCP_7,Surface_Roughness,2678,0.5833,0.02100000000000002,0.031134600000000026
PKG_B,RCP_8,Surface_Roughness,2707,0.5828,0.01970000000000005,0.029207220000000075
PKG_B,RCP_9,Surface_Roughness,2778,0.58335,0.021649999999999947,0.03209828999999992
PKG_C,RCP_1,Surface_Roughness,2703,0.5825,0.01970000000000005,0.029207220000000075
PKG_C,RCP_2,Surface_Roughness,2841,0.5825,0.020299999999999985,0.030096779999999976
PKG_C,RCP_3,Surface_Roughness,2777,0.582,0.020500000000000074,0.03039330000000011
PKG_C,RCP_4,Surface_Roughness,2726,0.58425,0.020350000000000035,0.03017091000000005
PKG_C,RCP_5,Surface_Roughness,2705,0.5824,0.021199999999999997,0.03143111999999999
PKG_C,RCP_6,Surface_Roughness,2738,0.5827,0.02059999999999995,0.030541559999999926
PKG_C,RCP_7,Surface_Roughness,2719,0.5829,0.021499999999999964,0.03187589999999994
PKG_C,RCP_8,Surface_Roughness,2794,0.5821,0.01984999999999998,0.029429609999999967
PKG_C,RCP_9,Surface_Roughness,2912,0.5812,0.02070000000000005,0.030689820000000076
PKG_D,RCP_1,Surface_Roughness,2863,0.5815,0.02100000000000002,0.031134600000000026
PKG_D,RCP_2,Surface_Roughness,2721,0.5817,0.021199999999999997,0.03143111999999999
PKG_D,RCP_3,Surface_Roughness,2731,0.5816,0.02090000000000003,0.030986340000000043
PKG_D,RCP_4,Surface_Roughness,2650,0.5837,0.021299999999999986,0.031579379999999976
PKG_D,RCP_5,Surface_Roughness,2726,0.5825,0.01990000000000003,0.029503740000000042
PKG_D,RCP_6,Surface_Roughness,2810,0.58215,0.02045000000000008,0.030319170000000117
PKG_D,RCP_7,Surface_Roughness,2725,0.5821,0.02059999999999995,0.030541559999999926
PKG_D,RCP_8,Surface_Roughness,2667,0.5829,0.021100000000000008,0.03128286000000001
PKG_D,RCP_9,Surface_Roughness,2833,0.5816,0.020299999999999985,0.030096779999999976
PKG_E,RCP_1,Surface_Roughness,2816,0.5814,0.020699999999999996,0.030689819999999993
PKG_E,RCP_2,Surface_Roughness,2816,0.5819,0.021550000000000014,0.03195003000000002
PKG_E,RCP_3,Surface_Roughness,2733,0.5825,0.02080000000000004,0.03083808000000006
PKG_E,RCP_4,Surface_Roughness,2805,0.5817,0.021399999999999975,0.03172763999999996
PKG_E,RCP_5,Surface_Roughness,2697,0.5827,0.020000000000000018,0.029652000000000026
PKG_E,RCP_6,Surface_Roughness,2732,0.582,0.021650000000000003,0.03209829
PKG_E,RCP_7,Surface_Roughness,2832,0.5821,0.020199999999999996,0.029948519999999992
PKG_E,RCP_8,Surface_Roughness,2859,0.5817,0.021199999999999997,0.03143111999999999
PKG_E,RCP_9,Surface_Roughness,2773,0.5835,0.021299999999999986,0.031579379999999976
PKG_F,RCP_1,Surface_Roughness,2872,0.5822,0.021400000000000086,0.031727640000000126
PKG_F,RCP_2,Surface_Roughness,2828,0.582,0.020399999999999974,0.03024503999999996
PKG_F,RCP_3,Surface_Roughness,2786,0.5822,0.021099999999999897,0.03128285999999984
PKG_F,RCP_4,Surface_Roughness,2894,0.5821,0.020999999999999908,0.03113459999999986
PKG_F,RCP_5,Surface_Roughness,2717,0.582,0.02070000000000005,0.030689820000000076
PKG_F,RCP_6,Surface_Roughness,2756,0.5834,0.02190000000000003,0.03246894000000004
PKG_F,RCP_7,Surface_Roughness,2781,0.5826,0.021299999999999986,0.031579379999999976
PKG_F,RCP_8,Surface_Roughness,2850,0.5834,0.020500000000000074,0.03039330000000011
PKG_F,RCP_9,Surface_Roughness,2728,0.5822,0.02015,0.02987439
PKG_A,RCP_1,Cooling_Thermal_Load,2819,2.200183280724977,0.025077135941689477,0.037179361747148816
PKG_A,RCP_2,Cooling_Thermal_Load,2718,2.2021303093058227,0.025556261092169796,0.03788971269525094
PKG_A,RCP_3,Cooling_Thermal_Load,2735,2.200959328470071,0.024721313248167398,0.036651819021732986
PKG_A,RCP_4,Cooling_Thermal_Load,2670,2.200931338551471,0.025489294094678705,0.037790427424770644
PKG_A,RCP_5,Cooling_Thermal_Load,2808,2.200484431193908,0.02519893860324185,0.037359946373166364
PKG_A,RCP_6,Cooling_Thermal_Load,2712,2.200440456060389,0.024583474460402988,0.03644745923499347
PKG_A,RCP_7,Cooling_Thermal_Load,2813,2.2020452740270056,0.024634567870227553,0.03652321032439937
PKG_A,RCP_8,Cooling_Thermal_Load,2724,2.201852353033207,0.025416584807106846,0.037682628635016605
PKG_A,RCP_9,Cooling_Thermal_Load,2823,2.2020933977455717,0.02576848442214441,0.0382043550042713
PKG_B,RCP_1,Cooling_Thermal_Load,2902,2.2024677885610666,0.025124659620771483,0.0372498203537558
PKG_B,RCP_2,Cooling_Thermal_Load,2867,2.1995197118270964,0.026267334493336847,0.038943950119821207
PKG_B,RCP_3,Cooling_Thermal_Load,2756,2.2004289288640804,0.025173835450398085,0.0373227284387602
PKG_B,RCP_4,Cooling_Thermal_Load,2806,2.201345688881096,0.025080743515279558,0.03718471033575347
PKG_B,RCP_5,Cooling_Thermal_Load,2729,2.2004179520350284,0.025521783931917064,0.03783859685746024
PKG_B,RCP_6,Cooling_Thermal_Load,2712,2.2012511099339322,0.02545188754866179,0.03773496847964597
PKG_B,RCP_7,Cooling_Thermal_Load,2678,2.200331225327913,0.025854874306288522,0.03833243664650336
PKG_B,RCP_8,Cooling_Thermal_Load,2707,2.2027121348090537,0.024481831147525668,0.036296762859321555
PKG_B,RCP_9,Cooling_Thermal_Load,2778,2.2012460484531085,0.025828828911993007,0.03829382174492083
PKG_C,RCP_1,Cooling_Thermal_Load,2703,2.200079436004369,0.02598226271357973,0.038521302699153305
PKG_C,RCP_2,Cooling_Thermal_Load,2841,2.2011425135297658,0.025766134954468,0.03820087168349426
PKG_C,RCP_3,Cooling_Thermal_Load,2777,2.201461900470612,0.02520107520316417,0.037363114096211195
PKG_C,RCP_4,Cooling_Thermal_Load,2726,2.202086385657391,0.025035117282991903,0.037117064883763796
PKG_C,RCP_5,Cooling_Thermal_Load,2705,2.2022797720227976,0.025318252369904926,0.03753684096362104
PKG_C,RCP_6,Cooling_Thermal_Load,2738,2.202404119291678,0.024992784143667457,0.03705430177140137
PKG_C,RCP_7,Cooling_Thermal_Load,2719,2.201254045307443,0.02527083430732402,0.03746653894403859
PKG_C,RCP_8,Cooling_Thermal_Load,2794,2.202624198717949,0.024264374204327588,0.03597436119533608
PKG_C,RCP_9,Cooling_Thermal_Load,2912,2.199841148224099,0.02510914383356444,0.03722681664764264
PKG_D,RCP_1,Cooling_Thermal_Load,2863,2.200118413262285,0.026226885154604584,0.03888397993021676
PKG_D,RCP_2,Cooling_Thermal_Load,2721,2.201512859304085,0.02537593025641849,0.03762235419816605
PKG_D,RCP_3,Cooling_Thermal_Load,2731,2.202884037652714,0.025204302367443976,0.03736789868997244
PKG_D,RCP_4,Cooling_Thermal_Load,2650,2.202423997361996,0.025658462267944326,0.038041236158454256
PKG_D,RCP_5,Cooling_Thermal_Load,2726,2.2011660151469155,0.02617474127918884,0.03880667142052537
PKG_D,RCP_6,Cooling_Thermal_Load,2810,2.2025506797662606,0.02438084898063031,0.036147046698682496
PKG_D,RCP_7,Cooling_Thermal_Load,2725,2.200280533012724,0.025659925983970044,0.038043406263833984
PKG_D,RCP_8,Cooling_Thermal_Load,2667,2.2018018018018015,0.025424816173446718,0.0376948324587521
PKG_D,RCP_9,Cooling_Thermal_Load,2833,2.2010216346153846,0.02455684866154728,0.036407983825609995
PKG_E,RCP_1,Cooling_Thermal_Load,2816,2.202151158464514,0.02557515286321732,0.037917721635006
PKG_E,RCP_2,Cooling_Thermal_Load,2816,2.2020573456902497,0.024528909405957533,0.036366561085272635
PKG_E,RCP_3,Cooling_Thermal_Load,2733,2.2020496332763995,0.025915708821000916,0.03842262989801595
PKG_E,RCP_4,Cooling_Thermal_Load,2805,2.2022527910685805,0.024178896459253085,0.035847631890488625
PKG_E,RCP_5,Cooling_Thermal_Load,2697,2.2011005502751377,0.02454088946350863,0.03638432271859789
PKG_E,RCP_6,Cooling_Thermal_Load,2732,2.2012295704869764,0.027093338136507494,0.040168583121186006
PKG_E,RCP_7,Cooling_Thermal_Load,2832,2.1998515489140242,0.02545153220988383,0.037734441654373764
PKG_E,RCP_8,Cooling_Thermal_Load,2859,2.202352472089314,0.02569484146321166,0.038095171953357605
PKG_E,RCP_9,Cooling_Thermal_Load,2773,2.2022235576923075,0.02581698284823286,0.038276258770790036
PKG_F,RCP_1,Cooling_Thermal_Load,2872,2.2008897296420082,0.025508791488437765,0.03781933426075783
PKG_F,RCP_2,Cooling_Thermal_Load,2828,2.2022976827683878,0.025518242948280756,0.037833346995121045
PKG_F,RCP_3,Cooling_Thermal_Load,2786,2.2005789333434134,0.02549003510367953,0.03779152604471527
PKG_F,RCP_4,Cooling_Thermal_Load,2894,2.2019751723145604,0.0245134227000392,0.036343600495078114
PKG_F,RCP_5,Cooling_Thermal_Load,2717,2.2013641755634636,0.025959112938912732,0.038486980843232016
PKG_F,RCP_6,Cooling_Thermal_Load,2756,2.2020191923230708,0.0249076796981893,0.03692812592053545
PKG_F,RCP_7,Cooling_Thermal_Load,2781,2.2021042084168334,0.02586265454354164,0.03834397162625484
PKG_F,RCP_8,Cooling_Thermal_Load,2850,2.2021928737512604,0.025684230540541142,0.038079440199406296
PKG_F,RCP_9,Cooling_Thermal_Load,2728,2.2010943087016606,0.025339394893833855,0.03756818686959807
PKG_A,RCP_1,Laser_Cleaning_Demand,2819,831.5479,3.911152399999878,5.798674548239819
PKG_A,RCP_2,Laser_Cleaning_Demand,2718,831.7645255,3.8301028999999858,5.678510559539979
PKG_A,RCP_3,Laser_Cleaning_Demand,2735,831.6873888,3.7207844999999224,5.516435099699884
PKG_A,RCP_4,Laser_Cleaning_Demand,2670,831.5044628999999,3.7086572999998566,5.498455312979787
PKG_A,RCP_5,Laser_Cleaning_Demand,2808,831.7011841000001,3.6203320500000586,5.367504297330087
PKG_A,RCP_6,Laser_Cleaning_Demand,2712,831.63112,3.804828050000026,5.641038066930038
PKG_A,RCP_7,Laser_Cleaning_Demand,2813,831.97604,3.745700299999953,5.55337526477993
PKG_A,RCP_8,Laser_Cleaning_Demand,2724,831.7956968,3.89360135000004,5.772653361510059
PKG_A,RCP_9,Laser_Cleaning_Demand,2823,831.5189260000001,3.9998463999999103,5.930172272639867
PKG_B,RCP_1,Laser_Cleaning_Demand,2902,831.8156309999999,4.045468199999959,5.997811153319939
PKG_B,RCP_2,Laser_Cleaning_Demand,2867,831.672538,3.810798600000112,5.649890004360166
PKG_B,RCP_3,Laser_Cleaning_Demand,2756,831.73372885,3.737854900000002,5.541743674740003
PKG_B,RCP_4,Laser_Cleaning_Demand,2806,831.87337625,3.957181050000031,5.866916624730046
PKG_B,RCP_5,Laser_Cleaning_Demand,2729,831.8037914999999,3.985457399999973,5.90883914123996
PKG_B,RCP_6,Laser_Cleaning_Demand,2712,831.7071403,3.7907202999999754,5.620121916779963
PKG_B,RCP_7,Laser_Cleaning_Demand,2678,831.6686457000001,3.8214810499999317,5.665727804729898
PKG_B,RCP_8,Laser_Cleaning_Demand,2707,831.6423792,3.7920579000001453,5.622105042540215
PKG_B,RCP_9,Laser_Cleaning_Demand,2778,831.74823995,3.8616439500000297,5.725273320270044
PKG_C,RCP_1,Laser_Cleaning_Demand,2703,831.710926,3.8977032000000236,5.778734764320035
PKG_C,RCP_2,Laser_Cleaning_Demand,2841,831.5911575,3.7328340000000253,5.534299688400037
PKG_C,RCP_3,Laser_Cleaning_Demand,2777,831.6964650000001,4.073608200000194,6.039531517320288
PKG_C,RCP_4,Laser_Cleaning_Demand,2726,831.8958154,3.819243399999948,5.662410264839923
PKG_C,RCP_5,Laser_Cleaning_Demand,2705,831.7284140000002,3.868103499999961,5.734850249099942
PKG_C,RCP_6,Laser_Cleaning_Demand,2738,831.6715574500001,3.9253001499999414,5.8196500023899125
PKG_C,RCP_7,Laser_Cleaning_Demand,2719,831.82065,3.7956755999999814,5.627468644559972
PKG_C,RCP_8,Laser_Cleaning_Demand,2794,831.7989501999999,3.729228600000056,5.528954322360082
PKG_C,RCP_9,Laser_Cleaning_Demand,2912,831.7605607999999,3.85738340000006,5.718956628840089
PKG_D,RCP_1,Laser_Cleaning_Demand,2863,832.0047840000001,3.93254550000006,5.830391958300089
PKG_D,RCP_2,Laser_Cleaning_Demand,2721,831.6664224,3.860938800000099,5.724227864880146
PKG_D,RCP_3,Laser_Cleaning_Demand,2731,831.7420566000001,3.8260956000000306,5.672569336560045
PKG_D,RCP_4,Laser_Cleaning_Demand,2650,831.6390461999999,3.971294250000028,5.887840855050041
PKG_D,RCP_5,Laser_Cleaning_Demand,2726,831.51367365,3.870608499999946,5.7385641620999195
PKG_D,RCP_6,Laser_Cleaning_Demand,2810,831.77339,3.9594582500000683,5.870292801450101
PKG_D,RCP_7,Laser_Cleaning_Demand,2725,831.838764,4.016096700000162,5.95426496742024
PKG_D,RCP_8,Laser_Cleaning_Demand,2667,831.9886849999999,3.889180000000124,5.766098268000183
PKG_D,RCP_9,Laser_Cleaning_Demand,2833,831.7637495999999,3.9031685999997308,5.786837766359601
PKG_E,RCP_1,Laser_Cleaning_Demand,2816,831.9669016999999,3.831286900000123,5.680265957940182
PKG_E,RCP_2,Laser_Cleaning_Demand,2816,831.8321018500001,3.8983431999999993,5.779683628319999
PKG_E,RCP_3,Laser_Cleaning_Demand,2733,831.745188,3.9404927999999018,5.842174625279854
PKG_E,RCP_4,Laser_Cleaning_Demand,2805,831.7722492,3.9566555999999764,5.866137592559965
PKG_E,RCP_5,Laser_Cleaning_Demand,2697,831.8506775999999,3.8251931999999442,5.671231438319917
PKG_E,RCP_6,Laser_Cleaning_Demand,2732,831.5545095,3.781957449999993,5.60713011536999
PKG_E,RCP_7,Laser_Cleaning_Demand,2832,831.98914785,3.8334853000000066,5.68352530578001
PKG_E,RCP_8,Laser_Cleaning_Demand,2859,831.8444037,3.782337699999971,5.607693874019956
PKG_E,RCP_9,Laser_Cleaning_Demand,2773,831.7436078,3.879755600000067,5.752125652560099
PKG_F,RCP_1,Laser_Cleaning_Demand,2872,831.6734759000001,3.847754499999951,5.7046808216999265
PKG_F,RCP_2,Laser_Cleaning_Demand,2828,831.8238560499999,3.9850911499999597,5.9082961389899395
PKG_F,RCP_3,Laser_Cleaning_Demand,2786,831.77732085,3.9685427000000573,5.883761407020085
PKG_F,RCP_4,Laser_Cleaning_Demand,2894,831.6278986499999,3.9487861000000066,5.854470271860009
PKG_F,RCP_5,Laser_Cleaning_Demand,2717,831.6183183,3.7832643000000417,5.6090676511800615
PKG_F,RCP_6,Laser_Cleaning_Demand,2756,831.56007775,3.938712799999962,5.839535597279943
PKG_F,RCP_7,Laser_Cleaning_Demand,2781,831.5681376,3.7529753999999684,5.564161328039953
PKG_F,RCP_8,Laser_Cleaning_Demand,2850,831.5705725500001,3.8257353000000762,5.6720351557801125
PKG_F,RCP_9,Laser_Cleaning_Demand,2728,831.7389186,3.880083500000012,5.752611797100018
PKG_A,RCP_1,Cleaning_Capacity,2819,44896.224663240006,1126.7748463200041,1670.556387154038
PKG_A,RCP_2,Cleaning_Capacity,2718,44849.95772897851,1077.7344050385109,1597.8490289100962
PKG_A,RCP_3,Cleaning_Capacity,2735,44847.935975844004,1073.1679206109911,1591.0787590978553
PKG_A,RCP_4,Cleaning_Capacity,2670,44918.947479765004,1110.839772050993,1646.9310460428019
PKG_A,RCP_5,Cleaning_Capacity,2808,44756.249234300005,1115.636919353994,1654.0432966342314
PKG_A,RCP_6,Cleaning_Capacity,2712,44900.55578889701,1065.5947600979962,1579.850791321289
PKG_A,RCP_7,Cleaning_Capacity,2813,44918.56378152,1089.2929722479967,1614.9857606548799
PKG_A,RCP_8,Cleaning_Capacity,2724,44876.438334492,1126.4985435530034,1670.1467406716827
PKG_A,RCP_9,Cleaning_Capacity,2823,44929.76227297599,1120.9877867199903,1661.9764925910574
PKG_B,RCP_1,Cleaning_Capacity,2902,44958.064223971,1071.1264263129924,1588.0520396516424
PKG_B,RCP_2,Cleaning_Capacity,2867,44808.814234943995,1083.9893388160126,1607.1225937286201
PKG_B,RCP_3,Cleaning_Capacity,2756,44830.909747764,1042.007868910001,1544.8808664459673
PKG_B,RCP_4,Cleaning_Capacity,2806,44868.141636318,1078.5359071769963,1599.0373359806147
PKG_B,RCP_5,Cleaning_Capacity,2729,44884.13095256501,1085.7389563250108,1609.716576647461
PKG_B,RCP_6,Cleaning_Capacity,2712,44882.735842295995,1108.4641216530035,1643.4089067627428
PKG_B,RCP_7,Cleaning_Capacity,2678,44958.937919214004,1097.8481538990054,1627.6696729706653
PKG_B,RCP_8,Cleaning_Capacity,2707,44866.715727671995,1118.3548477279983,1658.0728972415302
PKG_B,RCP_9,Cleaning_Capacity,2778,44837.121417702496,1081.420433950003,1603.3139353742743
PKG_C,RCP_1,Cleaning_Capacity,2703,44835.273856332,1136.912488326001,1685.586455192129
PKG_C,RCP_2,Cleaning_Capacity,2841,44888.623952032,1116.8046721880019,1655.7746069859315
PKG_C,RCP_3,Cleaning_Capacity,2777,44923.6836738,1034.832418580001,1534.2425437867096
PKG_C,RCP_4,Cleaning_Capacity,2726,44936.903956452,1080.771173023997,1602.351341125378
PKG_C,RCP_5,Cleaning_Capacity,2705,44920.393542640006,1109.3901509599964,1644.7818378132906
PKG_C,RCP_6,Cleaning_Capacity,2738,44840.748561465996,1083.4887251539985,1606.3803839133182
PKG_C,RCP_7,Cleaning_Capacity,2719,44868.92139239999,1081.768170905998,1603.8294901852325
PKG_C,RCP_8,Cleaning_Capacity,2794,44905.392753361,1112.9940092055003,1650.1249180480747
PKG_C,RCP_9,Cleaning_Capacity,2912,44888.983456684,1057.7424233655038,1568.2089168816958
PKG_D,RCP_1,Cleaning_Capacity,2863,44896.886037696,1044.1684700159967,1548.0841736457166
PKG_D,RCP_2,Cleaning_Capacity,2721,44886.37927536,1055.701829865,1565.183532957849
PKG_D,RCP_3,Cleaning_Capacity,2731,44924.90722944,1060.180771208994,1571.8240113944544
PKG_D,RCP_4,Cleaning_Capacity,2650,44887.561337251,1090.423911288006,1616.6624908755975
PKG_D,RCP_5,Cleaning_Capacity,2726,44837.3180373855,1097.8456259209997,1627.6659249904742
PKG_D,RCP_6,Cleaning_Capacity,2810,44848.3346543815,1083.7971689160004,1606.8376826348622
PKG_D,RCP_7,Cleaning_Capacity,2725,44934.177436512,1120.2642523379982,1660.903780516316
PKG_D,RCP_8,Cleaning_Capacity,2667,44911.151738336004,1078.9135840859963,1599.597279765898
PKG_D,RCP_9,Cleaning_Capacity,2833,44886.56518934401,1092.279499250988,1619.4135855895147
PKG_E,RCP_1,Cleaning_Capacity,2816,44870.310161051995,1080.7442646650088,1602.311446792342
PKG_E,RCP_2,Cleaning_Capacity,2816,45010.80689772499,1048.8285080030073,1554.9931459652585
PKG_E,RCP_3,Cleaning_Capacity,2733,44883.341834759995,1054.2326440879988,1563.0053181248668
PKG_E,RCP_4,Cleaning_Capacity,2805,44832.114765984996,1116.5409845049944,1655.3836636271046
PKG_E,RCP_5,Cleaning_Capacity,2697,44915.906965302005,1110.934358229999,1647.0712795117963
PKG_E,RCP_6,Cleaning_Capacity,2732,44835.462916612,1130.7360713025046,1676.4292993130932
PKG_E,RCP_7,Cleaning_Capacity,2832,44847.334504424,1106.026690567498,1639.7951714353724
PKG_E,RCP_8,Cleaning_Capacity,2859,44858.417760432,1062.6095309939992,1575.4248906517032
PKG_E,RCP_9,Cleaning_Capacity,2773,44910.745430489995,1043.4380583819948,1547.0012653571455
PKG_F,RCP_1,Cleaning_Capacity,2872,44918.275739841,1084.591586845003,1608.0154866564012
PKG_F,RCP_2,Cleaning_Capacity,2828,44889.996562665,1048.7290320989996,1554.8456629899767
PKG_F,RCP_3,Cleaning_Capacity,2786,44906.737268768,1053.2343026255003,1561.5251770725665
PKG_F,RCP_4,Cleaning_Capacity,2894,44847.834335322,1094.3872761180028,1622.5385755725508
PKG_F,RCP_5,Cleaning_Capacity,2717,44906.279383349996,1105.1637942420057,1638.5158413431975
PKG_F,RCP_6,Cleaning_Capacity,2756,44823.23224111649,1087.804098779503,1612.778356850491
PKG_F,RCP_7,Cleaning_Capacity,2781,44817.247676139996,1121.5601293220025,1662.8250477328008
PKG_F,RCP_8,Cleaning_Capacity,2850,44902.028752829996,1031.4778063900048,1529.2689957538212
PKG_F,RCP_9,Cleaning_Capacity,2728,44919.9072026925,1080.6914009334978,1602.2330710240037
PKG_A,RCP_1,Cleaning_Load_Ratio,2819,0.018510743665286242,0.00046786063963606683,0.0006936501843244326
PKG_A,RCP_2,Cleaning_Load_Ratio,2718,0.01853516015826311,0.00046454136153218327,0.0006887290226076149
PKG_A,RCP_3,Cleaning_Load_Ratio,2735,0.01854704255272643,0.0004583979312784911,0.0006796207729134908
PKG_A,RCP_4,Cleaning_Load_Ratio,2670,0.018510379601728938,0.0004637050403470712,0.0006874890928185677
PKG_A,RCP_5,Cleaning_Load_Ratio,2808,0.018579942410251106,0.0004725375608679392,0.0007005841877428066
PKG_A,RCP_6,Cleaning_Load_Ratio,2712,0.018522691842778664,0.0004595761884021391,0.0006813676569250115
PKG_A,RCP_7,Cleaning_Load_Ratio,2813,0.018516787375151323,0.0004604450673288338,0.0006826558568217289
PKG_A,RCP_8,Cleaning_Load_Ratio,2724,0.01854656117793715,0.0004813803917303079,0.0007136945687793545
PKG_A,RCP_9,Cleaning_Load_Ratio,2823,0.018515486928167214,0.00046317255956555836,0.0006866996368118968
PKG_B,RCP_1,Cleaning_Load_Ratio,2902,0.018499210151788112,0.0004552840061046292,0.0006750040674507232
PKG_B,RCP_2,Cleaning_Load_Ratio,2867,0.01855992143910103,0.00046722213740538546,0.0006927035409172244
PKG_B,RCP_3,Cleaning_Load_Ratio,2756,0.01855994058813632,0.0004448600713834981,0.0006595495418331743
PKG_B,RCP_4,Cleaning_Load_Ratio,2806,0.01852826572701676,0.0004607186420298847,0.000683061458673507
PKG_B,RCP_5,Cleaning_Load_Ratio,2729,0.018512942575800106,0.0004682614410982701,0.0006942444125722952
PKG_B,RCP_6,Cleaning_Load_Ratio,2712,0.018523141817898825,0.00047000648750164346,0.0006968316183699366
PKG_B,RCP_7,Cleaning_Load_Ratio,2678,0.018510926652755687,0.00046134362622398187,0.0006839880602396755
PKG_B,RCP_8,Cleaning_Load_Ratio,2707,0.01853456610161591,0.0004668391142260628,0.0006921356707515606
PKG_B,RCP_9,Cleaning_Load_Ratio,2778,0.018539382260521278,0.0004442403680216325,0.0006586307696288724
PKG_C,RCP_1,Cleaning_Load_Ratio,2703,0.018547906705167885,0.00047822471224246224,0.0007090159583706745
PKG_C,RCP_2,Cleaning_Load_Ratio,2841,0.018503864434214524,0.0004649772413986182,0.0006893752580975914
PKG_C,RCP_3,Cleaning_Load_Ratio,2777,0.018505669808375945,0.0004442611540386686,0.00065866158697773
PKG_C,RCP_4,Cleaning_Load_Ratio,2726,0.018512283112675394,0.0004579432468244833,0.0006789466577419789
PKG_C,RCP_5,Cleaning_Load_Ratio,2705,0.01851797662891236,0.00046836922686018315,0.0006944042157429075
PKG_C,RCP_6,Cleaning_Load_Ratio,2738,0.018543220180701626,0.00045508039546022713,0.0006747021943093327
PKG_C,RCP_7,Cleaning_Load_Ratio,2719,0.0185322257562627,0.0004595885331653976,0.0006813859592710185
PKG_C,RCP_8,Cleaning_Load_Ratio,2794,0.01850876624567451,0.00047079549905561756,0.0006980014068998586
PKG_C,RCP_9,Cleaning_Load_Ratio,2912,0.01852629776993381,0.00045364921516877384,0.0006725803264092241
PKG_D,RCP_1,Cleaning_Load_Ratio,2863,0.018518120541615866,0.0004475749869961472,0.0006635746757204878
PKG_D,RCP_2,Cleaning_Load_Ratio,2721,0.018518586902241316,0.000446325558939982,0.0006617222736844173
PKG_D,RCP_3,Cleaning_Load_Ratio,2731,0.018518722806160293,0.00044564756303533057,0.000660717076956181
PKG_D,RCP_4,Cleaning_Load_Ratio,2650,0.01851578216276179,0.00045210043034112773,0.0006702840980237559
PKG_D,RCP_5,Cleaning_Load_Ratio,2726,0.018539836371916925,0.00045876806366619907,0.0006801695311915067
PKG_D,RCP_6,Cleaning_Load_Ratio,2810,0.018544735105845804,0.00045543268554570394,0.0006752244995900606
PKG_D,RCP_7,Cleaning_Load_Ratio,2725,0.0185124360970507,0.0004658545556575251,0.0006906759642178467
PKG_D,RCP_8,Cleaning_Load_Ratio,2667,0.018508524099062642,0.0004571251663994247,0.000677733771703787
PKG_D,RCP_9,Cleaning_Load_Ratio,2833,0.018518292997804654,0.00045883525481417095,0.0006802691487874898
PKG_E,RCP_1,Cleaning_Load_Ratio,2816,0.01853597934303219,0.00046777380322393126,0.0006935214406598004
PKG_E,RCP_2,Cleaning_Load_Ratio,2816,0.01848867875047119,0.0004490640720053781,0.0006657823931551735
PKG_E,RCP_3,Cleaning_Load_Ratio,2733,0.01851978472896481,0.00044974009020187083,0.0006667846577332936
PKG_E,RCP_4,Cleaning_Load_Ratio,2805,0.018550728991302712,0.0004759422370667066,0.0007056319606750991
PKG_E,RCP_5,Cleaning_Load_Ratio,2697,0.018524263364002154,0.00046869842700853967,0.0006948922878828609
PKG_E,RCP_6,Cleaning_Load_Ratio,2732,0.018539753878195137,0.0004829593721185216,0.00071603556510292
PKG_E,RCP_7,Cleaning_Load_Ratio,2832,0.018548570666744812,0.00046133915688826264,0.0006839814340025382
PKG_E,RCP_8,Cleaning_Load_Ratio,2859,0.018540046100712627,0.0004387956606281239,0.0006505584464472564
PKG_E,RCP_9,Cleaning_Load_Ratio,2773,0.018535869192013752,0.0004518966524717158,0.0006699819769545658
PKG_F,RCP_1,Cleaning_Load_Ratio,2872,0.018511681709563826,0.00045932866830791265,0.0006810006836333113
PKG_F,RCP_2,Cleaning_Load_Ratio,2828,0.01852703838760385,0.000443772633875298,0.0006579373069835168
PKG_F,RCP_3,Cleaning_Load_Ratio,2786,0.01852442367343473,0.0004636606631887325,0.0006874232992436147
PKG_F,RCP_4,Cleaning_Load_Ratio,2894,0.01853369902123539,0.0004523604447786659,0.00067066959542885
PKG_F,RCP_5,Cleaning_Load_Ratio,2717,0.0185164865664602,0.0004650460185470738,0.0006894772270978916
PKG_F,RCP_6,Cleaning_Load_Ratio,2756,0.018544019005249504,0.00046354409301563315,0.0006872504723049777
PKG_F,RCP_7,Cleaning_Load_Ratio,2781,0.01854719491696447,0.00046999783757659466,0.0006968187939910592
PKG_F,RCP_8,Cleaning_Load_Ratio,2850,0.018518285186167167,0.00043869734246114976,0.0006504126799329006
PKG_F,RCP_9,Cleaning_Load_Ratio,2728,0.01852009455814767,0.00045518169881615146,0.0006748523866648261
PKG_A,RCP_1,Maintenance_Count,2819,10.0,5.0,7.412999999999999
PKG_A,RCP_2,Maintenance_Count,2718,10.0,5.0,7.412999999999999
PKG_A,RCP_3,Maintenance_Count,2735,10.0,5.0,7.412999999999999
PKG_A,RCP_4,Maintenance_Count,2670,10.0,5.0,7.412999999999999
PKG_A,RCP_5,Maintenance_Count,2808,9.0,5.0,7.412999999999999
PKG_A,RCP_6,Maintenance_Count,2712,9.0,5.0,7.412999999999999
PKG_A,RCP_7,Maintenance_Count,2813,9.0,5.0,7.412999999999999
PKG_A,RCP_8,Maintenance_Count,2724,9.0,5.0,7.412999999999999
PKG_A,RCP_9,Maintenance_Count,2823,9.0,5.0,7.412999999999999
PKG_B,RCP_1,Maintenance_Count,2902,10.0,5.0,7.412999999999999
PKG_B,RCP_2,Maintenance_Count,2867,9.0,5.0,7.412999999999999
PKG_B,RCP_3,Maintenance_Count,2756,10.0,5.0,7.412999999999999
PKG_B,RCP_4,Maintenance_Count,2806,9.0,5.0,7.412999999999999
PKG_B,RCP_5,Maintenance_Count,2729,10.0,5.0,7.412999999999999
PKG_B,RCP_6,Maintenance_Count,2712,10.0,5.0,7.412999999999999
PKG_B,RCP_7,Maintenance_Count,2678,9.0,5.0,7.412999999999999
PKG_B,RCP_8,Maintenance_Count,2707,9.0,5.0,7.412999999999999
PKG_B,RCP_9,Maintenance_Count,2778,10.0,5.0,7.412999999999999
PKG_C,RCP_1,Maintenance_Count,2703,10.0,5.0,7.412999999999999
PKG_C,RCP_2,Maintenance_Count,2841,10.0,5.0,7.412999999999999
PKG_C,RCP_3,Maintenance_Count,2777,9.0,5.0,7.412999999999999
PKG_C,RCP_4,Maintenance_Count,2726,10.0,5.0,7.412999999999999
PKG_C,RCP_5,Maintenance_Count,2705,9.0,5.0,7.412999999999999
PKG_C,RCP_6,Maintenance_Count,2738,9.0,5.0,7.412999999999999
PKG_C,RCP_7,Maintenance_Count,2719,10.0,5.0,7.412999999999999
PKG_C,RCP_8,Maintenance_Count,2794,9.0,5.0,7.412999999999999
PKG_C,RCP_9,Maintenance_Count,2912,10.0,5.0,7.412999999999999
PKG_D,RCP_1,Maintenance_Count,2863,10.0,5.0,7.412999999999999
PKG_D,RCP_2,Maintenance_Count,2721,10.0,5.0,7.412999999999999
PKG_D,RCP_3,Maintenance_Count,2731,10.0,5.0,7.412999999999999
PKG_D,RCP_4,Maintenance_Count,2650,9.0,5.0,7.412999999999999
PKG_D,RCP_5,Maintenance_Count,2726,9.0,5.0,7.412999999999999
PKG_D,RCP_6,Maintenance_Count,2810,10.0,5.0,7.412999999999999
PKG_D,RCP_7,Maintenance_Count,2725,10.0,5.0,7.412999999999999
PKG_D,RCP_8,Maintenance_Count,2667,9.0,5.0,7.412999999999999
PKG_D,RCP_9,Maintenance_Count,2833,10.0,5.0,7.412999999999999
PKG_E,RCP_1,Maintenance_Count,2816,9.0,5.0,7.412999999999999
PKG_E,RCP_2,Maintenance_Count,2816,9.0,5.0,7.412999999999999
PKG_E,RCP_3,Maintenance_Count,2733,9.0,5.0,7.412999999999999
PKG_E,RCP_4,Maintenance_Count,2805,9.0,5.0,7.412999999999999
PKG_E,RCP_5,Maintenance_Count,2697,10.0,5.0,7.412999999999999
PKG_E,RCP_6,Maintenance_Count,2732,9.5,5.5,8.1543
PKG_E,RCP_7,Maintenance_Count,2832,9.5,4.5,6.6716999999999995
PKG_E,RCP_8,Maintenance_Count,2859,9.0,5.0,7.412999999999999
PKG_E,RCP_9,Maintenance_Count,2773,10.0,5.0,7.412999999999999
PKG_F,RCP_1,Maintenance_Count,2872,10.0,5.0,7.412999999999999
PKG_F,RCP_2,Maintenance_Count,2828,10.0,5.0,7.412999999999999
PKG_F,RCP_3,Maintenance_Count,2786,10.0,5.0,7.412999999999999
PKG_F,RCP_4,Maintenance_Count,2894,10.0,5.0,7.412999999999999
PKG_F,RCP_5,Maintenance_Count,2717,9.0,5.0,7.412999999999999
PKG_F,RCP_6,Maintenance_Count,2756,10.0,5.0,7.412999999999999
PKG_F,RCP_7,Maintenance_Count,2781,10.0,5.0,7.412999999999999
PKG_F,RCP_8,Maintenance_Count,2850,10.0,5.0,7.412999999999999
PKG_F,RCP_9,Maintenance_Count,2728,10.0,5.0,7.412999999999999
