Product_ID,Recipe_ID,column,n,mean,std,cv,median,mad,robust_z_scale,p0_5,p99_5,min,max
PKG_A,RCP_1,Laser_Power,1082,18.48105822550832,0.10496949617171246,0.005679842295330752,18.489,0.05999999999999872,0.08895599999999809,17.939214999999997,18.702595,17.743,18.751
PKG_A,RCP_2,Laser_Power,1068,18.47888202247191,0.10318966956621206,0.005584194403142167,18.487,0.0589999999999975,0.08747339999999629,18.079715,18.675,17.862,18.786
PKG_A,RCP_3,Laser_Power,1103,18.478249320036262,0.1060217183045986,0.0057376495180004716,18.488,0.05900000000000105,0.08747340000000156,17.932750000000002,18.70894,17.85,18.762
PKG_A,RCP_4,Laser_Power,1068,18.477840823970038,0.1056930576566347,0.005719989616943032,18.485500000000002,0.059499999999999886,0.08821469999999983,17.947005,18.705995,17.788,18.75
PKG_A,RCP_5,Laser_Power,1118,18.475602862254025,0.1061190344919551,0.005743738663530061,18.488500000000002,0.05749999999999744,0.0852494999999962,18.010460000000002,18.699245,17.738,18.739
PKG_A,RCP_6,Laser_Power,1099,18.479510464058233,0.10112436494478412,0.005472242630099222,18.485,0.05799999999999983,0.08599079999999974,18.16158,18.71902,17.838,18.756
PKG_A,RCP_7,Laser_Power,1107,18.481649503161698,0.10629438975814676,0.005751347559099783,18.492,0.05799999999999983,0.08599079999999974,17.90107,18.68241,17.736,18.773
PKG_A,RCP_8,Laser_Power,1024,18.481419921875,0.10002958229889419,0.005412440316909691,18.486,0.05900000000000105,0.08747340000000156,18.129920000000002,18.71677,17.829,18.754
PKG_A,RCP_9,Laser_Power,1087,18.475499540018397,0.10884009994970908,0.005891050453816347,18.485,0.06099999999999994,0.09043859999999991,17.93519,18.70928,17.775,18.743
PKG_B,RCP_1,Laser_Power,1137,18.476845206684256,0.10948529853547344,0.0059255407138371005,18.483,0.05999999999999872,0.08895599999999809,17.958,18.71432,17.85,18.779
PKG_B,RCP_2,Laser_Power,1118,18.480690518783543,0.09895462964555662,0.005354487677015119,18.484,0.058000000000001606,0.08599080000000238,18.136475,18.702830000000002,17.867,18.767
PKG_B,RCP_3,Laser_Power,1083,18.481349030470913,0.10010765954471812,0.005416685728929569,18.488,0.06400000000000006,0.09488640000000008,18.19602,18.72095,17.737,18.743
PKG_B,RCP_4,Laser_Power,1099,18.47793448589627,0.10886769967195076,0.005891767813932161,18.485,0.06099999999999994,0.09043859999999991,17.97978,18.716,17.782,18.775
PKG_B,RCP_5,Laser_Power,1083,18.48123084025854,0.10452885357233012,0.005655946537101305,18.487,0.06099999999999994,0.09043859999999991,18.07174,18.71859,17.791,18.765
PKG_B,RCP_6,Laser_Power,1099,18.479251137397636,0.09817439543029602,0.005312682570324198,18.485,0.054999999999999716,0.08154299999999957,18.05277,18.70102,17.8,18.756
PKG_B,RCP_7,Laser_Power,1073,18.479350419384904,0.10285772234952553,0.005566089717181153,18.483,0.05900000000000105,0.08747340000000156,18.01528,18.6952,17.841,18.763
PKG_B,RCP_8,Laser_Power,1074,18.47830260707635,0.10321216872662108,0.00558558710295693,18.4845,0.0625,0.0926625,18.07906,18.69727,17.841,18.772
PKG_B,RCP_9,Laser_Power,1138,18.479501757469244,0.11248545883346624,0.006087039591746604,18.485,0.0625,0.0926625,17.915125,18.707315,17.812,18.74
PKG_C,RCP_1,Laser_Power,1076,18.482235130111523,0.10545592493673424,0.00570579933619197,18.488,0.062000000000001165,0.09192120000000173,18.035875,18.699125000000002,17.818,18.718
PKG_C,RCP_2,Laser_Power,1103,18.478416137805983,0.11089996470367629,0.0060015947187583955,18.489,0.05799999999999983,0.08599079999999974,17.86012,18.69298,17.748,18.741
PKG_C,RCP_3,Laser_Power,1071,18.482732026143793,0.0969011640772984,0.00524279440616419,18.488,0.06099999999999994,0.09043859999999991,18.1673,18.6963,17.854,18.739
PKG_C,RCP_4,Laser_Power,1089,18.483944903581268,0.10163812995915716,0.005498725001039402,18.489,0.0589999999999975,0.08747339999999629,18.03136,18.71312,17.823,18.737
PKG_C,RCP_5,Laser_Power,1008,18.48274206349206,0.10510667459867416,0.005686746816982615,18.489,0.06449999999999889,0.09562769999999834,18.158385000000003,18.691860000000002,17.779,18.775
PKG_C,RCP_6,Laser_Power,1108,18.47113989169675,0.12053027715740715,0.006525329669101179,18.482,0.06299999999999883,0.09340379999999826,17.897955,18.695719999999998,17.75,18.769
PKG_C,RCP_7,Laser_Power,1043,18.480131351869606,0.10802824062417651,0.0058456424668890394,18.489,0.0589999999999975,0.08747339999999629,17.88936,18.720689999999998,17.763,18.767
PKG_C,RCP_8,Laser_Power,1102,18.48438656987296,0.1025603622411126,0.0055484861157509046,18.494,0.05699999999999861,0.08450819999999792,18.107565,18.693414999999998,17.761,18.752
PKG_C,RCP_9,Laser_Power,1128,18.48092375886525,0.10937307612509967,0.005918160669465112,18.489,0.05799999999999983,0.08599079999999974,17.878890000000002,18.708095,17.739,18.767
PKG_D,RCP_1,Laser_Power,1157,18.479574762316336,0.11169334712315723,0.006044151370350957,18.493,0.062000000000001165,0.09192120000000173,17.87872,18.69832,17.763,18.757
PKG_D,RCP_2,Laser_Power,1110,18.479834234234232,0.0980619938763787,0.005306432548768054,18.486,0.05600000000000094,0.08302560000000139,18.141615,18.687365,17.669,18.754
PKG_D,RCP_3,Laser_Power,1060,18.480359433962263,0.10506596720733448,0.005685277257878957,18.486,0.060000000000002274,0.08895600000000337,18.00113,18.695705,17.866,18.728
PKG_D,RCP_4,Laser_Power,1055,18.477316587677723,0.11342836750041756,0.006138790065223076,18.489,0.06099999999999994,0.09043859999999991,17.91759,18.68265,17.757,18.755
PKG_D,RCP_5,Laser_Power,1045,18.48453875598086,0.09733313494106019,0.005265651268120881,18.49,0.0589999999999975,0.08747339999999629,18.14866,18.71012,17.868,18.746
PKG_D,RCP_6,Laser_Power,1120,18.481809821428573,0.10535692979539137,0.0057005742843017565,18.484,0.06300000000000239,0.09340380000000353,17.920785000000002,18.681214999999998,17.754,18.753
PKG_D,RCP_7,Laser_Power,1070,18.485135514018694,0.10008206805694538,0.005414191742389201,18.4895,0.058499999999998664,0.08673209999999801,18.107725000000002,18.696655,17.858,18.769
PKG_D,RCP_8,Laser_Power,1042,18.481453934740884,0.10351441303936977,0.005600988612956824,18.49,0.06300000000000061,0.0934038000000009,18.08346,18.683,17.832,18.71
PKG_D,RCP_9,Laser_Power,1103,18.47790843155032,0.10602443710193718,0.005737902506373748,18.485,0.060000000000002274,0.08895600000000337,17.96785,18.68996,17.811,18.748
PKG_E,RCP_1,Laser_Power,1119,18.47921626452189,0.10261628363593286,0.0055530647061555905,18.491,0.05699999999999861,0.08450819999999792,17.95988,18.698970000000003,17.822,18.731
PKG_E,RCP_2,Laser_Power,1124,18.477626334519574,0.10882277479411134,0.005889434758771508,18.489,0.05799999999999983,0.08599079999999974,17.954605,18.70777,17.795,18.734
PKG_E,RCP_3,Laser_Power,1053,18.48098005698006,0.10331573566925273,0.005590381860199645,18.489,0.05799999999999983,0.08599079999999974,18.03382,18.71322,17.748,18.743
PKG_E,RCP_4,Laser_Power,1074,18.477346368715082,0.10524020875371531,0.005695634354287084,18.4845,0.0625,0.0926625,18.004755,18.705444999999997,17.778,18.77
PKG_E,RCP_5,Laser_Power,1027,18.477072054527753,0.10710118308902675,0.005796436944823296,18.489,0.05999999999999872,0.08895599999999809,17.93438,18.70374,17.747,18.772
PKG_E,RCP_6,Laser_Power,1066,18.47703939962477,0.10032279519104546,0.005429592534888616,18.4845,0.057500000000000995,0.08524950000000148,18.097175,18.683025,17.756,18.761
PKG_E,RCP_7,Laser_Power,1176,18.48030782312925,0.10291806519266682,0.0055690666074219,18.49,0.0589999999999975,0.08747339999999629,17.991125,18.71225,17.81,18.735
PKG_E,RCP_8,Laser_Power,1101,18.479650317892826,0.11129529260807511,0.006022586504264857,18.486,0.062000000000001165,0.09192120000000173,17.907,18.698,17.763,18.724
PKG_E,RCP_9,Laser_Power,1076,18.481513011152416,0.10478003013109614,0.005669450876011508,18.490499999999997,0.060499999999997556,0.08969729999999637,18.014375,18.699875,17.779,18.763
PKG_F,RCP_1,Laser_Power,1114,18.481709156193897,0.10195446619714249,0.005516506365049783,18.490499999999997,0.059499999999996334,0.08821469999999455,18.13391,18.71274,17.76,18.743
PKG_F,RCP_2,Laser_Power,1137,18.48227352682498,0.10039924673012572,0.0054321913689031436,18.489,0.06099999999999994,0.09043859999999991,18.115840000000002,18.71052,17.862,18.741
PKG_F,RCP_3,Laser_Power,1112,18.47601978417266,0.10785325883262727,0.0058374725775634274,18.4825,0.06149999999999878,0.09117989999999818,17.91899,18.692115,17.825,18.746
PKG_F,RCP_4,Laser_Power,1106,18.477292043399636,0.10707793360089203,0.005795109659434206,18.485,0.062000000000001165,0.09192120000000173,17.92125,18.693475,17.808,18.764
PKG_F,RCP_5,Laser_Power,1044,18.477954022988506,0.10560746887130247,0.00571532263474169,18.487,0.057000000000000384,0.08450820000000056,17.94218,18.695140000000002,17.843,18.732
PKG_F,RCP_6,Laser_Power,1061,18.476819038642788,0.11354706137378537,0.006145379306703756,18.486,0.06500000000000128,0.0963690000000019,17.8882,18.684099999999997,17.71,18.769
PKG_F,RCP_7,Laser_Power,1107,18.476775971093044,0.10863945064217108,0.005879783941318428,18.488,0.05900000000000105,0.08747340000000156,17.84742,18.69176,17.74,18.747
PKG_F,RCP_8,Laser_Power,1126,18.478868561278862,0.10844049488419173,0.00586835143745873,18.487,0.05900000000000105,0.08747340000000156,17.976125000000003,18.7025,17.753,18.787
PKG_F,RCP_9,Laser_Power,1117,18.477833482542525,0.10701539528374206,0.005791555345752411,18.485,0.05900000000000105,0.08747340000000156,17.95492,18.695520000000002,17.745,18.789
PKG_A,RCP_1,Power_Efficiency,1082,94.94303234750463,0.3055029396441376,0.003217749971645677,94.986,0.11899999999999977,0.17642939999999965,92.691365,95.37919,92.288,95.623
PKG_A,RCP_2,Power_Efficiency,1068,94.92064887640448,0.2852121743114987,0.0030047432006377398,94.962,0.11749999999999972,0.17420549999999957,93.10543,95.41194999999999,92.539,95.518
PKG_A,RCP_3,Power_Efficiency,1103,94.92736718041704,0.3186481687336726,0.003356757679037451,94.971,0.12199999999999989,0.18087719999999982,92.58438,95.39339,92.444,95.519
PKG_A,RCP_4,Power_Efficiency,1068,94.93102902621723,0.2963441287474728,0.003121678251961548,94.973,0.11299999999999955,0.16753379999999932,92.806345,95.406635,92.329,95.565
PKG_A,RCP_5,Power_Efficiency,1118,94.91951341681575,0.3149658339299589,0.0033182411349588757,94.973,0.11149999999999949,0.16530989999999923,92.728885,95.35273500000001,92.349,95.425
PKG_A,RCP_6,Power_Efficiency,1099,94.93785441310283,0.25718269874504496,0.0027089584058426954,94.974,0.11399999999999011,0.16901639999998533,93.86222,95.40504,92.405,95.522
PKG_A,RCP_7,Power_Efficiency,1107,94.92984462511292,0.31373184158244366,0.003304881018413133,94.965,0.11699999999999022,0.1734641999999855,92.605,95.38076,92.055,95.521
PKG_A,RCP_8,Power_Efficiency,1024,94.937400390625,0.28654194331448396,0.0030182198178535734,94.9755,0.1214999999999975,0.18013589999999627,93.48372499999999,95.38853999999999,92.329,95.431
PKG_A,RCP_9,Power_Efficiency,1087,94.91495124195032,0.3298496119401635,0.003475212362479487,94.961,0.12000000000000455,0.17791200000000673,92.41143000000001,95.361,92.13,95.467
PKG_B,RCP_1,Power_Efficiency,1137,94.92551275285841,0.32547326871625276,0.0034287227877676336,94.967,0.11299999999999955,0.16753379999999932,92.55124,95.36848,92.328,95.471
PKG_B,RCP_2,Power_Efficiency,1118,94.94132468694096,0.2812219676886722,0.0029620607108229433,94.978,0.11850000000000449,0.17568810000000665,93.27669,95.36883,92.295,95.631
PKG_B,RCP_3,Power_Efficiency,1083,94.92966574330563,0.2730928372935389,0.002876791308124849,94.963,0.12699999999999534,0.18829019999999308,93.78056000000001,95.37208,92.425,95.464
PKG_B,RCP_4,Power_Efficiency,1099,94.91955777979982,0.3021378970220756,0.0031830942335719,94.963,0.11800000000000921,0.17494680000001364,92.8916,95.3742,92.354,95.53
PKG_B,RCP_5,Power_Efficiency,1083,94.93815789473683,0.2836742879846289,0.0029879902272714645,94.983,0.12000000000000455,0.17791200000000673,93.55792,95.35908,92.252,95.48
PKG_B,RCP_6,Power_Efficiency,1099,94.93677343039126,0.2887849153054655,0.0030418657056762726,94.977,0.11299999999999955,0.16753379999999932,92.95361,95.3451,92.269,95.399
PKG_B,RCP_7,Power_Efficiency,1073,94.93240354147251,0.28772402411792036,0.0030308305002751165,94.98,0.11599999999999966,0.17198159999999948,93.3162,95.34284,92.265,95.504
PKG_B,RCP_8,Power_Efficiency,1074,94.93182216014898,0.29567477131780745,0.0031146012431848957,94.9875,0.11849999999999739,0.1756880999999961,93.385325,95.378175,92.334,95.41
PKG_B,RCP_9,Power_Efficiency,1138,94.91818541300528,0.3340519367740483,0.0035193670772416387,94.971,0.12049999999999983,0.17865329999999974,92.621125,95.37526,92.18,95.494
PKG_C,RCP_1,Power_Efficiency,1076,94.9319972118959,0.2830182293276452,0.0029812733076280446,94.974,0.1074999999999946,0.15937949999999199,93.269875,95.402375,92.275,95.701
PKG_C,RCP_2,Power_Efficiency,1103,94.92171804170444,0.33112924441557806,0.003488445544886729,94.983,0.11099999999999,0.16456859999998516,92.49152,95.38896,92.268,95.444
PKG_C,RCP_3,Power_Efficiency,1071,94.94662464985996,0.2436071893826621,0.002565727747363596,94.981,0.10999999999999943,0.16308599999999915,93.77550000000001,95.40895,92.568,95.513
PKG_C,RCP_4,Power_Efficiency,1089,94.93729384756658,0.2906472302832149,0.003061465294659489,94.968,0.1110000000000042,0.16456860000000623,93.02204,95.38272,92.223,95.491
PKG_C,RCP_5,Power_Efficiency,1008,94.93591865079365,0.2790022536229368,0.0029388481997967624,94.974,0.11599999999999966,0.17198159999999948,93.510525,95.39786,92.211,95.463
PKG_C,RCP_6,Power_Efficiency,1108,94.90261642599278,0.3781670240592914,0.0039847902860949535,94.97149999999999,0.12750000000001194,0.1890315000000177,92.543745,95.383115,92.278,95.529
PKG_C,RCP_7,Power_Efficiency,1043,94.92792233940557,0.3166403754424834,0.003335587334465896,94.971,0.11700000000000443,0.17346420000000656,92.59036,95.36295,92.306,95.434
PKG_C,RCP_8,Power_Efficiency,1102,94.9481497277677,0.27159058567277927,0.0028604094598101712,94.986,0.1150000000000091,0.17049900000001347,93.16148,95.41394,92.404,95.504
PKG_C,RCP_9,Power_Efficiency,1128,94.93205141843973,0.31004773799895885,0.0032659963981220234,94.979,0.11499999999999488,0.1704989999999924,92.56565499999999,95.365015,92.005,95.442
PKG_D,RCP_1,Power_Efficiency,1157,94.91325583405359,0.3419096385425601,0.0036023381090240464,94.97,0.11599999999999966,0.17198159999999948,92.51206,95.36576000000001,92.119,95.476
PKG_D,RCP_2,Power_Efficiency,1110,94.94083693693693,0.2674393511985647,0.002816905346813062,94.98,0.11200000000000898,0.1660512000000133,93.647515,95.37056,92.34,95.502
PKG_D,RCP_3,Power_Efficiency,1060,94.92959339622642,0.31214998718303544,0.003288226316109385,94.983,0.11749999999999972,0.17420549999999957,92.80008,95.379705,92.219,95.465
PKG_D,RCP_4,Power_Efficiency,1055,94.91975829383887,0.3215593372413665,0.0033876965451800833,94.971,0.11399999999999011,0.16901639999998533,92.84093999999999,95.42192,92.496,95.484
PKG_D,RCP_5,Power_Efficiency,1045,94.94212248803828,0.2612824808339408,0.0027520185349433246,94.974,0.11599999999999966,0.17198159999999948,93.68552,95.39,92.271,95.494
PKG_D,RCP_6,Power_Efficiency,1120,94.93246160714286,0.29852156759159626,0.003144567859484801,94.9785,0.117999999999995,0.17494679999999257,92.608535,95.41081,92.396,95.502
PKG_D,RCP_7,Power_Efficiency,1070,94.94142242990654,0.27433158338811453,0.0028894825500497255,94.981,0.11599999999999966,0.17198159999999948,93.354735,95.36631,92.311,95.501
PKG_D,RCP_8,Power_Efficiency,1042,94.91964779270633,0.29284207357817127,0.003085157608440614,94.96799999999999,0.12399999999999523,0.1838423999999929,93.260545,95.37538500000001,92.542,95.497
PKG_D,RCP_9,Power_Efficiency,1103,94.91736627379872,0.32374277003241764,0.0034107854309668576,94.972,0.12299999999999045,0.18235979999998583,92.63212,95.36549,92.364,95.497
PKG_E,RCP_1,Power_Efficiency,1119,94.92520911528149,0.3053695568480529,0.0032169490032642246,94.968,0.12199999999999989,0.18087719999999982,92.666,95.39741000000001,92.36,95.472
PKG_E,RCP_2,Power_Efficiency,1124,94.9281806049822,0.31348565780056054,0.0033023455817092484,94.98349999999999,0.12150000000001171,0.18013590000001736,92.71152000000001,95.37630999999999,92.228,95.535
PKG_E,RCP_3,Power_Efficiency,1053,94.92987464387464,0.30392962377838,0.0032016225126026867,94.976,0.117999999999995,0.17494679999999257,92.75754,95.3474,92.296,95.414
PKG_E,RCP_4,Power_Efficiency,1074,94.92994040968343,0.30442127911532596,0.0032067994333668955,94.977,0.11700000000000443,0.17346420000000656,93.05805,95.437905,92.176,95.533
PKG_E,RCP_5,Power_Efficiency,1027,94.91207400194742,0.3166564423955066,0.0033363135905028207,94.959,0.12300000000000466,0.1823598000000069,92.5977,95.37687,92.43,95.536
PKG_E,RCP_6,Power_Efficiency,1066,94.92125515947468,0.29979860312906986,0.003158392739596481,94.9695,0.11849999999999739,0.1756880999999961,93.375775,95.39515,92.495,95.486
PKG_E,RCP_7,Power_Efficiency,1176,94.9235918367347,0.30076986619324403,0.003168547042663091,94.9675,0.11950000000000216,0.1771707000000032,92.7805,95.38,92.359,95.433
PKG_E,RCP_8,Power_Efficiency,1101,94.91750136239781,0.32166841658051254,0.0033889262987694237,94.973,0.11400000000000432,0.1690164000000064,92.60900000000001,95.3945,92.393,95.478
PKG_E,RCP_9,Power_Efficiency,1076,94.9137778810409,0.3036191247975901,0.003198894107640807,94.9685,0.12049999999999983,0.17865329999999974,92.92225,95.3575,92.264,95.497
PKG_F,RCP_1,Power_Efficiency,1114,94.93131238779175,0.2769891083016498,0.002917784462624482,94.972,0.12049999999999983,0.17865329999999974,93.59213,95.35687,92.355,95.471
PKG_F,RCP_2,Power_Efficiency,1137,94.94211697449428,0.2660853594680286,0.0028026061346358125,94.979,0.1110000000000042,0.16456860000000623,93.48104,95.3596,92.409,95.454
PKG_F,RCP_3,Power_Efficiency,1112,94.92265917266187,0.3110467936735247,0.0032768445004025715,94.967,0.11650000000000205,0.17272290000000304,92.67097,95.41778,92.273,95.561
PKG_F,RCP_4,Power_Efficiency,1106,94.92494846292948,0.30654482899432095,0.0032293389036079827,94.9725,0.1214999999999975,0.18013589999999627,92.66770000000001,95.36595,92.481,95.428
PKG_F,RCP_5,Power_Efficiency,1044,94.92474233716474,0.30803800255009317,0.003245075993527251,94.98,0.117999999999995,0.17494679999999257,92.7023,95.36157,92.252,95.413
PKG_F,RCP_6,Power_Efficiency,1061,94.9176286522149,0.31942165852207394,0.003365251145205683,94.969,0.11899999999999977,0.17642939999999965,92.7647,95.391,92.439,95.579
PKG_F,RCP_7,Power_Efficiency,1107,94.92735501355013,0.3180859367880713,0.0033508353492274915,94.977,0.11700000000000443,0.17346420000000656,92.52089,95.35264,92.183,95.444
PKG_F,RCP_8,Power_Efficiency,1126,94.92696625222024,0.3146437544166541,0.0033145876966156067,94.978,0.117999999999995,0.17494679999999257,92.754625,95.358875,92.332,95.54
PKG_F,RCP_9,Power_Efficiency,1117,94.91674127126231,0.3157812866404353,0.003326929289933846,94.966,0.12199999999999989,0.18087719999999982,92.58973999999999,95.36968,92.196,95.536
PKG_A,RCP_1,Laser_Centering_Position,1082,0.023220887245841034,0.20872152618504414,8.98852502814797,0.006500000000000001,0.11149999999999999,0.16530989999999998,-0.373785,1.2099900000000012,-0.45,1.588
PKG_A,RCP_2,Laser_Centering_Position,1068,0.024083333333333335,0.1906940600522379,7.918092458916452,0.003,0.106,0.15715559999999998,-0.368325,0.8797849999999954,-0.483,1.416
PKG_A,RCP_3,Laser_Centering_Position,1103,0.02786854034451496,0.20799623918653923,7.46347805142499,0.013,0.10300000000000001,0.1527078,-0.38125000000000003,1.2039100000000005,-0.462,1.569
PKG_A,RCP_4,Laser_Centering_Position,1068,0.0229063670411985,0.19716862425006573,8.607590365396918,-0.0005,0.1005,0.1490013,-0.372655,1.0450199999999858,-0.547,1.595
PKG_A,RCP_5,Laser_Centering_Position,1118,0.03799463327370304,0.20757433971118627,5.4632541973988005,0.022,0.10600000000000001,0.1571556,-0.383415,1.2290499999999975,-0.439,1.474
PKG_A,RCP_6,Laser_Centering_Position,1099,0.020523202911737943,0.18421801983714642,8.976085293771844,0.014,0.104,0.15419039999999998,-0.39557000000000003,0.78055,-0.493,1.513
PKG_A,RCP_7,Laser_Centering_Position,1107,0.031605239385727193,0.21104617238959766,6.677569178131437,0.013,0.108,0.16012079999999998,-0.37928,1.3960500000000031,-0.441,1.603
PKG_A,RCP_8,Laser_Centering_Position,1024,0.018900390625,0.19157676204963645,10.136127123014763,0.005,0.10250000000000001,0.1519665,-0.357885,0.8846749999999995,-0.4,1.583
PKG_A,RCP_9,Laser_Centering_Position,1087,0.026712971481140754,0.20860937979839989,7.8092914502483275,0.007,0.09799999999999999,0.14529479999999997,-0.37899,1.3914199999999994,-0.467,1.56
PKG_B,RCP_1,Laser_Centering_Position,1137,0.02995778364116095,0.2147681069560981,7.1690252366004215,0.014,0.109,0.16160339999999998,-0.40196000000000004,1.299359999999997,-0.548,1.465
PKG_B,RCP_2,Laser_Centering_Position,1118,0.02507155635062612,0.18928871307709105,7.54993868070595,0.013,0.1085,0.16086209999999998,-0.384995,0.881409999999998,-0.457,1.61
PKG_B,RCP_3,Laser_Centering_Position,1083,0.02760664819944598,0.18718003736588168,6.780252206410124,0.017,0.104,0.15419039999999998,-0.34718,0.6978499999999905,-0.483,1.666
PKG_B,RCP_4,Laser_Centering_Position,1099,0.020711555959963605,0.20620660400832916,9.956113601843148,0.003,0.111,0.16456859999999998,-0.39453,1.192729999999998,-0.439,1.762
PKG_B,RCP_5,Laser_Centering_Position,1083,0.01422068328716528,0.18710255043082977,13.157071756157954,0.002,0.09999999999999999,0.14825999999999998,-0.38713000000000003,0.8387999999999983,-0.417,1.39
PKG_B,RCP_6,Laser_Centering_Position,1099,0.020797088262056413,0.19507318637505228,9.379831633977181,0.009,0.109,0.16160339999999998,-0.36755,1.0653199999999987,-0.407,1.603
PKG_B,RCP_7,Laser_Centering_Position,1073,0.024852749301025163,0.1911341902176048,7.690665845557803,0.01,0.106,0.15715559999999998,-0.34684,0.8320400000000011,-0.497,1.61
PKG_B,RCP_8,Laser_Centering_Position,1074,0.02200837988826816,0.19640166757838018,8.923949358174907,0.0075,0.10300000000000001,0.1527078,-0.39489,0.8794449999999999,-0.444,1.473
PKG_B,RCP_9,Laser_Centering_Position,1138,0.028811950790861157,0.20602100412398355,7.150539913782278,0.0115,0.10250000000000001,0.1519665,-0.37252,1.2808750000000013,-0.448,1.435
PKG_C,RCP_1,Laser_Centering_Position,1076,0.022657063197026022,0.19613889823598898,8.656854444477794,0.0155,0.105,0.15567299999999998,-0.38325,0.98875,-0.449,1.61
PKG_C,RCP_2,Laser_Centering_Position,1103,0.02403354487760653,0.21090734704381323,8.775540525456485,0.007,0.106,0.15715559999999998,-0.38594,1.3448200000000003,-0.451,1.487
PKG_C,RCP_3,Laser_Centering_Position,1071,0.010142857142857143,0.17777100975471877,17.52671927159199,-0.007,0.10500000000000001,0.155673,-0.33125,0.7161000000000031,-0.433,1.375
PKG_C,RCP_4,Laser_Centering_Position,1089,0.022747474747474745,0.19761454597948933,8.687317962686254,0.005,0.104,0.15419039999999998,-0.39396000000000003,1.1393599999999737,-0.507,1.539
PKG_C,RCP_5,Laser_Centering_Position,1008,0.019767857142857146,0.18594056155543515,9.406207269290304,0.006,0.11149999999999999,0.16530989999999998,-0.364685,0.7835450000000005,-0.438,1.4
PKG_C,RCP_6,Laser_Centering_Position,1108,0.04362454873646209,0.2354298876298584,5.396729466523566,0.014,0.106,0.15715559999999998,-0.36339499999999997,1.4328999999999952,-0.515,1.572
PKG_C,RCP_7,Laser_Centering_Position,1043,0.028874400767018218,0.20905436606703426,7.240128297513505,0.013,0.104,0.15419039999999998,-0.38958000000000004,1.3344799999999994,-0.442,1.572
PKG_C,RCP_8,Laser_Centering_Position,1102,0.017005444646098003,0.19104181121062924,11.23415560053967,0.004,0.11,0.16308599999999998,-0.34791,0.9529399999999987,-0.413,1.549
PKG_C,RCP_9,Laser_Centering_Position,1128,0.024238475177304965,0.19902001444383838,8.21091314482461,0.011,0.1005,0.1490013,-0.40731500000000004,1.2475850000000004,-0.535,1.457
PKG_D,RCP_1,Laser_Centering_Position,1157,0.03014088159031979,0.22156885179728064,7.351107204125074,0.017,0.101,0.1497426,-0.36263999999999996,1.3984400000000028,-0.472,1.685
PKG_D,RCP_2,Laser_Centering_Position,1110,0.02031171171171171,0.18503192556578524,9.109617554245615,0.0125,0.10250000000000001,0.1519665,-0.371095,0.8278299999999981,-0.472,1.494
PKG_D,RCP_3,Laser_Centering_Position,1060,0.02424056603773585,0.2039782053746351,8.41474596992073,0.015,0.104,0.15419039999999998,-0.399755,1.1884599999999992,-0.498,1.581
PKG_D,RCP_4,Laser_Centering_Position,1055,0.02701042654028436,0.20867162059615998,7.725595161740202,0.009,0.10700000000000001,0.1586382,-0.43319,1.203950000000002,-0.491,1.394
PKG_D,RCP_5,Laser_Centering_Position,1045,0.01939712918660287,0.1837464733453306,9.472869494122865,0.016,0.106,0.15715559999999998,-0.41032,0.7322799999999993,-0.462,1.447
PKG_D,RCP_6,Laser_Centering_Position,1120,0.02551964285714286,0.19907191179571956,7.800732671303824,0.007,0.10400000000000001,0.1541904,-0.373,1.2016449999999999,-0.442,1.424
PKG_D,RCP_7,Laser_Centering_Position,1070,0.02382242990654206,0.19233807413778736,8.073822649173497,0.015,0.105,0.15567299999999998,-0.38262,0.8817149999999986,-0.497,1.319
PKG_D,RCP_8,Laser_Centering_Position,1042,0.02824376199616123,0.19823809437137282,7.018827534317719,0.01,0.113,0.16753379999999998,-0.401695,0.8998350000000083,-0.473,1.419
PKG_D,RCP_9,Laser_Centering_Position,1103,0.031997280145058926,0.20721308852949272,6.475959443743249,0.016,0.107,0.15863819999999998,-0.36243,1.1946000000000003,-0.599,1.415
PKG_E,RCP_1,Laser_Centering_Position,1119,0.01716532618409294,0.19716179895807995,11.486050241258406,0.004,0.10400000000000001,0.1541904,-0.37761,1.17043000000001,-0.443,1.54
PKG_E,RCP_2,Laser_Centering_Position,1124,0.027822953736654804,0.2017106136382345,7.2497915047924915,0.01,0.1045,0.15493169999999998,-0.378545,1.1723949999999996,-0.534,1.482
PKG_E,RCP_3,Laser_Centering_Position,1053,0.019083570750237415,0.20237967519799316,10.604916545582823,0.009,0.105,0.15567299999999998,-0.3914,1.1359800000000007,-0.508,1.594
PKG_E,RCP_4,Laser_Centering_Position,1074,0.022609869646182498,0.19776174283598516,8.746699823162214,0.003,0.106,0.15715559999999998,-0.38254,1.1186349999999963,-0.443,1.44
PKG_E,RCP_5,Laser_Centering_Position,1027,0.022951314508276536,0.21428962285122594,9.336703689627466,0.007,0.11,0.16308599999999998,-0.38635,1.3199000000000003,-0.514,1.584
PKG_E,RCP_6,Laser_Centering_Position,1066,0.030820825515947465,0.2053750051710025,6.663514092597433,0.0165,0.1115,0.16530989999999998,-0.384475,0.9027999999999993,-0.48,1.466
PKG_E,RCP_7,Laser_Centering_Position,1176,0.017875850340136053,0.20115940513898936,11.253137686397656,-0.001,0.101,0.1497426,-0.3515,1.0870000000000002,-0.412,1.541
PKG_E,RCP_8,Laser_Centering_Position,1101,0.026257039055404177,0.21364057381488197,8.136506685467676,0.007,0.10300000000000001,0.1527078,-0.3795,1.2734999999999999,-0.483,1.522
PKG_E,RCP_9,Laser_Centering_Position,1076,0.03096561338289963,0.19844972118830626,6.408712746439495,0.016,0.104,0.15419039999999998,-0.361625,1.103375,-0.517,1.424
PKG_F,RCP_1,Laser_Centering_Position,1114,0.02670287253141831,0.19449952050793043,7.283842600794517,0.013,0.106,0.15715559999999998,-0.38761,0.8896899999999904,-0.566,1.543
PKG_F,RCP_2,Laser_Centering_Position,1137,0.015125769569041337,0.18255524201293427,12.069153981201666,0.006,0.1,0.14826,-0.35375999999999996,0.7945599999999995,-0.437,1.464
PKG_F,RCP_3,Laser_Centering_Position,1112,0.023901978417266188,0.2045677586543658,8.55861197274746,0.006,0.103,0.15270779999999998,-0.39414,1.2442599999999957,-0.517,1.603
PKG_F,RCP_4,Laser_Centering_Position,1106,0.02531645569620253,0.20669019210347256,8.164262588087166,0.01,0.104,0.15419039999999998,-0.41185,1.2148999999999996,-0.6,1.582
PKG_F,RCP_5,Laser_Centering_Position,1044,0.022592911877394636,0.20572541713545967,9.105750434112855,0.005,0.10300000000000001,0.1527078,-0.37441,1.2892800000000006,-0.454,1.614
PKG_F,RCP_6,Laser_Centering_Position,1061,0.02551272384542884,0.2163663408897661,8.480722881674309,0.005,0.10400000000000001,0.1541904,-0.3704,1.3456000000000015,-0.421,1.512
PKG_F,RCP_7,Laser_Centering_Position,1107,0.028146341463414635,0.21175557895702304,7.523378455145533,0.02,0.108,0.16012079999999998,-0.36447,1.375020000000002,-0.451,1.521
PKG_F,RCP_8,Laser_Centering_Position,1126,0.029633214920071045,0.20238296265087122,6.829598583776816,0.014,0.1015,0.1504839,-0.366375,1.175125,-0.441,1.518
PKG_F,RCP_9,Laser_Centering_Position,1117,0.02109579230080573,0.1981168257819275,9.391295807096121,0.004,0.106,0.15715559999999998,-0.33484,1.2928600000000023,-0.503,1.492
PKG_A,RCP_1,Laser_Current,1082,8.507499075785582,0.10278333056786626,0.012081497705995961,8.511,0.07100000000000062,0.10526460000000092,8.26943,8.753595,8.224,8.848
PKG_A,RCP_2,Laser_Current,1068,8.498395131086143,0.09858987619229294,0.011600999326527266,8.497,0.06300000000000061,0.0934038000000009,8.253675000000001,8.763325,8.242,8.829
PKG_A,RCP_3,Laser_Current,1103,8.506656391659112,0.10310754509349732,0.012120807558960018,8.505,0.0710000000000015,0.10526460000000223,8.25602,8.77337,8.195,8.881
PKG_A,RCP_4,Laser_Current,1068,8.50027808988764,0.10236966663955882,0.012043096185446326,8.501,0.06550000000000011,0.09711030000000016,8.245669999999999,8.769305,8.143,8.801
PKG_A,RCP_5,Laser_Current,1118,8.498086762075134,0.1027467119936001,0.012090569897701367,8.499,0.06500000000000128,0.0963690000000019,8.241,8.76864,8.088,8.826
PKG_A,RCP_6,Laser_Current,1099,8.494565059144676,0.10016632842414529,0.011791813674593376,8.495,0.06600000000000072,0.09785160000000107,8.24335,8.77553,8.186,8.802
PKG_A,RCP_7,Laser_Current,1107,8.503594399277326,0.10298395600598839,0.012110638298404783,8.5,0.07099999999999973,0.1052645999999996,8.25453,8.75788,8.176,8.799
PKG_A,RCP_8,Laser_Current,1024,8.5016904296875,0.10493646015938828,0.01234301119609756,8.503,0.07200000000000006,0.10674720000000008,8.238990000000001,8.74762,8.151,8.855
PKG_A,RCP_9,Laser_Current,1087,8.501300827966881,0.1022756387828908,0.012030586948109493,8.506,0.07099999999999973,0.1052645999999996,8.230310000000001,8.76914,8.144,8.829
PKG_B,RCP_1,Laser_Current,1137,8.503311345646438,0.1039987125108267,0.012230378059021961,8.502,0.06799999999999962,0.10081679999999943,8.22244,8.77248,8.168,8.945
PKG_B,RCP_2,Laser_Current,1118,8.490625223613597,0.09839903763555996,0.011589139202834994,8.491,0.06400000000000006,0.09488640000000008,8.212925,8.771659999999999,8.142,8.812
PKG_B,RCP_3,Laser_Current,1083,8.495999076638965,0.09980572162650263,0.011747379057624142,8.497,0.0649999999999995,0.09636899999999926,8.226410000000001,8.737439999999998,8.156,8.811
PKG_B,RCP_4,Laser_Current,1099,8.501893539581438,0.09962940685611886,0.011718496167034312,8.501,0.07000000000000028,0.10378200000000042,8.25245,8.76804,8.221,8.801
PKG_B,RCP_5,Laser_Current,1083,8.499416435826408,0.10101496561696856,0.011884929557183977,8.502,0.07099999999999973,0.1052645999999996,8.26243,8.75177,8.179,8.813
PKG_B,RCP_6,Laser_Current,1099,8.499973612374886,0.10148544376300038,0.011939501037420919,8.501,0.0649999999999995,0.09636899999999926,8.23288,8.76602,8.15,8.852
PKG_B,RCP_7,Laser_Current,1073,8.50253122087605,0.09878329404777758,0.011618104242326975,8.504,0.0649999999999995,0.09636899999999926,8.25652,8.756520000000002,8.194,8.788
PKG_B,RCP_8,Laser_Current,1074,8.50079422718808,0.09668717402952692,0.011373898890563948,8.504,0.06500000000000128,0.0963690000000019,8.25165,8.75108,8.19,8.787
PKG_B,RCP_9,Laser_Current,1138,8.501719683655537,0.10013330419782662,0.011778005853372442,8.499500000000001,0.06750000000000078,0.10007550000000115,8.268,8.76015,8.206,8.841
PKG_C,RCP_1,Laser_Current,1076,8.495906133828996,0.09934331133260657,0.011693080145629366,8.498,0.0680000000000005,0.10081680000000075,8.24375,8.7305,8.198,8.824
PKG_C,RCP_2,Laser_Current,1103,8.502016319129647,0.10206721614625948,0.012005060013423748,8.5,0.06799999999999962,0.10081679999999943,8.24661,8.758,8.163,8.837
PKG_C,RCP_3,Laser_Current,1071,8.497485527544352,0.09475983181143667,0.011151514351424951,8.494,0.06400000000000006,0.09488640000000008,8.24345,8.739900000000002,8.159,8.812
PKG_C,RCP_4,Laser_Current,1089,8.50026629935721,0.09518730940841856,0.011198156158427253,8.498,0.06700000000000017,0.09933420000000025,8.26832,8.74348,8.195,8.772
PKG_C,RCP_5,Laser_Current,1008,8.497542658730158,0.10071466654501554,0.011852210761371568,8.497,0.06849999999999934,0.10155809999999901,8.25107,8.769824999999999,8.226,8.855
PKG_C,RCP_6,Laser_Current,1108,8.498079422382672,0.10217772837560274,0.012023625962647732,8.499,0.06400000000000006,0.09488640000000008,8.219605,8.789465,8.172,8.842
PKG_C,RCP_7,Laser_Current,1043,8.503511025886866,0.09899242212608984,0.011641358707565799,8.503,0.06799999999999962,0.10081679999999943,8.27584,8.761059999999999,8.207,8.816
PKG_C,RCP_8,Laser_Current,1102,8.500905626134301,0.10060389943886447,0.01183449197807564,8.498,0.06599999999999895,0.09785159999999843,8.26201,8.759404999999997,8.215,8.953
PKG_C,RCP_9,Laser_Current,1128,8.499841312056738,0.1002165118192749,0.011790397978032975,8.498,0.06599999999999984,0.09785159999999975,8.23427,8.750205,8.129,8.881
PKG_D,RCP_1,Laser_Current,1157,8.500630942091616,0.10407463141107186,0.012243165492073915,8.5,0.07199999999999918,0.10674719999999877,8.24512,8.7591,8.222,8.814
PKG_D,RCP_2,Laser_Current,1110,8.499413513513513,0.09534547877156885,0.011217889166114315,8.501,0.06500000000000128,0.0963690000000019,8.273725,8.73273,8.188,8.795
PKG_D,RCP_3,Laser_Current,1060,8.494804716981132,0.09840363474911315,0.0115839784465444,8.497,0.06700000000000017,0.09933420000000025,8.227835,8.726754999999999,8.188,8.757
PKG_D,RCP_4,Laser_Current,1055,8.506338388625592,0.09983350558809537,0.011736366580665259,8.507,0.06600000000000072,0.09785160000000107,8.25254,8.74111,8.183,8.825
PKG_D,RCP_5,Laser_Current,1045,8.503499521531099,0.10078847795776523,0.011852588184731002,8.504,0.06700000000000017,0.09933420000000025,8.2401,8.74424,8.13,8.851
PKG_D,RCP_6,Laser_Current,1120,8.497904464285714,0.10269587216909305,0.012084846634919788,8.496,0.06700000000000017,0.09933420000000025,8.23857,8.76062,8.183,8.888
PKG_D,RCP_7,Laser_Current,1070,8.49773644859813,0.09954720537392951,0.011714555514410169,8.496,0.06500000000000039,0.09636900000000058,8.262414999999999,8.75831,8.232,8.839
PKG_D,RCP_8,Laser_Current,1042,8.495814779270633,0.09871946324334414,0.011619775831767747,8.494,0.07099999999999973,0.1052645999999996,8.25964,8.75018,8.194,8.795
PKG_D,RCP_9,Laser_Current,1103,8.497493200362648,0.09805070958762982,0.011538780588073352,8.496,0.06400000000000006,0.09488640000000008,8.25506,8.75049,8.227,8.828
PKG_E,RCP_1,Laser_Current,1119,8.500453976764968,0.09801390586147078,0.01153043191921052,8.501,0.0649999999999995,0.09636899999999926,8.263589999999999,8.733,8.194,8.801
PKG_E,RCP_2,Laser_Current,1124,8.500127224199288,0.09904863034236097,0.011652605629287079,8.501,0.06299999999999972,0.09340379999999958,8.250845,8.747770000000001,8.209,8.775
PKG_E,RCP_3,Laser_Current,1053,8.500036087369422,0.09872484821279151,0.011614638714239239,8.498,0.06400000000000006,0.09488640000000008,8.24682,8.742,8.207,8.851
PKG_E,RCP_4,Laser_Current,1074,8.496140595903166,0.10027492390166272,0.0118024087254412,8.494,0.06899999999999995,0.10229939999999992,8.252555,8.75027,8.162,8.836
PKG_E,RCP_5,Laser_Current,1027,8.502076923076922,0.1005798535620828,0.011830033352095655,8.498,0.06700000000000017,0.09933420000000025,8.25713,8.74187,8.124,8.795
PKG_E,RCP_6,Laser_Current,1066,8.503556285178236,0.09841934388898983,0.011573903974803519,8.5075,0.06550000000000011,0.09711030000000016,8.24365,8.763375,8.193,8.883
PKG_E,RCP_7,Laser_Current,1176,8.49356037414966,0.09712312744024881,0.011434913412265275,8.4905,0.06850000000000023,0.10155810000000033,8.275625,8.74025,8.161,8.785
PKG_E,RCP_8,Laser_Current,1101,8.497636693914622,0.10150718146365906,0.011945342584056457,8.497,0.06700000000000017,0.09933420000000025,8.2225,8.757,8.187,8.817
PKG_E,RCP_9,Laser_Current,1076,8.495579925650558,0.1005541859080088,0.011836059078722486,8.498,0.06999999999999851,0.10378199999999778,8.24525,8.76025,8.148,8.817
PKG_F,RCP_1,Laser_Current,1114,8.497859066427289,0.10153117452834029,0.011947853422218088,8.5,0.06600000000000072,0.09785160000000107,8.240605,8.73474,8.131,8.8
PKG_F,RCP_2,Laser_Current,1137,8.498919964819702,0.09990291817841002,0.011754778088503788,8.501,0.06799999999999962,0.10081679999999943,8.25308,8.779959999999999,8.139,8.844
PKG_F,RCP_3,Laser_Current,1112,8.50201618705036,0.09892590444988011,0.011635581757719622,8.501,0.06700000000000017,0.09933420000000025,8.235765,8.751114999999999,8.17,8.769
PKG_F,RCP_4,Laser_Current,1106,8.500895117540686,0.10291586790938852,0.012106474257873461,8.504,0.06700000000000017,0.09933420000000025,8.212575000000001,8.745474999999999,8.115,8.907
PKG_F,RCP_5,Laser_Current,1044,8.499294061302683,0.09772719539724348,0.011498272055581153,8.498,0.06099999999999994,0.09043859999999991,8.257645,8.742785000000001,8.21,8.81
PKG_F,RCP_6,Laser_Current,1061,8.497135721017907,0.09796075675654296,0.01152867977784964,8.496,0.06700000000000017,0.09933420000000025,8.2546,8.7341,8.198,8.791
PKG_F,RCP_7,Laser_Current,1107,8.495048780487805,0.10134783071236747,0.011930223513860487,8.494,0.06700000000000017,0.09933420000000025,8.22212,8.74794,8.165,8.825
PKG_F,RCP_8,Laser_Current,1126,8.496516873889876,0.10084191888251447,0.011868618679779896,8.496,0.06899999999999906,0.1022993999999986,8.2425,8.77725,8.203,8.841
PKG_F,RCP_9,Laser_Current,1117,8.50558012533572,0.09964243456446714,0.011714948668540606,8.505,0.06299999999999883,0.09340379999999826,8.24474,8.76342,8.186,8.813
PKG_A,RCP_1,Laser_Voltage,1082,23.99431977818854,0.19873205701969013,0.008282462635191798,23.996,0.13400000000000034,0.1986684000000005,23.507365,24.48695,23.365,24.634
PKG_A,RCP_2,Laser_Voltage,1068,23.991554307116104,0.20111794823052703,0.008382864472056056,23.998,0.13700000000000045,0.20311620000000066,23.50434,24.51665,23.381,24.722
PKG_A,RCP_3,Laser_Voltage,1103,24.005951949229374,0.20741469384011504,0.008640136174511228,24.014,0.13599999999999923,0.20163359999999886,23.46057,24.511960000000002,23.213,24.586
PKG_A,RCP_4,Laser_Voltage,1068,23.99937640449438,0.20014142301989546,0.008339442644118655,24.000500000000002,0.1399999999999988,0.2075639999999982,23.52167,24.496995000000002,23.383,24.676
PKG_A,RCP_5,Laser_Voltage,1118,23.995737924865832,0.19767919856021063,0.008238096247724206,23.997,0.13450000000000095,0.1994097000000014,23.47634,24.495415,23.395,24.695
PKG_A,RCP_6,Laser_Voltage,1099,23.994670609645134,0.20214169488102451,0.008424441334058974,23.993,0.13799999999999812,0.2045987999999972,23.4559,24.508020000000002,23.216,24.567
PKG_A,RCP_7,Laser_Voltage,1107,24.008856368563684,0.2024401417627623,0.008431894408258029,24.004,0.129999999999999,0.19273799999999852,23.48577,24.53,23.357,24.682
PKG_A,RCP_8,Laser_Voltage,1024,23.9991796875,0.19206933248804903,0.008003162399258528,24.006,0.12300000000000111,0.18235980000000163,23.495115000000002,24.48639,23.342,24.574
PKG_A,RCP_9,Laser_Voltage,1087,24.011258509659616,0.2048297329081597,0.008530570474919407,24.007,0.14000000000000057,0.20756400000000083,23.48743,24.523419999999998,23.401,24.681
PKG_B,RCP_1,Laser_Voltage,1137,24.00362445030783,0.19839570609625373,0.008265239547759607,24.003,0.13599999999999923,0.20163359999999886,23.51072,24.49884,23.41,24.673
PKG_B,RCP_2,Laser_Voltage,1118,23.996350626118065,0.19921290634448918,0.00830180011320814,23.996,0.13299999999999912,0.1971857999999987,23.48017,24.557489999999998,23.399,24.729
PKG_B,RCP_3,Laser_Voltage,1083,24.010730378578025,0.19501635381100316,0.008122050047465175,24.013,0.1339999999999968,0.19866839999999522,23.53882,24.52018,23.323,24.773
PKG_B,RCP_4,Laser_Voltage,1099,23.992676069153777,0.19754894872111675,0.008233718829517974,23.995,0.13300000000000267,0.19718580000000396,23.49172,24.51002,23.276,24.682
PKG_B,RCP_5,Laser_Voltage,1083,24.011926131117267,0.1942852536552449,0.008091198206855589,24.013,0.12600000000000122,0.1868076000000018,23.53992,24.580849999999998,23.422,24.718
PKG_B,RCP_6,Laser_Voltage,1099,23.999987261146497,0.21107600091388795,0.008794838039585055,24.005,0.14499999999999957,0.21497699999999936,23.45249,24.51722,23.267,24.827
PKG_B,RCP_7,Laser_Voltage,1073,23.998430568499533,0.194714795922812,0.008113647072337958,24.001,0.13000000000000256,0.1927380000000038,23.49244,24.47332,23.399,24.575
PKG_B,RCP_8,Laser_Voltage,1074,23.991878957169458,0.20116832626786305,0.008384850833358685,23.99,0.13600000000000279,0.20163360000000413,23.495015,24.497905,23.249,24.701
PKG_B,RCP_9,Laser_Voltage,1138,23.990829525483303,0.2004470792974931,0.008355154167744646,23.997,0.14300000000000068,0.212011800000001,23.50729,24.47726,23.37,24.624
PKG_C,RCP_1,Laser_Voltage,1076,23.99981970260223,0.2107589056239818,0.008781687039137624,23.995,0.14399999999999835,0.21349439999999753,23.413625,24.5235,23.212,24.696
PKG_C,RCP_2,Laser_Voltage,1103,23.998699909338168,0.19544224519506598,0.008143868040077336,24.004,0.134999999999998,0.20015099999999703,23.49008,24.49547,23.437,24.635
PKG_C,RCP_3,Laser_Voltage,1071,24.00518674136321,0.19827891393664332,0.008259836345908943,23.997,0.13299999999999912,0.1971857999999987,23.5139,24.54455,23.31,24.635
PKG_C,RCP_4,Laser_Voltage,1089,23.994048668503215,0.20189227621525352,0.008414264678902474,23.997,0.129999999999999,0.19273799999999852,23.4754,24.509159999999998,23.217,24.605
PKG_C,RCP_5,Laser_Voltage,1008,23.98934722222222,0.20175037540089405,0.008409998551940804,23.991,0.13599999999999923,0.20163359999999886,23.426454999999997,24.465825000000002,23.295,24.621
PKG_C,RCP_6,Laser_Voltage,1108,23.996787906137182,0.1989209535505635,0.00828948250610197,23.996,0.13300000000000267,0.19718580000000396,23.520885,24.51965,23.452,24.729
PKG_C,RCP_7,Laser_Voltage,1043,24.00337200383509,0.19458352509032148,0.008106507913106221,24.009,0.13500000000000156,0.2001510000000023,23.54247,24.462739999999997,23.297,24.539
PKG_C,RCP_8,Laser_Voltage,1102,23.9973166969147,0.19863678113572292,0.008277458002679997,23.994,0.13400000000000034,0.1986684000000005,23.526525,24.464485,23.411,24.588
PKG_C,RCP_9,Laser_Voltage,1128,23.99367021276596,0.20592165040118468,0.008582332280770575,23.99,0.13999999999999702,0.20756399999999556,23.503175,24.544555000000003,23.371,24.636
PKG_D,RCP_1,Laser_Voltage,1157,24.007499567847884,0.19896771062173738,0.008287731509040846,24.011,0.13500000000000156,0.2001510000000023,23.50924,24.501,23.415,24.603
PKG_D,RCP_2,Laser_Voltage,1110,24.00102972972973,0.2008538267259977,0.008368550390869395,24.01,0.13049999999999962,0.1934792999999994,23.48509,24.524,23.256,24.655
PKG_D,RCP_3,Laser_Voltage,1060,24.001098113207547,0.2065522128080187,0.008605948437598996,24.01,0.14150000000000063,0.20978790000000092,23.46731,24.529754999999998,23.426,24.706
PKG_D,RCP_4,Laser_Voltage,1055,23.99529952606635,0.19787485107658137,0.008246400544474463,24.001,0.13400000000000034,0.1986684000000005,23.500619999999998,24.49587,23.278,24.593
PKG_D,RCP_5,Laser_Voltage,1045,24.000303349282294,0.20002963582698935,0.008334462815569831,23.997,0.13899999999999935,0.20608139999999903,23.44942,24.48914,23.243,24.587
PKG_D,RCP_6,Laser_Voltage,1120,23.998249107142858,0.1994434380615142,0.008310749553897734,23.991,0.1374999999999993,0.20385749999999894,23.50457,24.50343,23.36,24.628
PKG_D,RCP_7,Laser_Voltage,1070,23.99516074766355,0.195781947470839,0.008159226334414226,24.000500000000002,0.13649999999999984,0.20237489999999975,23.50707,24.50193,23.426,24.645
PKG_D,RCP_8,Laser_Voltage,1042,23.99570537428023,0.20008040782757733,0.00833817571547754,23.999,0.13149999999999906,0.1949618999999986,23.491665,24.503925000000002,23.279,24.686
PKG_D,RCP_9,Laser_Voltage,1103,23.994621033544878,0.19775272280224201,0.008241543907935885,23.992,0.13100000000000023,0.19422060000000033,23.50303,24.54447,23.385,24.617
PKG_E,RCP_1,Laser_Voltage,1119,24.002601429848077,0.1962592026663402,0.008176580494407785,24.001,0.12899999999999778,0.1912553999999967,23.49931,24.540940000000003,23.437,24.633
PKG_E,RCP_2,Laser_Voltage,1124,23.995618327402134,0.19822081569357358,0.008260708808958364,23.993499999999997,0.13349999999999795,0.19792709999999694,23.49676,24.491235,23.139,24.623
PKG_E,RCP_3,Laser_Voltage,1053,24.004599240265907,0.2051516755022963,0.008546348699634602,24.014,0.13200000000000145,0.19570320000000213,23.48808,24.55832,23.385,24.585
PKG_E,RCP_4,Laser_Voltage,1074,24.007398510242087,0.197079301568731,0.008209106933625174,24.003500000000003,0.131000000000002,0.19422060000000296,23.518189999999997,24.478525,23.429,24.594
PKG_E,RCP_5,Laser_Voltage,1027,23.98786660175268,0.19659650528752295,0.008195664439502868,23.994,0.13599999999999923,0.20163359999999886,23.499779999999998,24.47944,23.311,24.538
PKG_E,RCP_6,Laser_Voltage,1066,24.00660225140713,0.20367921790681795,0.008484300101022394,24.008,0.14199999999999946,0.2105291999999992,23.54355,24.53535,23.43,24.643
PKG_E,RCP_7,Laser_Voltage,1176,23.99617942176871,0.20530741069628816,0.008555837455942617,23.998,0.14199999999999946,0.2105291999999992,23.458750000000002,24.49875,23.375,24.751
PKG_E,RCP_8,Laser_Voltage,1101,24.010135331516803,0.19976420835940123,0.008319995102117629,24.012,0.13299999999999912,0.1971857999999987,23.5115,24.5045,23.401,24.669
PKG_E,RCP_9,Laser_Voltage,1076,23.999302973977695,0.19609518151755592,0.008170869867769943,24.001,0.12849999999999895,0.19051409999999844,23.498125,24.486375000000002,23.365,24.574
PKG_F,RCP_1,Laser_Voltage,1114,24.00156463195691,0.19725173723067807,0.008218286609867384,24.001,0.13300000000000267,0.19718580000000396,23.52078,24.48448,23.467,24.586
PKG_F,RCP_2,Laser_Voltage,1137,23.99568249780123,0.20486576329345932,0.00853760935169198,23.988,0.13700000000000045,0.20311620000000066,23.505200000000002,24.510119999999997,23.335,24.638
PKG_F,RCP_3,Laser_Voltage,1112,24.018616007194247,0.20555421568317017,0.00855812073524973,24.014,0.13599999999999923,0.20163359999999886,23.498885,24.526004999999998,23.44,24.691
PKG_F,RCP_4,Laser_Voltage,1106,23.993267631103073,0.19408117623666024,0.008088984761086396,23.9895,0.13149999999999906,0.1949618999999986,23.541525,24.4864,23.45,24.737
PKG_F,RCP_5,Laser_Voltage,1044,24.008226053639845,0.1931131855833682,0.008043625761932988,24.009,0.1319999999999979,0.19570319999999686,23.536,24.498925,23.454,24.627
PKG_F,RCP_6,Laser_Voltage,1061,23.996405278039585,0.1986106832959541,0.008276684819859811,23.987,0.13099999999999667,0.19422059999999505,23.499200000000002,24.4864,23.397,24.54
PKG_F,RCP_7,Laser_Voltage,1107,24.000739837398374,0.19901562242323792,0.008292061985236318,24.003,0.129999999999999,0.19273799999999852,23.52706,24.5477,23.41,24.801
PKG_F,RCP_8,Laser_Voltage,1126,23.992660746003555,0.19218486101777293,0.008010152064930318,23.991500000000002,0.1285000000000025,0.1905141000000037,23.512875,24.491374999999998,23.269,24.634
PKG_F,RCP_9,Laser_Voltage,1117,23.999299910474488,0.19840663353621762,0.00826718422105401,23.997,0.13100000000000023,0.19422060000000033,23.47922,24.50842,23.35,24.583
PKG_A,RCP_1,Beam_Diameter,1082,34.9868179297597,0.30845428721416496,0.008816300122904132,34.979,0.20149999999999935,0.298743899999999,34.22486,35.84138,33.977,36.022
PKG_A,RCP_2,Beam_Diameter,1068,35.001633895131086,0.3027370176082892,0.00864922530517644,35.007,0.2035000000000018,0.3017091000000026,34.26238,35.769665,33.948,36.063
PKG_A,RCP_3,Beam_Diameter,1103,35.00038621940163,0.2981345258885676,0.008518035315944708,34.992,0.21100000000000563,0.31282860000000834,34.26753,35.67792,33.996,35.929
PKG_A,RCP_4,Beam_Diameter,1068,35.01022378277154,0.30398625529390005,0.008682785268099059,35.006,0.19849999999999923,0.29429609999999884,34.234004999999996,35.823665,34.002,36.063
PKG_A,RCP_5,Beam_Diameter,1118,34.99477370304115,0.3030315018103066,0.008659335944897746,34.991,0.20550000000000068,0.304674300000001,34.257325,35.79249,33.698,35.967
PKG_A,RCP_6,Beam_Diameter,1099,35.00135668789809,0.3023082664407626,0.008637044247638758,35.0,0.20199999999999818,0.2994851999999973,34.17033,35.7946,33.909,36.213
PKG_A,RCP_7,Beam_Diameter,1107,34.99908762420957,0.29749554451425486,0.008500094279842633,35.01,0.20000000000000284,0.2965200000000042,34.21567,35.71741,33.91,35.952
PKG_A,RCP_8,Beam_Diameter,1024,34.988408203125,0.29764005529042714,0.008506818988805651,34.9925,0.21599999999999753,0.3202415999999963,34.258265,35.781319999999994,34.114,35.908
PKG_A,RCP_9,Beam_Diameter,1087,34.996824287028524,0.29629329988531117,0.008466291039873909,34.992,0.20900000000000318,0.30986340000000473,34.26374,35.695710000000005,34.02,35.86
PKG_B,RCP_1,Beam_Diameter,1137,35.021348284960425,0.2919608611370308,0.008336653939231988,35.005,0.19300000000000495,0.28614180000000733,34.33188,35.82068,34.043,36.332
PKG_B,RCP_2,Beam_Diameter,1118,35.00443112701252,0.29087913575492,0.0083097804017861,35.002,0.19500000000000028,0.2891070000000004,34.247285,35.712244999999996,33.991,36.055
PKG_B,RCP_3,Beam_Diameter,1083,35.00489566020314,0.3090334122978521,0.00882829119954185,35.004,0.20400000000000063,0.3024504000000009,34.21501,35.78785,33.834,35.911
PKG_B,RCP_4,Beam_Diameter,1099,34.99584258416742,0.29636878543927503,0.00846868552247278,34.993,0.20000000000000284,0.2965200000000042,34.2707,35.72451,34.073,36.03
PKG_B,RCP_5,Beam_Diameter,1083,35.00574515235457,0.29487883357386097,0.008423726799428714,35.002,0.19500000000000028,0.2891070000000004,34.251689999999996,35.77813,34.073,35.903
PKG_B,RCP_6,Beam_Diameter,1099,34.999326660600545,0.29520816916376896,0.008434681387630545,34.984,0.19000000000000483,0.28169400000000716,34.20995,35.73604,34.128,36.163
PKG_B,RCP_7,Beam_Diameter,1073,34.99423019571296,0.30972205604027647,0.008850660646286188,34.988,0.21799999999999642,0.3232067999999947,34.22236,35.75504,33.957,35.977
PKG_B,RCP_8,Beam_Diameter,1074,35.008891061452516,0.29687451457428626,0.0084799748170592,35.004,0.20549999999999713,0.30467429999999573,34.223965,35.77824,34.014,35.925
PKG_B,RCP_9,Beam_Diameter,1138,34.996230228471,0.3044235836401113,0.008698753598679011,34.984,0.20600000000000307,0.30541560000000456,34.249739999999996,35.782915,33.989,36.003
PKG_C,RCP_1,Beam_Diameter,1076,35.00343308550186,0.3005307060613376,0.008585749441411647,35.005,0.20749999999999957,0.30763949999999934,34.2365,35.777499999999996,34.112,35.894
PKG_C,RCP_2,Beam_Diameter,1103,34.99378694469628,0.30030103911637923,0.008581553050859314,34.998,0.19700000000000273,0.29207220000000406,34.275710000000004,35.739940000000004,34.051,35.884
PKG_C,RCP_3,Beam_Diameter,1071,34.99960317460317,0.3029699413689252,0.00865638218403487,34.999,0.2049999999999983,0.30393299999999746,34.229200000000006,35.75385,33.848,36.082
PKG_C,RCP_4,Beam_Diameter,1089,35.009980716253445,0.29804804099018944,0.008513230652875514,35.009,0.2010000000000005,0.29800260000000073,34.27364,35.83668,34.086,35.995
PKG_C,RCP_5,Beam_Diameter,1008,35.00327083333333,0.2992034062545068,0.008547869931331612,35.0095,0.20449999999999946,0.3031916999999992,34.24514,35.725965,34.182,35.94
PKG_C,RCP_6,Beam_Diameter,1108,35.01134566787004,0.30023309614825777,0.008575308672690697,35.015,0.20050000000000168,0.29726130000000245,34.25628,35.812625,33.537,36.103
PKG_C,RCP_7,Beam_Diameter,1043,34.99449089165868,0.29464293863814045,0.008419694961425252,34.995,0.19700000000000273,0.29207220000000406,34.17562,35.73932,34.071,35.876
PKG_C,RCP_8,Beam_Diameter,1102,35.00498638838476,0.300137823012609,0.008574144828469346,34.9985,0.20349999999999824,0.30170909999999734,34.22417,35.73397,34.014,35.967
PKG_C,RCP_9,Beam_Diameter,1128,34.984840425531914,0.3104228179253697,0.00887306656682142,34.981,0.20600000000000307,0.30541560000000456,34.207429999999995,35.739110000000004,34.082,35.935
PKG_D,RCP_1,Beam_Diameter,1157,35.01181676750216,0.29754667447349153,0.008498464288481975,35.019,0.21099999999999852,0.3128285999999978,34.263059999999996,35.743539999999996,34.123,36.012
PKG_D,RCP_2,Beam_Diameter,1110,34.99264954954955,0.30165183454263034,0.008620434246211957,34.977,0.1979999999999933,0.29355479999999,34.283895,35.796185,33.799,36.14
PKG_D,RCP_3,Beam_Diameter,1060,34.99804622641509,0.2958729768778457,0.008453985544328269,34.994,0.19549999999999912,0.28984829999999867,34.268605,35.738034999999996,33.904,36.019
PKG_D,RCP_4,Beam_Diameter,1055,34.988058767772515,0.30343785467116124,0.008672611895537849,34.969,0.20700000000000074,0.30689820000000106,34.26605,35.800869999999996,34.004,36.082
PKG_D,RCP_5,Beam_Diameter,1045,34.998374162679426,0.3045520778220703,0.0087018921623745,35.005,0.20300000000000296,0.3009678000000044,34.166079999999994,35.719699999999996,33.957,35.836
PKG_D,RCP_6,Beam_Diameter,1120,34.99539375,0.2945106016930575,0.008415696185531774,34.989000000000004,0.2009999999999934,0.2980025999999902,34.229710000000004,35.711215,34.153,36.07
PKG_D,RCP_7,Beam_Diameter,1070,34.99838785046729,0.3045398805750568,0.008701540250260147,34.9985,0.20750000000000313,0.3076395000000046,34.19673,35.764235,33.961,36.041
PKG_D,RCP_8,Beam_Diameter,1042,35.00932245681382,0.3021626462648889,0.008630919568284287,35.015,0.1980000000000004,0.29355480000000056,34.26105,35.752285,34.085,35.96
PKG_D,RCP_9,Beam_Diameter,1103,35.01042792384406,0.3021832024755675,0.008631234189221772,35.014,0.20600000000000307,0.30541560000000456,34.23361,35.81541,34.1,36.086
PKG_E,RCP_1,Beam_Diameter,1119,34.980394995531725,0.2885622453135044,0.008249256343456508,34.983,0.19699999999999562,0.2920721999999935,34.24218,35.68276,33.921,35.85
PKG_E,RCP_2,Beam_Diameter,1124,34.99203291814946,0.29570470303978585,0.008450629425603092,34.980999999999995,0.20700000000000784,0.3068982000000116,34.330225,35.73977,34.06,35.931
PKG_E,RCP_3,Beam_Diameter,1053,34.99272554605888,0.304387582004782,0.008698595986875456,35.0,0.20600000000000307,0.30541560000000456,34.200520000000004,35.779,34.035,36.239
PKG_E,RCP_4,Beam_Diameter,1074,34.99964152700186,0.29049755656601467,0.008300015197067056,35.0,0.19399999999999906,0.2876243999999986,34.26046,35.70281,33.933,36.029
PKG_E,RCP_5,Beam_Diameter,1027,34.98987244401169,0.3057746534367611,0.008738947360440938,34.987,0.20400000000000063,0.3024504000000009,34.19407,35.76018,34.017,36.172
PKG_E,RCP_6,Beam_Diameter,1066,35.00436116322702,0.29980061911657807,0.008564664777585667,35.0025,0.20749999999999602,0.30763949999999407,34.24695,35.830125,34.071,36.176
PKG_E,RCP_7,Beam_Diameter,1176,35.00819642857143,0.2927485764996183,0.008362286731820774,35.018,0.19299999999999784,0.2861417999999968,34.23475,35.76775,33.902,36.018
PKG_E,RCP_8,Beam_Diameter,1101,34.996121707538606,0.30372517136263805,0.008678823725121855,34.998,0.20300000000000296,0.3009678000000044,34.2305,35.748999999999995,34.043,35.888
PKG_E,RCP_9,Beam_Diameter,1076,34.99798977695167,0.30588547315309034,0.008740086933636822,35.0035,0.20749999999999602,0.30763949999999407,34.2535,35.790875,34.153,35.88
PKG_F,RCP_1,Beam_Diameter,1114,34.98804308797128,0.29227885171942036,0.008353678168982947,34.991,0.1875,0.2779875,34.19682,35.792395,34.052,35.936
PKG_F,RCP_2,Beam_Diameter,1137,35.01820492524187,0.30109760953664083,0.008598316509353774,35.023,0.20400000000000063,0.3024504000000009,34.26236,35.71216,34.129,36.111
PKG_F,RCP_3,Beam_Diameter,1112,35.00198471223022,0.28994431747634003,0.008283653623076669,35.007,0.19999999999999574,0.2965199999999937,34.28087,35.76901,34.118,35.946
PKG_F,RCP_4,Beam_Diameter,1106,35.00532459312839,0.30496764975096946,0.008712036048676867,35.007,0.2049999999999983,0.30393299999999746,34.298675,35.745075,34.128,36.023
PKG_F,RCP_5,Beam_Diameter,1044,35.002448275862065,0.3004800094123866,0.008584542630967897,35.01,0.20149999999999935,0.298743899999999,34.22343,35.74656,33.923,36.065
PKG_F,RCP_6,Beam_Diameter,1061,35.007593779453344,0.30351061328454754,0.008669850752858197,35.01,0.2010000000000005,0.29800260000000073,34.224799999999995,35.790000000000006,33.908,35.943
PKG_F,RCP_7,Beam_Diameter,1107,34.987940379403796,0.3039270429506801,0.00868662286647749,34.996,0.21400000000000574,0.3172764000000085,34.24586,35.780770000000004,33.88,36.007
PKG_F,RCP_8,Beam_Diameter,1126,35.0033756660746,0.294249535966027,0.008406318829735464,35.005,0.20199999999999818,0.2994851999999973,34.289,35.701375,34.145,35.756
PKG_F,RCP_9,Beam_Diameter,1117,35.01268128916741,0.28398333180133817,0.008110870728692232,35.021,0.18999999999999773,0.2816939999999966,34.2635,35.7917,34.11,35.947
PKG_A,RCP_1,Feed_Speed,1082,249.98831608133088,0.774342538050916,0.0030975149166531145,249.99349999999998,0.5109999999999957,0.7576085999999935,248.001215,251.986535,247.459,252.739
PKG_A,RCP_2,Feed_Speed,1068,249.99647940074905,0.8299254031736866,0.0033197483627091426,249.9865,0.5670000000000073,0.8406342000000108,247.82742,252.262245,247.585,252.801
PKG_A,RCP_3,Feed_Speed,1103,250.01019673617404,0.792953052159732,0.0031716828453861195,250.003,0.5299999999999727,0.7857779999999595,247.9811,251.99882000000002,247.47,252.603
PKG_A,RCP_4,Feed_Speed,1068,250.01771067415729,0.787514018618365,0.003149832931814639,250.004,0.5404999999999944,0.8013452999999917,248.051795,252.10996,247.357,252.833
PKG_A,RCP_5,Feed_Speed,1118,250.00637209302326,0.8105853854791965,0.0032422589020154693,249.995,0.5570000000000164,0.8258082000000242,247.980895,252.10729999999998,247.032,252.887
PKG_A,RCP_6,Feed_Speed,1099,249.99211646951775,0.7934226674525988,0.0031737907525149624,249.954,0.5190000000000055,0.7694694000000081,248.08084,252.43264,247.588,252.781
PKG_A,RCP_7,Feed_Speed,1107,250.00561788617884,0.7888742828526933,0.003155426224109282,250.003,0.5190000000000055,0.7694694000000081,247.9993,252.08286,247.541,252.718
PKG_A,RCP_8,Feed_Speed,1024,250.034771484375,0.8049141290589226,0.003219208769565967,250.01749999999998,0.542500000000004,0.8043105000000058,247.89971500000001,252.081375,247.567,252.506
PKG_A,RCP_9,Feed_Speed,1087,249.98921159153633,0.7927958286381348,0.0031713201685419283,249.982,0.554000000000002,0.821360400000003,248.0186,251.92085,247.733,252.361
PKG_B,RCP_1,Feed_Speed,1137,250.01173790677223,0.8093357767679166,0.003237191115681587,250.017,0.5869999999999891,0.8702861999999838,247.75852,251.91592,247.503,252.278
PKG_B,RCP_2,Feed_Speed,1118,250.00696690518782,0.8386079577916741,0.0033543383537375827,250.03449999999998,0.5714999999999861,0.8473058999999794,247.735585,252.074885,247.594,252.743
PKG_B,RCP_3,Feed_Speed,1083,250.01799907663897,0.7846508724784635,0.003138377538322517,250.002,0.5379999999999825,0.797638799999974,247.95056,251.98453999999998,247.503,252.732
PKG_B,RCP_4,Feed_Speed,1099,250.00694813466788,0.8018053048291534,0.0032071320849741173,250.01,0.5159999999999911,0.7650215999999868,247.92007,252.05716,247.324,252.673
PKG_B,RCP_5,Feed_Speed,1083,250.00178485687906,0.8105608706445278,0.003242220334981038,249.996,0.5769999999999982,0.8554601999999972,248.01882,252.06796,247.276,253.109
PKG_B,RCP_6,Feed_Speed,1099,249.99705732484077,0.8109399398007776,0.0032437979409776,250.007,0.5120000000000005,0.7590912000000006,247.87036,252.29844,247.209,252.883
PKG_B,RCP_7,Feed_Speed,1073,249.97305778191986,0.7936497441782852,0.0031749411365391096,249.992,0.5229999999999961,0.7753997999999942,247.91296,252.21400000000003,246.837,252.528
PKG_B,RCP_8,Feed_Speed,1074,250.03548510242084,0.8139828204149686,0.0032554691990280527,250.002,0.5345000000000084,0.7924497000000125,247.86019000000002,252.035795,247.464,252.371
PKG_B,RCP_9,Feed_Speed,1138,249.99489806678383,0.7913041339109316,0.003165281131855507,249.983,0.5075000000000074,0.7524195000000109,247.87091999999998,252.035875,247.568,252.202
PKG_C,RCP_1,Feed_Speed,1076,249.9954126394052,0.7862751591201418,0.0031451583483824543,249.9975,0.5420000000000016,0.8035692000000023,248.035,252.03225,247.766,252.686
PKG_C,RCP_2,Feed_Speed,1103,250.00597552130554,0.8004497546661359,0.00320172249082071,250.024,0.5509999999999877,0.8169125999999818,247.82753,251.92096,247.616,252.576
PKG_C,RCP_3,Feed_Speed,1071,249.97397385620914,0.7895781751308515,0.003158641529557934,250.003,0.5470000000000255,0.8109822000000377,247.9054,251.91344999999998,247.437,252.404
PKG_C,RCP_4,Feed_Speed,1089,249.97669237832875,0.7740761452386427,0.0030965932778529302,249.969,0.5049999999999955,0.7487129999999932,248.05372,252.12704,247.748,252.365
PKG_C,RCP_5,Feed_Speed,1008,250.0210396825397,0.7977194955979863,0.0031906094647509587,250.029,0.527000000000001,0.7813302000000015,247.94073,252.083075,247.154,253.36
PKG_C,RCP_6,Feed_Speed,1108,250.0179223826715,0.8081195148295398,0.0032322463410949047,249.99200000000002,0.5650000000000261,0.8376690000000387,248.13144499999999,251.98646499999998,247.804,252.689
PKG_C,RCP_7,Feed_Speed,1043,249.9675589645254,0.7766254881672973,0.003106905117545727,249.965,0.5339999999999918,0.7917083999999878,247.98062,251.89106999999998,247.338,252.5
PKG_C,RCP_8,Feed_Speed,1102,250.02535662431944,0.8136592661021755,0.003254306991449493,250.009,0.5384999999999991,0.7983800999999986,247.97720999999999,252.048495,247.13,252.95
PKG_C,RCP_9,Feed_Speed,1128,249.9817730496454,0.8343272887522177,0.003337552488622935,249.9635,0.5525000000000091,0.8191365000000135,247.88989,252.098075,247.319,252.625
PKG_D,RCP_1,Feed_Speed,1157,249.9834088159032,0.7780363655930139,0.0031123520127929287,249.959,0.5660000000000025,0.8391516000000037,247.9287,251.98394,247.273,253.03
PKG_D,RCP_2,Feed_Speed,1110,249.9993981981982,0.7933034469095827,0.0031732214262398177,249.9925,0.5564999999999998,0.8250668999999996,247.98650999999998,251.97026499999998,247.722,252.605
PKG_D,RCP_3,Feed_Speed,1060,249.96773301886793,0.8156042161708287,0.003262837992411067,249.954,0.5580000000000211,0.8272908000000313,248.10479999999998,251.95675500000002,247.199,253.105
PKG_D,RCP_4,Feed_Speed,1055,250.00720094786732,0.7992784622088266,0.0031970217624871368,249.994,0.5589999999999975,0.8287733999999962,247.92033999999998,252.0296,247.289,252.529
PKG_D,RCP_5,Feed_Speed,1045,250.00054641148324,0.7628517020678028,0.003051400138990908,250.001,0.5180000000000007,0.767986800000001,248.16217999999998,252.06482,247.581,252.325
PKG_D,RCP_6,Feed_Speed,1120,249.9865830357143,0.8415167082247044,0.003366247492188336,249.983,0.5660000000000025,0.8391516000000037,247.89030499999998,252.0332,247.205,252.959
PKG_D,RCP_7,Feed_Speed,1070,249.9614869158879,0.8165021802783331,0.0032665119349089417,249.9625,0.5605000000000047,0.8309973000000068,248.02048499999998,251.98344500000002,247.774,253.026
PKG_D,RCP_8,Feed_Speed,1042,250.03835700575814,0.8072146338637506,0.0032283632140694364,250.0365,0.5424999999999898,0.8043104999999848,248.01514999999998,252.10390500000003,247.318,252.872
PKG_D,RCP_9,Feed_Speed,1103,249.97396554850405,0.8057449803775825,0.00322331559052392,249.963,0.5320000000000107,0.7887432000000159,247.99036,252.27794,246.959,252.948
PKG_E,RCP_1,Feed_Speed,1119,250.01105540661302,0.8122586899480121,0.003248891088543947,250.007,0.5380000000000109,0.7976388000000162,247.83774,251.967,247.546,252.445
PKG_E,RCP_2,Feed_Speed,1124,249.9883380782918,0.8063815020938847,0.003225676478721742,250.009,0.5299999999999869,0.7857779999999805,247.73565499999998,251.941385,247.247,253.085
PKG_E,RCP_3,Feed_Speed,1053,249.9708129154796,0.7817081460573998,0.0031271976793615175,249.951,0.48599999999999,0.7205435999999851,247.91608000000002,252.05318,247.13,252.423
PKG_E,RCP_4,Feed_Speed,1074,249.99504283054003,0.7790069287208853,0.0031160895028184126,250.023,0.5594999999999999,0.8295146999999998,247.921555,251.723525,247.725,252.379
PKG_E,RCP_5,Feed_Speed,1027,250.0034576436222,0.8467547917182146,0.0033869723230998522,250.004,0.617999999999995,0.9162467999999925,247.78564,252.23065,247.405,252.382
PKG_E,RCP_6,Feed_Speed,1066,250.00986491557222,0.7716068682948913,0.003086305688599373,250.0085,0.5035000000000025,0.7464891000000037,248.02349999999998,251.85930000000002,247.378,252.51
PKG_E,RCP_7,Feed_Speed,1176,249.99645323129255,0.8369992803208584,0.0033480446202429942,249.982,0.542500000000004,0.8043105000000058,247.887375,252.225625,247.576,253.187
PKG_E,RCP_8,Feed_Speed,1101,250.01020345140782,0.8035575820442525,0.003214099148559081,250.022,0.5250000000000057,0.7783650000000084,248.026,252.208,247.785,253.035
PKG_E,RCP_9,Feed_Speed,1076,249.99745446096654,0.801610531639824,0.003206474775386098,250.006,0.5384999999999991,0.7983800999999986,248.08425,251.99062500000002,247.534,252.442
PKG_F,RCP_1,Feed_Speed,1114,250.00082315978457,0.7782611103872032,0.003113034191450595,249.9625,0.5109999999999957,0.7576085999999935,248.066735,251.99927,247.74,252.316
PKG_F,RCP_2,Feed_Speed,1137,249.9863051890941,0.809404571132747,0.003237795648527622,249.995,0.5370000000000061,0.7961562000000091,247.73044,251.93956,247.379,252.373
PKG_F,RCP_3,Feed_Speed,1112,250.02257104316547,0.8037826651565172,0.0032148404114192837,250.0285,0.5535000000000139,0.8206191000000205,247.843165,252.020715,247.355,252.423
PKG_F,RCP_4,Feed_Speed,1106,249.98456600361664,0.8061334448673508,0.003224732861530692,249.95850000000002,0.5510000000000019,0.8169126000000029,247.984625,251.95595,247.088,252.456
PKG_F,RCP_5,Feed_Speed,1044,249.9617174329502,0.8318359274544185,0.003327853304886779,249.95600000000002,0.5784999999999769,0.8576840999999658,247.65219000000002,251.914885,247.462,252.612
PKG_F,RCP_6,Feed_Speed,1061,249.982918001885,0.7927565080185837,0.0031712427167227717,249.994,0.561000000000007,0.8317386000000104,248.03889999999998,251.82070000000002,247.285,252.478
PKG_F,RCP_7,Feed_Speed,1107,250.04075248419153,0.825995595321587,0.0033034438871072,250.045,0.5539999999999736,0.8213603999999608,247.7433,252.20558,247.277,252.799
PKG_F,RCP_8,Feed_Speed,1126,249.99080373001777,0.7922035325592772,0.0031689306996061832,249.981,0.5254999999999939,0.7791062999999908,248.10325,251.903875,247.772,252.607
PKG_F,RCP_9,Feed_Speed,1117,250.01927573858552,0.8364550631358619,0.003345562299806197,250.006,0.5629999999999882,0.8347037999999825,247.85996,252.28324,247.589,252.61
PKG_A,RCP_1,Frequency,1082,100.00204621072089,0.4711090009112122,0.004710993612255768,100.016,0.32100000000001216,0.475914600000018,98.807945,101.11933,98.587,101.471
PKG_A,RCP_2,Frequency,1068,100.01305430711611,0.48205520149838377,0.004819922807457793,100.017,0.32200000000000273,0.477397200000004,98.81203,101.2083,97.865,101.544
PKG_A,RCP_3,Frequency,1103,100.00914687216682,0.4638490940367947,0.004638066702335672,100.017,0.32099999999999795,0.4759145999999969,98.83797,101.19082,98.538,101.335
PKG_A,RCP_4,Frequency,1068,100.00157303370786,0.4761360363596835,0.004761285466971512,100.011,0.3299999999999983,0.4892579999999974,98.85234,101.21129499999999,98.561,101.611
PKG_A,RCP_5,Frequency,1118,99.98465563506261,0.47295321106459276,0.00473025793868652,99.981,0.3164999999999978,0.4692428999999967,98.846945,101.30410499999999,98.681,101.857
PKG_A,RCP_6,Frequency,1099,99.99880800727935,0.4951291642942589,0.004951350662682062,99.999,0.3299999999999983,0.4892579999999974,98.66143000000001,101.32475,98.334,101.48
PKG_A,RCP_7,Frequency,1107,99.9743396567299,0.482881297482593,0.004830052382847495,99.991,0.3190000000000026,0.47294940000000385,98.62876999999999,101.18986,98.514,101.361
PKG_A,RCP_8,Frequency,1024,99.9813037109375,0.4752311847201292,0.004753200519310103,99.99,0.32449999999999335,0.4811036999999901,98.794315,101.25155,98.62,101.78
PKG_A,RCP_9,Frequency,1087,99.97728242870285,0.4717503790783623,0.004718575736590794,99.978,0.3129999999999882,0.4640537999999824,98.71728999999999,101.12498000000001,98.373,101.387
PKG_B,RCP_1,Frequency,1137,99.9775092348285,0.47499379921178325,0.004751006529839741,99.992,0.29699999999999704,0.44033219999999557,98.69296,101.1468,98.166,101.533
PKG_B,RCP_2,Frequency,1118,99.9641046511628,0.4833556428651052,0.004835292073608171,99.968,0.3259999999999934,0.4833275999999902,98.63675500000001,101.21999,98.336,101.411
PKG_B,RCP_3,Frequency,1083,100.01943213296398,0.48474792862731736,0.004846537500661895,100.012,0.3259999999999934,0.4833275999999902,98.65768,101.26978,98.257,101.512
PKG_B,RCP_4,Frequency,1099,99.97808280254777,0.47540735237971854,0.004755115711896843,99.968,0.3190000000000026,0.47294940000000385,98.72601,101.15159,98.467,101.674
PKG_B,RCP_5,Frequency,1083,99.98069529085872,0.48939928986702774,0.004894937852185288,99.96,0.33799999999999386,0.5011187999999909,98.79546,101.24217999999999,98.284,101.784
PKG_B,RCP_6,Frequency,1099,100.00653230209282,0.4792743752579934,0.004792430696529248,100.006,0.33899999999999864,0.502601399999998,98.87445,101.22525,98.352,101.632
PKG_B,RCP_7,Frequency,1073,99.97716495806152,0.47094230106786755,0.004710498655022061,99.978,0.32499999999998863,0.4818449999999831,98.76108,101.04916,98.623,101.643
PKG_B,RCP_8,Frequency,1074,99.99687523277467,0.45848566256576767,0.004584999896231716,100.003,0.2985000000000042,0.4425561000000062,98.76792,101.161255,98.304,101.261
PKG_B,RCP_9,Frequency,1138,99.97159314586995,0.47290810171814346,0.004730424782049003,99.993,0.3289999999999935,0.48777539999999037,98.68742499999999,101.111835,98.294,101.268
PKG_C,RCP_1,Frequency,1076,99.97762546468402,0.4928580795417159,0.004929683789257552,99.996,0.3469999999999942,0.5144621999999913,98.769,101.20174999999999,98.441,101.743
PKG_C,RCP_2,Frequency,1103,99.94807434270172,0.47681427506666585,0.004770619926420656,99.94,0.3269999999999982,0.48481019999999725,98.64109,101.08341,98.463,101.432
PKG_C,RCP_3,Frequency,1071,100.00579271708683,0.48252874785618444,0.004825007979500175,100.026,0.3370000000000033,0.49963620000000486,98.74825,101.11030000000001,98.55,101.619
PKG_C,RCP_4,Frequency,1089,99.98025528007346,0.4799880216720589,0.004800828126788378,99.989,0.3369999999999891,0.49963619999998377,98.71364,101.14016,98.14,101.348
PKG_C,RCP_5,Frequency,1008,99.98962003968253,0.4566106073537539,0.0045665800827379924,99.9995,0.3094999999999999,0.4588646999999998,98.8287,101.10737,98.323,101.404
PKG_C,RCP_6,Frequency,1108,99.98463357400722,0.4824112157256059,0.004824853564808355,99.988,0.31450000000000244,0.4662777000000036,98.696615,101.25855499999999,98.284,101.496
PKG_C,RCP_7,Frequency,1043,99.98547746883989,0.46893080719769026,0.004689989177116555,99.994,0.3100000000000023,0.45960600000000335,98.75952000000001,101.14847999999999,98.487,101.331
PKG_C,RCP_8,Frequency,1102,99.98407985480944,0.4843730490608167,0.0048445017423193034,99.9975,0.3230000000000004,0.4788798000000006,98.69804,101.178085,98.534,101.41
PKG_C,RCP_9,Frequency,1128,99.97208776595744,0.482277834624749,0.004824124867270948,99.99,0.3230000000000004,0.4788798000000006,98.729,101.16840499999999,98.3,101.48
PKG_D,RCP_1,Frequency,1157,100.00947191011237,0.4580022724905088,0.004579588950356195,100.008,0.3049999999999926,0.452192999999989,98.85698000000001,101.22760000000001,98.465,101.402
PKG_D,RCP_2,Frequency,1110,99.9801972972973,0.48060901756568886,0.004807042099912728,99.9685,0.32849999999999824,0.48703409999999736,98.78072,101.31565499999999,98.669,101.648
PKG_D,RCP_3,Frequency,1060,99.99333018867924,0.47613568069861806,0.004761674401684482,99.981,0.33500000000000796,0.4966710000000118,98.77298,101.20181499999998,98.539,101.853
PKG_D,RCP_4,Frequency,1055,99.96752227488152,0.4844267521551119,0.00484584134058139,99.983,0.3230000000000075,0.4788798000000111,98.69085,101.1455,98.343,101.339
PKG_D,RCP_5,Frequency,1045,99.98138660287081,0.48586639032313444,0.00485956843400273,99.999,0.3269999999999982,0.48481019999999725,98.79032000000001,101.153,98.327,101.436
PKG_D,RCP_6,Frequency,1120,100.00946160714285,0.4832714480881152,0.004832257271681973,100.021,0.3365000000000009,0.4988949000000013,98.77014000000001,101.18913500000001,98.644,101.554
PKG_D,RCP_7,Frequency,1070,99.9990046728972,0.4824301293716747,0.00482434931177298,99.9995,0.31449999999999534,0.4662776999999931,98.83700499999999,101.298685,98.384,101.412
PKG_D,RCP_8,Frequency,1042,99.97399136276393,0.47294759375463097,0.00473070632979433,99.9845,0.3225000000000051,0.47813850000000757,98.815075,101.05433500000001,98.141,101.679
PKG_D,RCP_9,Frequency,1103,99.98231912964643,0.46728435991211786,0.004673669944644845,99.983,0.3019999999999925,0.44774519999998885,98.74522,101.16435,98.633,101.433
PKG_E,RCP_1,Frequency,1119,99.98951921358355,0.48142346822472226,0.004814739304790267,100.0,0.33100000000000307,0.4907406000000045,98.72726999999999,101.10491,98.475,101.622
PKG_E,RCP_2,Frequency,1124,99.98767704626334,0.49145035482997185,0.004915109234936846,99.995,0.3184999999999931,0.47220809999998975,98.77961,101.244925,98.504,101.69
PKG_E,RCP_3,Frequency,1053,99.99228964862297,0.46952709063228115,0.004695632956123104,100.003,0.31100000000000705,0.46108860000001045,98.78652,101.22654,98.466,101.579
PKG_E,RCP_4,Frequency,1074,99.98866573556798,0.47859975456432136,0.004786540064751297,100.009,0.3100000000000023,0.45960600000000335,98.70582499999999,101.242255,98.458,101.29
PKG_E,RCP_5,Frequency,1027,100.00494741966894,0.46369843535213257,0.004636754953794741,99.999,0.3170000000000073,0.4699842000000108,98.84703,101.10902,98.726,101.444
PKG_E,RCP_6,Frequency,1066,99.95935553470919,0.4720016951632112,0.004721936157334634,99.972,0.31800000000000495,0.4714668000000073,98.77175,101.175725,98.392,101.549
PKG_E,RCP_7,Frequency,1176,99.96811819727891,0.48625948118138657,0.004864145589114654,99.9645,0.3264999999999958,0.48406889999999375,98.76325,101.206625,98.109,101.397
PKG_E,RCP_8,Frequency,1101,99.99257765667575,0.47707858187319707,0.004771139949119475,99.989,0.3130000000000024,0.4640538000000035,98.8655,101.202,98.527,102.229
PKG_E,RCP_9,Frequency,1076,100.01010037174721,0.4737379033589478,0.00473690058902069,100.0015,0.3129999999999953,0.46405379999999297,98.825,101.199125,98.669,101.535
PKG_F,RCP_1,Frequency,1114,99.99199910233393,0.49542991848713197,0.004954695604996341,100.00800000000001,0.33149999999999125,0.491481899999987,98.73513,101.209435,97.987,101.922
PKG_F,RCP_2,Frequency,1137,99.99061301671064,0.47316360893070686,0.004732080288893026,99.977,0.3190000000000026,0.47294940000000385,98.77799999999999,101.27456000000001,98.246,101.481
PKG_F,RCP_3,Frequency,1112,99.98912320143884,0.48528132655795936,0.0048533411537203695,100.0065,0.3219999999999956,0.47739719999999347,98.74821,101.18778499999999,98.08,101.346
PKG_F,RCP_4,Frequency,1106,99.99567631103073,0.48113691348697546,0.0048115771725012095,99.9995,0.31700000000000017,0.46998420000000024,98.687525,101.2456,98.552,101.66
PKG_F,RCP_5,Frequency,1044,99.97944827586207,0.46807616728124374,0.004681723847782533,100.0075,0.3149999999999977,0.4670189999999966,98.77443,101.08242,98.67,101.959
PKG_F,RCP_6,Frequency,1061,99.99692554194156,0.47374352299830336,0.004737580884920325,99.998,0.3299999999999983,0.4892579999999974,98.75580000000001,101.1307,98.471,101.307
PKG_F,RCP_7,Frequency,1107,100.01910749774164,0.4803349533994944,0.004802431909426306,100.029,0.3359999999999985,0.49815359999999775,98.72524,101.19411,98.586,101.375
PKG_F,RCP_8,Frequency,1126,99.99414387211368,0.4731523491483875,0.004731800591777855,99.9865,0.3259999999999934,0.4833275999999902,98.72325000000001,101.131875,98.372,101.372
PKG_F,RCP_9,Frequency,1117,100.0006660698299,0.4695550364946924,0.004695519089510911,100.011,0.3130000000000024,0.4640538000000035,98.80066,101.0437,98.226,101.238
PKG_A,RCP_1,Alignment_Time,1082,0.39934001848428835,0.019563526286861376,0.048989646369816765,0.399,0.013000000000000012,0.019273800000000015,0.3522405,0.4452595,0.3377,0.4565
PKG_A,RCP_2,Alignment_Time,1068,0.40129784644194755,0.020100347254313054,0.05008835066654365,0.40125,0.01335,0.01979271,0.351401,0.4559995,0.3469,0.4705
PKG_A,RCP_3,Alignment_Time,1103,0.3998747960108794,0.020049083131615346,0.05013840164877476,0.3998,0.0131,0.01942206,0.353353,0.456594,0.329,0.4628
PKG_A,RCP_4,Alignment_Time,1068,0.3997571161048689,0.020391069215843653,0.05100864598616534,0.4,0.01369999999999999,0.020311619999999985,0.3458025,0.4540985,0.3357,0.4619
PKG_A,RCP_5,Alignment_Time,1118,0.39995214669051876,0.02025598555056841,0.05064602282593174,0.40005,0.01394999999999999,0.020682269999999985,0.3503455,0.4532,0.3282,0.4729
PKG_A,RCP_6,Alignment_Time,1099,0.4006100090991811,0.01982081135449236,0.04947657548312833,0.4008,0.012900000000000023,0.01912554000000003,0.346268,0.45383199999999996,0.3314,0.4704
PKG_A,RCP_7,Alignment_Time,1107,0.40043288166214996,0.019889526788381132,0.04967006382148748,0.4006,0.013399999999999967,0.01986683999999995,0.346173,0.449599,0.3367,0.4584
PKG_A,RCP_8,Alignment_Time,1024,0.4002951171875,0.020129244070466828,0.05028600951192268,0.40065,0.013350000000000029,0.01979271000000004,0.3467115,0.4519,0.3363,0.4588
PKG_A,RCP_9,Alignment_Time,1087,0.39930413983440666,0.019740501862546903,0.04943725820306642,0.3994,0.013400000000000023,0.01986684000000003,0.350059,0.4499979999999999,0.3421,0.4751
PKG_B,RCP_1,Alignment_Time,1137,0.3999009674582234,0.019708759066018242,0.04928409948914956,0.4002,0.012799999999999978,0.018977279999999968,0.350144,0.4484,0.3403,0.4607
PKG_B,RCP_2,Alignment_Time,1118,0.4004037567084079,0.01964109080031363,0.049053213091147796,0.4008,0.013299999999999979,0.019718579999999968,0.349134,0.45227149999999994,0.3385,0.4709
PKG_B,RCP_3,Alignment_Time,1083,0.39908291782086797,0.02010164544767322,0.050369596266949285,0.3991,0.013899999999999968,0.020608139999999952,0.351,0.4503669999999999,0.3344,0.4631
PKG_B,RCP_4,Alignment_Time,1099,0.4000911737943585,0.019422140680701284,0.04854428678470174,0.3997,0.0131,0.01942206,0.351215,0.448857,0.3335,0.4595
PKG_B,RCP_5,Alignment_Time,1083,0.39958217913204064,0.01965251382135074,0.04918265840593614,0.3994,0.013000000000000012,0.019273800000000015,0.348102,0.44880299999999984,0.3392,0.4696
PKG_B,RCP_6,Alignment_Time,1099,0.4001835304822566,0.020284250350867224,0.05068736918389147,0.3992,0.013600000000000001,0.02016336,0.350398,0.449408,0.3335,0.4578
PKG_B,RCP_7,Alignment_Time,1073,0.4003175209692451,0.01998091604912314,0.049912669324953675,0.3997,0.013299999999999979,0.019718579999999968,0.350532,0.4521040000000001,0.3317,0.4712
PKG_B,RCP_8,Alignment_Time,1074,0.40007895716945996,0.020275590630754417,0.0506789729062565,0.4003,0.013500000000000012,0.02001510000000002,0.34850949999999997,0.4547715,0.3376,0.466
PKG_B,RCP_9,Alignment_Time,1138,0.3985998242530756,0.01971824490230137,0.04946877470217355,0.3984,0.013700000000000045,0.020311620000000065,0.34727949999999996,0.44630800000000015,0.336,0.4653
PKG_C,RCP_1,Alignment_Time,1076,0.39932360594795535,0.019575781915154643,0.04902235085422422,0.39905,0.013149999999999995,0.019496189999999993,0.3484875,0.4503125,0.3335,0.4788
PKG_C,RCP_2,Alignment_Time,1103,0.4002111514052584,0.020304941886324153,0.050735572497236925,0.3998,0.013500000000000012,0.02001510000000002,0.35395099999999996,0.456427,0.3408,0.4746
PKG_C,RCP_3,Alignment_Time,1071,0.40111652661064423,0.020564332552865702,0.051267726928706396,0.4017,0.013900000000000023,0.020608140000000035,0.34677,0.4559000000000002,0.338,0.4807
PKG_C,RCP_4,Alignment_Time,1089,0.39966538108356287,0.019748899002884908,0.04941358430730774,0.3999,0.013700000000000045,0.020311620000000065,0.35084,0.4500079999999999,0.3383,0.4642
PKG_C,RCP_5,Alignment_Time,1008,0.40193402777777776,0.019112199498215927,0.04755058834874942,0.4016,0.013500000000000012,0.02001510000000002,0.3573,0.4496895,0.3541,0.4646
PKG_C,RCP_6,Alignment_Time,1108,0.4006557761732852,0.020615289163001236,0.05145386735691299,0.4006,0.01419999999999999,0.021052919999999985,0.3511605,0.4542579999999999,0.3387,0.4677
PKG_C,RCP_7,Alignment_Time,1043,0.4001922339405561,0.019202749100786405,0.04798381245858647,0.3999,0.0126,0.018680759999999998,0.35201,0.45184499999999983,0.3343,0.4605
PKG_C,RCP_8,Alignment_Time,1102,0.40022903811252264,0.020637416324984895,0.05156401550050143,0.40055,0.013149999999999995,0.019496189999999993,0.3495615,0.45764749999999993,0.345,0.4756
PKG_C,RCP_9,Alignment_Time,1128,0.39939219858156033,0.02059091277389223,0.05155562088348438,0.398,0.014200000000000046,0.021052920000000065,0.3513255,0.4546365,0.3299,0.4598
PKG_D,RCP_1,Alignment_Time,1157,0.4004580812445981,0.019852253951947927,0.04957386273801341,0.3995,0.01369999999999999,0.020311619999999985,0.350078,0.44942200000000004,0.3343,0.4694
PKG_D,RCP_2,Alignment_Time,1110,0.4002497297297297,0.020103577485105887,0.05022758540944153,0.39985,0.013749999999999984,0.020385749999999977,0.354227,0.4515369999999999,0.3372,0.4694
PKG_D,RCP_3,Alignment_Time,1060,0.4000035849056604,0.020026853699481418,0.05006668553784259,0.40065,0.013649999999999995,0.020237489999999993,0.34279,0.4463705,0.3283,0.4659
PKG_D,RCP_4,Alignment_Time,1055,0.39930350710900475,0.019750185477564377,0.04946158780461908,0.3991,0.01369999999999999,0.020311619999999985,0.350162,0.44753600000000004,0.3248,0.4548
PKG_D,RCP_5,Alignment_Time,1045,0.4001428708133971,0.019495784970020556,0.048722060024186296,0.3999,0.0131,0.01942206,0.348844,0.449056,0.323,0.4555
PKG_D,RCP_6,Alignment_Time,1120,0.400720625,0.02008790097226195,0.05012944110940621,0.40045,0.013850000000000029,0.020534010000000043,0.347466,0.4502075,0.3249,0.4624
PKG_D,RCP_7,Alignment_Time,1070,0.40023981308411216,0.019422156249485675,0.048526297521041525,0.4002,0.013299999999999979,0.019718579999999968,0.351076,0.45217899999999994,0.3326,0.4643
PKG_D,RCP_8,Alignment_Time,1042,0.3995914587332054,0.02045476661829606,0.05118919879604599,0.39985,0.01419999999999999,0.021052919999999985,0.3435665,0.44815150000000015,0.3298,0.4694
PKG_D,RCP_9,Alignment_Time,1103,0.3999834995466909,0.019848308583410256,0.04962281845602314,0.3998,0.0131,0.01942206,0.350471,0.449545,0.3386,0.4682
PKG_E,RCP_1,Alignment_Time,1119,0.39962207327971405,0.020020973010252834,0.05009976762779874,0.3996,0.013299999999999979,0.019718579999999968,0.350803,0.44900500000000004,0.3288,0.4603
PKG_E,RCP_2,Alignment_Time,1124,0.40046343416370106,0.020001061573432243,0.04994478863020545,0.40015,0.013450000000000017,0.019940970000000023,0.3521685,0.4517385,0.3401,0.4603
PKG_E,RCP_3,Alignment_Time,1053,0.39965754985754987,0.01977182608963705,0.04947191938869748,0.3997,0.013400000000000023,0.01986684000000003,0.343916,0.445418,0.3288,0.4527
PKG_E,RCP_4,Alignment_Time,1074,0.399653165735568,0.019809397316133168,0.04956647166718587,0.3981,0.013050000000000006,0.019347930000000006,0.34854749999999995,0.459532,0.3432,0.4922
PKG_E,RCP_5,Alignment_Time,1027,0.3993558909444986,0.01950605173899206,0.04884378115184222,0.3994,0.012900000000000023,0.01912554000000003,0.351982,0.447296,0.3418,0.4726
PKG_E,RCP_6,Alignment_Time,1066,0.4011767354596623,0.019293275070547074,0.048091709626285103,0.4014,0.0126,0.018680759999999998,0.3501875,0.45387749999999993,0.3415,0.475
PKG_E,RCP_7,Alignment_Time,1176,0.3999441326530612,0.020380658739386326,0.050958764175860274,0.39995,0.013350000000000029,0.01979271000000004,0.3467875,0.45020000000000004,0.3311,0.4628
PKG_E,RCP_8,Alignment_Time,1101,0.3992813805631244,0.019744184605312944,0.04944929958283263,0.3993,0.012699999999999989,0.01882901999999998,0.34404999999999997,0.4516,0.3312,0.4603
PKG_E,RCP_9,Alignment_Time,1076,0.40008085501858737,0.02015053592947364,0.05036615893189257,0.40035,0.013950000000000018,0.020682270000000027,0.35102500000000003,0.452475,0.3364,0.4849
PKG_F,RCP_1,Alignment_Time,1114,0.3990641831238779,0.019908337589474887,0.04988755802044735,0.39915,0.013350000000000029,0.01979271000000004,0.34529099999999996,0.45114799999999994,0.3341,0.4747
PKG_F,RCP_2,Alignment_Time,1137,0.39871336851363237,0.0198611592962322,0.04981312608170832,0.3987,0.01369999999999999,0.020311619999999985,0.34894000000000003,0.45172799999999996,0.3361,0.4577
PKG_F,RCP_3,Alignment_Time,1112,0.39978192446043165,0.019817629521652558,0.04957109941476107,0.4004,0.013299999999999979,0.019718579999999968,0.3500555,0.45237799999999995,0.3389,0.4574
PKG_F,RCP_4,Alignment_Time,1106,0.39986781193490056,0.019889090078918002,0.04973916250642348,0.3998,0.012899999999999995,0.019125539999999993,0.3524625,0.44909499999999997,0.3203,0.4663
PKG_F,RCP_5,Alignment_Time,1044,0.4004886973180077,0.02005752146774146,0.05008261556958448,0.4003,0.013550000000000006,0.02008923000000001,0.3491235,0.4549065000000001,0.3303,0.4678
PKG_F,RCP_6,Alignment_Time,1061,0.39990716305372287,0.02030915923031419,0.05078468481342479,0.4003,0.013300000000000034,0.019718580000000048,0.34687,0.4501300000000001,0.3177,0.4632
PKG_F,RCP_7,Alignment_Time,1107,0.3989227642276423,0.020060441814826125,0.05028653066130562,0.3984,0.013600000000000001,0.02016336,0.350065,0.449594,0.3391,0.469
PKG_F,RCP_8,Alignment_Time,1126,0.39932255772646535,0.02068490436222616,0.05179998966248045,0.4002,0.013850000000000001,0.020534010000000002,0.3472375,0.452975,0.329,0.4694
PKG_F,RCP_9,Alignment_Time,1117,0.3996652641002686,0.01986652757237991,0.04970791649132602,0.3991,0.01319999999999999,0.019570319999999985,0.346686,0.45008400000000004,0.3302,0.4582
PKG_A,RCP_1,Process_Time,1082,5.003669131238447,0.09930151782408864,0.01984574023972499,5.01,0.07000000000000028,0.10378200000000042,4.768809999999999,5.239190000000001,4.702,5.28
PKG_A,RCP_2,Process_Time,1068,5.001687265917603,0.10084876698342571,0.020162949345239427,4.998,0.06599999999999984,0.09785159999999975,4.754,5.265655,4.711,5.33
PKG_A,RCP_3,Process_Time,1103,4.998300090661831,0.09847994291261358,0.0197026871388936,4.996,0.0699999999999994,0.1037819999999991,4.74614,5.23798,4.644,5.319
PKG_A,RCP_4,Process_Time,1068,4.999251872659176,0.0997058995125891,0.019944164057402063,5.001,0.06599999999999984,0.09785159999999975,4.73734,5.26265,4.702,5.374
PKG_A,RCP_5,Process_Time,1118,5.00216457960644,0.09923975885705145,0.019839362995301413,5.005,0.06599999999999984,0.09785159999999975,4.73668,5.238659999999999,4.681,5.356
PKG_A,RCP_6,Process_Time,1099,5.000390354868062,0.10051301711710409,0.020101034116116755,4.996,0.06899999999999995,0.10229939999999992,4.75643,5.261550000000001,4.678,5.375
PKG_A,RCP_7,Process_Time,1107,5.003157181571815,0.09836165439141954,0.01965991689282042,5.004,0.06599999999999984,0.09785159999999975,4.73983,5.253170000000001,4.692,5.316
PKG_A,RCP_8,Process_Time,1024,4.998189453125,0.09987355273430014,0.019981946196908674,5.0,0.07000000000000028,0.10378200000000042,4.76246,5.22,4.698,5.265
PKG_A,RCP_9,Process_Time,1087,4.999827966881325,0.10135013444097314,0.020270724335379672,5.002,0.06799999999999962,0.10081679999999943,4.73644,5.24857,4.667,5.375
PKG_B,RCP_1,Process_Time,1137,4.997832014072119,0.10187247324563652,0.020383332804864155,4.996,0.07200000000000006,0.10674720000000008,4.749,5.27332,4.639,5.331
PKG_B,RCP_2,Process_Time,1118,4.998452593917711,0.10138814056378039,0.020283905600535848,5.003,0.07050000000000001,0.1045233,4.7380949999999995,5.22366,4.625,5.317
PKG_B,RCP_3,Process_Time,1083,5.001754385964912,0.09962496525981361,0.019918004278531663,5.003,0.06899999999999995,0.10229939999999992,4.746,5.255539999999999,4.637,5.379
PKG_B,RCP_4,Process_Time,1099,5.003916287534122,0.09827546828725542,0.019639710706608273,5.005,0.06700000000000017,0.09933420000000025,4.773,5.23604,4.733,5.299
PKG_B,RCP_5,Process_Time,1083,5.002216066481994,0.09802082769568503,0.01959548056160278,4.999,0.06500000000000039,0.09636900000000058,4.75582,5.24836,4.724,5.299
PKG_B,RCP_6,Process_Time,1099,4.999,0.10049435185172528,0.020102890948534766,4.996,0.0649999999999995,0.09636899999999926,4.75343,5.27051,4.68,5.361
PKG_B,RCP_7,Process_Time,1073,4.998989748369059,0.0980571285246897,0.019615389000683835,4.999,0.0649999999999995,0.09636899999999926,4.75608,5.23864,4.651,5.286
PKG_B,RCP_8,Process_Time,1074,5.001116387337057,0.10145821451800084,0.020287113248332992,5.0065,0.06599999999999984,0.09785159999999975,4.726505,5.252,4.672,5.326
PKG_B,RCP_9,Process_Time,1138,5.003224077328647,0.10215483040853741,0.020417800368253858,5.004,0.07000000000000028,0.10378200000000042,4.7584800000000005,5.267315,4.691,5.33
PKG_C,RCP_1,Process_Time,1076,4.996052044609666,0.09895298900500692,0.01980623662873351,5.0,0.06700000000000017,0.09933420000000025,4.724,5.2435,4.656,5.316
PKG_C,RCP_2,Process_Time,1103,4.999622846781505,0.09924099937364479,0.019849697150162226,5.001,0.06899999999999995,0.10229939999999992,4.75155,5.244940000000001,4.705,5.307
PKG_C,RCP_3,Process_Time,1071,4.995602240896359,0.10187670097024734,0.020393277138086887,4.997,0.07099999999999973,0.1052645999999996,4.7608,5.24265,4.657,5.332
PKG_C,RCP_4,Process_Time,1089,4.997301193755739,0.09941311795970732,0.019893361257457658,4.994,0.06400000000000006,0.09488640000000008,4.74284,5.251799999999999,4.7,5.3
PKG_C,RCP_5,Process_Time,1008,5.004751984126984,0.09563585353133582,0.01910900956424083,5.005,0.06599999999999984,0.09785159999999975,4.758245,5.25493,4.656,5.313
PKG_C,RCP_6,Process_Time,1108,5.001600180505415,0.09923118135532923,0.01983988679105131,5.002,0.06799999999999962,0.10081679999999943,4.741675,5.249789999999999,4.68,5.349
PKG_C,RCP_7,Process_Time,1043,5.001712368168744,0.1001764360524158,0.020028428001967052,5.001,0.0680000000000005,0.10081680000000075,4.73121,5.25079,4.709,5.301
PKG_C,RCP_8,Process_Time,1102,4.997146098003629,0.09873917916648754,0.01975911394824619,4.999,0.06500000000000039,0.09636900000000058,4.749525,5.274979999999999,4.705,5.339
PKG_C,RCP_9,Process_Time,1128,4.997421985815603,0.09991603899743445,0.019993516513320354,4.9965,0.06950000000000056,0.10304070000000083,4.748175,5.2491900000000005,4.65,5.282
PKG_D,RCP_1,Process_Time,1157,4.997866897147796,0.10157124377707896,0.020322918930683023,4.998,0.07000000000000028,0.10378200000000042,4.725,5.25744,4.683,5.329
PKG_D,RCP_2,Process_Time,1110,4.993318918918919,0.09662405698567175,0.019350668073608922,4.9905,0.06949999999999967,0.10304069999999951,4.7401800000000005,5.23973,4.666,5.277
PKG_D,RCP_3,Process_Time,1060,5.002092452830189,0.0988090122719547,0.0197535357860186,4.999,0.06499999999999995,0.09636899999999991,4.74836,5.26805,4.722,5.358
PKG_D,RCP_4,Process_Time,1055,4.99901990521327,0.09595000171554476,0.019193762684457903,5.004,0.06300000000000061,0.0934038000000009,4.74127,5.23546,4.687,5.333
PKG_D,RCP_5,Process_Time,1045,5.004124401913876,0.10023287935208666,0.02003005347224214,5.006,0.06799999999999962,0.10081679999999943,4.75342,5.24712,4.692,5.31
PKG_D,RCP_6,Process_Time,1120,5.006790178571428,0.09653390636308079,0.019280597532574155,5.009,0.06400000000000006,0.09488640000000008,4.761,5.249025,4.694,5.304
PKG_D,RCP_7,Process_Time,1070,4.995873831775701,0.09619865616222473,0.019255621619257847,4.998,0.06300000000000061,0.0934038000000009,4.71535,5.22155,4.653,5.284
PKG_D,RCP_8,Process_Time,1042,4.999130518234165,0.09995590886545072,0.019994658771333298,5.003,0.06599999999999984,0.09785159999999975,4.734025,5.247490000000002,4.68,5.306
PKG_D,RCP_9,Process_Time,1103,5.000651858567543,0.09932485480448892,0.019862381468191415,5.003,0.0649999999999995,0.09636899999999926,4.75414,5.2494700000000005,4.67,5.275
PKG_E,RCP_1,Process_Time,1119,4.996977658623772,0.09947267242539759,0.019906567373525856,5.001,0.06799999999999962,0.10081679999999943,4.75277,5.25782,4.613,5.288
PKG_E,RCP_2,Process_Time,1124,4.995403024911032,0.10080794021343724,0.020180141564300036,4.999,0.06599999999999984,0.09785159999999975,4.72323,5.262385,4.676,5.287
PKG_E,RCP_3,Process_Time,1053,5.006604938271605,0.10081165689395452,0.020135732324978894,5.006,0.06700000000000017,0.09933420000000025,4.76056,5.27014,4.673,5.299
PKG_E,RCP_4,Process_Time,1074,5.000140595903166,0.10204413902537571,0.020408253941696146,5.002,0.06899999999999995,0.10229939999999992,4.755095,5.2546349999999995,4.704,5.372
PKG_E,RCP_5,Process_Time,1027,5.003364167478091,0.10014269449434589,0.02001507208795119,5.006,0.0680000000000005,0.10081680000000075,4.751390000000001,5.283659999999999,4.703,5.355
PKG_E,RCP_6,Process_Time,1066,4.997373358348968,0.09913450531482997,0.019837322170297482,4.999,0.06700000000000017,0.09933420000000025,4.761325,5.2780249999999995,4.673,5.318
PKG_E,RCP_7,Process_Time,1176,5.003516156462585,0.09861666033786257,0.019709471750278734,5.0024999999999995,0.06649999999999956,0.09859289999999934,4.749,5.2345,4.587,5.328
PKG_E,RCP_8,Process_Time,1101,4.998920072661217,0.09946005578483261,0.019896308470458146,4.995,0.06700000000000017,0.09933420000000025,4.765000000000001,5.2675,4.671,5.32
PKG_E,RCP_9,Process_Time,1076,4.999767657992565,0.10195827653026279,0.020392602917712305,5.003,0.07000000000000028,0.10378200000000042,4.732125,5.274875,4.674,5.357
PKG_F,RCP_1,Process_Time,1114,4.9969910233393176,0.10094423887619429,0.02020100464553901,4.9945,0.06950000000000056,0.10304070000000083,4.74913,5.245,4.647,5.343
PKG_F,RCP_2,Process_Time,1137,5.003096745822339,0.1009003018513662,0.02016756960289034,5.0,0.06799999999999962,0.10081679999999943,4.74836,5.2396,4.701,5.318
PKG_F,RCP_3,Process_Time,1112,5.001838129496403,0.09948902242728484,0.019890492225365482,5.004,0.06700000000000017,0.09933420000000025,4.74411,5.257445,4.692,5.281
PKG_F,RCP_4,Process_Time,1106,4.998228752260398,0.10235551178353257,0.02047835680534696,4.995,0.06400000000000006,0.09488640000000008,4.715050000000001,5.246,4.627,5.431
PKG_F,RCP_5,Process_Time,1044,4.9983419540229885,0.10027603762790292,0.020061860222907377,4.994,0.06800000000000006,0.10081680000000008,4.750075,5.259635,4.678,5.284
PKG_F,RCP_6,Process_Time,1061,4.99527615457116,0.09797622009673575,0.019613774507156737,4.996,0.06900000000000084,0.10229940000000123,4.7533,5.2624,4.631,5.325
PKG_F,RCP_7,Process_Time,1107,5.00743179765131,0.09869915932411133,0.01971053492339232,5.006,0.06500000000000039,0.09636900000000058,4.77259,5.27947,4.682,5.33
PKG_F,RCP_8,Process_Time,1126,5.000572824156306,0.10155958745012343,0.02030959072519027,4.998,0.06599999999999984,0.09785159999999975,4.734875,5.26575,4.669,5.323
PKG_F,RCP_9,Process_Time,1117,4.996405550581915,0.0973834809944539,0.01949070787160421,4.999,0.06600000000000072,0.09785160000000107,4.74374,5.2252600000000005,4.697,5.334
PKG_A,RCP_1,Cutting_X_Index,1082,-0.011131238447319778,0.5117291878219912,-45.97234981927885,0.013,0.327,0.48481019999999997,-1.491085,1.172975,-1.856,1.647
PKG_A,RCP_2,Cutting_X_Index,1068,0.005340823970037453,0.4957947809311539,92.83114060912911,0.0165,0.3195,0.47369069999999996,-1.28661,1.2585899999999983,-1.573,1.742
PKG_A,RCP_3,Cutting_X_Index,1103,0.02628105167724388,0.48309410625014865,18.381840733886918,0.025,0.31999999999999995,0.4744319999999999,-1.2988,1.26492,-1.65,1.66
PKG_A,RCP_4,Cutting_X_Index,1068,-0.003490636704119851,0.5076212057942814,-145.42367161703123,-0.007,0.3365,0.49889490000000003,-1.403985,1.3336299999999992,-1.68,1.466
PKG_A,RCP_5,Cutting_X_Index,1118,0.003260286225402504,0.49293783146648035,151.194648993011,-0.019,0.3095,0.45886469999999996,-1.332715,1.3082449999999999,-1.677,1.752
PKG_A,RCP_6,Cutting_X_Index,1099,-0.03558871701546861,0.47615386847781227,-13.379349086140204,-0.047,0.304,0.45071039999999996,-1.35917,1.1454599999999997,-2.006,1.484
PKG_A,RCP_7,Cutting_X_Index,1107,0.00043631436314362957,0.5043766283612244,1155.9936389148609,0.02,0.333,0.4937058,-1.27964,1.2935000000000014,-1.506,1.544
PKG_A,RCP_8,Cutting_X_Index,1024,-0.019095703125000002,0.49642479623779834,-25.996675429452054,-0.057,0.3435,0.5092731,-1.15193,1.345125,-1.482,1.704
PKG_A,RCP_9,Cutting_X_Index,1087,-0.009973321067157311,0.4856263960341815,-48.6925461202062,-0.02,0.33599999999999997,0.4981535999999999,-1.2225700000000002,1.2601099999999985,-1.513,1.4
PKG_B,RCP_1,Cutting_X_Index,1137,0.004189973614775726,0.4860141811725163,115.9945684284532,-0.007,0.328,0.48629279999999997,-1.15456,1.2406399999999982,-1.482,1.58
PKG_B,RCP_2,Cutting_X_Index,1118,0.01094454382826476,0.5035894227246447,46.01282891518083,0.02,0.338,0.5011188,-1.3659,1.2830749999999997,-1.916,1.671
PKG_B,RCP_3,Cutting_X_Index,1083,0.01625023084025854,0.5136411007649684,31.608234111509788,-0.001,0.339,0.5026014,-1.27016,1.3635699999999982,-1.657,1.856
PKG_B,RCP_4,Cutting_X_Index,1099,0.0036369426751592356,0.5061127779710934,139.15885488872448,0.007,0.33999999999999997,0.504084,-1.25463,1.27616,-1.431,1.724
PKG_B,RCP_5,Cutting_X_Index,1083,-0.0160932594644506,0.4997609591078754,-31.05405466256406,-0.032,0.31899999999999995,0.4729493999999999,-1.33191,1.265239999999997,-1.856,1.436
PKG_B,RCP_6,Cutting_X_Index,1099,0.018194722474977252,0.47613381919271847,26.16878712206429,0.022,0.32899999999999996,0.4877753999999999,-1.22505,1.2475100000000001,-1.522,1.522
PKG_B,RCP_7,Cutting_X_Index,1073,-0.02450326188257223,0.4735647032957945,-19.32659845718802,-0.028,0.308,0.45664079999999996,-1.29352,1.2723200000000012,-1.886,1.861
PKG_B,RCP_8,Cutting_X_Index,1074,0.011135009310986965,0.48646565029095395,43.687942839073884,0.0075,0.332,0.49222319999999997,-1.142765,1.1897199999999992,-1.41,1.495
PKG_B,RCP_9,Cutting_X_Index,1138,0.005212653778558876,0.49676691261454664,95.30019328310081,0.013,0.325,0.48184499999999997,-1.3205200000000001,1.2105750000000004,-1.986,1.507
PKG_C,RCP_1,Cutting_X_Index,1076,-0.016267657992565056,0.5050724405003909,-31.047643166043226,0.0025,0.36,0.533736,-1.233625,1.1624999999999999,-1.556,1.654
PKG_C,RCP_2,Cutting_X_Index,1103,0.015527651858567542,0.5097509826803416,32.82859426031511,-0.008,0.35100000000000003,0.5203926,-1.2248,1.3053700000000001,-1.801,1.667
PKG_C,RCP_3,Cutting_X_Index,1071,0.017673202614379085,0.5006850947768431,28.330184726648298,0.027,0.358,0.5307708,-1.3227,1.2111000000000012,-1.537,1.372
PKG_C,RCP_4,Cutting_X_Index,1089,-0.0027024793388429765,0.4926476148622957,-182.2946831753448,-0.002,0.34,0.504084,-1.3632000000000002,1.2257599999999975,-1.855,1.516
PKG_C,RCP_5,Cutting_X_Index,1008,0.02550198412698413,0.5068076812907677,19.873264714117084,0.033,0.33649999999999997,0.4988948999999999,-1.278055,1.2975800000000004,-1.722,1.836
PKG_C,RCP_6,Cutting_X_Index,1108,0.0019169675090252721,0.49506196482487913,258.252663383223,0.0205,0.3225,0.47813849999999997,-1.22716,1.2308599999999998,-1.446,1.701
PKG_C,RCP_7,Cutting_X_Index,1043,-0.02572962607861937,0.48758744651458397,-18.950428779054665,-0.006,0.323,0.47887979999999997,-1.256,1.2301099999999996,-1.732,1.595
PKG_C,RCP_8,Cutting_X_Index,1102,0.014933756805807623,0.5092947771131909,34.10359387365476,-0.002,0.3545,0.5255816999999999,-1.24668,1.3789399999999987,-1.464,1.777
PKG_C,RCP_9,Cutting_X_Index,1128,-0.006004432624113474,0.480148761495625,-79.96571725484499,-0.0025,0.3135,0.46479509999999996,-1.281015,1.2846000000000004,-1.638,1.769
PKG_D,RCP_1,Cutting_X_Index,1157,0.007502160760587728,0.5029541512297834,67.04123882175799,0.024,0.325,0.48184499999999997,-1.40532,1.2626200000000005,-1.704,1.661
PKG_D,RCP_2,Cutting_X_Index,1110,0.009466666666666667,0.47714117688068264,50.402236994438304,0.0175,0.3085,0.45738209999999996,-1.202585,1.2531849999999995,-1.382,1.704
PKG_D,RCP_3,Cutting_X_Index,1060,0.0009801886792452845,0.5123168196404072,522.6716350518102,0.0045000000000000005,0.3295,0.48851669999999997,-1.313935,1.3364599999999993,-1.667,1.717
PKG_D,RCP_4,Cutting_X_Index,1055,0.03151563981042654,0.5144146481759736,16.322519589330568,0.032,0.33199999999999996,0.4922231999999999,-1.25238,1.2402200000000003,-1.821,1.617
PKG_D,RCP_5,Cutting_X_Index,1045,0.029885167464114834,0.5062980133989656,16.94144809484211,0.012,0.34700000000000003,0.5144622,-1.38744,1.2664399999999987,-2.096,1.684
PKG_D,RCP_6,Cutting_X_Index,1120,0.019895535714285713,0.4932907181353218,24.794040493271126,0.0285,0.3325,0.49296449999999997,-1.20587,1.2303149999999994,-1.59,1.513
PKG_D,RCP_7,Cutting_X_Index,1070,0.01340373831775701,0.4973266921388745,37.103581131543415,0.010499999999999999,0.329,0.48777539999999997,-1.259585,1.2541699999999996,-1.708,1.691
PKG_D,RCP_8,Cutting_X_Index,1042,-0.00029174664107485586,0.5111986510306754,-1752.20063938804,0.018,0.34650000000000003,0.5137209,-1.38331,1.2580550000000021,-1.687,1.856
PKG_D,RCP_9,Cutting_X_Index,1103,-0.004588395285584767,0.49980359766156585,-108.92775503274201,-0.0,0.335,0.49667100000000003,-1.18313,1.2123500000000003,-2.013,1.81
PKG_E,RCP_1,Cutting_X_Index,1119,0.008026809651474532,0.5091171400082581,63.42708524484979,0.005,0.337,0.49963620000000003,-1.35131,1.4588400000000021,-1.639,1.894
PKG_E,RCP_2,Cutting_X_Index,1124,0.008421708185053382,0.4877353778962279,57.914067690192276,0.0165,0.32899999999999996,0.4877753999999999,-1.166885,1.3279299999999998,-1.632,1.54
PKG_E,RCP_3,Cutting_X_Index,1053,0.005214624881291548,0.49450968677896395,94.83130580554527,-0.005,0.338,0.5011188,-1.17222,1.1981200000000003,-1.623,1.799
PKG_E,RCP_4,Cutting_X_Index,1074,0.010445065176908751,0.49480176988441665,47.3718221479643,0.008,0.3225,0.47813849999999997,-1.22194,1.2363349999999997,-1.588,1.48
PKG_E,RCP_5,Cutting_X_Index,1027,7.302823758520098e-05,0.5029235537330653,6886.699862451312,0.002,0.34,0.504084,-1.19823,1.16518,-1.452,1.673
PKG_E,RCP_6,Cutting_X_Index,1066,-0.00802532833020638,0.5045194490554787,-62.8658951131666,-0.0175,0.3295,0.48851669999999997,-1.221,1.2907249999999997,-1.67,1.575
PKG_E,RCP_7,Cutting_X_Index,1176,-0.019664115646258504,0.48325136433148175,-24.57529100340854,-0.011,0.319,0.47294939999999996,-1.319375,1.28225,-1.51,1.819
PKG_E,RCP_8,Cutting_X_Index,1101,-0.01627974568574024,0.4872133897233874,-29.92757989764837,-0.039,0.35,0.51891,-1.2065000000000001,1.1625,-1.344,1.301
PKG_E,RCP_9,Cutting_X_Index,1076,-0.0021784386617100374,0.49735332603765986,-228.30724352240696,-0.013999999999999999,0.34199999999999997,0.5070492,-1.17525,1.244625,-1.582,1.779
PKG_F,RCP_1,Cutting_X_Index,1114,-0.03225044883303411,0.5063732124636792,-15.701276440686355,-0.034,0.349,0.5174274,-1.2812649999999999,1.2719199999999982,-1.417,1.566
PKG_F,RCP_2,Cutting_X_Index,1137,-0.0487792436235708,0.5131092544805467,-10.519008011690556,-0.055,0.342,0.5070492,-1.43916,1.20064,-1.76,1.356
PKG_F,RCP_3,Cutting_X_Index,1112,0.019490107913669064,0.49871024462394736,25.587864717474716,0.041,0.33499999999999996,0.4966709999999999,-1.30067,1.3043649999999964,-1.985,1.485
PKG_F,RCP_4,Cutting_X_Index,1106,0.012373417721518986,0.5224349142415108,42.222361355579906,0.005,0.35,0.51891,-1.22035,1.2944749999999998,-1.496,1.636
PKG_F,RCP_5,Cutting_X_Index,1044,-0.0027557471264367805,0.5180727549304853,-187.99720408322102,-0.0055,0.351,0.5203926,-1.316775,1.259680000000004,-1.769,1.398
PKG_F,RCP_6,Cutting_X_Index,1061,0.009551366635249763,0.503391269527331,52.70358564915121,0.022,0.337,0.49963620000000003,-1.2707,1.2796000000000036,-1.683,1.774
PKG_F,RCP_7,Cutting_X_Index,1107,0.002418247515808492,0.4891836368038454,202.28848933203466,0.006,0.34099999999999997,0.5055666,-1.29751,1.1621000000000008,-1.658,1.515
PKG_F,RCP_8,Cutting_X_Index,1126,-0.010347246891651863,0.5100987540349118,-49.29801708379631,-0.011,0.3435,0.5092731,-1.2538749999999999,1.3118750000000001,-1.461,2.106
PKG_F,RCP_9,Cutting_X_Index,1117,0.0018719785138764553,0.5125162876098158,273.78321055005455,0.012,0.346,0.5129796,-1.25936,1.2545200000000005,-1.668,1.819
PKG_A,RCP_1,Cutting_Y_Index,1082,0.0006182994454713498,0.5130552815096896,829.7844762234436,-0.004,0.3505,0.5196512999999999,-1.30638,1.3369550000000023,-1.624,1.505
PKG_A,RCP_2,Cutting_Y_Index,1068,0.005421348314606741,0.5020077257320976,92.59831624902941,0.0025,0.323,0.47887979999999997,-1.51732,1.2609249999999985,-1.815,1.525
PKG_A,RCP_3,Cutting_Y_Index,1103,0.018664551223934723,0.4958041387446534,26.56394642421687,0.014,0.34,0.504084,-1.21868,1.27235,-1.693,1.447
PKG_A,RCP_4,Cutting_Y_Index,1068,-0.013701310861423219,0.5145941683733557,-37.55802445313633,-0.0025,0.3395,0.5033427,-1.404145,1.2972199999999976,-1.652,1.886
PKG_A,RCP_5,Cutting_Y_Index,1118,0.012365831842576029,0.5123166033191829,41.4300153714898,-0.0015,0.3335,0.4944471,-1.31511,1.445,-1.597,1.776
PKG_A,RCP_6,Cutting_Y_Index,1099,0.00028844404003639754,0.5024267462063465,1741.8517163431334,0.007,0.335,0.49667100000000003,-1.32004,1.34408,-1.668,1.506
PKG_A,RCP_7,Cutting_Y_Index,1107,-0.0003242999096657631,0.5141976725466387,-1585.5621824766838,0.003,0.347,0.5144622,-1.32782,1.3067400000000011,-1.54,1.863
PKG_A,RCP_8,Cutting_Y_Index,1024,-0.01921484375,0.4964903320198919,-25.8388951000391,-0.004,0.3345,0.49592970000000003,-1.3441699999999999,1.1585849999999998,-1.625,1.572
PKG_A,RCP_9,Cutting_Y_Index,1087,0.026244710211591533,0.4934527606430683,18.801989302405193,0.028,0.32999999999999996,0.4892579999999999,-1.1207,1.2932299999999912,-1.557,1.675
PKG_B,RCP_1,Cutting_Y_Index,1137,-0.010010554089709762,0.5125851147746227,-51.20446982065946,-0.019,0.342,0.5070492,-1.2829199999999998,1.319799999999999,-1.539,1.751
PKG_B,RCP_2,Cutting_Y_Index,1118,0.003262075134168156,0.4854045099070723,148.80236963973323,0.008,0.3315,0.49148189999999997,-1.141905,1.2585449999999991,-1.499,1.611
PKG_B,RCP_3,Cutting_Y_Index,1083,-0.0036445060018467225,0.5105432956043163,-140.08573325043693,-0.006,0.35,0.51891,-1.31903,1.2633699999999963,-1.784,1.839
PKG_B,RCP_4,Cutting_Y_Index,1099,0.004721565059144678,0.5027472801375544,106.47894794202585,0.004,0.351,0.5203926,-1.31197,1.19116,-2.123,1.86
PKG_B,RCP_5,Cutting_Y_Index,1083,-0.0015955678670360105,0.49252271578333634,-308.6817715239314,0.007,0.329,0.48777539999999997,-1.267,1.2119499999999996,-1.744,1.437
PKG_B,RCP_6,Cutting_Y_Index,1099,0.02707643312101911,0.5287572876076458,19.52832137247716,0.025,0.353,0.5233578,-1.29667,1.3676699999999997,-1.923,1.618
PKG_B,RCP_7,Cutting_Y_Index,1073,0.016437092264678467,0.5127246286064259,31.193146594925164,0.006,0.342,0.5070492,-1.27312,1.3794800000000107,-2.036,1.647
PKG_B,RCP_8,Cutting_Y_Index,1074,-0.016115456238361265,0.4881987392698066,-30.293820544012732,-0.009999999999999998,0.3165,0.46924289999999996,-1.2720799999999999,1.13354,-1.476,1.689
PKG_B,RCP_9,Cutting_Y_Index,1138,-0.008888400702987699,0.4886801106116132,-54.97953196994718,-0.010499999999999999,0.3255,0.48258629999999997,-1.24278,1.1842050000000004,-1.539,1.353
PKG_C,RCP_1,Cutting_Y_Index,1076,-0.004948884758364312,0.5142449494963232,-103.91127993578286,0.006,0.361,0.5352186,-1.318,1.25625,-1.796,1.378
PKG_C,RCP_2,Cutting_Y_Index,1103,0.011507706255666364,0.5310330784284584,46.14586665930746,0.024,0.36200000000000004,0.5367012,-1.3869399999999998,1.3817300000000008,-1.502,2.392
PKG_C,RCP_3,Cutting_Y_Index,1071,-0.0010905695611577954,0.5121299340592986,-469.59859535745665,-0.015,0.337,0.49963620000000003,-1.3577000000000001,1.3027500000000032,-1.809,1.663
PKG_C,RCP_4,Cutting_Y_Index,1089,0.00025987144168962363,0.4945411415411479,1903.022272573533,0.007,0.317,0.46998419999999996,-1.29212,1.2795199999999936,-1.48,1.59
PKG_C,RCP_5,Cutting_Y_Index,1008,-0.015645833333333335,0.5155306331600625,-32.95002715270706,-0.024,0.344,0.5100144,-1.3213350000000001,1.3570400000000018,-1.645,1.953
PKG_C,RCP_6,Cutting_Y_Index,1108,0.0007102888086642602,0.5009207276920505,705.2352811725435,0.0,0.346,0.5129796,-1.289255,1.2305749999999955,-1.84,1.606
PKG_C,RCP_7,Cutting_Y_Index,1043,0.01823489932885906,0.4984698019196168,27.336032567546155,0.027,0.337,0.49963620000000003,-1.39016,1.3037399999999997,-1.614,1.646
PKG_C,RCP_8,Cutting_Y_Index,1102,-0.019369328493647916,0.5191222896142091,-26.801253837191773,-0.018500000000000003,0.3485,0.5166860999999999,-1.289405,1.2819699999999992,-1.469,1.83
PKG_C,RCP_9,Cutting_Y_Index,1128,0.0018519503546099287,0.49629242091653164,267.9836528453077,0.024,0.33899999999999997,0.5026014,-1.306555,1.23073,-1.602,1.478
PKG_D,RCP_1,Cutting_Y_Index,1157,0.030719101123595507,0.4977975399203462,16.20482116053797,0.034,0.32999999999999996,0.4892579999999999,-1.28588,1.2568800000000002,-1.77,1.397
PKG_D,RCP_2,Cutting_Y_Index,1110,-0.006532432432432433,0.5270689306425884,-80.68494180296139,-0.012,0.3655,0.5418902999999999,-1.32737,1.2935799999999944,-1.774,1.758
PKG_D,RCP_3,Cutting_Y_Index,1060,-0.0046584905660377336,0.5129793958808542,-110.1170837654325,0.0055,0.3365,0.49889490000000003,-1.315035,1.3522799999999988,-1.896,1.685
PKG_D,RCP_4,Cutting_Y_Index,1055,0.019533649289099526,0.49582567420285895,25.38315636083153,0.023,0.322,0.47739719999999997,-1.30812,1.3362600000000011,-2.119,1.738
PKG_D,RCP_5,Cutting_Y_Index,1045,-0.009510047846889953,0.5163281140929434,-54.29290392706036,-0.016,0.35400000000000004,0.5248404,-1.29704,1.29578,-1.6,1.658
PKG_D,RCP_6,Cutting_Y_Index,1120,0.0065812499999999986,0.4986416621625105,75.7670141937338,-0.003,0.3365,0.49889490000000003,-1.19462,1.289959999999999,-1.437,1.583
PKG_D,RCP_7,Cutting_Y_Index,1070,-0.013134579439252335,0.48833487779634094,-37.17933109734488,-0.024,0.334,0.49518840000000003,-1.114965,1.2756199999999998,-1.35,1.565
PKG_D,RCP_8,Cutting_Y_Index,1042,-0.00746257197696737,0.5056652906872949,-67.76018941565862,0.0085,0.3345,0.49592970000000003,-1.2908,1.1980800000000018,-1.501,1.536
PKG_D,RCP_9,Cutting_Y_Index,1103,0.021034451495920214,0.5131283193639303,24.394661275738773,0.03,0.344,0.5100144,-1.2286400000000002,1.2588200000000003,-1.611,1.842
PKG_E,RCP_1,Cutting_Y_Index,1119,0.0405674709562109,0.5061446305069375,12.476612876688248,0.048,0.333,0.4937058,-1.452,1.3332400000000053,-1.716,1.685
PKG_E,RCP_2,Cutting_Y_Index,1124,-0.013330960854092527,0.5023020832112521,-37.679360753433485,-0.010499999999999999,0.343,0.5085318,-1.271925,1.4223999999999997,-1.559,1.566
PKG_E,RCP_3,Cutting_Y_Index,1053,0.031836657169990505,0.5029447522980035,15.797662097893976,0.048,0.35400000000000004,0.5248404,-1.18496,1.2653600000000007,-1.518,1.651
PKG_E,RCP_4,Cutting_Y_Index,1074,0.024726256983240224,0.48498747163376077,19.61426963905178,0.0305,0.35200000000000004,0.5218752,-1.260715,1.1766549999999996,-1.372,1.746
PKG_E,RCP_5,Cutting_Y_Index,1027,0.015438169425511197,0.4910314747396035,31.806327628985986,0.005,0.336,0.49815360000000003,-1.17183,1.2596900000000004,-1.404,1.619
PKG_E,RCP_6,Cutting_Y_Index,1066,-0.011708255159474674,0.48514628960424383,-41.436258690659706,-0.014499999999999999,0.3385,0.5018601,-1.138425,1.224349999999998,-1.537,1.842
PKG_E,RCP_7,Cutting_Y_Index,1176,0.010994897959183673,0.5019633164263868,45.654204185416155,-0.0085,0.331,0.49074059999999997,-1.292125,1.19825,-1.55,1.583
PKG_E,RCP_8,Cutting_Y_Index,1101,0.003970935513169845,0.49989874708415283,125.88941457906046,-0.004,0.34400000000000003,0.5100144,-1.3105,1.294,-1.66,1.604
PKG_E,RCP_9,Cutting_Y_Index,1076,-0.01387081784386617,0.49555565528252554,-35.7264914629144,-0.006500000000000001,0.338,0.5011188,-1.249,1.2137499999999999,-1.691,1.388
PKG_F,RCP_1,Cutting_Y_Index,1114,7.719928186714459e-05,0.4973864554232554,6442.889666761773,-0.005,0.337,0.49963620000000003,-1.294915,1.2750449999999995,-1.715,1.637
PKG_F,RCP_2,Cutting_Y_Index,1137,-0.0061486367634124885,0.49785776813169536,-80.97043089196649,-0.018,0.343,0.5085318,-1.1601599999999999,1.2406399999999966,-1.364,1.552
PKG_F,RCP_3,Cutting_Y_Index,1112,-0.002527877697841726,0.5058470995775575,-200.1074260868887,-0.023,0.31999999999999995,0.4744319999999999,-1.297255,1.367239999999998,-1.532,1.546
PKG_F,RCP_4,Cutting_Y_Index,1106,-0.009899638336347197,0.4962774565707388,-50.13086738215701,0.0075,0.3345,0.49592970000000003,-1.4169,1.2260749999999985,-1.738,1.521
PKG_F,RCP_5,Cutting_Y_Index,1044,-0.0011599616858237562,0.4894151951629356,-421.9235869117292,0.01,0.328,0.48629279999999997,-1.230625,1.2322400000000053,-1.624,1.786
PKG_F,RCP_6,Cutting_Y_Index,1061,-0.001164938737040526,0.47851010333739374,-410.75988644091876,-0.008,0.313,0.46405379999999996,-1.1694,1.2063000000000024,-1.398,1.747
PKG_F,RCP_7,Cutting_Y_Index,1107,0.01803974706413731,0.49597190305264033,27.4932847611053,0.05,0.33399999999999996,0.4951883999999999,-1.14982,1.2333200000000015,-1.362,2.048
PKG_F,RCP_8,Cutting_Y_Index,1126,-0.002465364120781527,0.5181404821510611,-210.1679333220803,-0.009999999999999998,0.349,0.5174274,-1.268,1.337625,-2.275,1.621
PKG_F,RCP_9,Cutting_Y_Index,1117,-0.002501342882721574,0.4972824818045215,-198.8062033556374,0.005,0.33999999999999997,0.504084,-1.26032,1.293880000000001,-1.35,1.682
PKG_A,RCP_1,Head_Temp,1082,42.19110258780037,0.7478450803552917,0.017725184564660615,42.037499999999994,0.2259999999999991,0.33506759999999863,41.300405,46.01057,41.153,46.192
PKG_A,RCP_2,Head_Temp,1068,42.31194662921348,1.0215510974782462,0.02414332544021824,42.06,0.2515000000000036,0.3728739000000053,41.247695,46.376275,41.029,46.845
PKG_A,RCP_3,Head_Temp,1103,42.266701722574794,0.9190070693563657,0.021743051430614013,42.057,0.24499999999999744,0.3632369999999962,41.24904,46.38696,41.008,47.017
PKG_A,RCP_4,Head_Temp,1068,42.263209737827715,0.8925321670300941,0.021118418893566252,42.066,0.24749999999999872,0.3669434999999981,41.225795000000005,46.309934999999996,40.848,46.505
PKG_A,RCP_5,Head_Temp,1118,42.28685152057245,0.9162604779867523,0.021667739380904105,42.063500000000005,0.24700000000000344,0.3662022000000051,41.23953,46.3003,41.044,46.745
PKG_A,RCP_6,Head_Temp,1099,42.2945304822566,0.9602166971052281,0.02270309390260422,42.071,0.23100000000000165,0.3424806000000024,41.24249,46.336710000000004,40.981,46.655
PKG_A,RCP_7,Head_Temp,1107,42.24065582655827,0.8578455982324552,0.020308529340898534,42.047,0.232999999999997,0.34544579999999553,41.17283,46.30832,41.091,46.697
PKG_A,RCP_8,Head_Temp,1024,42.2379130859375,0.9026178215792695,0.021369848925603833,42.0305,0.2375000000000007,0.352117500000001,41.321115,46.259275,41.129,46.394
PKG_A,RCP_9,Head_Temp,1087,42.264279668813245,0.8894296633985301,0.021044477047004757,42.063,0.22799999999999443,0.3380327999999917,41.19986,46.38713,41.096,46.688
PKG_B,RCP_1,Head_Temp,1137,42.258055408970975,0.9024925156283407,0.021356697720566437,42.058,0.24499999999999744,0.3632369999999962,41.2712,46.302640000000004,40.892,46.878
PKG_B,RCP_2,Head_Temp,1118,42.25505635062612,0.9399627811494472,0.022244977579719147,42.040499999999994,0.23999999999999488,0.35582399999999237,41.21468,46.31962,40.98,46.605
PKG_B,RCP_3,Head_Temp,1083,42.27797045244691,0.922193676282429,0.021812628809126183,42.076,0.2469999999999999,0.3662021999999998,41.25164,46.33572999999999,41.109,46.698
PKG_B,RCP_4,Head_Temp,1099,42.25867242948135,0.9248827996812761,0.021886224684996035,42.053,0.24099999999999966,0.3573065999999995,41.25074,46.24804,41.083,46.559
PKG_B,RCP_5,Head_Temp,1083,42.24241366574331,0.903039005856189,0.02137754279387953,42.036,0.2289999999999992,0.3395153999999988,41.31007,46.38310999999999,40.875,46.711
PKG_B,RCP_6,Head_Temp,1099,42.26441128298453,0.938569274173552,0.022207082641925165,42.046,0.24399999999999977,0.36175439999999964,41.26741,46.41467,41.022,46.755
PKG_B,RCP_7,Head_Temp,1073,42.24578844361603,0.8718574768081788,0.020637737131402257,42.048,0.22800000000000153,0.33803280000000224,41.29164,46.31484000000001,41.091,46.774
PKG_B,RCP_8,Head_Temp,1074,42.307983240223464,0.9791954491237436,0.023144460551662343,42.063,0.23999999999999844,0.35582399999999764,41.187760000000004,46.46953,41.05,46.79
PKG_B,RCP_9,Head_Temp,1138,42.28520650263621,0.9398797282999563,0.02222715237872519,42.054,0.23249999999999815,0.34470449999999725,41.252935,46.403835,41.003,46.668
PKG_C,RCP_1,Head_Temp,1076,42.285308550185874,0.9870642520785974,0.023342959669009167,42.042500000000004,0.2394999999999996,0.35508269999999936,41.209125,46.404875,41.031,46.908
PKG_C,RCP_2,Head_Temp,1103,42.25780598368087,0.9040976502759975,0.021394808112497422,42.064,0.23499999999999943,0.34841099999999914,41.30314,46.44402,40.994,46.635
PKG_C,RCP_3,Head_Temp,1071,42.2640289449113,0.9644488320427885,0.022819614128598373,42.04,0.21799999999999642,0.3232067999999947,41.26605,46.29885,41.125,46.784
PKG_C,RCP_4,Head_Temp,1089,42.23152066115702,0.8411500747975454,0.019917589081067687,42.058,0.2359999999999971,0.3498935999999957,41.22328,46.260639999999995,41.169,46.542
PKG_C,RCP_5,Head_Temp,1008,42.282290674603175,0.9565746631751959,0.022623529802035105,42.053,0.24999999999999645,0.3706499999999947,41.18175,46.32665,41.067,46.643
PKG_C,RCP_6,Head_Temp,1108,42.34159115523466,1.0237404581037894,0.02417812912014822,42.0745,0.24750000000000227,0.36694350000000336,41.212210000000006,46.357789999999994,41.07,46.473
PKG_C,RCP_7,Head_Temp,1043,42.26277756471716,0.8963349229195068,0.021208613691964414,42.047,0.23499999999999943,0.34841099999999914,41.317609999999995,46.22276,41.163,46.53
PKG_C,RCP_8,Head_Temp,1102,42.255758620689654,0.9017559224542373,0.02134042676996719,42.0505,0.23550000000000182,0.3491523000000027,41.28712,46.383939999999996,40.741,46.699
PKG_C,RCP_9,Head_Temp,1128,42.26326063829787,0.9175164287131867,0.021709551389458036,42.066,0.23849999999999838,0.3536000999999976,41.25508,46.330195,41.057,46.849
PKG_D,RCP_1,Head_Temp,1157,42.315868625756266,0.9893610202553031,0.023380378387249077,42.051,0.2359999999999971,0.3498935999999957,41.197379999999995,46.349360000000004,40.841,46.599
PKG_D,RCP_2,Head_Temp,1110,42.24875315315315,0.9260165346851749,0.02191819794843019,42.048500000000004,0.2204999999999977,0.3269132999999966,41.18027,46.464639999999996,41.087,46.737
PKG_D,RCP_3,Head_Temp,1060,42.28650094339623,0.9605277846669259,0.022714761525259967,42.067,0.22999999999999687,0.34099799999999536,41.293620000000004,46.367869999999996,41.116,46.749
PKG_D,RCP_4,Head_Temp,1055,42.288501421800945,0.9311152143828834,0.022018165294995923,42.065,0.23799999999999955,0.3528587999999993,41.247080000000004,46.28665,41.098,46.743
PKG_D,RCP_5,Head_Temp,1045,42.24991770334928,0.9096853498597794,0.021531056137126293,42.059,0.23100000000000165,0.3424806000000024,41.31564,46.4323,41.087,46.609
PKG_D,RCP_6,Head_Temp,1120,42.2918625,0.9330726781559836,0.0220627000798554,42.0715,0.2464999999999975,0.36546089999999626,41.296785,46.315934999999996,41.005,46.691
PKG_D,RCP_7,Head_Temp,1070,42.24228785046729,0.8741072298852984,0.02069270568345007,42.054500000000004,0.24249999999999972,0.35953049999999953,41.22777,46.258685,40.977,46.55
PKG_D,RCP_8,Head_Temp,1042,42.28744337811901,0.9275953910876559,0.021935480534811095,42.064499999999995,0.2409999999999961,0.3573065999999942,41.321870000000004,46.25031,41.191,46.384
PKG_D,RCP_9,Head_Temp,1103,42.308707162284676,0.9494139067105389,0.02244015405785967,42.079,0.25,0.37065,41.30453,46.337070000000004,41.232,46.713
PKG_E,RCP_1,Head_Temp,1119,42.289685433422704,0.9617757964892276,0.022742562084160353,42.05,0.23799999999999955,0.3528587999999993,41.23852,46.384280000000004,41.063,46.691
PKG_E,RCP_2,Head_Temp,1124,42.28917882562277,0.9533818668410955,0.02254434570064167,42.056,0.25200000000000244,0.3736152000000036,41.223145,46.32247,41.11,46.742
PKG_E,RCP_3,Head_Temp,1053,42.28838556505223,0.9408732319769468,0.022248974970434883,42.072,0.2360000000000042,0.34989360000000624,41.29264,46.33688,40.985,46.562
PKG_E,RCP_4,Head_Temp,1074,42.26173091247672,0.9409132519286227,0.022263954447990713,42.049499999999995,0.24600000000000577,0.3647196000000085,41.31073,46.410735,41.068,46.878
PKG_E,RCP_5,Head_Temp,1027,42.30116066212269,0.9665637677088428,0.022849580308899737,42.051,0.24199999999999733,0.35878919999999603,41.19189,46.30486,40.94,46.46
PKG_E,RCP_6,Head_Temp,1066,42.25932926829268,0.9238376752254903,0.021861153293756815,42.049499999999995,0.23049999999999216,0.34173929999998837,41.2774,46.361399999999996,41.048,46.944
PKG_E,RCP_7,Head_Temp,1176,42.268419217687075,0.9553035112334968,0.022600880963008742,42.039500000000004,0.2560000000000038,0.3795456000000056,41.263374999999996,46.364625000000004,41.165,46.626
PKG_E,RCP_8,Head_Temp,1101,42.29092461398728,0.9465010736885614,0.022380713647852383,42.087,0.24099999999999966,0.3573065999999995,41.247,46.457,41.039,46.686
PKG_E,RCP_9,Head_Temp,1076,42.27879553903345,0.9485935650452195,0.022436626988804362,42.056,0.2359999999999971,0.3498935999999957,41.258375,46.31225,41.096,46.406
PKG_F,RCP_1,Head_Temp,1114,42.315225314183124,0.983974397967028,0.02325343633789471,42.070499999999996,0.23349999999999227,0.34618709999998853,41.28956,46.406614999999995,41.003,46.717
PKG_F,RCP_2,Head_Temp,1137,42.248698328935795,0.8792585822800076,0.020811495195292455,42.051,0.23399999999999466,0.34692839999999203,41.3126,46.23588,41.074,46.669
PKG_F,RCP_3,Head_Temp,1112,42.3499892086331,1.044229450263654,0.024657136159335468,42.082,0.24199999999999733,0.35878919999999603,41.237885,46.465464999999995,41.016,46.793
PKG_F,RCP_4,Head_Temp,1106,42.30722784810127,1.0049878748428989,0.023754519640265256,42.0715,0.24249999999999972,0.35953049999999953,41.210950000000004,46.4328,40.914,46.874
PKG_F,RCP_5,Head_Temp,1044,42.27282567049809,0.9349859091498406,0.022117894754368428,42.0415,0.2325000000000017,0.3447045000000025,41.24515,46.235,40.808,46.751
PKG_F,RCP_6,Head_Temp,1061,42.28038360037701,0.9560481104548997,0.022612096415472797,42.04,0.23799999999999955,0.3528587999999993,41.3003,46.2542,41.027,46.811
PKG_F,RCP_7,Head_Temp,1107,42.223353206865404,0.8499899004272424,0.02013080051370805,42.041,0.2190000000000012,0.32468940000000174,41.26671,46.28629,40.92,46.716
PKG_F,RCP_8,Head_Temp,1126,42.28868472468917,0.9537044168584657,0.022552236444981458,42.063,0.2469999999999999,0.3662021999999998,41.043125,46.389,40.831,46.633
PKG_F,RCP_9,Head_Temp,1117,42.30973142345569,0.9997872755045376,0.023630196691588428,42.068,0.2459999999999951,0.3647195999999927,41.27428,46.41242,41.124,46.514
PKG_A,RCP_1,Cooling_Flow,1082,9.99042236598891,0.10538542089329817,0.010548645195629473,9.995,0.07000000000000028,0.10378200000000042,9.696265,10.24614,9.655,10.292
PKG_A,RCP_2,Cooling_Flow,1068,9.982047752808988,0.1111424804064437,0.011134236497232521,9.9845,0.07349999999999923,0.10897109999999885,9.653335,10.249649999999999,9.543,10.34
PKG_A,RCP_3,Cooling_Flow,1103,9.985361740707162,0.10916381014772727,0.010932384122119576,9.989,0.07499999999999929,0.11119499999999893,9.65853,10.24835,9.564,10.3
PKG_A,RCP_4,Cooling_Flow,1068,9.98414138576779,0.11512696894796776,0.01153098343660068,9.991,0.07000000000000028,0.10378200000000042,9.644684999999999,10.281975,9.585,10.32
PKG_A,RCP_5,Cooling_Flow,1118,9.987169051878356,0.10817742583522517,0.010831640605390524,9.9915,0.0754999999999999,0.11193629999999985,9.654095,10.236,9.619,10.322
PKG_A,RCP_6,Cooling_Flow,1099,9.982423111919928,0.11198096317590964,0.011217813743257797,9.989,0.07200000000000095,0.1067472000000014,9.675469999999999,10.255,9.556,10.303
PKG_A,RCP_7,Cooling_Flow,1107,9.985229448961157,0.10748869203305222,0.010764769360831776,9.989,0.07099999999999973,0.1052645999999996,9.68877,10.24647,9.626,10.284
PKG_A,RCP_8,Cooling_Flow,1024,9.9884306640625,0.10640727139999516,0.01065305201375019,9.986,0.0710000000000015,0.10526460000000223,9.701495,10.249655,9.595,10.339
PKG_A,RCP_9,Cooling_Flow,1087,9.986387304507819,0.11165406299560905,0.01118062614547393,9.989,0.07299999999999862,0.10822979999999795,9.64443,10.240129999999999,9.551,10.293
PKG_B,RCP_1,Cooling_Flow,1137,9.987728232189975,0.11004709708684678,0.011018231025967468,9.993,0.0730000000000004,0.10822980000000058,9.663079999999999,10.25064,9.582,10.311
PKG_B,RCP_2,Cooling_Flow,1118,9.983275491949911,0.1046987371374327,0.010487413396721077,9.986,0.0705000000000009,0.10452330000000132,9.681189999999999,10.210905,9.555,10.306
PKG_B,RCP_3,Cooling_Flow,1083,9.987839335180055,0.10731966365639153,0.010745033040167223,9.991,0.07199999999999918,0.10674719999999877,9.66264,10.23136,9.541,10.306
PKG_B,RCP_4,Cooling_Flow,1099,9.986955414012739,0.11232587745556609,0.01124725932970134,9.989,0.07600000000000051,0.11267760000000075,9.69398,10.24204,9.603,10.321
PKG_B,RCP_5,Cooling_Flow,1083,9.988885503231764,0.11272101642465995,0.011284643956344344,9.996,0.0730000000000004,0.10822980000000058,9.65289,10.26854,9.559,10.313
PKG_B,RCP_6,Cooling_Flow,1099,9.986303912647863,0.11191465202576031,0.01120681415313408,9.993,0.07399999999999984,0.10971239999999977,9.625820000000001,10.23553,9.564,10.288
PKG_B,RCP_7,Cooling_Flow,1073,9.995707362534949,0.10633298388803704,0.010637864838519102,9.999,0.06900000000000084,0.10229940000000123,9.67724,10.24728,9.6,10.381
PKG_B,RCP_8,Cooling_Flow,1074,9.987264432029795,0.10893768536608596,0.01090766006121915,9.985,0.07399999999999984,0.10971239999999977,9.684935,10.246445000000001,9.582,10.351
PKG_B,RCP_9,Cooling_Flow,1138,9.988812829525484,0.10784364040745033,0.010796442204691246,9.996,0.07099999999999973,0.1052645999999996,9.67374,10.244575000000001,9.581,10.3
PKG_C,RCP_1,Cooling_Flow,1076,9.989972118959107,0.11352407044658734,0.011363802530653694,9.997,0.0730000000000004,0.10822980000000058,9.6525,10.28225,9.529,10.357
PKG_C,RCP_2,Cooling_Flow,1103,9.98610063463282,0.10853144362577709,0.010868250541094982,9.988,0.07000000000000028,0.10378200000000042,9.699100000000001,10.27096,9.606,10.365
PKG_C,RCP_3,Cooling_Flow,1071,9.984906629318393,0.11122263881925117,0.011139076502996167,9.991,0.07399999999999984,0.10971239999999977,9.6821,10.238800000000001,9.632,10.369
PKG_C,RCP_4,Cooling_Flow,1089,9.992512396694215,0.10602529908728581,0.010610474611206061,9.995,0.0710000000000015,0.10526460000000223,9.68684,10.229239999999999,9.64,10.27
PKG_C,RCP_5,Cooling_Flow,1008,9.988358134920635,0.11208491653071673,0.011221555636742027,9.994,0.07200000000000095,0.1067472000000014,9.670209999999999,10.251965,9.522,10.358
PKG_C,RCP_6,Cooling_Flow,1108,9.982952166064983,0.11305449703452893,0.011324755959347848,9.985,0.07000000000000028,0.10378200000000042,9.62835,10.264859999999999,9.523,10.304
PKG_C,RCP_7,Cooling_Flow,1043,9.983287631831255,0.10747277345905491,0.010765268659232346,9.982,0.06799999999999962,0.10081679999999943,9.67526,10.24943,9.517,10.317
PKG_C,RCP_8,Cooling_Flow,1102,9.981902903811253,0.10994167643259772,0.01101409996591133,9.984,0.07399999999999984,0.10971239999999977,9.70701,10.24799,9.545,10.387
PKG_C,RCP_9,Cooling_Flow,1128,9.988994680851063,0.1077504756908783,0.010786918917620042,9.998,0.07000000000000028,0.10378200000000042,9.695635,10.239825,9.671,10.321
PKG_D,RCP_1,Cooling_Flow,1157,9.984184961106308,0.11188237775376716,0.011205960044771639,9.989,0.07000000000000028,0.10378200000000042,9.6418,10.26086,9.519,10.33
PKG_D,RCP_2,Cooling_Flow,1110,9.989794594594596,0.11096520209216057,0.011107856226814015,9.989,0.07400000000000073,0.10971240000000108,9.673540000000001,10.24755,9.588,10.471
PKG_D,RCP_3,Cooling_Flow,1060,9.986192452830188,0.11087460160062342,0.011102790390265354,9.993,0.07399999999999984,0.10971239999999977,9.648245,10.250115,9.583,10.296
PKG_D,RCP_4,Cooling_Flow,1055,9.981778199052133,0.11049232630922416,0.01106940307687026,9.983,0.07000000000000028,0.10378200000000042,9.65948,10.23941,9.607,10.277
PKG_D,RCP_5,Cooling_Flow,1045,9.987342583732056,0.11000111178044913,0.011014052122295786,9.993,0.07199999999999918,0.10674719999999877,9.658439999999999,10.2507,9.559,10.292
PKG_D,RCP_6,Cooling_Flow,1120,9.987247321428573,0.10818592084526045,0.010832406304101176,9.988,0.07149999999999945,0.10600589999999918,9.702354999999999,10.268265,9.521,10.325
PKG_D,RCP_7,Cooling_Flow,1070,9.988552336448599,0.1078607292835094,0.010798434612984064,9.992,0.06949999999999967,0.10304069999999951,9.69476,10.267655,9.543,10.367
PKG_D,RCP_8,Cooling_Flow,1042,9.983572936660268,0.1089685505609233,0.01091478484228671,9.988,0.07250000000000068,0.107488500000001,9.651075,10.24177,9.55,10.359
PKG_D,RCP_9,Cooling_Flow,1103,9.984900271985493,0.11299611733013833,0.011316699641674949,9.991,0.07199999999999918,0.10674719999999877,9.632019999999999,10.25625,9.566,10.335
PKG_E,RCP_1,Cooling_Flow,1119,9.984006255585344,0.11277740577094669,0.011295806801789184,9.986,0.0710000000000015,0.10526460000000223,9.66,10.23882,9.621,10.302
PKG_E,RCP_2,Cooling_Flow,1124,9.984345195729539,0.1084351087452735,0.010860512794735192,9.988,0.06900000000000084,0.10229940000000123,9.67346,10.26531,9.607,10.297
PKG_E,RCP_3,Cooling_Flow,1053,9.985253561253561,0.10730967455891577,0.010746815181070271,9.988,0.06899999999999906,0.1022993999999986,9.653559999999999,10.234060000000001,9.584,10.282
PKG_E,RCP_4,Cooling_Flow,1074,9.982587523277468,0.10818580317311721,0.010837451003644976,9.986,0.07099999999999973,0.1052645999999996,9.691,10.243715,9.554,10.292
PKG_E,RCP_5,Cooling_Flow,1027,9.983177215189873,0.10765367431447405,0.010783508295402583,9.988,0.07099999999999973,0.1052645999999996,9.681,10.24574,9.615,10.334
PKG_E,RCP_6,Cooling_Flow,1066,9.986953095684804,0.11146834601857465,0.011161396769424927,9.991,0.0730000000000004,0.10822980000000058,9.66765,10.25475,9.59,10.34
PKG_E,RCP_7,Cooling_Flow,1176,9.988445578231293,0.1159981530190696,0.011613233721959168,9.994,0.07550000000000079,0.11193630000000117,9.653125,10.270999999999999,9.515,10.307
PKG_E,RCP_8,Cooling_Flow,1101,9.981954586739327,0.10823154358443765,0.01084272049566519,9.982,0.07299999999999862,0.10822979999999795,9.666,10.256,9.605,10.32
PKG_E,RCP_9,Cooling_Flow,1076,9.983468401486988,0.1095020948112274,0.010968341903593104,9.986,0.07399999999999984,0.10971239999999977,9.676375,10.245,9.585,10.293
PKG_F,RCP_1,Cooling_Flow,1114,9.986850987432677,0.1097215919059724,0.010986605491965848,9.987,0.07099999999999973,0.1052645999999996,9.668695,10.26074,9.615,10.31
PKG_F,RCP_2,Cooling_Flow,1137,9.987066842568161,0.10741343927362482,0.010755253866509978,9.993,0.07000000000000028,0.10378200000000042,9.680679999999999,10.2446,9.598,10.313
PKG_F,RCP_3,Cooling_Flow,1112,9.984753597122303,0.11572660325837182,0.011590331412056606,9.992,0.07450000000000045,0.11045370000000067,9.653105,10.25,9.448,10.27
PKG_F,RCP_4,Cooling_Flow,1106,9.97697197106691,0.10911673408376386,0.01093685883855352,9.9805,0.07250000000000068,0.107488500000001,9.633775,10.23995,9.524,10.273
PKG_F,RCP_5,Cooling_Flow,1044,9.98592624521073,0.11117050606985893,0.01113271852204762,9.9865,0.07249999999999979,0.10748849999999968,9.670215,10.223785000000001,9.557,10.32
PKG_F,RCP_6,Cooling_Flow,1061,9.98103958529689,0.11339769862817979,0.011361311380352243,9.986,0.07399999999999984,0.10971239999999977,9.655700000000001,10.2399,9.453,10.385
PKG_F,RCP_7,Cooling_Flow,1107,9.989823848238483,0.10318115817247932,0.0103286263842053,9.993,0.07099999999999973,0.1052645999999996,9.71342,10.23341,9.603,10.26
PKG_F,RCP_8,Cooling_Flow,1126,9.981713143872113,0.11196575010231463,0.011217087536827451,9.986,0.07500000000000018,0.11119500000000025,9.668625,10.25275,9.608,10.304
PKG_F,RCP_9,Cooling_Flow,1117,9.986836168307969,0.11216192139861114,0.011230976408178557,9.994,0.07499999999999929,0.11119499999999893,9.68,10.26068,9.608,10.32
PKG_A,RCP_1,Cooling_Water_Temp,1082,22.0063022181146,0.30469316722899714,0.013845723111908705,22.025,0.19700000000000095,0.2920722000000014,21.22262,22.799785,21.005,23.061
PKG_A,RCP_2,Cooling_Water_Temp,1068,21.999346441947566,0.29727168917520286,0.013512750933744825,22.005,0.19700000000000273,0.29207220000000406,21.249679999999998,22.7466,21.096,22.916
PKG_A,RCP_3,Cooling_Water_Temp,1103,21.99990933816863,0.3051493742305567,0.013870483261544143,21.999,0.20599999999999952,0.3054155999999993,21.18906,22.72845,21.108,22.892
PKG_A,RCP_4,Cooling_Water_Temp,1068,22.001181647940072,0.304875737527586,0.013857243779273599,21.9895,0.20550000000000068,0.304674300000001,21.29305,22.798295,21.046,23.141
PKG_A,RCP_5,Cooling_Water_Temp,1118,21.998296064400716,0.30145624624461725,0.013703618014872354,22.0015,0.20399999999999885,0.3024503999999983,21.291585,22.812395,21.195,23.125
PKG_A,RCP_6,Cooling_Water_Temp,1099,22.005581437670607,0.29723912267494096,0.013507442351244008,22.017,0.2010000000000005,0.29800260000000073,21.17886,22.73808,21.026,22.834
PKG_A,RCP_7,Cooling_Water_Temp,1107,22.01561607949413,0.2950488294920271,0.013401797543464733,22.02,0.1960000000000015,0.2905896000000022,21.27648,22.799879999999998,20.911,22.994
PKG_A,RCP_8,Cooling_Water_Temp,1024,22.0092802734375,0.2953529435314831,0.01341947305237136,22.006,0.1980000000000004,0.29355480000000056,21.267689999999998,22.72839,21.076,22.857
PKG_A,RCP_9,Cooling_Water_Temp,1087,21.997128794848205,0.29963595463811993,0.013621593864936391,21.989,0.2079999999999984,0.3083807999999976,21.25386,22.743419999999997,21.019,22.944
PKG_B,RCP_1,Cooling_Water_Temp,1137,21.996655233069482,0.29482776192235216,0.013403299674357399,21.997,0.19200000000000017,0.2846592000000002,21.14444,22.788999999999998,21.068,23.085
PKG_B,RCP_2,Cooling_Water_Temp,1118,21.99409749552773,0.3028238012217347,0.01376841224257148,22.0,0.2049999999999983,0.30393299999999746,21.18819,22.75247,20.912,23.073
PKG_B,RCP_3,Cooling_Water_Temp,1083,22.015849492151432,0.29243034538384177,0.013282719137778086,22.013,0.19099999999999895,0.28317659999999845,21.23761,22.769699999999997,21.029,22.951
PKG_B,RCP_4,Cooling_Water_Temp,1099,22.008455868971794,0.2923119865121726,0.013281803514633808,22.012,0.19500000000000028,0.2891070000000004,21.24194,22.77473,20.99,22.883
PKG_B,RCP_5,Cooling_Water_Temp,1083,21.998247460757156,0.30011400434037877,0.013642632435868106,21.987,0.2069999999999972,0.3068981999999958,21.28938,22.75595,20.921,22.924
PKG_B,RCP_6,Cooling_Water_Temp,1099,21.996181983621476,0.305314758310711,0.01388035244198519,21.988,0.19500000000000028,0.2891070000000004,21.20643,22.83642,20.916,23.12
PKG_B,RCP_7,Cooling_Water_Temp,1073,22.004443616029825,0.29814915823888216,0.013549497703349614,22.005,0.21099999999999852,0.3128285999999978,21.298560000000002,22.763800000000003,21.13,23.004
PKG_B,RCP_8,Cooling_Water_Temp,1074,22.0150782122905,0.2998041943017796,0.01361812987493299,22.0165,0.1974999999999998,0.29281349999999967,21.237965,22.734,21.095,23.046
PKG_B,RCP_9,Cooling_Water_Temp,1138,22.003933216168715,0.30287611785274304,0.01376463538937605,22.004,0.2060000000000013,0.3054156000000019,21.253425,22.75797,20.895,23.174
PKG_C,RCP_1,Cooling_Water_Temp,1076,22.00929739776952,0.3035774278962549,0.013793144888260734,22.0015,0.21199999999999974,0.3143111999999996,21.3125,22.800125,21.236,23.069
PKG_C,RCP_2,Cooling_Water_Temp,1103,22.010126926563917,0.3022696813799918,0.013733209371690808,22.012,0.20400000000000063,0.3024504000000009,21.23904,22.81778,21.001,23.002
PKG_C,RCP_3,Cooling_Water_Temp,1071,22.002423902894492,0.31108955279472844,0.014138876433237139,22.014,0.2079999999999984,0.3083807999999976,21.2519,22.815750000000005,21.101,23.055
PKG_C,RCP_4,Cooling_Water_Temp,1089,21.992976124885214,0.2964254403874049,0.013478186794919373,22.001,0.19700000000000273,0.29207220000000406,21.184919999999998,22.7096,20.96,22.852
PKG_C,RCP_5,Cooling_Water_Temp,1008,22.019479166666667,0.29116813251582085,0.01322320706643209,22.03,0.19450000000000145,0.2883657000000021,21.21235,22.80788,21.065,23.04
PKG_C,RCP_6,Cooling_Water_Temp,1108,22.01604332129964,0.3049626214313158,0.013851835998899796,22.016,0.20199999999999818,0.2994851999999973,21.25407,22.8233,20.966,23.072
PKG_C,RCP_7,Cooling_Water_Temp,1043,22.016784276126558,0.29844756748794427,0.01355545677084004,22.012,0.1999999999999993,0.29651999999999895,21.25849,22.81432,21.086,23.095
PKG_C,RCP_8,Cooling_Water_Temp,1102,21.998127949183306,0.29730293079695447,0.01351491960969306,22.0,0.21699999999999875,0.32172419999999813,21.31331,22.768355,21.06,23.116
PKG_C,RCP_9,Cooling_Water_Temp,1128,22.00198670212766,0.2996721497545912,0.013620231382360213,21.997500000000002,0.20550000000000068,0.304674300000001,21.254160000000002,22.773870000000002,21.125,23.196
PKG_D,RCP_1,Cooling_Water_Temp,1157,21.983021607605878,0.31267493713873895,0.014223474039190179,21.989,0.21899999999999764,0.32468939999999646,21.1608,22.729219999999998,21.013,23.011
PKG_D,RCP_2,Cooling_Water_Temp,1110,22.01483963963964,0.30472886654577414,0.013841975300927617,22.005,0.20400000000000063,0.3024504000000009,21.266544999999997,22.811835,21.05,23.018
PKG_D,RCP_3,Cooling_Water_Temp,1060,22.015040566037737,0.29141464939274975,0.01323707074345848,22.017,0.20700000000000074,0.30689820000000106,21.31767,22.753345,20.902,22.88
PKG_D,RCP_4,Cooling_Water_Temp,1055,22.00778483412322,0.2925148306419506,0.013291425413629288,22.003,0.2029999999999994,0.3009677999999991,21.23213,22.76165,21.089,23.005
PKG_D,RCP_5,Cooling_Water_Temp,1045,22.000416267942587,0.29370945048803243,0.013350176965333358,22.01,0.20300000000000296,0.3009678000000044,21.18082,22.732,20.962,22.928
PKG_D,RCP_6,Cooling_Water_Temp,1120,22.00054642857143,0.28867635985287043,0.013121326817500105,21.993,0.20099999999999696,0.29800259999999545,21.239189999999997,22.75291,20.98,23.016
PKG_D,RCP_7,Cooling_Water_Temp,1070,21.990157943925233,0.29517981757391815,0.013423269552070743,21.981,0.19199999999999662,0.28465919999999495,21.139345,22.69448,20.994,22.92
PKG_D,RCP_8,Cooling_Water_Temp,1042,22.008625719769675,0.3099540668624356,0.01408329946671833,22.006999999999998,0.20350000000000001,0.3017091,21.24441,22.81918,20.927,23.067
PKG_D,RCP_9,Cooling_Water_Temp,1103,21.988961922030825,0.2926964018684198,0.013311060472353,21.982,0.19399999999999906,0.2876243999999986,21.2361,22.75239,20.902,23.009
PKG_E,RCP_1,Cooling_Water_Temp,1119,22.002554959785524,0.3039009059169613,0.013812073482938985,22.006,0.21099999999999852,0.3128285999999978,21.242359999999998,22.731,21.042,22.934
PKG_E,RCP_2,Cooling_Water_Temp,1124,22.015059608540923,0.2971005673362341,0.013495333313609175,22.015,0.20149999999999935,0.298743899999999,21.241600000000002,22.764934999999998,21.089,23.064
PKG_E,RCP_3,Cooling_Water_Temp,1053,22.004949667616334,0.29992538414978986,0.013629905484000091,22.013,0.20600000000000307,0.30541560000000456,21.207079999999998,22.73616,21.123,22.812
PKG_E,RCP_4,Cooling_Water_Temp,1074,22.00277094972067,0.2863948448085751,0.013016308057881724,22.003,0.18950000000000067,0.280952700000001,21.28957,22.745714999999997,21.113,22.864
PKG_E,RCP_5,Cooling_Water_Temp,1027,21.975525803310614,0.304073263823271,0.013836905043585456,21.97,0.2099999999999973,0.31134599999999596,21.20286,22.71379,21.059,22.958
PKG_E,RCP_6,Cooling_Water_Temp,1066,22.001606003752343,0.303743579342988,0.013805518528564913,22.009500000000003,0.2065000000000019,0.3061569000000028,21.24565,22.692025,21.165,22.993
PKG_E,RCP_7,Cooling_Water_Temp,1176,21.997274659863944,0.2941082884735158,0.013370214857122436,21.988,0.1999999999999993,0.29651999999999895,21.308500000000002,22.790125,21.098,22.879
PKG_E,RCP_8,Cooling_Water_Temp,1101,22.000748410535877,0.30256074868561283,0.013752293469285816,21.998,0.2129999999999974,0.3157937999999961,21.226,22.7755,21.0,23.121
PKG_E,RCP_9,Cooling_Water_Temp,1076,22.028229553903344,0.3059962247831959,0.01389109478972967,22.035,0.21099999999999852,0.3128285999999978,21.256625,22.779875,21.09,22.96
PKG_F,RCP_1,Cooling_Water_Temp,1114,21.994060143626573,0.29216940366949823,0.013284014036588097,21.9955,0.19750000000000156,0.2928135000000023,21.27491,22.702174999999997,20.922,22.994
PKG_F,RCP_2,Cooling_Water_Temp,1137,22.00993667546174,0.29312523677973823,0.013317859160700598,22.022,0.1930000000000014,0.28614180000000206,21.26948,22.70428,20.974,22.943
PKG_F,RCP_3,Cooling_Water_Temp,1112,22.000125899280576,0.30116756353701746,0.0136893563662227,21.997,0.20350000000000001,0.3017091,21.194315,22.706685,20.928,22.914
PKG_F,RCP_4,Cooling_Water_Temp,1106,22.003160036166364,0.2979317828227228,0.013540408847320815,22.007,0.19899999999999984,0.2950373999999997,21.26225,22.8007,21.167,23.009
PKG_F,RCP_5,Cooling_Water_Temp,1044,22.002113984674327,0.3017234061863197,0.013713382559352548,22.004,0.20399999999999707,0.3024503999999956,21.211085,22.802840000000003,20.962,23.071
PKG_F,RCP_6,Cooling_Water_Temp,1061,22.00944863336475,0.2936560085685528,0.013342270106820906,22.011,0.1960000000000015,0.2905896000000022,21.2938,22.7923,21.091,23.012
PKG_F,RCP_7,Cooling_Water_Temp,1107,21.997992773261064,0.2983204824599561,0.013561259226458596,21.995,0.21099999999999852,0.3128285999999978,21.2269,22.77911,21.135,22.926
PKG_F,RCP_8,Cooling_Water_Temp,1126,22.000749555950268,0.29683451936843785,0.013492018470259652,22.002,0.19500000000000028,0.2891070000000004,21.251875,22.755,20.99,22.937
PKG_F,RCP_9,Cooling_Water_Temp,1117,21.99833303491495,0.30116504678354034,0.013690357642351453,22.006,0.1960000000000015,0.2905896000000022,21.2752,22.816400000000005,21.035,23.067
PKG_A,RCP_1,Focus,1082,0.15168391866913125,0.5964921664410338,3.93246806698187,0.0365,0.1565,0.23202689999999998,-0.5464950000000001,3.2816850000000004,-0.627,3.452
PKG_A,RCP_2,Focus,1068,0.263123595505618,0.7998175387551055,3.0397028332566567,0.057,0.1655,0.24537029999999999,-0.477975,3.437289999999999,-0.623,3.665
PKG_A,RCP_3,Focus,1103,0.20535539437896647,0.7157325811109236,3.4853361572284687,0.047,0.163,0.24166379999999998,-0.48597999999999997,3.41874,-0.643,3.658
PKG_A,RCP_4,Focus,1068,0.19280898876404493,0.7108411658771816,3.6867636225564784,0.019,0.162,0.24018119999999998,-0.496315,3.376995,-0.615,3.578
PKG_A,RCP_5,Focus,1118,0.21090429338103756,0.7098915099626791,3.3659414826616594,0.05,0.15699999999999997,0.23276819999999995,-0.5084150000000001,3.353959999999999,-0.677,3.513
PKG_A,RCP_6,Focus,1099,0.2321665150136488,0.7415981797615475,3.194251245568078,0.046,0.15400000000000003,0.22832040000000003,-0.47851,3.378,-0.573,3.561
PKG_A,RCP_7,Focus,1107,0.19080578139114726,0.6846341833106961,3.588120749377151,0.024,0.162,0.24018119999999998,-0.5218200000000001,3.3390500000000003,-0.664,3.543
PKG_A,RCP_8,Focus,1024,0.1975634765625,0.7024587970537385,3.5556106284225706,0.0275,0.1585,0.23499209999999998,-0.518425,3.388275,-0.625,3.602
PKG_A,RCP_9,Focus,1087,0.1955317387304508,0.7008690019379835,3.584425763758807,0.034,0.141,0.20904659999999997,-0.47056,3.390839999999999,-0.625,3.539
PKG_B,RCP_1,Focus,1137,0.20027264731750222,0.6961015737305268,3.4757695724017785,0.043,0.16099999999999998,0.23869859999999996,-0.50228,3.356759999999999,-0.68,3.747
PKG_B,RCP_2,Focus,1118,0.20963327370304116,0.7375658735081558,3.51836261715287,0.037,0.155,0.22980299999999998,-0.48666,3.4618999999999978,-0.707,3.612
PKG_B,RCP_3,Focus,1083,0.22397783933518006,0.7191394371104444,3.2107615612554468,0.048,0.16399999999999998,0.24314639999999996,-0.51367,3.407649999999997,-0.687,3.545
PKG_B,RCP_4,Focus,1099,0.21403912647861692,0.7318198647870037,3.4190938676817786,0.045,0.15600000000000003,0.23128560000000004,-0.53057,3.41661,-0.584,3.611
PKG_B,RCP_5,Focus,1083,0.19539796860572484,0.7054887278840607,3.6105223248640828,0.032,0.155,0.22980299999999998,-0.47472,3.378079999999999,-0.636,3.575
PKG_B,RCP_6,Focus,1099,0.2042966333030027,0.7425369838615,3.6346021559748647,0.016,0.16499999999999998,0.24462899999999996,-0.50604,3.4226099999999997,-0.644,3.56
PKG_B,RCP_7,Focus,1073,0.1986551724137931,0.6866755697362242,3.456620642657612,0.024,0.159,0.23573339999999998,-0.5086,3.3832000000000004,-0.663,3.579
PKG_B,RCP_8,Focus,1074,0.2449022346368715,0.762902076004443,3.1151290927811877,0.042,0.171,0.2535246,-0.46963499999999997,3.5329399999999995,-0.578,3.685
PKG_B,RCP_9,Focus,1138,0.22152548330404218,0.7222978112924571,3.2605630761726334,0.039,0.1555,0.23054429999999998,-0.49683499999999997,3.3675200000000007,-0.726,3.669
PKG_C,RCP_1,Focus,1076,0.2262592936802974,0.7711969450491118,3.408465272320734,0.0385,0.1535,0.22757909999999998,-0.495375,3.38625,-0.648,3.536
PKG_C,RCP_2,Focus,1103,0.20027651858567544,0.7013380216160221,3.501848477139369,0.04,0.161,0.23869859999999998,-0.45998,3.401,-0.571,3.724
PKG_C,RCP_3,Focus,1071,0.21591129785247432,0.7365881808713354,3.4115314399833947,0.047,0.155,0.22980299999999998,-0.4941,3.366150000000003,-0.736,3.578
PKG_C,RCP_4,Focus,1089,0.17820661157024795,0.6629921247316949,3.7203564945756655,0.025,0.151,0.22387259999999998,-0.49116,3.4379599999999977,-0.575,3.59
PKG_C,RCP_5,Focus,1008,0.2342013888888889,0.7379135082773376,3.150764868552605,0.0505,0.175,0.259455,-0.46896499999999997,3.3897900000000005,-0.598,3.556
PKG_C,RCP_6,Focus,1108,0.27508574007220216,0.7980687194652366,2.9011635399776314,0.06,0.1645,0.24388769999999999,-0.449395,3.464184999999999,-0.654,3.602
PKG_C,RCP_7,Focus,1043,0.21740364333652926,0.7115341452065208,3.2728713019086983,0.059,0.165,0.24462899999999999,-0.49017,3.401219999999999,-0.657,3.794
PKG_C,RCP_8,Focus,1102,0.21147549909255897,0.7050420377946642,3.3339183064704825,0.0395,0.153,0.22683779999999998,-0.48797999999999997,3.511,-0.7,3.668
PKG_C,RCP_9,Focus,1128,0.19872340425531915,0.7063073925936297,3.554223495920835,0.031,0.157,0.23276819999999998,-0.5683649999999999,3.3737100000000004,-0.794,3.598
PKG_D,RCP_1,Focus,1157,0.24645462402765775,0.7710453644487176,3.1285489874281645,0.046,0.154,0.22832039999999998,-0.55244,3.366340000000001,-0.917,3.497
PKG_D,RCP_2,Focus,1110,0.18924864864864865,0.7177659078297858,3.7927135171377673,0.022,0.159,0.23573339999999998,-0.518275,3.445365,-0.709,3.629
PKG_D,RCP_3,Focus,1060,0.21142735849056604,0.7406025769369372,3.502870121559898,0.031,0.156,0.23128559999999998,-0.516525,3.390054999999995,-0.627,3.691
PKG_D,RCP_4,Focus,1055,0.23008625592417062,0.7375785483212944,3.205661048108748,0.048,0.163,0.24166379999999998,-0.48973,3.354740000000001,-0.57,3.827
PKG_D,RCP_5,Focus,1045,0.19949090909090908,0.708122126161186,3.5496460935896126,0.035,0.14600000000000002,0.2164596,-0.4735,3.3873399999999996,-0.669,3.685
PKG_D,RCP_6,Focus,1120,0.23139464285714284,0.7462649130409224,3.225074287919653,0.039,0.16949999999999998,0.2513007,-0.477835,3.4846449999999995,-0.545,3.719
PKG_D,RCP_7,Focus,1070,0.19258130841121496,0.6814427716985855,3.5384678675228156,0.037,0.149,0.22090739999999998,-0.489585,3.439509999999999,-0.66,3.55
PKG_D,RCP_8,Focus,1042,0.2268531669865643,0.751291180937086,3.311794985791767,0.0435,0.159,0.23573339999999998,-0.504695,3.4886200000000027,-0.781,3.8
PKG_D,RCP_9,Focus,1103,0.23351405258386218,0.744271593342884,3.187266826588917,0.047,0.156,0.23128559999999998,-0.5394100000000001,3.37849,-0.618,3.78
PKG_E,RCP_1,Focus,1119,0.2224030384271671,0.7514307410026911,3.3786891866082613,0.026,0.156,0.23128559999999998,-0.45369000000000004,3.463,-0.619,3.647
PKG_E,RCP_2,Focus,1124,0.2492740213523132,0.751715102529418,3.0156175057928567,0.0575,0.1635,0.24240509999999998,-0.47939,3.456245,-0.576,3.663
PKG_E,RCP_3,Focus,1053,0.22862108262108263,0.7525356488984988,3.2916284022053817,0.049,0.17099999999999999,0.2535246,-0.49722,3.42874,-0.752,3.57
PKG_E,RCP_4,Focus,1074,0.21833240223463687,0.7414544271887287,3.3959889581204004,0.038,0.16,0.23721599999999998,-0.496635,3.475164999999999,-0.625,3.739
PKG_E,RCP_5,Focus,1027,0.24335345666991237,0.7608842531433468,3.1266630174701797,0.047,0.163,0.24166379999999998,-0.5268700000000001,3.39889,-0.645,3.71
PKG_E,RCP_6,Focus,1066,0.21118480300187617,0.7260586847515199,3.438025248175976,0.029,0.16,0.23721599999999998,-0.47672499999999995,3.4510499999999995,-0.66,3.592
PKG_E,RCP_7,Focus,1176,0.22460884353741495,0.7475859851309945,3.328390696274891,0.038,0.15,0.22238999999999998,-0.48524999999999996,3.509,-0.563,3.64
PKG_E,RCP_8,Focus,1101,0.22676112624886466,0.7345567186320314,3.2393414637827904,0.042,0.149,0.22090739999999998,-0.485,3.4755000000000003,-0.665,3.615
PKG_E,RCP_9,Focus,1076,0.22958550185873605,0.7507735280076475,3.270126039882076,0.0385,0.1545,0.22906169999999998,-0.479375,3.407,-0.642,3.673
PKG_F,RCP_1,Focus,1114,0.2429039497307002,0.7652659942653893,3.1504880637544805,0.037,0.1525,0.22609649999999998,-0.489435,3.4147399999999997,-0.556,3.657
PKG_F,RCP_2,Focus,1137,0.2087018469656992,0.6898748686841754,3.305552292489095,0.053,0.14800000000000002,0.21942480000000003,-0.51104,3.3661599999999994,-0.573,3.569
PKG_F,RCP_3,Focus,1112,0.2740908273381295,0.8238248908529491,3.005663848198194,0.035500000000000004,0.158,0.23425079999999998,-0.52289,3.4786699999999997,-0.757,3.57
PKG_F,RCP_4,Focus,1106,0.24242947558770345,0.7831249520331475,3.2303206948522942,0.0395,0.16649999999999998,0.24685289999999996,-0.495475,3.4360999999999966,-0.567,3.854
PKG_F,RCP_5,Focus,1044,0.216566091954023,0.7443924034255807,3.4372527883248467,0.027,0.161,0.23869859999999998,-0.5239900000000001,3.4535500000000026,-0.614,3.637
PKG_F,RCP_6,Focus,1061,0.23448256361922715,0.7557161484984599,3.2229097841392442,0.044,0.15900000000000003,0.23573340000000004,-0.46749999999999997,3.3938000000000006,-0.692,3.644
PKG_F,RCP_7,Focus,1107,0.18817073170731707,0.6632672599835611,3.5248162876637723,0.045,0.15400000000000003,0.22832040000000003,-0.47529,3.3574000000000006,-0.658,3.537
PKG_F,RCP_8,Focus,1126,0.21870159857904087,0.7506342383387073,3.432230231583885,0.0305,0.156,0.23128559999999998,-0.566,3.43425,-0.717,3.602
PKG_F,RCP_9,Focus,1117,0.24841181736794987,0.8007437484517741,3.223452720309618,0.031,0.159,0.23573339999999998,-0.52074,3.439460000000001,-0.708,3.597
PKG_A,RCP_1,CLN_Flow,1082,9.937775415896489,0.22289305090674982,0.022428867787675055,9.99,0.038000000000000256,0.056338800000000376,9.019215,10.125595,9.006,10.185
PKG_A,RCP_2,CLN_Flow,1068,9.939388576779026,0.22221754022433085,0.022357264585015652,9.992,0.040000000000000924,0.05930400000000137,9.010005,10.124665,8.975,10.162
PKG_A,RCP_3,CLN_Flow,1103,9.9386953762466,0.22580765638652653,0.02272005005065403,9.993,0.0389999999999997,0.05782139999999955,8.97928,10.12847,8.926,10.18
PKG_A,RCP_4,CLN_Flow,1068,9.936837078651685,0.2371688677683174,0.023867641774851206,9.996,0.04100000000000037,0.060786600000000544,9.017,10.133665,8.97,10.19
PKG_A,RCP_5,CLN_Flow,1118,9.936945438282647,0.22218886219833622,0.022359875434390632,9.994,0.0389999999999997,0.05782139999999955,9.026,10.12183,8.974,10.137
PKG_A,RCP_6,CLN_Flow,1099,9.93705186533212,0.23191239089908136,0.02333814838062439,9.997,0.038000000000000256,0.056338800000000376,9.02849,10.12759,8.967,10.153
PKG_A,RCP_7,CLN_Flow,1107,9.942208672086721,0.22097171723147704,0.022225616512341655,9.994,0.038000000000000256,0.056338800000000376,9.028,10.12047,8.964,10.182
PKG_A,RCP_8,CLN_Flow,1024,9.9326904296875,0.2350538900922894,0.02366467491926904,9.9955,0.03849999999999909,0.05708009999999865,9.015575,10.136655000000001,8.976,10.165
PKG_A,RCP_9,CLN_Flow,1087,9.938711131554738,0.21835869694094992,0.021970524552995183,9.99,0.036999999999999034,0.054856199999998564,9.03515,10.13571,8.99,10.168
PKG_B,RCP_1,CLN_Flow,1137,9.947576077396658,0.21294704358329838,0.02140692787131998,9.997,0.03700000000000081,0.0548562000000012,9.01736,10.131639999999999,8.939,10.15
PKG_B,RCP_2,CLN_Flow,1118,9.936754919499105,0.22269425115349395,0.022411164706950384,9.995,0.036999999999999034,0.054856199999998564,9.02485,10.13083,8.992,10.15
PKG_B,RCP_3,CLN_Flow,1083,9.933716528162511,0.23632297985574352,0.02378998627409568,9.996,0.036999999999999034,0.054856199999998564,9.00041,10.12618,8.979,10.153
PKG_B,RCP_4,CLN_Flow,1099,9.942992720655141,0.2219735045926296,0.022324617027176485,9.998,0.03700000000000081,0.0548562000000012,9.004,10.12604,8.945,10.182
PKG_B,RCP_5,CLN_Flow,1083,9.933491228070174,0.23397433518565655,0.023554088871039536,9.992,0.036000000000001364,0.05337360000000202,9.025,10.14436,8.925,10.201
PKG_B,RCP_6,CLN_Flow,1099,9.944639672429481,0.20596743449219143,0.020711402451635885,9.992,0.036999999999999034,0.054856199999998564,9.00443,10.12151,8.962,10.167
PKG_B,RCP_7,CLN_Flow,1073,9.95106896551724,0.2026774257188919,0.020367402378700834,9.999,0.0389999999999997,0.05782139999999955,9.02016,10.136560000000001,8.914,10.152
PKG_B,RCP_8,CLN_Flow,1074,9.941612662942271,0.22012362634207003,0.0221416417843947,9.994,0.038000000000000256,0.056338800000000376,9.012365,10.122634999999999,8.888,10.175
PKG_B,RCP_9,CLN_Flow,1138,9.925514059753954,0.24570005574337814,0.024754390983097237,9.99,0.040000000000000924,0.05930400000000137,9.00074,10.11726,8.954,10.226
PKG_C,RCP_1,CLN_Flow,1076,9.938918215613382,0.22076326961718262,0.022212001832390384,9.992,0.03700000000000081,0.0548562000000012,9.0065,10.12825,8.969,10.17
PKG_C,RCP_2,CLN_Flow,1103,9.931252039891206,0.23445777103798499,0.02360807782304087,9.991,0.0389999999999997,0.05782139999999955,8.98502,10.12749,8.938,10.149
PKG_C,RCP_3,CLN_Flow,1071,9.940789915966386,0.2205280911834608,0.022184161726349325,9.995,0.0389999999999997,0.05782139999999955,8.99705,10.136,8.966,10.176
PKG_C,RCP_4,CLN_Flow,1089,9.937073461891643,0.2308267353032213,0.02322884460786512,9.995,0.038000000000000256,0.056338800000000376,8.993879999999999,10.129,8.939,10.177
PKG_C,RCP_5,CLN_Flow,1008,9.932791666666667,0.23781485010296058,0.02394239787602115,9.996,0.03700000000000081,0.0548562000000012,9.00921,10.138824999999999,8.978,10.161
PKG_C,RCP_6,CLN_Flow,1108,9.951136281588449,0.20529154455778173,0.020629960111953376,9.996500000000001,0.03849999999999909,0.05708009999999865,9.02642,10.121789999999999,8.992,10.148
PKG_C,RCP_7,CLN_Flow,1043,9.927502396931928,0.23767241189950225,0.02394080629715631,9.99,0.03999999999999915,0.05930399999999873,9.01,10.126,8.975,10.194
PKG_C,RCP_8,CLN_Flow,1102,9.93320780399274,0.2339930159823291,0.023556641580404023,9.994,0.040000000000000924,0.05930400000000137,8.99102,10.124979999999999,8.957,10.147
PKG_C,RCP_9,CLN_Flow,1128,9.938936170212767,0.22151191660116695,0.022287286366225345,9.995,0.038000000000000256,0.056338800000000376,9.033905,10.12573,8.954,10.147
PKG_D,RCP_1,CLN_Flow,1157,9.926290406222991,0.24603004363954775,0.024785698742533925,9.994,0.038000000000000256,0.056338800000000376,8.99356,10.12922,8.954,10.177
PKG_D,RCP_2,CLN_Flow,1110,9.944239639639639,0.2160579528838931,0.021726945519559365,9.995,0.034999999999999254,0.05189099999999889,9.023544999999999,10.129639999999998,8.985,10.15
PKG_D,RCP_3,CLN_Flow,1060,9.935668867924528,0.2305001639139221,0.023199259856379606,9.994,0.038000000000000256,0.056338800000000376,9.01759,10.12041,8.969,10.15
PKG_D,RCP_4,CLN_Flow,1055,9.940203791469195,0.22619832523374767,0.02275590420267579,9.996,0.038000000000000256,0.056338800000000376,8.99216,10.116190000000001,8.955,10.155
PKG_D,RCP_5,CLN_Flow,1045,9.943502392344497,0.22056025676011443,0.022181344968541846,9.996,0.03700000000000081,0.0548562000000012,9.018,10.12456,8.96,10.17
PKG_D,RCP_6,CLN_Flow,1120,9.935651785714287,0.23287949262308746,0.023438773584831856,9.997,0.036999999999999034,0.054856199999998564,9.027785,10.132215,8.979,10.18
PKG_D,RCP_7,CLN_Flow,1070,9.937706542056075,0.21945578546017314,0.022083142074224356,9.992,0.03699999999999992,0.05485619999999988,9.017520000000001,10.117655000000001,9.005,10.172
PKG_D,RCP_8,CLN_Flow,1042,9.93541650671785,0.2345706795083292,0.023609546650583173,9.998,0.0389999999999997,0.05782139999999955,9.015615,10.126975,8.992,10.142
PKG_D,RCP_9,CLN_Flow,1103,9.929677243880326,0.23556826511797158,0.023723657812055536,9.99,0.03999999999999915,0.05930399999999873,8.99908,10.11598,8.937,10.157
PKG_E,RCP_1,CLN_Flow,1119,9.948891867739052,0.2065458014152957,0.020760684120515478,9.994,0.03700000000000081,0.0548562000000012,9.00249,10.132050000000001,8.951,10.168
PKG_E,RCP_2,CLN_Flow,1124,9.93932384341637,0.2246481767418624,0.022601957666432748,9.996,0.0389999999999997,0.05782139999999955,9.012,10.131235,8.98,10.171
PKG_E,RCP_3,CLN_Flow,1053,9.943010446343779,0.2108785868880018,0.021208726273192802,9.994,0.036999999999999034,0.054856199999998564,9.04304,10.117740000000001,8.973,10.156
PKG_E,RCP_4,CLN_Flow,1074,9.940881750465548,0.2191276102702879,0.022043075832787747,9.992,0.037499999999999645,0.05559749999999947,9.01019,10.126635,8.955,10.196
PKG_E,RCP_5,CLN_Flow,1027,9.941791626095423,0.21667180247620815,0.021794039809432685,9.993,0.04100000000000037,0.060786600000000544,9.03252,10.12648,8.973,10.164
PKG_E,RCP_6,CLN_Flow,1066,9.941969981238273,0.22119090609336414,0.022248196937908558,9.994,0.038000000000000256,0.056338800000000376,9.027625,10.129025,8.967,10.168
PKG_E,RCP_7,CLN_Flow,1176,9.927326530612245,0.24531221376683832,0.024710803357820978,9.993,0.0389999999999997,0.05782139999999955,8.995750000000001,10.128125,8.97,10.156
PKG_E,RCP_8,CLN_Flow,1101,9.946339691189827,0.21568917652175268,0.021685281542596396,9.998,0.03700000000000081,0.0548562000000012,9.0205,10.132,8.957,10.158
PKG_E,RCP_9,CLN_Flow,1076,9.953664498141263,0.19630370367871408,0.019721752095961404,9.997,0.03700000000000081,0.0548562000000012,9.0205,10.125875,8.977,10.208
PKG_F,RCP_1,CLN_Flow,1114,9.939705565529623,0.22260520176759716,0.022395552896413783,9.992,0.0389999999999997,0.05782139999999955,9.013695,10.121305,8.953,10.142
PKG_F,RCP_2,CLN_Flow,1137,9.933150395778364,0.23148765535014734,0.023304555566633793,9.992,0.0389999999999997,0.05782139999999955,8.99568,10.13132,8.92,10.17
PKG_F,RCP_3,CLN_Flow,1112,9.935575539568346,0.2279101739588385,0.022938799373140303,9.993,0.0389999999999997,0.05782139999999955,8.994665000000001,10.127449999999998,8.955,10.176
PKG_F,RCP_4,CLN_Flow,1106,9.933849909584087,0.23348669594001978,0.02350414975716051,9.995,0.038000000000000256,0.056338800000000376,9.01615,10.113949999999999,8.979,10.131
PKG_F,RCP_5,CLN_Flow,1044,9.95453735632184,0.19549277791218564,0.01963855987621904,9.995,0.03799999999999848,0.05633879999999774,9.040075,10.12357,8.981,10.146
PKG_F,RCP_6,CLN_Flow,1061,9.931749293119697,0.2347938825341139,0.023640737961113188,9.992,0.040000000000000924,0.05930400000000137,8.9968,10.1371,8.956,10.155
PKG_F,RCP_7,CLN_Flow,1107,9.930580849141824,0.2347200315939531,0.02363608283942797,9.993,0.036999999999999034,0.054856199999998564,9.01459,10.12247,8.986,10.149
PKG_F,RCP_8,CLN_Flow,1126,9.942056838365897,0.21233783221261052,0.02135753553461991,9.993500000000001,0.03449999999999953,0.0511496999999993,9.018875,10.12625,8.966,10.151
PKG_F,RCP_9,CLN_Flow,1117,9.938746642793197,0.22226424685501575,0.02236340806777527,9.995,0.03599999999999959,0.05337359999999938,9.039579999999999,10.129940000000001,9.028,10.177
PKG_A,RCP_1,CLN_Pressure,1082,300.0203465804067,1.9555679919572713,0.006518117901824272,299.97749999999996,1.3164999999999907,1.9518428999999862,295.12673,304.87235499999997,294.294,305.364
PKG_A,RCP_2,CLN_Pressure,1068,300.0547509363296,2.031554426715106,0.00677061243114992,300.029,1.4010000000000105,2.0771226000000156,295.000685,305.12525,293.109,307.674
PKG_A,RCP_3,CLN_Pressure,1103,300.0432710788758,1.993477987878358,0.006643968320670352,300.009,1.3310000000000173,1.9733406000000255,295.22913,305.5573,293.807,306.727
PKG_A,RCP_4,CLN_Pressure,1068,300.0519897003746,1.9355017616233663,0.0064505546640637726,300.025,1.2914999999999566,1.9147778999999354,294.27736500000003,305.316245,292.767,305.995
PKG_A,RCP_5,CLN_Pressure,1118,300.04988193202144,1.9429042881437106,0.006475270963725592,299.9405,1.2945000000000277,1.919225700000041,295.276685,305.29581,294.073,306.884
PKG_A,RCP_6,CLN_Pressure,1099,300.0440136487716,1.9797440228444774,0.00659817870974738,299.976,1.3899999999999864,2.0608139999999797,295.15433,305.05997,293.861,306.764
PKG_A,RCP_7,CLN_Pressure,1107,300.0351436314363,1.9424806757221282,0.0064741771654199115,300.081,1.3340000000000032,1.9777884000000046,294.98702,305.26717,293.558,307.135
PKG_A,RCP_8,CLN_Pressure,1024,300.1005712890625,1.9569666486992379,0.0065210360656536405,300.121,1.3550000000000182,2.008923000000027,294.94407,304.95603,293.211,305.736
PKG_A,RCP_9,CLN_Pressure,1087,300.0891793928243,1.9212591280766014,0.0064022939179743795,299.986,1.2819999999999823,1.9006931999999737,295.25209,305.31612,293.216,307.061
PKG_B,RCP_1,CLN_Pressure,1137,300.1340949868074,1.9420153173263452,0.006470492189205322,300.144,1.3120000000000118,1.9451712000000174,294.99348,305.08664,294.013,306.12
PKG_B,RCP_2,CLN_Pressure,1118,299.98123255813954,1.9245168091118503,0.006415457369450132,300.0155,1.3139999999999645,1.9481363999999473,294.81825,304.516565,293.386,305.957
PKG_B,RCP_3,CLN_Pressure,1083,299.96570821791323,1.9761459109968986,0.006587906073454592,299.952,1.350999999999999,2.0029925999999985,294.80629,305.2564,293.989,307.541
PKG_B,RCP_4,CLN_Pressure,1099,300.14189808917195,1.9992508976408312,0.006661019039224091,300.072,1.4089999999999918,2.0889833999999876,295.19685,305.48038,292.749,307.849
PKG_B,RCP_5,CLN_Pressure,1083,300.11530286241924,1.9555493946693623,0.006515993606516751,300.028,1.316000000000031,1.9511016000000458,294.7876,305.08567,293.574,307.086
PKG_B,RCP_6,CLN_Pressure,1099,300.12765241128295,1.8945914293515205,0.006312618694512187,300.163,1.3129999999999882,1.9466537999999824,295.38375,305.22226,294.312,305.694
PKG_B,RCP_7,CLN_Pressure,1073,300.0703746505126,1.964003074791293,0.00654514154247562,300.082,1.3000000000000114,1.9273800000000167,294.6934,305.26768000000004,292.877,306.05
PKG_B,RCP_8,CLN_Pressure,1074,299.9974450651769,1.954168976063049,0.006513952062620032,299.9615,1.3324999999999818,1.9755644999999729,295.034295,305.39628,293.958,307.478
PKG_B,RCP_9,CLN_Pressure,1138,300.0103189806679,1.984765983651294,0.006615659055977967,300.00199999999995,1.3645000000000493,2.0230077000000732,294.89273000000003,305.25250500000004,293.88,307.108
PKG_C,RCP_1,CLN_Pressure,1076,300.1129405204461,2.023628644623953,0.006742890330269137,300.026,1.4215000000000089,2.107515900000013,295.198875,305.8835,294.367,306.42
PKG_C,RCP_2,CLN_Pressure,1103,299.98921849501363,1.9319806548629619,0.006440166965184033,299.966,1.3149999999999977,1.9496189999999964,295.11663,304.86057,294.253,305.603
PKG_C,RCP_3,CLN_Pressure,1071,300.0339019607843,1.9676987704237152,0.006558254775758313,299.996,1.3000000000000114,1.9273800000000167,294.58295,305.15385,293.716,306.522
PKG_C,RCP_4,CLN_Pressure,1089,300.03742424242427,1.9498466417825258,0.006498678112258051,299.996,1.2650000000000432,1.875489000000064,294.676,305.32104,293.357,306.18
PKG_C,RCP_5,CLN_Pressure,1008,299.95264087301587,1.8939931356818527,0.006314307252536141,299.9905,1.3135000000000048,1.947395100000007,295.29338,304.710255,293.36,305.75
PKG_C,RCP_6,CLN_Pressure,1108,300.2123880866426,1.9899107344086775,0.006628343177611913,300.2315,1.3890000000000384,2.059331400000057,295.208755,305.184555,293.693,307.735
PKG_C,RCP_7,CLN_Pressure,1043,300.08194822627036,1.94458740108659,0.006480187870615648,299.977,1.3010000000000446,1.928862600000066,294.74019999999996,305.12235,293.332,307.101
PKG_C,RCP_8,CLN_Pressure,1102,300.088057168784,1.9321008875312098,0.006438446453883711,300.0095,1.3549999999999898,2.0089229999999847,295.420425,305.012755,294.112,306.246
PKG_C,RCP_9,CLN_Pressure,1128,300.0749015957447,1.9627916025287817,0.006541005569246234,300.04200000000003,1.3070000000000448,1.9377582000000664,294.904065,305.10911,291.852,306.912
PKG_D,RCP_1,CLN_Pressure,1157,300.0263699222126,1.9397547876975632,0.0064652809958020705,300.03,1.2909999999999968,1.914036599999995,295.06401999999997,304.85986,294.257,305.941
PKG_D,RCP_2,CLN_Pressure,1110,300.01462432432436,1.881607315696045,0.006271718653494617,300.033,1.277499999999975,1.8940214999999627,295.27995,304.54551,293.97,306.021
PKG_D,RCP_3,CLN_Pressure,1060,299.9797669811321,2.017441841538185,0.006725259712816153,299.9,1.4159999999999968,2.099361599999995,295.3088,305.53707499999996,292.673,306.013
PKG_D,RCP_4,CLN_Pressure,1055,300.06189573459716,1.915336566192458,0.006383138257203311,300.023,1.3799999999999955,2.0459879999999933,295.38861,305.05748,293.92,306.061
PKG_D,RCP_5,CLN_Pressure,1045,300.09037129186606,1.9168216079149476,0.006387481209954113,300.072,1.3000000000000114,1.9273800000000167,295.41803999999996,305.141,293.634,306.168
PKG_D,RCP_6,CLN_Pressure,1120,300.1258616071429,1.9084194250766553,0.0063587303501846425,300.1205,1.282999999999987,1.9021757999999807,295.205255,304.60411,294.177,306.805
PKG_D,RCP_7,CLN_Pressure,1070,299.97071775700937,1.9588778924508872,0.006530230374144959,299.925,1.2720000000000198,1.8858672000000292,295.18469,304.88841,293.632,306.932
PKG_D,RCP_8,CLN_Pressure,1042,300.072736084453,1.9706605417035918,0.006567276212487913,300.04650000000004,1.3444999999999538,1.9933556999999316,294.507415,305.101645,294.051,306.773
PKG_D,RCP_9,CLN_Pressure,1103,300.06300815956484,1.9640889154079806,0.006545588299786473,300.028,1.358000000000004,2.013370800000006,294.91281,304.75455,293.403,306.479
PKG_E,RCP_1,CLN_Pressure,1119,299.981109025916,1.9932989620141752,0.006644748292606552,299.942,1.3809999999999718,2.0474705999999583,294.89932,304.99324,292.855,308.131
PKG_E,RCP_2,CLN_Pressure,1124,300.1427482206406,1.8962367464342555,0.006317782980517977,300.22400000000005,1.3404999999999916,1.9874252999999875,295.1677,304.750155,294.284,305.154
PKG_E,RCP_3,CLN_Pressure,1053,299.99684995251664,1.903011785510368,0.006343439225483787,299.983,1.3100000000000023,1.9422060000000032,295.3452,305.23426,294.451,306.157
PKG_E,RCP_4,CLN_Pressure,1074,299.9394404096834,1.972103090348474,0.006575004233037188,299.87800000000004,1.330500000000029,1.972599300000043,294.6663,305.405925,293.379,307.009
PKG_E,RCP_5,CLN_Pressure,1027,300.07959688412853,1.9960779035857392,0.006651828129309626,300.083,1.3739999999999668,2.037092399999951,294.73107,305.22202,293.048,306.144
PKG_E,RCP_6,CLN_Pressure,1066,299.9548283302064,2.0330858960316105,0.006777973561383984,299.9285,1.420500000000004,2.1060333000000058,294.767325,304.64869999999996,291.108,305.813
PKG_E,RCP_7,CLN_Pressure,1176,300.0134005102041,1.8950257089952454,0.006316470216905499,299.9855,1.3125,1.9459125,295.12525,304.74525,294.15,305.924
PKG_E,RCP_8,CLN_Pressure,1101,300.0317484105359,1.9413089832541768,0.0064703452002615,299.913,1.309000000000026,1.9407234000000384,295.5875,305.289,294.059,307.636
PKG_E,RCP_9,CLN_Pressure,1076,299.9985250929368,1.964708999654461,0.006549062196375173,299.9655,1.3710000000000093,2.0326446000000136,294.93875,305.08025,293.499,306.127
PKG_F,RCP_1,CLN_Pressure,1114,300.1145071813285,1.9244086151121442,0.006412247888934675,300.0905,1.3375000000000057,1.9829775000000083,295.572985,304.84114,293.7,306.214
PKG_F,RCP_2,CLN_Pressure,1137,300.1206367634125,1.9006010083042066,0.006332790136662497,300.07,1.2980000000000018,1.9244148000000025,295.43524,305.07948,294.388,307.855
PKG_F,RCP_3,CLN_Pressure,1112,300.0800629496403,1.9656928836126553,0.006550561421144928,300.07,1.3579999999999757,2.0133707999999637,295.072905,305.2236,294.262,306.183
PKG_F,RCP_4,CLN_Pressure,1106,300.0590650994575,2.0409284018455005,0.006801755518264429,300.058,1.4240000000000066,2.1112224000000097,294.989775,305.04332500000004,293.994,305.424
PKG_F,RCP_5,CLN_Pressure,1044,299.98326819923375,1.966110139449231,0.006554066002585984,299.9775,1.2699999999999818,1.882901999999973,294.87598,305.47099000000003,293.545,308.218
PKG_F,RCP_6,CLN_Pressure,1061,299.961081998115,1.9154742956333959,0.0063857427199353585,299.888,1.3220000000000027,1.9599972000000039,295.5226,305.1535,295.094,308.397
PKG_F,RCP_7,CLN_Pressure,1107,300.0723342366757,1.9247320863639386,0.006414227060485512,299.971,1.3589999999999804,2.014853399999971,295.1703,304.75843000000003,292.796,306.881
PKG_F,RCP_8,CLN_Pressure,1126,300.05069715808173,1.9163390745506679,0.006386717620392812,299.9685,1.3319999999999936,1.9748231999999903,295.148125,304.88637500000004,294.046,306.12
PKG_F,RCP_9,CLN_Pressure,1117,300.15817188898836,1.9702050784303702,0.006563889518753594,300.141,1.3669999999999618,2.0267141999999434,295.30662,305.28502000000003,293.961,306.405
PKG_A,RCP_1,CLN_Time,1082,15.012108133086876,0.5245608324373027,0.034942516253341126,14.99,0.3624999999999998,0.5374424999999997,13.81467,16.387900000000002,13.689,16.84
PKG_A,RCP_2,CLN_Time,1068,14.978733146067416,0.5082766119833266,0.03393321765110502,14.98,0.32899999999999885,0.48777539999999825,13.716045000000001,16.266315,13.286,16.725
PKG_A,RCP_3,CLN_Time,1103,15.019521305530372,0.5036545023704282,0.03353332587137624,15.01,0.33800000000000097,0.5011188000000014,13.78708,16.28262,13.574,16.587
PKG_A,RCP_4,CLN_Time,1068,14.993099250936329,0.4951758782517965,0.0330269192489253,15.006499999999999,0.33999999999999897,0.5040839999999984,13.75207,16.161649999999998,13.409,16.483
PKG_A,RCP_5,CLN_Time,1118,14.966311270125223,0.5100931135512288,0.03408275455084537,14.967500000000001,0.334500000000002,0.49592970000000297,13.61604,16.243565,13.176,16.443
PKG_A,RCP_6,CLN_Time,1099,15.007576888080074,0.5183095510972314,0.03453652478095277,14.99,0.3360000000000003,0.4981536000000004,13.71921,16.372510000000002,13.445,16.485
PKG_A,RCP_7,CLN_Time,1107,15.02162149954833,0.5062178325978488,0.03369928024168827,15.041,0.34699999999999953,0.5144621999999993,13.79883,16.23638,13.216,16.551
PKG_A,RCP_8,CLN_Time,1024,14.99050390625,0.5229379763049823,0.03488461625942764,15.015,0.362000000000001,0.5367012000000014,13.624245,16.215619999999998,13.365,16.823
PKG_A,RCP_9,CLN_Time,1087,15.011281508739652,0.4925422492262565,0.03281147242089196,15.01,0.3260000000000005,0.48332760000000075,13.73004,16.2057,13.369,16.391
PKG_B,RCP_1,CLN_Time,1137,14.998500439753736,0.48963118508013304,0.0326453425825397,14.989,0.32599999999999874,0.4833275999999981,13.7708,16.238279999999996,13.203,16.418
PKG_B,RCP_2,CLN_Time,1118,14.977548300536673,0.5032900839347841,0.03360296851232657,14.975000000000001,0.32500000000000107,0.4818450000000016,13.707095,16.368239999999997,13.276,16.748
PKG_B,RCP_3,CLN_Time,1083,14.98287811634349,0.49454285348103644,0.03300719992786857,14.983,0.31899999999999906,0.4729493999999986,13.70833,16.21359,13.085,16.734
PKG_B,RCP_4,CLN_Time,1099,14.991927206551411,0.4947004265214231,0.03299778738955196,14.992,0.33000000000000007,0.4892580000000001,13.76694,16.26059,13.542,16.513
PKG_B,RCP_5,CLN_Time,1083,14.998168975069252,0.5067867752433158,0.033789909694024886,15.007,0.3149999999999995,0.46701899999999924,13.56439,16.26962,13.162,16.945
PKG_B,RCP_6,CLN_Time,1099,14.991016378525932,0.5088823960326909,0.033945823497441165,15.0,0.34500000000000064,0.5114970000000009,13.63031,16.31289,12.895,16.552
PKG_B,RCP_7,CLN_Time,1073,15.012470643056849,0.4914371280877265,0.03273525988975121,15.001,0.33699999999999974,0.4996361999999996,13.76924,16.222920000000002,13.18,16.43
PKG_B,RCP_8,CLN_Time,1074,14.985867783985103,0.487789373312894,0.03254995842377431,14.996,0.32949999999999946,0.4885166999999992,13.740665,16.152275,13.532,16.423
PKG_B,RCP_9,CLN_Time,1138,14.998128295254832,0.4991290120650594,0.03327942008757025,15.002,0.3224999999999998,0.47813849999999963,13.642305,16.325315,13.272,16.56
PKG_C,RCP_1,CLN_Time,1076,14.982907063197025,0.4976078840195733,0.03321170463920602,14.967,0.3390000000000004,0.5026014000000005,13.59625,16.347875000000002,13.299,16.45
PKG_C,RCP_2,CLN_Time,1103,14.986500453309157,0.5120309174161203,0.03416614299057784,14.992,0.3410000000000011,0.5055666000000015,13.67377,16.301470000000002,13.108,16.62
PKG_C,RCP_3,CLN_Time,1071,14.987131652661065,0.4893331361816788,0.03265021936968135,14.989,0.3219999999999992,0.47739719999999874,13.77905,16.328850000000003,13.487,16.899
PKG_C,RCP_4,CLN_Time,1089,15.021739210284666,0.5053130090085483,0.03363878189701127,15.016,0.3439999999999994,0.5100143999999991,13.84044,16.271559999999994,13.536,16.572
PKG_C,RCP_5,CLN_Time,1008,15.002668650793652,0.5274669427551533,0.035158207851724424,15.0075,0.3644999999999996,0.5404076999999994,13.61669,16.312335,13.228,16.604
PKG_C,RCP_6,CLN_Time,1108,14.988034296028879,0.5174313570914421,0.03452296324332117,14.975999999999999,0.34300000000000175,0.5085318000000025,13.738525,16.251944999999996,13.157,16.726
PKG_C,RCP_7,CLN_Time,1043,15.025243528283797,0.5171139924002247,0.03441634682504811,15.028,0.3230000000000004,0.4788798000000006,13.732569999999999,16.34627,13.418,17.069
PKG_C,RCP_8,CLN_Time,1102,14.99443103448276,0.4884083254132643,0.03257264809115261,14.993500000000001,0.34550000000000125,0.5122383000000018,13.900545,16.17693,13.282,16.527
PKG_C,RCP_9,CLN_Time,1128,14.986477836879432,0.49408295256556084,0.03296858394236558,14.982,0.34750000000000014,0.5152035000000001,13.81826,16.272109999999998,13.631,16.502
PKG_D,RCP_1,CLN_Time,1157,15.00149092480553,0.5022999775381942,0.03348333709335665,14.981,0.34699999999999953,0.5144621999999993,13.65858,16.300140000000003,13.505,16.825
PKG_D,RCP_2,CLN_Time,1110,15.010658558558557,0.4905270123643108,0.03267858038677652,15.016,0.33250000000000046,0.49296450000000064,13.70318,16.3611,13.468,16.869
PKG_D,RCP_3,CLN_Time,1060,14.990443396226416,0.5065201259218663,0.03378953594190376,14.9955,0.34050000000000047,0.5048253000000007,13.67357,16.264839999999996,13.385,16.519
PKG_D,RCP_4,CLN_Time,1055,14.973687203791469,0.5076890612378977,0.03390541383216195,14.958,0.3409999999999993,0.505566599999999,13.75222,16.29879,13.363,16.684
PKG_D,RCP_5,CLN_Time,1045,14.968074641148327,0.4882912815619547,0.03262218376567995,14.945,0.3330000000000002,0.49370580000000025,13.77354,16.125799999999998,13.429,16.181
PKG_D,RCP_6,CLN_Time,1120,14.978105357142857,0.4970698157790165,0.03318642805126021,14.994499999999999,0.3144999999999989,0.46627769999999835,13.65595,16.195935,13.037,16.431
PKG_D,RCP_7,CLN_Time,1070,15.005870093457945,0.49409953336438067,0.03292708322057189,14.9905,0.3360000000000012,0.49815360000000175,13.779005,16.245925,13.354,16.473
PKG_D,RCP_8,CLN_Time,1042,15.00193953934741,0.48276988708101715,0.032180498115913475,14.997,0.33200000000000074,0.4922232000000011,13.669255,16.21577,13.383,16.408
PKG_D,RCP_9,CLN_Time,1103,15.012862194016321,0.5209274423852406,0.034698742694971696,15.012,0.3390000000000004,0.5026014000000005,13.64523,16.40425,13.51,16.766
PKG_E,RCP_1,CLN_Time,1119,14.996487042001787,0.5082087044363327,0.03388851689151962,14.996,0.34199999999999875,0.5070491999999981,13.73497,16.25346,13.236,16.574
PKG_E,RCP_2,CLN_Time,1124,15.01731049822064,0.5019796133093476,0.03342673199497512,15.006,0.32399999999999984,0.48036239999999975,13.74315,16.312395,13.574,16.566
PKG_E,RCP_3,CLN_Time,1053,15.001136752136752,0.5228815418011633,0.03485612793488363,15.005,0.3689999999999998,0.5470793999999997,13.54306,16.24292,13.334,16.672
PKG_E,RCP_4,CLN_Time,1074,14.994780260707635,0.5037426136645118,0.03359453122394333,14.993500000000001,0.3465000000000007,0.513720900000001,13.707205,16.31253,13.204,16.78
PKG_E,RCP_5,CLN_Time,1027,15.008208373904576,0.5108644371134062,0.03403900215042779,15.008,0.3240000000000016,0.48036240000000235,13.59686,16.300089999999997,13.195,16.637
PKG_E,RCP_6,CLN_Time,1066,15.009860225140713,0.5023614845863652,0.03346876500188434,15.003499999999999,0.34149999999999814,0.5063078999999973,13.754075,16.272974999999995,13.517,16.549
PKG_E,RCP_7,CLN_Time,1176,14.99913775510204,0.49387118113995393,0.03292663813104596,14.994,0.3330000000000002,0.49370580000000025,13.765375,16.372125,13.561,16.938
PKG_E,RCP_8,CLN_Time,1101,14.991349682107174,0.4884336080056782,0.03258102961794326,14.973,0.32500000000000107,0.4818450000000016,13.729,16.3135,13.176,16.707
PKG_E,RCP_9,CLN_Time,1076,15.018125464684015,0.5077536814127063,0.033809391365568105,15.002500000000001,0.33699999999999974,0.4996361999999996,13.803125,16.317,13.05,16.919
PKG_F,RCP_1,CLN_Time,1114,14.999818671454218,0.4945912570646696,0.03297314906918935,15.006,0.3360000000000003,0.4981536000000004,13.80617,16.207829999999998,13.511,16.792
PKG_F,RCP_2,CLN_Time,1137,15.010596306068601,0.4773719130843753,0.031802328391936016,15.006,0.31700000000000017,0.46998420000000024,13.673919999999999,16.21096,13.106,16.607
PKG_F,RCP_3,CLN_Time,1112,15.004567446043167,0.4760164140132492,0.0317247675232903,15.007,0.32200000000000006,0.4773972000000001,13.86511,16.333005,13.379,16.411
PKG_F,RCP_4,CLN_Time,1106,15.00354068716094,0.5014445672246993,0.033421748751199985,15.001000000000001,0.3614999999999986,0.5359598999999979,13.7855,16.198424999999997,13.678,16.575
PKG_F,RCP_5,CLN_Time,1044,14.998731800766283,0.5065760526591468,0.03377459237142076,14.9785,0.33950000000000014,0.5033427000000001,13.716385,16.265925,13.349,16.779
PKG_F,RCP_6,CLN_Time,1061,14.973938737040529,0.4977699921763401,0.03324242211202743,14.997,0.33800000000000097,0.5011188000000014,13.5939,16.3013,13.32,16.586
PKG_F,RCP_7,CLN_Time,1107,14.991467028003614,0.5066132643249518,0.033793441521007474,14.969,0.3490000000000002,0.5174274000000003,13.71024,16.22116,12.776,16.511
PKG_F,RCP_8,CLN_Time,1126,14.991926287744228,0.503911437441041,0.03361218750474943,14.9915,0.34799999999999986,0.5159447999999998,13.769625,16.255875,13.566,16.644
PKG_F,RCP_9,CLN_Time,1117,14.99746642793196,0.48051732873829306,0.03203990027564628,15.01,0.33199999999999896,0.4922231999999984,13.74956,16.1443,13.265,16.534
PKG_A,RCP_1,Coating_Flow,1082,50.00640295748614,0.4895876007301,0.009790498251720523,50.035,0.33900000000000574,0.5026014000000085,48.76529,51.1567,48.346,51.481
PKG_A,RCP_2,Coating_Flow,1068,49.99638014981273,0.4833024589060226,0.009666749021785588,50.001000000000005,0.3325000000000031,0.49296450000000464,48.6804,51.19231,48.296,51.659
PKG_A,RCP_3,Coating_Flow,1103,50.0062447869447,0.4750659615176317,0.009500132704258944,50.007,0.3240000000000052,0.4803624000000076,48.81151,51.17333,48.611,51.409
PKG_A,RCP_4,Coating_Flow,1068,50.01040355805243,0.49971655796096637,0.009992252059731768,50.0095,0.33300000000000196,0.49370580000000286,48.77167,51.191645,48.561,51.317
PKG_A,RCP_5,Coating_Flow,1118,50.007567978533096,0.5097804347115628,0.010194065724819847,50.006,0.34299999999999997,0.5085318,48.748965,51.406905,48.637,51.48
PKG_A,RCP_6,Coating_Flow,1099,49.99403002729754,0.5073984738857106,0.010149181284418617,49.991,0.3470000000000013,0.5144622000000019,48.69445,51.20761,48.235,51.747
PKG_A,RCP_7,Coating_Flow,1107,50.014375790424566,0.5050546509300012,0.010098189629444417,50.01,0.3620000000000019,0.5367012000000028,48.68653,51.21664,48.486,51.533
PKG_A,RCP_8,Coating_Flow,1024,49.9906162109375,0.502190297582714,0.010045691284614317,49.998000000000005,0.3520000000000003,0.5218752000000004,48.71469,51.25717,48.458,51.501
PKG_A,RCP_9,Coating_Flow,1087,50.00654553817847,0.5019821131206343,0.010038328137211285,50.004,0.3360000000000056,0.4981536000000083,48.71248,51.24713,48.117,51.347
PKG_B,RCP_1,Coating_Flow,1137,49.98569920844327,0.48942862915479834,0.00979137307080276,49.995,0.3290000000000006,0.4877754000000009,48.671,51.27092,48.27,51.823
PKG_B,RCP_2,Coating_Flow,1118,49.98652146690519,0.4761524350842919,0.009525616528438379,49.992,0.3244999999999969,0.48110369999999536,48.81721,51.207375,48.558,51.579
PKG_B,RCP_3,Coating_Flow,1083,49.9907728531856,0.5115636734362202,0.010233161926473828,50.014,0.3639999999999972,0.5396663999999959,48.782,51.22498,48.247,51.787
PKG_B,RCP_4,Coating_Flow,1099,49.999737943585075,0.4963033388197551,0.009926118800457242,49.991,0.3369999999999962,0.4996361999999943,48.80325,51.234300000000005,48.629,51.59
PKG_B,RCP_5,Coating_Flow,1083,49.98153739612188,0.47964366513498163,0.009596416799540018,49.984,0.3410000000000011,0.5055666000000015,48.76774,51.14298,48.648,51.44
PKG_B,RCP_6,Coating_Flow,1099,49.97642402183803,0.49776031203628035,0.00995990252961628,49.969,0.3299999999999983,0.4892579999999974,48.65415,51.24595,48.223,51.812
PKG_B,RCP_7,Coating_Flow,1073,50.02504380242311,0.4923764040509297,0.009842598159345938,50.007,0.32800000000000296,0.48629280000000435,48.81936,51.24584,48.631,51.55
PKG_B,RCP_8,Coating_Flow,1074,49.98822346368715,0.49844975365024896,0.009971343630812103,49.994,0.3290000000000006,0.4877754000000009,48.64873,51.134955,48.331,51.41
PKG_B,RCP_9,Coating_Flow,1138,50.00545430579965,0.4997345752171424,0.009993601341187755,50.007000000000005,0.3454999999999977,0.5122382999999966,48.774165,51.378945,48.639,51.671
PKG_C,RCP_1,Coating_Flow,1076,49.974121747211896,0.4861363891797837,0.009727762533553792,49.954499999999996,0.332499999999996,0.4929644999999941,48.64125,51.191125,48.1,51.387
PKG_C,RCP_2,Coating_Flow,1103,50.02504170444243,0.5014258182959034,0.010023496257302963,50.02,0.340999999999994,0.505566599999991,48.77057,51.35194,48.261,51.645
PKG_C,RCP_3,Coating_Flow,1071,50.006303454715216,0.4817802543034031,0.009634390487185169,50.008,0.32800000000000296,0.48629280000000435,48.85375,51.3726,48.643,51.503
PKG_C,RCP_4,Coating_Flow,1089,49.97373645546372,0.4973432813337205,0.009952093171519199,49.982,0.3260000000000005,0.48332760000000075,48.678,51.26616,48.106,51.953
PKG_C,RCP_5,Coating_Flow,1008,50.00345337301587,0.48938649127619743,0.009787053858569946,50.007999999999996,0.3249999999999993,0.4818449999999989,48.82356,51.296544999999995,48.509,51.743
PKG_C,RCP_6,Coating_Flow,1108,50.02556137184116,0.49266233099543505,0.009848211943759401,50.027,0.3495000000000026,0.5181687000000038,48.78477,51.234719999999996,48.542,51.433
PKG_C,RCP_7,Coating_Flow,1043,49.985229146692234,0.48648121582761056,0.009732499462989926,49.994,0.32399999999999807,0.4803623999999971,48.725770000000004,51.204049999999995,48.038,51.704
PKG_C,RCP_8,Coating_Flow,1102,49.97332395644283,0.49946927086750853,0.009994717807901874,49.9695,0.332499999999996,0.4929644999999941,48.656555000000004,51.33283,48.439,51.569
PKG_C,RCP_9,Coating_Flow,1128,49.992501773049646,0.49218743048017116,0.009845225044238603,49.989,0.3160000000000025,0.4685016000000037,48.687180000000005,51.272185,48.466,51.69
PKG_D,RCP_1,Coating_Flow,1157,50.006828003457215,0.4917033549303178,0.009832724341090459,50.012,0.3290000000000006,0.4877754000000009,48.753080000000004,51.14808,48.234,51.609
PKG_D,RCP_2,Coating_Flow,1110,50.020292792792795,0.49247637051089155,0.009845531543586852,50.014,0.3365000000000009,0.4988949000000013,48.847995,51.175755,48.661,51.59
PKG_D,RCP_3,Coating_Flow,1060,49.97042264150944,0.4949338112161961,0.009904535224104036,49.9735,0.33449999999999847,0.4959296999999977,48.67362,51.19892,48.283,51.539
PKG_D,RCP_4,Coating_Flow,1055,49.99111374407583,0.4709160783987039,0.009419995737832698,50.005,0.31700000000000017,0.46998420000000024,48.750429999999994,51.19113,48.187,51.679
PKG_D,RCP_5,Coating_Flow,1045,50.00125550239234,0.5061754829324477,0.010123255463219908,50.028,0.34900000000000375,0.5174274000000055,48.80508,51.26514,48.283,51.423
PKG_D,RCP_6,Coating_Flow,1120,50.00451607142857,0.5095574923302724,0.010190229450524006,50.0175,0.35950000000000415,0.5329947000000061,48.832634999999996,51.33787,48.349,51.818
PKG_D,RCP_7,Coating_Flow,1070,49.98906168224299,0.49219991444548417,0.009846152295759582,49.987,0.3190000000000026,0.47294940000000385,48.7279,51.369305,48.447,51.582
PKG_D,RCP_8,Coating_Flow,1042,49.987153550863724,0.5012645444737313,0.010027867339229,50.0025,0.3315000000000019,0.4914819000000028,48.63679,51.212030000000006,48.121,51.773
PKG_D,RCP_9,Coating_Flow,1103,50.008019038984585,0.49962619112007917,0.009990921470626286,49.985,0.3339999999999961,0.49518839999999414,48.68323,51.34637,48.518,51.976
PKG_E,RCP_1,Coating_Flow,1119,49.99342627345845,0.498938074162855,0.009980073608752471,50.016,0.34499999999999886,0.5114969999999983,48.76915,51.39674,48.263,51.549
PKG_E,RCP_2,Coating_Flow,1124,50.01674911032028,0.5048524618500673,0.010093668037811313,50.02,0.3374999999999986,0.5003774999999978,48.70603,51.23777,48.293,51.417
PKG_E,RCP_3,Coating_Flow,1053,50.02805413105413,0.511376434080808,0.010221793410976966,50.031,0.3340000000000032,0.4951884000000047,48.72286,51.40006,48.325,51.933
PKG_E,RCP_4,Coating_Flow,1074,49.98912011173184,0.49654312692095326,0.009933023942232194,49.974,0.34149999999999636,0.5063078999999946,48.731665,51.28727,48.434,51.395
PKG_E,RCP_5,Coating_Flow,1027,49.97522492697176,0.5167775178592676,0.010340674176342955,49.992,0.32499999999999574,0.48184499999999364,48.67006,51.262609999999995,48.015,51.659
PKG_E,RCP_6,Coating_Flow,1066,50.01253470919325,0.49162050253467926,0.009829945740468742,50.006,0.3240000000000016,0.48036240000000235,48.843625,51.2498,48.705,51.679
PKG_E,RCP_7,Coating_Flow,1176,49.99781717687075,0.5018516468872307,0.010037471138227809,50.006,0.3370000000000033,0.49963620000000486,48.670125,51.165,48.043,51.568
PKG_E,RCP_8,Coating_Flow,1101,49.99488828337875,0.4760375933004896,0.009521725313240725,49.988,0.31700000000000017,0.46998420000000024,48.791,51.3435,48.507,51.453
PKG_E,RCP_9,Coating_Flow,1076,49.98533364312267,0.4899157034487601,0.009801189023696076,49.9875,0.3339999999999961,0.49518839999999414,48.754374999999996,51.223625,48.355,51.528
PKG_F,RCP_1,Coating_Flow,1114,50.00022082585278,0.49838609222608177,0.00996767782210253,49.968,0.3329999999999984,0.4937057999999976,48.80699,51.29083,48.392,51.611
PKG_F,RCP_2,Coating_Flow,1137,49.98878012313105,0.5141630275166873,0.01028556860659961,49.988,0.3359999999999985,0.49815359999999775,48.73476,51.291039999999995,48.574,52.04
PKG_F,RCP_3,Coating_Flow,1112,49.99603237410072,0.49132432660155384,0.009827266350360893,49.981,0.3180000000000014,0.471466800000002,48.835660000000004,51.229785,48.596,51.57
PKG_F,RCP_4,Coating_Flow,1106,49.99791410488246,0.5050995214331558,0.010102411880095438,50.0,0.339500000000001,0.5033427000000015,48.652525,51.351225,48.351,51.965
PKG_F,RCP_5,Coating_Flow,1044,49.96346455938697,0.49847009244971197,0.009976691905686933,49.98,0.34599999999999653,0.5129795999999949,48.721644999999995,51.25688500000001,48.299,51.446
PKG_F,RCP_6,Coating_Flow,1061,50.01782563619227,0.5065475994533745,0.01012734146297721,50.024,0.357999999999997,0.5307707999999955,48.7517,51.2211,48.283,51.537
PKG_F,RCP_7,Coating_Flow,1107,50.01434688346883,0.49512640247459994,0.009899687456245747,50.012,0.3329999999999984,0.4937057999999976,48.73707,51.28767,48.189,51.441
PKG_F,RCP_8,Coating_Flow,1126,50.016305506216696,0.5180422967766772,0.010357468260271403,50.027,0.35199999999999676,0.5218751999999952,48.674875,51.32925,48.378,51.493
PKG_F,RCP_9,Coating_Flow,1117,49.98795344673232,0.49551968988510225,0.009912782094852777,49.986,0.347999999999999,0.5159447999999984,48.6676,51.26576000000001,48.51,51.719
PKG_A,RCP_1,Laser_Head_Remain_Time,1082,3066.749537892791,1167.3182146169368,0.38063695785832524,3124.5,1009.5,1496.6847,1037.0,4982.0,1004.0,4999.0
PKG_A,RCP_2,Laser_Head_Remain_Time,1068,2991.9784644194756,1135.114921994122,0.37938606025841326,2961.0,975.5,1446.2763,1038.34,4979.0,1008.0,4999.0
PKG_A,RCP_3,Laser_Head_Remain_Time,1103,2950.783318223028,1159.5768234357033,0.39297254267182335,2977.0,1030.0,1527.078,1014.08,4985.47,1003.0,4999.0
PKG_A,RCP_4,Laser_Head_Remain_Time,1068,3039.2387640449438,1174.4972747011307,0.3864445559841387,3090.0,1036.5,1536.7149,1017.335,4964.995,1000.0,4990.0
PKG_A,RCP_5,Laser_Head_Remain_Time,1118,3009.795169946333,1134.3860158823677,0.3768980783840499,3061.0,970.5,1438.8633,1011.585,4957.0,1000.0,4985.0
PKG_A,RCP_6,Laser_Head_Remain_Time,1099,3008.6251137397635,1158.5142884747067,0.38506435487226826,3030.0,1009.0,1495.9433999999999,1025.43,4929.51,1001.0,4995.0
PKG_A,RCP_7,Laser_Head_Remain_Time,1107,2949.850948509485,1156.130155768114,0.3919283299219878,2958.0,1001.0,1484.0826,1026.65,4965.88,1004.0,4998.0
PKG_A,RCP_8,Laser_Head_Remain_Time,1024,2950.2685546875,1159.2628042902993,0.39293467113304587,2896.5,985.5,1461.1023,1018.115,4966.965,1010.0,4994.0
PKG_A,RCP_9,Laser_Head_Remain_Time,1087,3010.336706531739,1160.1818302136242,0.3853993567218897,3005.0,982.0,1455.9132,1025.01,4977.57,1000.0,4999.0
PKG_B,RCP_1,Laser_Head_Remain_Time,1137,2982.839929639402,1159.5473986765096,0.3887393980328969,2968.0,994.0,1473.7043999999999,1018.08,4971.28,1002.0,4996.0
PKG_B,RCP_2,Laser_Head_Remain_Time,1118,3004.279069767442,1128.0813140665584,0.3754915198852955,2987.0,958.5,1421.0720999999999,1020.265,4967.415,1003.0,4996.0
PKG_B,RCP_3,Laser_Head_Remain_Time,1083,3019.4293628808864,1171.7375194781982,0.3880658822103474,3037.0,1039.0,1540.4214,1022.46,4986.0,1006.0,4995.0
PKG_B,RCP_4,Laser_Head_Remain_Time,1099,3010.704276615105,1170.8912532160414,0.3889094197363213,2943.0,1035.0,1534.491,1010.47,4975.51,1001.0,4995.0
PKG_B,RCP_5,Laser_Head_Remain_Time,1083,3006.926131117267,1162.2660900324295,0.38652964501012627,3005.0,997.0,1478.1522,1037.82,4993.0,1002.0,4999.0
PKG_B,RCP_6,Laser_Head_Remain_Time,1099,3046.562329390355,1157.9517579163648,0.38008470949224976,3041.0,1026.0,1521.1476,1029.0,4979.12,1015.0,4999.0
PKG_B,RCP_7,Laser_Head_Remain_Time,1073,3029.690587138863,1164.1750190885818,0.38425541671830893,3066.0,1011.0,1498.9086,1013.88,4974.92,1000.0,4999.0
PKG_B,RCP_8,Laser_Head_Remain_Time,1074,3041.1387337057727,1155.697983395528,0.3800214605754782,3090.5,1018.5,1510.0281,1035.825,4964.635,1014.0,4998.0
PKG_B,RCP_9,Laser_Head_Remain_Time,1138,3022.330404217926,1168.0516735988272,0.3864738520873525,3031.5,1030.0,1527.078,1028.74,4983.3150000000005,1012.0,4998.0
PKG_C,RCP_1,Laser_Head_Remain_Time,1076,3007.010223048327,1189.4413896574636,0.3955561509370856,3048.0,1050.0,1556.73,1032.375,4987.0,1002.0,4996.0
PKG_C,RCP_2,Laser_Head_Remain_Time,1103,2998.1758839528557,1149.93386769468,0.3835444991234417,2931.0,959.0,1421.8134,1037.61,4986.0,1006.0,4998.0
PKG_C,RCP_3,Laser_Head_Remain_Time,1071,2975.7292250233427,1156.400413899353,0.3886107661191121,3022.0,1009.0,1495.9433999999999,1023.0,4952.950000000001,1002.0,4998.0
PKG_C,RCP_4,Laser_Head_Remain_Time,1089,3012.3351698806246,1143.9982640646344,0.37977124043270716,3005.0,992.0,1470.7392,1019.44,4971.0,1009.0,4994.0
PKG_C,RCP_5,Laser_Head_Remain_Time,1008,3019.0625,1131.707162367115,0.3748538370328918,3091.0,941.0,1395.1265999999998,1030.14,4972.79,1000.0,4991.0
PKG_C,RCP_6,Laser_Head_Remain_Time,1108,2988.9250902527074,1152.0365615679216,0.38543507340644634,2944.5,990.0,1467.774,1035.955,4979.719999999999,1000.0,4997.0
PKG_C,RCP_7,Laser_Head_Remain_Time,1043,3058.907957813998,1132.6573984692168,0.37028162144461946,3055.0,975.0,1445.5349999999999,1036.47,4984.37,1011.0,4999.0
PKG_C,RCP_8,Laser_Head_Remain_Time,1102,3003.356624319419,1136.9162183728104,0.3785485243965802,3001.0,959.0,1421.8134,1034.505,4965.454999999999,1001.0,4995.0
PKG_C,RCP_9,Laser_Head_Remain_Time,1128,3025.7455673758864,1159.405554009084,0.3831801214583261,3068.0,991.0,1469.2566,1020.0,4988.365,1004.0,4999.0
PKG_D,RCP_1,Laser_Head_Remain_Time,1157,2964.2705272255835,1152.1348577249664,0.3886739915075531,3015.0,1009.0,1495.9433999999999,1015.56,4977.4400000000005,1003.0,4996.0
PKG_D,RCP_2,Laser_Head_Remain_Time,1110,2976.7018018018016,1156.1239127445776,0.38839090702494095,2962.0,994.5,1474.4457,1016.18,4979.455,1000.0,4999.0
PKG_D,RCP_3,Laser_Head_Remain_Time,1060,2920.016037735849,1145.6630223752181,0.39234819520496667,2926.0,995.5,1475.9282999999998,1009.59,4959.82,1000.0,4990.0
PKG_D,RCP_4,Laser_Head_Remain_Time,1055,2960.7137440758293,1149.3622922693346,0.3882044640651681,2980.0,974.0,1444.0523999999998,1020.89,4976.0,1005.0,4998.0
PKG_D,RCP_5,Laser_Head_Remain_Time,1045,2983.511004784689,1158.9194304552943,0.3884414800537765,2938.0,1030.0,1527.078,1016.44,4963.0,1002.0,4999.0
PKG_D,RCP_6,Laser_Head_Remain_Time,1120,3001.3366071428572,1140.802568604838,0.3800981755561342,3043.5,989.0,1466.2913999999998,1030.785,4972.405,1006.0,4999.0
PKG_D,RCP_7,Laser_Head_Remain_Time,1070,2984.1897196261684,1182.8953516649583,0.396387449459192,2981.0,1036.5,1536.7149,1028.07,4962.099999999999,1002.0,4991.0
PKG_D,RCP_8,Laser_Head_Remain_Time,1042,3007.9174664107486,1153.2411332142478,0.383401853971204,3045.5,1003.0,1487.0477999999998,1009.82,4971.975,1001.0,4990.0
PKG_D,RCP_9,Laser_Head_Remain_Time,1103,2921.8277425203987,1192.7990770356184,0.40823730286259025,2851.0,1054.0,1562.6604,1008.55,4985.47,1000.0,4997.0
PKG_E,RCP_1,Laser_Head_Remain_Time,1119,3043.337801608579,1156.345289961555,0.3799595593201517,3039.0,983.0,1457.3958,1033.31,4976.41,1006.0,4987.0
PKG_E,RCP_2,Laser_Head_Remain_Time,1124,3015.0106761565835,1140.9408429054035,0.3784201667769316,3036.5,969.5,1437.3807,1018.615,4981.77,1007.0,4999.0
PKG_E,RCP_3,Laser_Head_Remain_Time,1053,3001.051282051282,1164.9642764602222,0.3881853947073988,2996.0,992.0,1470.7392,1033.52,4979.7,1007.0,4997.0
PKG_E,RCP_4,Laser_Head_Remain_Time,1074,2994.554934823091,1153.613740759611,0.38523712734218474,3002.5,977.5,1449.2414999999999,1026.0,4968.54,1007.0,4994.0
PKG_E,RCP_5,Laser_Head_Remain_Time,1027,2977.3807205452777,1154.2261038333183,0.387664935111803,2937.0,995.0,1475.187,1023.39,4980.0,1000.0,4996.0
PKG_E,RCP_6,Laser_Head_Remain_Time,1066,3051.910881801126,1181.0479386396821,0.386986378167986,3020.5,1044.5,1548.5756999999999,1027.275,4978.775,1000.0,4995.0
PKG_E,RCP_7,Laser_Head_Remain_Time,1176,2962.2295918367345,1141.664088917392,0.3854070231637588,2947.5,996.0,1476.6696,1025.875,4987.25,1012.0,4997.0
PKG_E,RCP_8,Laser_Head_Remain_Time,1101,2972.5649409627613,1141.834431799319,0.3841243015634501,2984.0,973.0,1442.5698,1020.5,4983.5,1002.0,4996.0
PKG_E,RCP_9,Laser_Head_Remain_Time,1076,2971.9488847583643,1167.0200612805743,0.39267837588514226,2957.0,1045.0,1549.317,1020.625,4976.0,1002.0,4998.0
PKG_F,RCP_1,Laser_Head_Remain_Time,1114,2986.0502692998207,1176.6373398953685,0.39404471920403084,3050.5,1031.5,1529.3019,1031.26,4985.87,1002.0,4997.0
PKG_F,RCP_2,Laser_Head_Remain_Time,1137,3018.250659630607,1141.4667082719989,0.37818817487202966,3002.0,949.0,1406.9874,1038.72,4973.0,1000.0,4996.0
PKG_F,RCP_3,Laser_Head_Remain_Time,1112,3042.9109712230215,1139.149866264012,0.37436187816108185,3057.0,958.0,1420.3308,1040.105,4979.0,1013.0,4997.0
PKG_F,RCP_4,Laser_Head_Remain_Time,1106,3007.6735985533455,1162.179908023947,0.3864049305692418,3009.5,1008.5,1495.2021,1034.05,4962.699999999999,1006.0,4991.0
PKG_F,RCP_5,Laser_Head_Remain_Time,1044,3021.4386973180076,1141.652039698388,0.377850472594986,3035.5,979.0,1451.4653999999998,1021.645,4963.14,1000.0,4996.0
PKG_F,RCP_6,Laser_Head_Remain_Time,1061,2974.8680490103675,1146.0441484164912,0.3852420105818607,2951.0,1013.0,1501.8737999999998,1024.6,4969.3,1002.0,4999.0
PKG_F,RCP_7,Laser_Head_Remain_Time,1107,2990.2700993676604,1180.694935220149,0.3948455811633289,3048.0,1055.0,1564.1429999999998,1014.53,4962.47,1000.0,4999.0
PKG_F,RCP_8,Laser_Head_Remain_Time,1126,3019.7460035523977,1171.3070516334465,0.3878826398828024,3045.0,1032.5,1530.7845,1019.875,4976.625,1003.0,4996.0
PKG_F,RCP_9,Laser_Head_Remain_Time,1117,2994.9319606087734,1176.733452835606,0.392908242428457,3014.0,1031.0,1528.5606,1013.22,4976.84,1000.0,4995.0
PKG_A,RCP_1,Vibration,1082,0.15532236598890942,0.02587192068746234,0.16656918997299905,0.1526,0.016199999999999992,0.024018119999999987,0.102505,0.2385610000000001,0.0854,0.2533
PKG_A,RCP_2,Vibration,1068,0.15717209737827717,0.025771924606825536,0.16397264550589044,0.15395,0.016449999999999992,0.024388769999999987,0.102002,0.23499899999999999,0.0949,0.2521
PKG_A,RCP_3,Vibration,1103,0.15693608340888487,0.02572111076356087,0.1638954547919136,0.1547,0.014800000000000008,0.02194248000000001,0.102875,0.24404600000000004,0.079,0.2773
PKG_A,RCP_4,Vibration,1068,0.1559681647940075,0.02552918864589164,0.16368204806159586,0.1531,0.015950000000000006,0.023647470000000007,0.102802,0.23249899999999998,0.0895,0.247
PKG_A,RCP_5,Vibration,1118,0.15648872987477638,0.025996414565749748,0.1661232383095722,0.1543,0.015499999999999986,0.022980299999999978,0.094976,0.23404899999999998,0.0646,0.25
PKG_A,RCP_6,Vibration,1099,0.1559970882620564,0.024949932938326577,0.15993845280248872,0.154,0.014500000000000013,0.02149770000000002,0.101537,0.230812,0.0825,0.2388
PKG_A,RCP_7,Vibration,1107,0.1549342366757001,0.025507077563173244,0.1646316405622036,0.1521,0.015500000000000014,0.02298030000000002,0.09485,0.240629,0.0844,0.2679
PKG_A,RCP_8,Vibration,1024,0.15682841796875,0.025639472010222073,0.163487410906173,0.1555,0.015999999999999986,0.023721599999999978,0.096253,0.23064699999999996,0.0856,0.2542
PKG_A,RCP_9,Vibration,1087,0.1551966881324747,0.024968615070945117,0.1608836848994619,0.1534,0.01570000000000002,0.023276820000000028,0.101386,0.2413239999999998,0.0885,0.2505
PKG_B,RCP_1,Vibration,1137,0.15576051011433598,0.02467409181984052,0.15841044563688517,0.1539,0.014300000000000007,0.02120118000000001,0.10273199999999999,0.23806399999999997,0.0914,0.2531
PKG_B,RCP_2,Vibration,1118,0.15500831842576027,0.025392188449075037,0.1638117793093561,0.15325,0.015949999999999992,0.023647469999999986,0.09789250000000001,0.23281099999999988,0.0864,0.2576
PKG_B,RCP_3,Vibration,1083,0.15633850415512465,0.024918314690253924,0.15938693302021797,0.1546,0.015100000000000002,0.022387260000000003,0.097084,0.23672899999999975,0.0863,0.2551
PKG_B,RCP_4,Vibration,1099,0.1574725204731574,0.026521972025242223,0.1684228584489008,0.1546,0.016000000000000014,0.02372160000000002,0.098292,0.245306,0.0858,0.2772
PKG_B,RCP_5,Vibration,1083,0.1558910433979686,0.02547560906491236,0.1634193248670265,0.1539,0.016100000000000003,0.023869860000000003,0.09868199999999999,0.23927199999999996,0.0938,0.2549
PKG_B,RCP_6,Vibration,1099,0.1556393084622384,0.02633247805684525,0.16918912270311265,0.1526,0.016100000000000003,0.023869860000000003,0.098898,0.237653,0.0902,0.2763
PKG_B,RCP_7,Vibration,1073,0.15649925442684062,0.025376144180577438,0.16214865862150246,0.1547,0.015899999999999997,0.023573339999999995,0.10344400000000001,0.24108000000000018,0.0946,0.2838
PKG_B,RCP_8,Vibration,1074,0.1576193668528864,0.02584007156312063,0.16393969902974162,0.15535,0.016349999999999976,0.02424050999999996,0.09970949999999999,0.2366635,0.0911,0.2484
PKG_B,RCP_9,Vibration,1138,0.157104920913884,0.026426885786751342,0.16821169975469488,0.15445,0.01575,0.02335095,0.096522,0.24265600000000012,0.0823,0.2736
PKG_C,RCP_1,Vibration,1076,0.15540148698884756,0.02578567220008164,0.1659293787963056,0.15355000000000002,0.015899999999999984,0.023573339999999974,0.0994125,0.2310125,0.0744,0.2522
PKG_C,RCP_2,Vibration,1103,0.156724569356301,0.02615105957069607,0.16685998677873978,0.1549,0.01580000000000001,0.02342508000000001,0.098351,0.24118200000000004,0.0934,0.2829
PKG_C,RCP_3,Vibration,1071,0.15618664799253035,0.02538527903432895,0.1625316847541475,0.1542,0.016499999999999987,0.02446289999999998,0.10041,0.2349800000000001,0.082,0.2624
PKG_C,RCP_4,Vibration,1089,0.1563828282828283,0.025260804853495963,0.16153183268824242,0.1536,0.01579999999999998,0.02342507999999997,0.097164,0.23688399999999993,0.0908,0.2562
PKG_C,RCP_5,Vibration,1008,0.15651994047619047,0.025043231918860556,0.16000026477565704,0.15425,0.015899999999999997,0.023573339999999995,0.1021455,0.2335670000000001,0.069,0.2638
PKG_C,RCP_6,Vibration,1108,0.1573101083032491,0.027536726675068336,0.17504740777360198,0.15445,0.015949999999999992,0.023647469999999986,0.099449,0.25023949999999995,0.0824,0.2735
PKG_C,RCP_7,Vibration,1043,0.1567079578139981,0.025351652415226907,0.16177642009295806,0.1537,0.015399999999999997,0.022832039999999994,0.102684,0.24122699999999994,0.0759,0.2653
PKG_C,RCP_8,Vibration,1102,0.15685762250453722,0.024107810963961036,0.15369231395346247,0.155,0.01525,0.02260965,0.105007,0.22974849999999997,0.0944,0.2535
PKG_C,RCP_9,Vibration,1128,0.15661781914893616,0.025378962912321203,0.16204390439243063,0.15435,0.015899999999999984,0.023573339999999974,0.10036350000000001,0.241438,0.0848,0.2655
PKG_D,RCP_1,Vibration,1157,0.15669680207433018,0.02724730230397147,0.17388550336238853,0.154,0.017199999999999993,0.025500719999999987,0.09899,0.248232,0.0943,0.2847
PKG_D,RCP_2,Vibration,1110,0.1557366666666667,0.025910330523420247,0.1663727051438555,0.15355,0.01605000000000001,0.02379573000000001,0.099509,0.24322749999999996,0.086,0.2556
PKG_D,RCP_3,Vibration,1060,0.15689188679245283,0.02654115393046679,0.1691684284833493,0.15435,0.015849999999999975,0.02349920999999996,0.098336,0.2418705,0.0909,0.2708
PKG_D,RCP_4,Vibration,1055,0.15623734597156397,0.02565637894219937,0.1642141242393414,0.1533,0.015600000000000003,0.023128560000000003,0.09810100000000001,0.23871400000000004,0.0896,0.2641
PKG_D,RCP_5,Vibration,1045,0.15522,0.024474602756257943,0.15767686352440372,0.1548,0.016100000000000003,0.023869860000000003,0.1001,0.22691799999999993,0.0971,0.2365
PKG_D,RCP_6,Vibration,1120,0.15682455357142855,0.02567921715558459,0.16374487649275235,0.154,0.015999999999999986,0.023721599999999978,0.09648999999999999,0.23972249999999987,0.0864,0.2485
PKG_D,RCP_7,Vibration,1070,0.15536514018691588,0.024766116252775635,0.1594058758803947,0.1533,0.015899999999999997,0.023573339999999995,0.100545,0.23100999999999994,0.0861,0.25
PKG_D,RCP_8,Vibration,1042,0.15656276391554702,0.025634227824482388,0.16373131888697356,0.15445,0.016249999999999987,0.02409224999999998,0.1032205,0.23647750000000034,0.0947,0.2593
PKG_D,RCP_9,Vibration,1103,0.15835294650951948,0.02639660388848523,0.16669474405326828,0.157,0.015399999999999997,0.022832039999999994,0.098722,0.2389,0.0838,0.2596
PKG_E,RCP_1,Vibration,1119,0.15636201966041108,0.02480959758303573,0.1586676715798217,0.1544,0.015500000000000014,0.02298030000000002,0.101508,0.23280500000000004,0.0872,0.2433
PKG_E,RCP_2,Vibration,1124,0.15653176156583629,0.026427067536637837,0.16882878766762474,0.15439999999999998,0.01615000000000001,0.023943990000000016,0.0978305,0.23753849999999999,0.0933,0.2781
PKG_E,RCP_3,Vibration,1053,0.15690987654320987,0.02593973194224826,0.16531611976066382,0.1537,0.015399999999999997,0.022832039999999994,0.103452,0.23683600000000002,0.0867,0.2926
PKG_E,RCP_4,Vibration,1074,0.15624627560521417,0.025853523343006113,0.1654664934755305,0.154,0.015300000000000008,0.02268378000000001,0.0994095,0.234562,0.0796,0.2635
PKG_E,RCP_5,Vibration,1027,0.15681567672833496,0.026854893405292537,0.171251331279943,0.1551,0.017199999999999993,0.025500719999999987,0.102413,0.247119,0.0987,0.2817
PKG_E,RCP_6,Vibration,1066,0.15505750469043153,0.024920401072938792,0.16071715537207795,0.1527,0.014649999999999996,0.021720089999999994,0.098695,0.23762749999999985,0.0831,0.2548
PKG_E,RCP_7,Vibration,1176,0.15621326530612245,0.026823002403244228,0.1717075841842284,0.15445,0.016350000000000003,0.024240510000000003,0.0975125,0.238475,0.0771,0.2613
PKG_E,RCP_8,Vibration,1101,0.15587620345140782,0.02649940885327663,0.17000291427765907,0.1534,0.01629999999999998,0.02416637999999997,0.1022,0.23995,0.095,0.2652
PKG_E,RCP_9,Vibration,1076,0.15618875464684015,0.026123098465235643,0.16725338853173408,0.1537,0.015450000000000005,0.022906170000000007,0.1008375,0.24185,0.089,0.2543
PKG_F,RCP_1,Vibration,1114,0.1570487432675045,0.02571030927296613,0.16370910545379663,0.15415,0.01580000000000001,0.02342508000000001,0.1044565,0.2355829999999999,0.0967,0.2407
PKG_F,RCP_2,Vibration,1137,0.15638680738786281,0.025310632162189532,0.16184633847927693,0.1543,0.015200000000000019,0.022535520000000028,0.099108,0.23696399999999998,0.0946,0.2742
PKG_F,RCP_3,Vibration,1112,0.15752131294964028,0.026156727735620285,0.1660519916056224,0.1553,0.016100000000000003,0.023869860000000003,0.1001985,0.23817899999999986,0.0891,0.2704
PKG_F,RCP_4,Vibration,1106,0.15682188065099456,0.02605619458900227,0.16615152477982364,0.15335,0.016850000000000004,0.024981810000000004,0.10491,0.23344249999999997,0.0834,0.261
PKG_F,RCP_5,Vibration,1044,0.1560551724137931,0.02626324186973339,0.16829459391512028,0.1543,0.01605000000000001,0.02379573000000001,0.0964795,0.23887850000000002,0.0866,0.2558
PKG_F,RCP_6,Vibration,1061,0.15742422243166823,0.02641725935757856,0.16780936852996223,0.1544,0.01479999999999998,0.02194247999999997,0.10031999999999999,0.2518800000000001,0.0782,0.2764
PKG_F,RCP_7,Vibration,1107,0.15604417344173444,0.02482002505413307,0.15905768544059515,0.1533,0.015200000000000019,0.022535520000000028,0.103906,0.24427000000000001,0.0949,0.2557
PKG_F,RCP_8,Vibration,1126,0.15742495559502664,0.025744479947666522,0.16353493542595504,0.1548,0.01634999999999999,0.024240509999999982,0.1027875,0.23935,0.0957,0.267
PKG_F,RCP_9,Vibration,1117,0.15625147717099375,0.026764258419205062,0.1712896345288026,0.1528,0.017199999999999993,0.025500719999999987,0.103348,0.24049800000000013,0.0697,0.2594
PKG_A,RCP_1,Kerf_Width_Profile,1082,50.1323050831793,0.22374837600543962,0.0044631575514869565,50.09565,0.0890500000000003,0.13202553000000042,49.7862625,51.435046,49.728,51.6157
PKG_A,RCP_2,Kerf_Width_Profile,1068,50.158935205992506,0.2442798829516239,0.004870116998066572,50.10025,0.08329999999999771,0.1235005799999966,49.804764999999996,51.1448465,49.7118,51.4204
PKG_A,RCP_3,Kerf_Width_Profile,1103,50.15265829555757,0.2467735528941085,0.004920448113434642,50.1024,0.09159999999999968,0.1358061599999995,49.786907,51.436501,49.7022,51.5914
PKG_A,RCP_4,Kerf_Width_Profile,1068,50.14511039325843,0.2400624889646564,0.004787355877412341,50.0992,0.08924999999999628,0.13232204999999447,49.794936,51.36560249999999,49.7376,51.6985
PKG_A,RCP_5,Kerf_Width_Profile,1118,50.15695152057245,0.2406431067154886,0.004797801688900213,50.1103,0.08450000000000202,0.125279700000003,49.808479500000004,51.439334499999994,49.7128,51.7873
PKG_A,RCP_6,Kerf_Width_Profile,1099,50.147181801637856,0.23563299412409056,0.004698828242355875,50.099,0.09140000000000015,0.1355096400000002,49.814222,51.123186000000004,49.7507,51.6299
PKG_A,RCP_7,Kerf_Width_Profile,1107,50.14604191508582,0.23942473233757303,0.004774548961271957,50.0968,0.08619999999999806,0.1278001199999971,49.819854,51.47739,49.7434,51.7359
PKG_A,RCP_8,Kerf_Width_Profile,1024,50.14222353515625,0.2224465534736384,0.004436312109646959,50.103750000000005,0.08570000000000633,0.12705882000000937,49.7899565,51.0205055,49.7199,51.6313
PKG_A,RCP_9,Kerf_Width_Profile,1087,50.14549080036799,0.24416267810117034,0.0048690854193290415,50.0967,0.08440000000000225,0.12513144000000334,49.791509,51.45508,49.7264,51.6596
PKG_B,RCP_1,Kerf_Width_Profile,1137,50.148572735268246,0.2452177629076183,0.004889825363567381,50.0979,0.08859999999999957,0.13135835999999934,49.789772,51.34252,49.7754,51.5186
PKG_B,RCP_2,Kerf_Width_Profile,1118,50.144506529516995,0.22913134833912538,0.004569420744109822,50.09585,0.08370000000000033,0.12409362000000049,49.804834,51.0754035,49.7709,51.5957
PKG_B,RCP_3,Kerf_Width_Profile,1083,50.14819113573407,0.22644136913377264,0.0045154444059781335,50.1056,0.09149999999999636,0.13565789999999459,49.822703,51.073722,49.75,51.6926
PKG_B,RCP_4,Kerf_Width_Profile,1099,50.15350900818927,0.24017656938515086,0.004788828820450706,50.1025,0.08619999999999806,0.1278001199999971,49.810184,51.267795,49.7766,51.5911
PKG_B,RCP_5,Kerf_Width_Profile,1083,50.14176204986149,0.22932775121455745,0.004573587800654304,50.0941,0.08279999999999887,0.12275927999999832,49.763362,51.121072999999996,49.7111,51.6283
PKG_B,RCP_6,Kerf_Width_Profile,1099,50.1482516833485,0.23352427695529193,0.004656678331077943,50.0996,0.08080000000000354,0.11979408000000523,49.806481,51.233609,49.7274,51.5573
PKG_B,RCP_7,Kerf_Width_Profile,1073,50.145839981360666,0.22751898669089193,0.004537145788672825,50.1035,0.08900000000000574,0.13195140000000852,49.821644,51.103292,49.7456,51.6104
PKG_B,RCP_8,Kerf_Width_Profile,1074,50.14930065176908,0.2414477508162499,0.004814578621800432,50.0993,0.0882000000000005,0.13076532000000074,49.769909,51.129005,49.7346,51.5854
PKG_B,RCP_9,Kerf_Width_Profile,1138,50.15356871704745,0.24479666271043474,0.004880942054024306,50.10315,0.08640000000000114,0.12809664000000168,49.8064375,51.4199475,49.7308,51.6008
PKG_C,RCP_1,Kerf_Width_Profile,1076,50.15003698884758,0.24435527689581743,0.004872484479924858,50.101150000000004,0.09245000000000658,0.13706637000000976,49.8037875,51.2251375,49.7336,51.7229
PKG_C,RCP_2,Kerf_Width_Profile,1103,50.15024950135993,0.24904062660506196,0.004965890081928878,50.0967,0.08569999999999567,0.12705881999999358,49.798073,51.461365,49.7102,51.6609
PKG_C,RCP_3,Kerf_Width_Profile,1071,50.13965443510738,0.21974436004677664,0.004382646081679283,50.0985,0.08220000000000027,0.1218697200000004,49.790555000000005,51.01614,49.6525,51.4208
PKG_C,RCP_4,Kerf_Width_Profile,1089,50.134277318640954,0.23126712506100047,0.004612954198803432,50.0903,0.08579999999999899,0.1272070799999985,49.790068,51.308527999999974,49.6148,51.654
PKG_C,RCP_5,Kerf_Width_Profile,1008,50.14928571428572,0.23061388791051818,0.004598547808325506,50.0987,0.08580000000000254,0.12720708000000375,49.8023035,51.0645365,49.6377,51.7224
PKG_C,RCP_6,Kerf_Width_Profile,1108,50.173839530685925,0.2784907473476012,0.005550516961678375,50.104699999999994,0.08990000000000009,0.13328574000000012,49.827701,51.431269,49.7587,51.6047
PKG_C,RCP_7,Kerf_Width_Profile,1043,50.14514554170662,0.24560749523324757,0.004897931645825445,50.096,0.08860000000000667,0.1313583600000099,49.79574,51.460013000000004,49.7114,51.6822
PKG_C,RCP_8,Kerf_Width_Profile,1102,50.14278520871144,0.22911486382494864,0.004569248853475014,50.09935,0.08334999999999937,0.12357470999999906,49.803360500000004,51.180472999999985,49.7389,51.5079
PKG_C,RCP_9,Kerf_Width_Profile,1128,50.14436196808511,0.24076579484358746,0.004801452952912739,50.09415,0.09234999999999616,0.1369181099999943,49.809263,51.482613,49.7373,51.74
PKG_D,RCP_1,Kerf_Width_Profile,1157,50.15854304235091,0.2618618322394745,0.0052206825867803595,50.1016,0.09149999999999636,0.13565789999999459,49.768446,51.48754,49.6731,51.7222
PKG_D,RCP_2,Kerf_Width_Profile,1110,50.14288126126126,0.22448503114173146,0.004476907299604285,50.10575,0.08729999999999905,0.12943097999999859,49.8120875,51.046732999999996,49.7461,51.5988
PKG_D,RCP_3,Kerf_Width_Profile,1060,50.15069160377358,0.2463556114348373,0.004912307359212975,50.09995,0.08935000000000315,0.13247031000000467,49.804949,51.2326145,49.7561,51.5615
PKG_D,RCP_4,Kerf_Width_Profile,1055,50.15573620853081,0.25344510226904926,0.005053162836954663,50.0991,0.08670000000000044,0.12854142000000066,49.777962,51.361857,49.7382,51.6995
PKG_D,RCP_5,Kerf_Width_Profile,1045,50.13714679425837,0.21738965188990314,0.004335899942251965,50.0957,0.07869999999999777,0.1166806199999967,49.820222,51.052724,49.7476,51.5221
PKG_D,RCP_6,Kerf_Width_Profile,1120,50.15464285714285,0.24168102480447792,0.004818716893127244,50.1058,0.08925000000000338,0.13232205000000502,49.821560999999996,51.314262,49.7209,51.6533
PKG_D,RCP_7,Kerf_Width_Profile,1070,50.1387846728972,0.22129975381160547,0.004413743876229817,50.09625,0.08505000000000251,0.12609513000000372,49.793442999999996,51.099551,49.6954,51.4867
PKG_D,RCP_8,Kerf_Width_Profile,1042,50.15588051823416,0.23678866904724347,0.004721054971034931,50.1042,0.08859999999999957,0.13135835999999934,49.825043,51.1280675,49.6805,51.4232
PKG_D,RCP_9,Kerf_Width_Profile,1103,50.15609528558477,0.24685747406234135,0.0049217841352432795,50.1012,0.08599999999999852,0.1275035999999978,49.808241,51.386642,49.7355,51.6345
PKG_E,RCP_1,Kerf_Width_Profile,1119,50.15059195710456,0.237306479424301,0.004731877933310876,50.0983,0.08270000000000266,0.12261102000000394,49.797924,51.406553,49.6981,51.6566
PKG_E,RCP_2,Kerf_Width_Profile,1124,50.15693345195729,0.24754368049063843,0.0049353830757565675,50.1035,0.08965000000000245,0.13291509000000362,49.797815,51.411459,49.6913,51.6522
PKG_E,RCP_3,Kerf_Width_Profile,1053,50.14934074074074,0.24625135621834604,0.0049103607860251355,50.0997,0.08359999999999701,0.12394535999999556,49.78618,51.277848,49.6992,51.714
PKG_E,RCP_4,Kerf_Width_Profile,1074,50.15299832402235,0.23903660148006994,0.004766147777162425,50.10635,0.09185000000000088,0.13617681000000129,49.8047745,51.2921325,49.7363,51.6538
PKG_E,RCP_5,Kerf_Width_Profile,1027,50.15816718597858,0.2500744160281488,0.0049857167846845815,50.1033,0.09390000000000498,0.13921614000000737,49.777995,51.476934,49.7225,51.6352
PKG_E,RCP_6,Kerf_Width_Profile,1066,50.15394981238274,0.23603408511906215,0.004706191356852748,50.102850000000004,0.08530000000000015,0.12646578000000022,49.8050225,51.13288,49.7075,51.7782
PKG_E,RCP_7,Kerf_Width_Profile,1176,50.15018163265306,0.2447655775813596,0.00488065186631331,50.0988,0.08830000000000027,0.1309135800000004,49.805625,51.33995,49.7164,51.5813
PKG_E,RCP_8,Kerf_Width_Profile,1101,50.150840054495916,0.2528307982239169,0.005041407042218651,50.0965,0.08899999999999864,0.13195139999999797,49.8086,51.42485,49.762,51.5831
PKG_E,RCP_9,Kerf_Width_Profile,1076,50.15632741635687,0.24763536817915485,0.004937270747985358,50.106449999999995,0.09430000000000405,0.139809180000006,49.814,51.2492125,49.7427,51.6134
PKG_F,RCP_1,Kerf_Width_Profile,1114,50.151583482944346,0.23860743991507555,0.004757724947931538,50.099999999999994,0.08844999999999459,0.13113596999999197,49.8163565,51.0726325,49.7465,51.6886
PKG_F,RCP_2,Kerf_Width_Profile,1137,50.14406754617414,0.2251974293291463,0.004491008415338022,50.1007,0.0875999999999948,0.12987575999999226,49.796268,51.14888,49.6853,51.5411
PKG_F,RCP_3,Kerf_Width_Profile,1112,50.165171852517986,0.2624328095037573,0.005231374673155531,50.10435,0.09019999999999584,0.13373051999999383,49.818431499999996,51.4464245,49.7538,51.6095
PKG_F,RCP_4,Kerf_Width_Profile,1106,50.15589466546112,0.2484088926981415,0.004952735752298393,50.103449999999995,0.09310000000000329,0.13803006000000487,49.83477,51.36061249999998,49.7978,51.5966
PKG_F,RCP_5,Kerf_Width_Profile,1044,50.151347413793104,0.24873486125060768,0.004959684516516065,50.100750000000005,0.08804999999999907,0.1305429299999986,49.816386,51.435109000000004,49.7151,51.7275
PKG_F,RCP_6,Kerf_Width_Profile,1061,50.152578699340246,0.2531950180934908,0.005048494507358633,50.0989,0.08420000000000272,0.12483492000000403,49.84084,51.44648,49.759,51.5454
PKG_F,RCP_7,Kerf_Width_Profile,1107,50.14643992773261,0.23191528620936278,0.004624760731640814,50.1053,0.08050000000000068,0.119349300000001,49.810807,51.498073000000005,49.7275,51.6547
PKG_F,RCP_8,Kerf_Width_Profile,1126,50.15590248667851,0.24755107808385238,0.00493563201558585,50.09855,0.08685000000000187,0.12876381000000275,49.809749999999994,51.3577375,49.6785,51.6723
PKG_F,RCP_9,Kerf_Width_Profile,1117,50.1556418084154,0.25672216694587624,0.005118510255067694,50.0988,0.09120000000000061,0.1352131200000009,49.807402,51.400922,49.698,51.6892
PKG_A,RCP_1,Top_Kerf,1082,50.13083123844732,0.20449880757110186,0.004079302148380568,50.09685,0.07395000000000351,0.1096382700000052,49.8387175,51.216316000000006,49.8042,51.4637
PKG_A,RCP_2,Top_Kerf,1068,50.15734035580524,0.2349821893401491,0.004684901306034903,50.09855,0.0771000000000015,0.11430846000000222,49.873401,51.056459499999995,49.8085,51.2432
PKG_A,RCP_3,Top_Kerf,1103,50.1479369900272,0.22805083127057518,0.004547561573987124,50.0961,0.07589999999999719,0.11252933999999583,49.850363,51.228125,49.7797,51.3615
PKG_A,RCP_4,Top_Kerf,1068,50.14577106741573,0.2218821109682892,0.004424742231403561,50.0965,0.07569999999999766,0.11223281999999653,49.851139,51.18710949999999,49.8254,51.4802
PKG_A,RCP_5,Top_Kerf,1118,50.1489492844365,0.22756217290563888,0.00453772563837667,50.097300000000004,0.07879999999999399,0.11682887999999107,49.871134500000004,51.17241299999999,49.8135,51.6144
PKG_A,RCP_6,Top_Kerf,1099,50.14844276615104,0.22122446753562647,0.0044113925644157295,50.0961,0.07330000000000325,0.10867458000000481,49.848482000000004,51.066566,49.7072,51.479
PKG_A,RCP_7,Top_Kerf,1107,50.139125112917796,0.22068846558975153,0.004401522066704223,50.0884,0.07159999999999656,0.10615415999999489,49.858867000000004,51.245755,49.7556,51.5066
PKG_A,RCP_8,Top_Kerf,1024,50.1403181640625,0.21038909190432065,0.00419600632002201,50.0985,0.07950000000000301,0.11786670000000446,49.852934499999996,51.0116655,49.8176,51.2869
PKG_A,RCP_9,Top_Kerf,1087,50.1459730450782,0.2276981838899832,0.0045407072604872235,50.0959,0.07509999999999906,0.1113432599999986,49.855013,51.283428,49.7569,51.4008
PKG_B,RCP_1,Top_Kerf,1137,50.147496306068604,0.23251884052938893,0.004636698891411068,50.1011,0.07390000000000185,0.10956414000000274,49.833684,51.231532,49.7726,51.3909
PKG_B,RCP_2,Top_Kerf,1118,50.14132629695886,0.21846357597056218,0.00435695646893593,50.09525,0.06954999999999956,0.10311482999999934,49.830565,51.041537999999996,49.7454,51.4059
PKG_B,RCP_3,Top_Kerf,1083,50.14468956602031,0.2132942084638747,0.0042535752102533676,50.0969,0.0747999999999962,0.11089847999999436,49.855535,51.051896,49.8182,51.381
PKG_B,RCP_4,Top_Kerf,1099,50.15329526842584,0.22674301433460028,0.00452099933057334,50.1037,0.07459999999999667,0.11060195999999506,49.84393,51.211914,49.7941,51.412
PKG_B,RCP_5,Top_Kerf,1083,50.141702123730376,0.2151059790065304,0.004289961646609679,50.0955,0.0730000000000004,0.10822980000000058,49.843405000000004,51.047843,49.7586,51.3515
PKG_B,RCP_6,Top_Kerf,1099,50.148703002729754,0.2213565523737023,0.004414003535877152,50.1025,0.07150000000000034,0.1060059000000005,49.863321,51.073187000000004,49.7621,51.3686
PKG_B,RCP_7,Top_Kerf,1073,50.14458676607642,0.21110995219139317,0.0042100247665060484,50.101,0.07520000000000238,0.11149152000000352,49.867768,51.066708,49.8151,51.3643
PKG_B,RCP_8,Top_Kerf,1074,50.15214022346369,0.22650883946210604,0.0045164341631852,50.09685,0.0724000000000018,0.10734024000000265,49.8660565,51.042943,49.8172,51.3767
PKG_B,RCP_9,Top_Kerf,1138,50.149203427065025,0.23385705805688337,0.004663225775799124,50.0952,0.08214999999999861,0.12179558999999794,49.8607895,51.2114855,49.8178,51.4749
PKG_C,RCP_1,Top_Kerf,1076,50.14898317843866,0.22947597814298312,0.004575884965134155,50.095349999999996,0.07629999999999981,0.11312237999999972,49.848712500000005,51.052775000000004,49.7889,51.3837
PKG_C,RCP_2,Top_Kerf,1103,50.14768821396192,0.231479948775093,0.004615964504434429,50.0943,0.07200000000000273,0.10674720000000404,49.857369,51.322793999999995,49.7757,51.4806
PKG_C,RCP_3,Top_Kerf,1071,50.14119738562091,0.2071240211177833,0.004130815216175525,50.0973,0.07159999999999656,0.10615415999999489,49.8666,50.95946,49.8281,51.2152
PKG_C,RCP_4,Top_Kerf,1089,50.13194830119376,0.212054496063818,0.004229927286882813,50.0879,0.07029999999999603,0.1042267799999941,49.85274,51.172251999999986,49.7864,51.4649
PKG_C,RCP_5,Top_Kerf,1008,50.14505873015873,0.22610440286779276,0.004509006641801116,50.0924,0.07620000000000005,0.11297412000000007,49.850604999999995,51.043696,49.765,51.3948
PKG_C,RCP_6,Top_Kerf,1108,50.16420189530686,0.2589012811729058,0.00516107645275081,50.095299999999995,0.08195000000000618,0.12149907000000916,49.8378595,51.236655,49.7672,51.3123
PKG_C,RCP_7,Top_Kerf,1043,50.143048034515814,0.22708790641382695,0.004528801405481208,50.0913,0.07230000000000558,0.10719198000000826,49.847752,51.276816999999994,49.803,51.4036
PKG_C,RCP_8,Top_Kerf,1102,50.138793647912884,0.21926406281487315,0.004373141969760982,50.09095,0.0730000000000004,0.10822980000000058,49.829005,51.06334549999999,49.7574,51.3795
PKG_C,RCP_9,Top_Kerf,1128,50.145076773049645,0.22322496213265375,0.0044515828172512735,50.098349999999996,0.0721500000000006,0.10696959000000089,49.823707999999996,51.257006000000004,49.7493,51.4771
PKG_D,RCP_1,Top_Kerf,1157,50.155901642178044,0.2462348425540384,0.0049093892142688545,50.096,0.080600000000004,0.11949756000000593,49.856524,51.325641999999995,49.7924,51.5086
PKG_D,RCP_2,Top_Kerf,1110,50.14120630630631,0.20718050130864848,0.004131940903914615,50.101,0.06759999999999877,0.10022375999999818,49.854053,51.035788499999995,49.8074,51.4274
PKG_D,RCP_3,Top_Kerf,1060,50.14664783018868,0.22873577072522486,0.004561337210411184,50.0956,0.07649999999999935,0.11341889999999902,49.842513000000004,51.0630695,49.7804,51.4225
PKG_D,RCP_4,Top_Kerf,1055,50.15382834123223,0.23198622939444086,0.004625493946664914,50.1029,0.07979999999999876,0.11831147999999815,49.85227,51.138028,49.7371,51.3487
PKG_D,RCP_5,Top_Kerf,1045,50.14089531100478,0.20619851751993093,0.004112382043458946,50.0959,0.0718000000000032,0.10645068000000472,49.84643,51.066936,49.7755,51.2757
PKG_D,RCP_6,Top_Kerf,1120,50.14752883928572,0.22685244573177263,0.004523701386339415,50.09695,0.07594999999999885,0.11260346999999829,49.8445435,51.172709499999996,49.8068,51.4157
PKG_D,RCP_7,Top_Kerf,1070,50.1378661682243,0.20749429993250657,0.0041384748851559525,50.09439999999999,0.07294999999999874,0.10815566999999812,49.844474,50.9802195,49.7956,51.3733
PKG_D,RCP_8,Top_Kerf,1042,50.152845201535506,0.22573926294036656,0.00450102605412016,50.096599999999995,0.07699999999999818,0.1141601999999973,49.856589,51.0825215,49.8381,51.2498
PKG_D,RCP_9,Top_Kerf,1103,50.152516409791474,0.23109159133793333,0.004607776595888146,50.0955,0.07390000000000185,0.10956414000000274,49.865124,51.164521,49.8286,51.4217
PKG_E,RCP_1,Top_Kerf,1119,50.1502453976765,0.22858454434226888,0.004557994532821556,50.0949,0.0718000000000032,0.10645068000000472,49.845446,51.22507,49.7779,51.4218
PKG_E,RCP_2,Top_Kerf,1124,50.15343985765124,0.2320538933057942,0.004626878913279422,50.1006,0.07759999999999678,0.11504975999999523,49.856203,51.188137499999996,49.6653,51.3548
PKG_E,RCP_3,Top_Kerf,1053,50.15078784425451,0.2303346396048745,0.004592841897522904,50.0978,0.07159999999999656,0.10615415999999489,49.84292799999999,51.110414000000006,49.7784,51.524
PKG_E,RCP_4,Top_Kerf,1074,50.14831312849162,0.22480348490748592,0.004482772617525283,50.097899999999996,0.07695000000000007,0.11408607000000011,49.833431,51.174158,49.7264,51.3294
PKG_E,RCP_5,Top_Kerf,1027,50.15867916260954,0.23513579866726456,0.004687838726872716,50.1042,0.07620000000000005,0.11297412000000007,49.855824000000005,51.261353,49.7277,51.3292
PKG_E,RCP_6,Top_Kerf,1066,50.14934296435272,0.21605016438922886,0.004308135493276595,50.10025,0.0756500000000031,0.1121586900000046,49.86021,51.041042499999996,49.7544,51.3852
PKG_E,RCP_7,Top_Kerf,1176,50.151862755102044,0.23002375224010138,0.004586544539000211,50.09665,0.07485000000000142,0.1109726100000021,49.862375,51.157399999999996,49.8321,51.3624
PKG_E,RCP_8,Top_Kerf,1101,50.146942870118075,0.23410559170932518,0.004668392095519461,50.0904,0.07509999999999906,0.1113432599999986,49.84245,51.214299999999994,49.7891,51.41
PKG_E,RCP_9,Top_Kerf,1076,50.14866775092937,0.22917451579366752,0.004569902373716008,50.09065,0.07404999999999617,0.10978652999999432,49.845349999999996,51.169175,49.8268,51.5519
PKG_F,RCP_1,Top_Kerf,1114,50.152072172351886,0.22633982489134435,0.00451307024988934,50.0982,0.07760000000000034,0.11504976000000049,49.866791,51.0917785,49.785,51.4747
PKG_F,RCP_2,Top_Kerf,1137,50.14021336851363,0.20886052728157373,0.004165529287769867,50.1,0.07750000000000057,0.11490150000000084,49.859704,51.091352,49.7818,51.3386
PKG_F,RCP_3,Top_Kerf,1112,50.1629648381295,0.24551472892652682,0.004894342463982671,50.09775,0.0782999999999987,0.11608757999999807,49.873318499999996,51.2458685,49.8053,51.3285
PKG_F,RCP_4,Top_Kerf,1106,50.156698101265825,0.23586348767861642,0.004702532196246464,50.09915,0.07955000000000112,0.11794083000000165,49.863335,51.18064,49.8188,51.378
PKG_F,RCP_5,Top_Kerf,1044,50.154206992337166,0.2313594579259086,0.004612962138176304,50.10195,0.07314999999999827,0.10845218999999744,49.8417595,51.1957345,49.779,51.4684
PKG_F,RCP_6,Top_Kerf,1061,50.15769707822808,0.23855798551656146,0.004756159062576104,50.1031,0.07949999999999591,0.11786669999999393,49.84096,51.31912,49.8153,51.469
PKG_F,RCP_7,Top_Kerf,1107,50.14130523938572,0.21600848731234792,0.00430799490123114,50.0948,0.06879999999999598,0.10200287999999402,49.836139,51.305962,49.7619,51.4383
PKG_F,RCP_8,Top_Kerf,1126,50.14745222024867,0.23019521749921373,0.004590367153413727,50.09335,0.07550000000000168,0.11193630000000249,49.8413125,51.1662,49.7826,51.4533
PKG_F,RCP_9,Top_Kerf,1117,50.155707251566696,0.2451426563889227,0.004887632331837276,50.0963,0.07319999999999993,0.1085263199999999,49.833344,51.256068,49.7924,51.4683
PKG_A,RCP_1,Bottom_Kerf,1082,50.13813419593345,0.22965250118274727,0.004580395837732902,50.092600000000004,0.07300000000000395,0.10822980000000586,49.832897,51.598607,49.7602,51.9375
PKG_A,RCP_2,Bottom_Kerf,1068,50.16480280898877,0.2492729455795647,0.00496908054295987,50.0976,0.07545000000000002,0.11186217000000002,49.868834,51.241257499999996,49.8229,51.7176
PKG_A,RCP_3,Bottom_Kerf,1103,50.15489619220308,0.2504901171819246,0.004994330288751848,50.0961,0.07759999999999678,0.11504975999999523,49.850651,51.617499,49.7396,51.7769
PKG_A,RCP_4,Bottom_Kerf,1068,50.15241020599251,0.2412416277519445,0.004810170174495811,50.0987,0.07114999999999938,0.10548698999999907,49.849671,51.502924499999985,49.7756,51.9662
PKG_A,RCP_5,Bottom_Kerf,1118,50.162834347048296,0.2500452234138453,0.00498467095547121,50.1055,0.07675000000000054,0.1137895500000008,49.86737,51.583733499999994,49.7924,51.8794
PKG_A,RCP_6,Bottom_Kerf,1099,50.15398089171974,0.2365808491733028,0.004717090148518231,50.0929,0.07639999999999958,0.11327063999999937,49.855046,51.04282,49.703,51.7931
PKG_A,RCP_7,Bottom_Kerf,1107,50.15207822944896,0.2484769060574412,0.004954468784337181,50.0989,0.07820000000000249,0.11593932000000369,49.849405000000004,51.650286,49.803,52.0802
PKG_A,RCP_8,Bottom_Kerf,1024,50.14585537109375,0.22995646247470333,0.004585752117955898,50.09765,0.07634999999999792,0.1131965099999969,49.8268615,51.092250500000006,49.7459,51.7966
PKG_A,RCP_9,Bottom_Kerf,1087,50.15236246550138,0.2527166352710439,0.005038977684149608,50.0942,0.07719999999999771,0.11445671999999661,49.849288,51.654720999999995,49.7313,51.8736
PKG_B,RCP_1,Bottom_Kerf,1137,50.158324890061564,0.2559420212211555,0.005102682790586338,50.1041,0.08129999999999882,0.12053537999999824,49.867912000000004,51.619868000000004,49.7963,51.753
PKG_B,RCP_2,Bottom_Kerf,1118,50.151693828264754,0.23544686499848413,0.004694694177323873,50.10055,0.07530000000000214,0.11163978000000317,49.8375535,51.073052000000004,49.7883,51.9322
PKG_B,RCP_3,Bottom_Kerf,1083,50.154453554939984,0.23062107636346513,0.004598217307080001,50.1035,0.0811999999999955,0.12038711999999333,49.857935,51.017044,49.7517,51.9475
PKG_B,RCP_4,Bottom_Kerf,1099,50.15709399454049,0.2505409496110871,0.004995124909715823,50.1018,0.07620000000000005,0.11297412000000007,49.852809,51.418972999999994,49.743,51.8536
PKG_B,RCP_5,Bottom_Kerf,1083,50.14794478301015,0.23288704329240492,0.00464399975512667,50.0931,0.07169999999999987,0.10630241999999981,49.852391,51.057294999999996,49.7656,51.789
PKG_B,RCP_6,Bottom_Kerf,1099,50.15516041856233,0.24002217078114066,0.004785592724219638,50.1006,0.0700999999999965,0.1039302599999948,49.879923,51.383939,49.8331,51.7579
PKG_B,RCP_7,Bottom_Kerf,1073,50.15025526561043,0.233808862156864,0.004662166940497986,50.0955,0.07670000000000243,0.1137154200000036,49.844976,51.128932,49.8144,51.8231
PKG_B,RCP_8,Bottom_Kerf,1074,50.162704655493485,0.24575173645541046,0.004899092625550791,50.1012,0.07610000000000028,0.1128258600000004,49.831165000000006,51.1459625,49.7638,51.8076
PKG_B,RCP_9,Bottom_Kerf,1138,50.156698594024604,0.2573594648014941,0.005131108546130555,50.08885,0.07229999999999848,0.10719197999999773,49.8516275,51.54010400000001,49.8161,51.795
PKG_C,RCP_1,Bottom_Kerf,1076,50.15516087360594,0.25062295825120395,0.004996952534611325,50.09995,0.07804999999999751,0.1157169299999963,49.8522125,51.3937375,49.794,52.0196
PKG_C,RCP_2,Bottom_Kerf,1103,50.158095285584764,0.25843393110670315,0.005152387259429607,50.0964,0.073599999999999,0.10911935999999851,49.855282,51.705788,49.7919,51.8311
PKG_C,RCP_3,Bottom_Kerf,1071,50.144950326797385,0.22344420340420537,0.004455966192966735,50.0959,0.07339999999999947,0.1088228399999992,49.851885,51.00858,49.7947,51.6534
PKG_C,RCP_4,Bottom_Kerf,1089,50.1425419651056,0.23396942947028224,0.0046660863271172515,50.0897,0.06990000000000407,0.10363374000000602,49.844260000000006,51.39101599999997,49.752,51.8334
PKG_C,RCP_5,Bottom_Kerf,1008,50.15097926587302,0.23986567715104712,0.004782871255203427,50.0925,0.0823500000000017,0.12209211000000252,49.8557245,51.0716235,49.7972,51.8752
PKG_C,RCP_6,Bottom_Kerf,1108,50.178887364620934,0.29491457609519794,0.005877264155983061,50.1015,0.0768000000000022,0.11386368000000326,49.846929,51.688553999999996,49.7769,51.7999
PKG_C,RCP_7,Bottom_Kerf,1043,50.1525895493768,0.25621533439242045,0.005108715954540461,50.095,0.07520000000000238,0.11149152000000352,49.861421,51.712098,49.7971,51.8505
PKG_C,RCP_8,Bottom_Kerf,1102,50.14634537205082,0.2334854322967954,0.00465608072860538,50.0914,0.07235000000000014,0.10726611000000019,49.8564515,51.20696749999998,49.7971,51.8031
PKG_C,RCP_9,Bottom_Kerf,1128,50.1502570035461,0.25019493930287456,0.0049889064234542885,50.093,0.0771000000000015,0.11430846000000222,49.8338245,51.678788,49.7503,51.9235
PKG_D,RCP_1,Bottom_Kerf,1157,50.16617000864304,0.2745609396706316,0.005473029725476909,50.0974,0.07699999999999818,0.1141601999999973,49.822213999999995,51.755332,49.7502,52.001
PKG_D,RCP_2,Bottom_Kerf,1110,50.14786018018018,0.22824546288039627,0.0045514496941707035,50.1005,0.07354999999999734,0.10904522999999605,49.852367,51.083332,49.7545,51.8349
PKG_D,RCP_3,Bottom_Kerf,1060,50.15594716981132,0.2532039087318397,0.0050483327106669055,50.095150000000004,0.07280000000000442,0.10793328000000654,49.8594765,51.59976449999999,49.7865,51.8572
PKG_D,RCP_4,Bottom_Kerf,1055,50.16261165876777,0.2609862608556346,0.005202804483765701,50.0983,0.07630000000000337,0.11312238000000498,49.844191,51.464747,49.7622,51.7799
PKG_D,RCP_5,Bottom_Kerf,1045,50.14392440191387,0.2232537747462717,0.00445225971858219,50.0973,0.07629999999999626,0.11312237999999444,49.845474,50.983177999999995,49.7367,51.7658
PKG_D,RCP_6,Bottom_Kerf,1120,50.155472857142854,0.24662084678445934,0.0049171273389627115,50.100049999999996,0.08509999999999707,0.12616925999999565,49.861095,51.5502385,49.7901,51.7802
PKG_D,RCP_7,Bottom_Kerf,1070,50.144875607476635,0.2277177226521316,0.004541196281643158,50.0958,0.0733499999999978,0.10874870999999674,49.864273000000004,51.0962545,49.8185,51.66
PKG_D,RCP_8,Bottom_Kerf,1042,50.15928435700576,0.24683718987327,0.004921066818187054,50.10145,0.07955000000000112,0.11794083000000165,49.861959999999996,51.192703,49.8221,51.6688
PKG_D,RCP_9,Bottom_Kerf,1103,50.15977506799637,0.2558303059265321,0.005100308077134111,50.0998,0.07750000000000057,0.11490150000000084,49.855717999999996,51.588265,49.7927,51.7968
PKG_E,RCP_1,Bottom_Kerf,1119,50.15791572832887,0.2503977804701644,0.004992188707090581,50.0997,0.07699999999999818,0.1141601999999973,49.860343,51.580471,49.7918,51.8039
PKG_E,RCP_2,Bottom_Kerf,1124,50.16023665480427,0.25604360417588756,0.005104513480228249,50.09665,0.07475000000000165,0.11082435000000244,49.8527205,51.596945000000005,49.8099,51.7312
PKG_E,RCP_3,Bottom_Kerf,1053,50.15549031339031,0.25257813277683255,0.005035901976007605,50.09,0.07699999999999818,0.1141601999999973,49.851792,51.478418000000005,49.7599,51.8501
PKG_E,RCP_4,Bottom_Kerf,1074,50.157993389199255,0.24598889465508122,0.004904281013523382,50.1029,0.0785499999999999,0.11645822999999984,49.855782500000004,51.431211,49.8069,51.8786
PKG_E,RCP_5,Bottom_Kerf,1027,50.16798675754625,0.26100563667873694,0.005202633263721243,50.1059,0.07379999999999853,0.10941587999999781,49.855121000000004,51.663626,49.8136,51.8027
PKG_E,RCP_6,Bottom_Kerf,1066,50.15965731707317,0.23984213792579,0.004781574491422081,50.105599999999995,0.07794999999999419,0.11556866999999138,49.848605,51.0844925,49.7497,51.8444
PKG_E,RCP_7,Bottom_Kerf,1176,50.153492346938776,0.2515112816743331,0.005014830870291023,50.0918,0.07225000000000037,0.10711785000000054,49.856525,51.537325,49.8062,51.712
PKG_E,RCP_8,Bottom_Kerf,1101,50.15686503178929,0.25950357101015337,0.005173839530155657,50.096,0.0753999999999948,0.11178803999999229,49.85255,51.6359,49.799,51.8704
PKG_E,RCP_9,Bottom_Kerf,1076,50.15712379182156,0.24934948350015512,0.004971367268487854,50.095749999999995,0.07470000000000354,0.11075022000000524,49.86425,51.3949375,49.778,51.8595
PKG_F,RCP_1,Bottom_Kerf,1114,50.158953680430876,0.24615640618760354,0.004907526735025167,50.09895,0.07574999999999932,0.11230694999999898,49.847390000000004,51.092144999999995,49.7594,51.8869
PKG_F,RCP_2,Bottom_Kerf,1137,50.14281759014952,0.22298774339500907,0.004447052521412652,50.0929,0.07609999999999673,0.11282585999999514,49.8395,50.997408,49.8045,51.8457
PKG_F,RCP_3,Bottom_Kerf,1112,50.17012634892087,0.265275166138022,0.005287512419105716,50.102000000000004,0.07854999999999634,0.11645822999999457,49.864635,51.632587,49.8079,51.8143
PKG_F,RCP_4,Bottom_Kerf,1106,50.16349963833635,0.25991269533141165,0.005181311056949844,50.1006,0.07594999999999885,0.11260346999999829,49.844502500000004,51.55360749999999,49.8205,51.8673
PKG_F,RCP_5,Bottom_Kerf,1044,50.15887729885057,0.252191616856388,0.005027856093225739,50.09845,0.07410000000000139,0.10986066000000205,49.8528875,51.6038655,49.747,51.8509
PKG_F,RCP_6,Bottom_Kerf,1061,50.16088180961357,0.26837429930470064,0.00535027076125415,50.095,0.0764999999999958,0.11341889999999376,49.85274,51.61366,49.8126,51.8728
PKG_F,RCP_7,Bottom_Kerf,1107,50.151142999096656,0.24716436627092497,0.004928389494041581,50.0995,0.06969999999999743,0.10333721999999619,49.866558000000005,51.744024,49.8148,51.8537
PKG_F,RCP_8,Bottom_Kerf,1126,50.158517761989344,0.2556905221113297,0.0050976490837433535,50.09665,0.07364999999999355,0.10919348999999044,49.870125,51.5081625,49.8433,51.8546
PKG_F,RCP_9,Bottom_Kerf,1117,50.16354753804834,0.2625630466457831,0.0052341403176606035,50.1021,0.07699999999999818,0.1141601999999973,49.857216,51.636342,49.8208,51.8444
PKG_A,RCP_1,Kerf_Angle,1082,90.06172181146026,0.1434377619377887,0.0015926606670708398,90.048,0.0730000000000075,0.10822980000001112,89.80621500000001,90.70138,89.613,90.766
PKG_A,RCP_2,Kerf_Angle,1068,90.07598127340825,0.18010598677404888,0.0019994895889879007,90.042,0.08100000000000307,0.12009060000000454,89.784335,90.774655,89.609,90.878
PKG_A,RCP_3,Kerf_Angle,1103,90.0689002719855,0.1643283006918587,0.0018244732665284957,90.042,0.0759999999999934,0.11267759999999022,89.76576999999999,90.76039,89.715,90.876
PKG_A,RCP_4,Kerf_Angle,1068,90.06936329588015,0.1624666559148679,0.0018037948750804509,90.047,0.07500000000000284,0.11119500000000421,89.78634,90.747985,89.7,90.858
PKG_A,RCP_5,Kerf_Angle,1118,90.06801073345258,0.16595301368009582,0.001842530020688671,90.041,0.07600000000000051,0.11267760000000075,89.78068,90.73713,89.659,90.843
PKG_A,RCP_6,Kerf_Angle,1099,90.06884076433121,0.16949671868383825,0.0018818574464318167,90.044,0.0799999999999983,0.11860799999999747,89.78249,90.71967,89.733,90.853
PKG_A,RCP_7,Kerf_Angle,1107,90.06340018066847,0.16193589169748646,0.0017980210759602762,90.04,0.07800000000000296,0.11564280000000438,89.76636,90.711,89.663,90.893
PKG_A,RCP_8,Kerf_Angle,1024,90.0681689453125,0.16257726269835668,0.0018050468284424677,90.044,0.07800000000000296,0.11564280000000438,89.78469000000001,90.727885,89.75,90.929
PKG_A,RCP_9,Kerf_Angle,1087,90.06192088316467,0.1615769468608144,0.0017940650751878207,90.041,0.07500000000000284,0.11119500000000421,89.76944,90.73842,89.72,90.866
PKG_B,RCP_1,Kerf_Angle,1137,90.06405277044854,0.15873365179705304,0.0017624529089494416,90.038,0.07500000000000284,0.11119500000000421,89.79008,90.72583999999999,89.701,90.897
PKG_B,RCP_2,Kerf_Angle,1118,90.06548032200358,0.1694255000289429,0.0018811369175316679,90.0425,0.07650000000001,0.11341890000001482,89.763755,90.79362,89.731,90.904
PKG_B,RCP_3,Kerf_Angle,1083,90.07081532779317,0.1650110595788236,0.001832014720620677,90.043,0.07700000000001239,0.11416020000001836,89.79564,90.75717999999999,89.716,91.009
PKG_B,RCP_4,Kerf_Angle,1099,90.07694904458599,0.16773287144315455,0.0018621064903089767,90.053,0.07800000000000296,0.11564280000000438,89.78894,90.77077,89.743,90.882
PKG_B,RCP_5,Kerf_Angle,1083,90.07138411819021,0.16398415855716406,0.0018206021830638986,90.046,0.07400000000001228,0.1097124000000182,89.76197,90.73376999999999,89.602,90.925
PKG_B,RCP_6,Kerf_Angle,1099,90.07358052775251,0.16457625563613837,0.001827131270588615,90.048,0.0759999999999934,0.11267759999999022,89.77945,90.70357,89.721,90.784
PKG_B,RCP_7,Kerf_Angle,1073,90.06866821994407,0.15848986468342222,0.0017596559138233988,90.049,0.07799999999998875,0.11564279999998331,89.7716,90.72916000000001,89.641,90.855
PKG_B,RCP_8,Kerf_Angle,1074,90.07430074487895,0.17089754799287196,0.001897295305982024,90.05,0.07699999999999818,0.1141601999999973,89.77228500000001,90.746845,89.707,90.973
PKG_B,RCP_9,Kerf_Angle,1138,90.07286555360281,0.1678626213804901,0.001863631409401472,90.0515,0.07949999999999591,0.11786669999999393,89.760055,90.74419,89.701,90.944
PKG_C,RCP_1,Kerf_Angle,1076,90.06740520446097,0.1775016051833206,0.0019707640603210037,90.034,0.07700000000000529,0.11416020000000783,89.780375,90.771375,89.704,90.942
PKG_C,RCP_2,Kerf_Angle,1103,90.06502719854942,0.16104154299407625,0.0017880585617218354,90.041,0.07900000000000773,0.11712540000001145,89.73151,90.714,89.69,90.804
PKG_C,RCP_3,Kerf_Angle,1071,90.06963211951447,0.17347189989011125,0.0019259754459741694,90.041,0.07699999999999818,0.1141601999999973,89.7645,90.79725,89.641,90.831
PKG_C,RCP_4,Kerf_Angle,1089,90.06228191000918,0.155092893338137,0.0017220626665123456,90.037,0.07199999999998852,0.10674719999998297,89.78244,90.74584,89.679,90.837
PKG_C,RCP_5,Kerf_Angle,1008,90.07006746031746,0.1698287279433469,0.0018855179387777083,90.046,0.07900000000000773,0.11712540000001145,89.77528000000001,90.749965,89.683,90.821
PKG_C,RCP_6,Kerf_Angle,1108,90.07426895306858,0.1747517424844231,0.001940085048877544,90.049,0.07700000000001239,0.11416020000001836,89.791675,90.74665,89.752,90.821
PKG_C,RCP_7,Kerf_Angle,1043,90.06833461169703,0.16460945527038306,0.0018276062944879354,90.045,0.08200000000000784,0.12157320000001162,89.7731,90.72937999999999,89.717,90.799
PKG_C,RCP_8,Kerf_Angle,1102,90.06889836660618,0.16602719270250757,0.0018433354433483732,90.047,0.07699999999999818,0.1141601999999973,89.76601,90.781445,89.697,90.823
PKG_C,RCP_9,Kerf_Angle,1128,90.06906560283689,0.16800384271545765,0.0018652779574318808,90.047,0.07500000000000284,0.11119500000000421,89.740985,90.764475,89.601,90.894
PKG_D,RCP_1,Kerf_Angle,1157,90.07379170267934,0.1765920630937413,0.0019605265833223316,90.038,0.07699999999999818,0.1141601999999973,89.74246,90.77796000000001,89.683,90.999
PKG_D,RCP_2,Kerf_Angle,1110,90.06955675675675,0.1645826207900369,0.0018272835652395991,90.045,0.07250000000000512,0.10748850000000758,89.777545,90.76318500000001,89.725,90.843
PKG_D,RCP_3,Kerf_Angle,1060,90.07012641509434,0.17355088147620498,0.0019268417663408607,90.045,0.07200000000000273,0.10674720000000404,89.75336,90.79341,89.729,90.814
PKG_D,RCP_4,Kerf_Angle,1055,90.07361137440759,0.16619819865667648,0.001845137506098684,90.048,0.07600000000000762,0.11267760000001129,89.75735,90.73973,89.729,90.801
PKG_D,RCP_5,Kerf_Angle,1045,90.06995789473685,0.16771445397517878,0.0018620465457659442,90.045,0.07899999999999352,0.11712539999999039,89.77398000000001,90.778,89.669,90.879
PKG_D,RCP_6,Kerf_Angle,1120,90.07137053571428,0.17062529492110853,0.0018943343917860532,90.041,0.0799999999999983,0.11860799999999747,89.776165,90.754,89.683,90.848
PKG_D,RCP_7,Kerf_Angle,1070,90.06559719626168,0.16326480636891305,0.0018127321802257437,90.041,0.07600000000000051,0.11267760000000075,89.766035,90.757135,89.734,90.816
PKG_D,RCP_8,Kerf_Angle,1042,90.07848272552782,0.16660034085374448,0.0018495020765545234,90.051,0.07600000000000762,0.11267760000001129,89.80941,90.75577000000001,89.738,90.827
PKG_D,RCP_9,Kerf_Angle,1103,90.070277425204,0.17291033183856308,0.0019197268708553827,90.043,0.07700000000001239,0.11416020000001836,89.76753000000001,90.736,89.701,90.813
PKG_E,RCP_1,Kerf_Angle,1119,90.07744593386953,0.16761629471244613,0.001860802035123219,90.054,0.07600000000000762,0.11267760000001129,89.795,90.76828,89.741,90.857
PKG_E,RCP_2,Kerf_Angle,1124,90.06713523131673,0.1690358533547211,0.0018767761728025586,90.0385,0.0764999999999958,0.11341889999999376,89.769845,90.75308,89.719,90.831
PKG_E,RCP_3,Kerf_Angle,1053,90.07393827160494,0.16926008455630095,0.0018791238376401577,90.046,0.07799999999998875,0.11564279999998331,89.75941999999999,90.80776,89.72,90.904
PKG_E,RCP_4,Kerf_Angle,1074,90.07379143389198,0.16815667283242833,0.0018668768146153129,90.052,0.07799999999998875,0.11564279999998331,89.785365,90.74263499999999,89.706,90.836
PKG_E,RCP_5,Kerf_Angle,1027,90.0729240506329,0.17525988521185715,0.0019457554760111695,90.046,0.07699999999999818,0.1141601999999973,89.75965,90.79136,89.729,90.875
PKG_E,RCP_6,Kerf_Angle,1066,90.0677598499062,0.16825204244085057,0.0018680606992028546,90.04,0.07500000000000284,0.11119500000000421,89.776325,90.7417,89.728,90.842
PKG_E,RCP_7,Kerf_Angle,1176,90.07189115646258,0.17031271380442234,0.0018908530909890033,90.04650000000001,0.07749999999998636,0.11490149999997977,89.75575,90.76037500000001,89.703,90.891
PKG_E,RCP_8,Kerf_Angle,1101,90.07261943687557,0.1744531808617221,0.00193680590119822,90.046,0.0800000000000125,0.11860800000001853,89.79150000000001,90.849,89.735,90.966
PKG_E,RCP_9,Kerf_Angle,1076,90.07307434944238,0.1729132812687066,0.0019197000048858336,90.0475,0.07949999999999591,0.11786669999999393,89.73474999999999,90.77362500000001,89.647,90.9
PKG_F,RCP_1,Kerf_Angle,1114,90.0745053859964,0.1734575729697624,0.0019257121893308704,90.0475,0.07750000000000057,0.11490150000000084,89.777695,90.777045,89.74,90.854
PKG_F,RCP_2,Kerf_Angle,1137,90.06996921723834,0.16106237288714612,0.001788191716804991,90.042,0.07500000000000284,0.11119500000000421,89.79035999999999,90.79064000000001,89.723,90.923
PKG_F,RCP_3,Kerf_Angle,1112,90.07728057553958,0.18453995749967037,0.0020486848217505143,90.0475,0.08150000000000546,0.12083190000000808,89.78099499999999,90.776,89.708,90.863
PKG_F,RCP_4,Kerf_Angle,1106,90.07570524412296,0.17657243372781767,0.001960267013722196,90.046,0.07699999999999818,0.1141601999999973,89.786625,90.79835,89.684,90.88
PKG_F,RCP_5,Kerf_Angle,1044,90.07222892720307,0.1703273265371451,0.0018910082337898477,90.04650000000001,0.07850000000000534,0.11638410000000791,89.770075,90.76071,89.707,90.892
PKG_F,RCP_6,Kerf_Angle,1061,90.07470216776626,0.17093768555924826,0.0018977324536790894,90.046,0.07899999999999352,0.11712539999999039,89.7719,90.7811,89.74,90.842
PKG_F,RCP_7,Kerf_Angle,1107,90.06603161698283,0.15435864479741507,0.0017138386362335215,90.045,0.0759999999999934,0.11267759999999022,89.7973,90.70063999999999,89.732,90.779
PKG_F,RCP_8,Kerf_Angle,1126,90.07211278863232,0.17106427297842947,0.0018991924101953437,90.042,0.07699999999999818,0.1141601999999973,89.777125,90.775,89.678,90.857
PKG_F,RCP_9,Kerf_Angle,1117,90.07111369740376,0.18117626558645766,0.0020114802421020797,90.039,0.07800000000000296,0.11564280000000438,89.771,90.76168,89.709,90.849
PKG_A,RCP_1,Groove_Depth,1082,44.98292754158965,0.17736223995576994,0.00394287899096356,44.9863,0.10739999999999839,0.1592312399999976,44.434767,45.3995225,44.2662,45.6122
PKG_A,RCP_2,Groove_Depth,1068,44.977796348314605,0.17657785121736694,0.00392588933992947,44.98,0.1075000000000017,0.15937950000000253,44.442913499999996,45.4463565,44.2612,45.5386
PKG_A,RCP_3,Groove_Depth,1103,44.983061468721665,0.1791935483236414,0.003983578317546063,44.9769,0.11189999999999856,0.16590293999999786,44.424732,45.416481,43.9059,45.5158
PKG_A,RCP_4,Groove_Depth,1068,44.96733754681647,0.16966383142245006,0.0037730459635465265,44.97455,0.10464999999999947,0.1551540899999992,44.3920235,45.3665445,44.0497,45.4274
PKG_A,RCP_5,Groove_Depth,1118,44.966906440071554,0.1746917749472681,0.0038848964444570784,44.9717,0.11370000000000147,0.16857162000000217,44.392774499999994,45.3498405,44.1072,45.44
PKG_A,RCP_6,Groove_Depth,1099,44.98105787079163,0.1725795012263906,0.0038367150395201086,44.9895,0.11319999999999908,0.16783031999999862,44.476901000000005,45.375344,44.0684,45.5321
PKG_A,RCP_7,Groove_Depth,1107,44.97206630532972,0.18011979169688797,0.004005148228546964,44.9831,0.11599999999999966,0.17198159999999948,44.404596000000005,45.371522,43.9188,45.4506
PKG_A,RCP_8,Groove_Depth,1024,44.98344814453125,0.1787870346802855,0.0039745071143911645,44.989000000000004,0.11514999999999986,0.17072138999999978,44.474776500000004,45.4219625,44.2964,45.485
PKG_A,RCP_9,Groove_Depth,1087,44.97732355105796,0.1893821481692645,0.004210613998724916,44.9887,0.11769999999999925,0.17450201999999887,44.290993,45.400746,43.9173,45.4927
PKG_B,RCP_1,Groove_Depth,1137,44.98541451187335,0.17823350572242952,0.003962028752127803,44.9906,0.11010000000000275,0.16323426000000407,44.401652,45.400936,44.0866,45.6057
PKG_B,RCP_2,Groove_Depth,1118,44.98989177101968,0.17368983176419783,0.0038606412446646615,44.9939,0.11060000000000159,0.16397556000000235,44.5237255,45.4227555,44.1951,45.5188
PKG_B,RCP_3,Groove_Depth,1083,44.982187534626036,0.17301066174479787,0.0038462038248277515,44.9804,0.11480000000000246,0.17020248000000363,44.489456999999994,45.38035,44.2833,45.5473
PKG_B,RCP_4,Groove_Depth,1099,44.974678434940856,0.1787041042736605,0.003973438176599061,44.9795,0.11269999999999669,0.1670890199999951,44.345162,45.364446,44.19,45.4964
PKG_B,RCP_5,Groove_Depth,1083,44.98034164358264,0.17146428784816342,0.0038119827814297245,44.9849,0.10919999999999419,0.16189991999999137,44.488642999999996,45.370526,44.021,45.4961
PKG_B,RCP_6,Groove_Depth,1099,44.985267333939944,0.16856677774267967,0.0037471551850821487,44.9902,0.10770000000000124,0.15967602000000183,44.443672,45.371518,44.1256,45.4622
PKG_B,RCP_7,Groove_Depth,1073,44.97291146318732,0.17267710357181482,0.0038395802707405333,44.9787,0.1086000000000027,0.161010360000004,44.435808,45.35796,44.2153,45.4179
PKG_B,RCP_8,Groove_Depth,1074,44.97767532588455,0.17423117281572145,0.003873725610613135,44.978300000000004,0.11640000000000583,0.17257464000000863,44.462964500000005,45.3926035,44.125,45.4809
PKG_B,RCP_9,Groove_Depth,1138,44.98304569420035,0.1880860946502768,0.004181266335963701,44.9914,0.1255999999999986,0.18621455999999792,44.32565,45.411097,43.9586,45.7032
PKG_C,RCP_1,Groove_Depth,1076,44.984765706319706,0.17532109557346975,0.003897343752283669,44.9848,0.10845000000000127,0.16078797000000186,44.414,45.40625,44.2854,45.4427
PKG_C,RCP_2,Groove_Depth,1103,44.969330009066184,0.17820929460336984,0.00396290748755744,44.9758,0.11659999999999826,0.17287115999999741,44.308084,45.403014,44.1291,45.4669
PKG_C,RCP_3,Groove_Depth,1071,44.98423790849673,0.17446902545144455,0.0038784479533994823,44.9902,0.10909999999999798,0.161751659999997,44.466935,45.413685,44.1207,45.5383
PKG_C,RCP_4,Groove_Depth,1089,44.979308356290176,0.16786783610584305,0.003732112436592578,44.9869,0.10880000000000223,0.1613068800000033,44.498796,45.41182,44.0041,45.4958
PKG_C,RCP_5,Groove_Depth,1008,44.98590466269841,0.1699005523366399,0.0037767508202968007,44.992900000000006,0.11639999999999517,0.17257463999999284,44.547220499999995,45.3801615,44.2604,45.4879
PKG_C,RCP_6,Groove_Depth,1108,44.97347274368231,0.18412247077114752,0.004094023866480542,44.98245,0.1150999999999982,0.17064725999999733,44.2584315,45.4087255,44.1018,45.4892
PKG_C,RCP_7,Groove_Depth,1043,44.97857861936721,0.17646946948271916,0.003923411430496686,44.9882,0.1092000000000013,0.16189992000000192,44.398755,45.392644,44.1957,45.5002
PKG_C,RCP_8,Groove_Depth,1102,44.98595245009074,0.1672453411343334,0.0037177236898536764,44.98795,0.109849999999998,0.16286360999999702,44.495933,45.38858,44.1889,45.5152
PKG_C,RCP_9,Groove_Depth,1128,44.977726773049646,0.17657255816703868,0.003925777731231179,44.98115,0.1086500000000008,0.1610844900000012,44.4681445,45.4237545,44.073,45.4833
PKG_D,RCP_1,Groove_Depth,1157,44.97083154710458,0.17949652655054824,0.003991398877348644,44.974,0.11049999999999471,0.16382729999999215,44.366783999999996,45.384088,43.9718,45.5109
PKG_D,RCP_2,Groove_Depth,1110,44.977337117117116,0.17547130246817724,0.003901327061921542,44.981399999999994,0.11579999999999302,0.17168507999998964,44.526508,45.388189499999996,43.8232,45.6401
PKG_D,RCP_3,Groove_Depth,1060,44.97956537735849,0.17378172279030635,0.0038635705199095457,44.98375,0.11749999999999972,0.17420549999999957,44.421713499999996,45.400185,44.1547,45.5306
PKG_D,RCP_4,Groove_Depth,1055,44.971922559241705,0.18308577987464097,0.004071113029100798,44.978,0.11200000000000188,0.16605120000000279,44.402303,45.424876000000005,43.8039,45.5124
PKG_D,RCP_5,Groove_Depth,1045,44.9788833492823,0.16470162151180573,0.0036617543444291347,44.9783,0.10919999999999419,0.16189991999999137,44.50623,45.417622,44.2696,45.5558
PKG_D,RCP_6,Groove_Depth,1120,44.97778508928571,0.17698406526423013,0.00393492175999547,44.991,0.1153499999999994,0.1710179099999991,44.4204695,45.3743545,44.2104,45.5444
PKG_D,RCP_7,Groove_Depth,1070,44.99178672897196,0.1730870818847831,0.003847081755775785,44.990899999999996,0.11129999999999995,0.16501337999999993,44.507164,45.408589,44.1121,45.5613
PKG_D,RCP_8,Groove_Depth,1042,44.989276391554704,0.173630378774743,0.003859372559442555,45.0006,0.1089500000000001,0.16152927000000014,44.367391,45.365576999999995,44.0364,45.4144
PKG_D,RCP_9,Groove_Depth,1103,44.981177243880325,0.17722339086915895,0.003939945588980113,44.988,0.12049999999999983,0.17865329999999974,44.411463,45.388749000000004,44.1679,45.4368
PKG_E,RCP_1,Groove_Depth,1119,44.97342323503128,0.1818609639067803,0.004043742966960158,44.9818,0.1191999999999993,0.17672591999999895,44.424060000000004,45.398995,44.0797,45.5151
PKG_E,RCP_2,Groove_Depth,1124,44.97060222419928,0.17935910337859207,0.0039883633864719855,44.979150000000004,0.10890000000000555,0.1614551400000082,44.434179,45.424106,43.9276,45.5693
PKG_E,RCP_3,Groove_Depth,1053,44.98350845204179,0.1693475139183339,0.003764657754494186,44.9891,0.1045999999999978,0.15507995999999674,44.427496,45.404213999999996,44.1521,45.533
PKG_E,RCP_4,Groove_Depth,1074,44.97830512104283,0.17598970120950824,0.003912768627806131,44.98365,0.11700000000000088,0.1734642000000013,44.4893425,45.399840499999996,44.2932,45.5111
PKG_E,RCP_5,Groove_Depth,1027,44.97762171372931,0.17486328690994538,0.0038877841968369075,44.9841,0.10770000000000124,0.15967602000000183,44.34465,45.425194000000005,44.0128,45.483
PKG_E,RCP_6,Groove_Depth,1066,44.968624953095684,0.18174750177164134,0.004041651306020858,44.9771,0.11064999999999969,0.16404968999999953,44.334715,45.36792,44.0326,45.5612
PKG_E,RCP_7,Groove_Depth,1176,44.98728392857143,0.17172790027534407,0.0038172542389535028,44.9955,0.10610000000000142,0.1573038600000021,44.414950000000005,45.4086375,44.1957,45.4667
PKG_E,RCP_8,Groove_Depth,1101,44.99059972752044,0.18118210776081933,0.004027110304333007,44.9969,0.11459999999999582,0.16990595999999378,44.43845,45.437200000000004,44.1513,45.4971
PKG_E,RCP_9,Groove_Depth,1076,44.980848884758366,0.17883498983546983,0.003975802908781198,44.98350000000001,0.11714999999999876,0.17368658999999814,44.4679875,45.408125,44.1657,45.4976
PKG_F,RCP_1,Groove_Depth,1114,44.979589407540395,0.17706948137781367,0.003936662911114295,44.98125,0.11394999999999911,0.16894226999999867,44.46423,45.426322,44.2392,45.6383
PKG_F,RCP_2,Groove_Depth,1137,44.98035734388742,0.1762901626430099,0.003919269944772165,44.9887,0.11439999999999628,0.16960943999999448,44.496235999999996,45.364912,44.0953,45.4793
PKG_F,RCP_3,Groove_Depth,1112,44.973723920863314,0.17523997686111342,0.003896496922724684,44.980000000000004,0.11299999999999955,0.16753379999999932,44.4787315,45.374482,43.9562,45.4104
PKG_F,RCP_4,Groove_Depth,1106,44.98499104882459,0.17963181872901696,0.003993150038288393,44.98915,0.11630000000000251,0.1724263800000037,44.4411675,45.446059999999996,44.1675,45.5375
PKG_F,RCP_5,Groove_Depth,1044,44.975094731800766,0.179192432065408,0.0039842591357279675,44.9767,0.11540000000000106,0.17109204000000156,44.418395,45.4107745,43.9724,45.497
PKG_F,RCP_6,Groove_Depth,1061,44.97442902921772,0.18436092576509283,0.004099238828475675,44.9804,0.1097999999999999,0.16278947999999985,44.293499999999995,45.43134,43.9168,45.5746
PKG_F,RCP_7,Groove_Depth,1107,44.97076350496838,0.1866697416947288,0.0041509133300373134,44.9805,0.11910000000000309,0.17657766000000458,44.284265,45.405518,44.0483,45.4829
PKG_F,RCP_8,Groove_Depth,1126,44.97365195381883,0.17251967372692945,0.0038360165615209806,44.9767,0.11080000000000112,0.16427208000000165,44.4204,45.3960125,44.1987,45.6033
PKG_F,RCP_9,Groove_Depth,1117,44.96884843330349,0.18189164201597444,0.0040448365558159866,44.9666,0.11910000000000309,0.17657766000000458,44.26291,45.362672,44.0797,45.4873
PKG_A,RCP_1,Package_Size_1,1082,4.999933789279113,0.0006679103397729029,0.00013358383689100848,4.99997,0.00041500000000027626,0.0006152790000004095,4.99746505,5.001477850000001,4.99667,5.00212
PKG_A,RCP_2,Package_Size_1,1068,4.999951179775281,0.0006352976510426455,0.00012706077083560614,4.999975,0.00039999999999995595,0.0005930399999999347,4.99757355,5.0014165,4.99672,5.00181
PKG_A,RCP_3,Package_Size_1,1103,4.999967271078876,0.0006693511268285561,0.0001338711016570566,5.00001,0.00039999999999995595,0.0005930399999999347,4.9972617999999995,5.001494699999999,4.99624,5.00187
PKG_A,RCP_4,Package_Size_1,1068,4.999972322097379,0.0006386707444164358,0.00012773485596986813,4.99999,0.00042000000000008697,0.0006226920000001289,4.9980135,5.0014332,4.99643,5.00162
PKG_A,RCP_5,Package_Size_1,1118,4.9999063506261185,0.0006300618197026119,0.00012601472418052626,4.99995,0.00038999999999944635,0.0005782139999991791,4.9974306,5.00138905,4.9967,5.00182
PKG_A,RCP_6,Package_Size_1,1099,4.999936141947225,0.0006389130411771797,0.00012778424024598745,4.99996,0.00038999999999944635,0.0005782139999991791,4.9981393999999995,5.0015451,4.99704,5.00178
PKG_A,RCP_7,Package_Size_1,1107,4.99997064137308,0.0006461341743557913,0.00012922759366010026,4.99998,0.0003900000000003345,0.000578214000000496,4.9975818,5.0014547,4.99588,5.00213
PKG_A,RCP_8,Package_Size_1,1024,4.99995111328125,0.0006011404369088733,0.00012022926290460689,4.99997,0.0003900000000003345,0.000578214000000496,4.99798035,5.00136195,4.99697,5.00155
PKG_A,RCP_9,Package_Size_1,1087,4.999947175712971,0.0006530496735280139,0.00013061131459551708,4.99997,0.00039999999999995595,0.0005930399999999347,4.9972501000000005,5.0013399,4.99559,5.00256
PKG_B,RCP_1,Package_Size_1,1137,4.999962462620933,0.0006670150455611669,0.00013340401063961668,5.00001,0.00039999999999995595,0.0005930399999999347,4.9970972,5.001499600000001,4.99615,5.00206
PKG_B,RCP_2,Package_Size_1,1118,4.9999355456171735,0.0006220205741009101,0.00012440571851894347,4.999955,0.0003750000000000142,0.000555975000000021,4.99792775,5.00147905,4.9965,5.00186
PKG_B,RCP_3,Package_Size_1,1083,4.999937433056325,0.0006140725419526834,0.0001228160452354536,4.99993,0.00040999999999957737,0.0006078659999993734,4.9981807,5.0014159000000005,4.99712,5.00239
PKG_B,RCP_4,Package_Size_1,1099,4.999955141037307,0.000648764169952668,0.00012975399811648573,5.0,0.00040999999999957737,0.0006078659999993734,4.9974831,5.0013951,4.99664,5.00158
PKG_B,RCP_5,Package_Size_1,1083,4.9999696860572485,0.000620300366437165,0.00012406082544198503,4.99997,0.00038999999999944635,0.0005782139999991791,4.9977105,5.0014518,4.99716,5.00172
PKG_B,RCP_6,Package_Size_1,1099,4.999976451319381,0.0006358587556567149,0.0001271723500795541,4.99998,0.00042000000000008697,0.0006226920000001289,4.997717,5.0014302,4.99648,5.00159
PKG_B,RCP_7,Package_Size_1,1073,4.99995304753029,0.000602573410539817,0.00012051581381098292,4.99997,0.0003700000000002035,0.0005485620000003017,4.9979324,5.0013556,4.99641,5.00154
PKG_B,RCP_8,Package_Size_1,1074,4.999957011173184,0.0006532009547554904,0.00013064131417446408,5.00001,0.00039999999999995595,0.0005930399999999347,4.99778205,5.00151635,4.99602,5.00197
PKG_B,RCP_9,Package_Size_1,1138,4.999944007029877,0.0006468063264016499,0.00012936271396084555,4.999985000000001,0.00039500000000014523,0.0005856270000002153,4.99735425,5.0013631499999995,4.99604,5.00178
PKG_C,RCP_1,Package_Size_1,1076,4.999997899628252,0.000640391924443812,0.00012807843869122923,5.00001,0.0003900000000003345,0.000578214000000496,4.9980625,5.0017837499999995,4.99681,5.00203
PKG_C,RCP_2,Package_Size_1,1103,4.999977733454216,0.000675288695159875,0.0001350583404885194,5.00001,0.00041000000000046555,0.0006078660000006902,4.9972065,5.0015341,4.9965,5.00219
PKG_C,RCP_3,Package_Size_1,1071,4.999986227824463,0.0006186448563819655,0.0001237293120807541,4.99999,0.0004199999999991988,0.0006226919999988121,4.9982205,5.001423,4.99689,5.00183
PKG_C,RCP_4,Package_Size_1,1089,4.999948062442608,0.0006512080203768808,0.0001302429569755867,4.99997,0.00040999999999957737,0.0006078659999993734,4.997575599999999,5.00156,4.99621,5.00182
PKG_C,RCP_5,Package_Size_1,1008,4.999971140873016,0.0006158415077414948,0.00012316901245833318,4.999975,0.00038499999999963563,0.0005708009999994598,4.99809175,5.001397900000001,4.99703,5.00181
PKG_C,RCP_6,Package_Size_1,1108,4.999921037906137,0.0006928806282163747,0.00013857831413004447,4.99996,0.00040999999999957737,0.0006078659999993734,4.9970914,5.001683949999999,4.99656,5.00189
PKG_C,RCP_7,Package_Size_1,1043,4.999931620325983,0.0006285908452395276,0.00012571988838490258,4.99996,0.0003900000000003345,0.000578214000000496,4.9976273,5.00134,4.99605,5.0017
PKG_C,RCP_8,Package_Size_1,1102,4.999980081669691,0.0006244604520512219,0.00012489258794060832,4.99999,0.00040999999999957737,0.0006078659999993734,4.9978506000000005,5.0015499,4.99704,5.00179
PKG_C,RCP_9,Package_Size_1,1128,4.9999443085106385,0.0006354477497208193,0.0001270909655211947,4.999935,0.00040499999999976666,0.0006004529999996541,4.9977008,5.00157365,4.99653,5.0023
PKG_D,RCP_1,Package_Size_1,1157,4.999939291270527,0.0006772874983338871,0.00013545914437728754,4.99996,0.00040999999999957737,0.0006078659999993734,4.9969836,5.0014876,4.9961,5.00193
PKG_D,RCP_2,Package_Size_1,1110,4.999967108108108,0.0005881704428284053,0.00011763486241231649,4.99998,0.0003700000000002035,0.0005485620000003017,4.9981526999999994,5.00138455,4.99698,5.00171
PKG_D,RCP_3,Package_Size_1,1060,4.9999405943396225,0.0006300190545001143,0.00012600530798572926,4.99995,0.00040999999999957737,0.0006078659999993734,4.9977854,5.00154755,4.99682,5.00201
PKG_D,RCP_4,Package_Size_1,1055,4.999937336492891,0.0006562568626512775,0.00013125301748513434,4.99996,0.00039999999999995595,0.0005930399999999347,4.9978562,5.0014919,4.99679,5.0019
PKG_D,RCP_5,Package_Size_1,1045,4.999969550239235,0.0006116820041083163,0.00012233714584902804,4.99998,0.0003700000000002035,0.0005485620000003017,4.9981532,5.0014678,4.99686,5.00249
PKG_D,RCP_6,Package_Size_1,1120,4.999938196428571,0.0006445588281288714,0.00012891335908697357,4.99997,0.00042000000000008697,0.0006226920000001289,4.9976095,5.001378099999999,4.99669,5.00183
PKG_D,RCP_7,Package_Size_1,1070,4.999939757009346,0.0006339310713330985,0.00012678774188116954,4.99994,0.00038999999999944635,0.0005782139999991791,4.9981114,5.00158965,4.997,5.00199
PKG_D,RCP_8,Package_Size_1,1042,4.999960825335893,0.0006402221713100732,0.00012804543748941546,4.99999,0.0004199999999991988,0.0006226919999988121,4.998060499999999,5.0014118000000005,4.99707,5.0023
PKG_D,RCP_9,Package_Size_1,1103,4.999945684496827,0.0006481966175438871,0.00012964073180909343,4.99998,0.0003799999999998249,0.0005633879999997404,4.997541,5.0014749,4.99674,5.00231
PKG_E,RCP_1,Package_Size_1,1119,4.999975495978552,0.0006066233264763228,0.00012132525988661866,4.99998,0.00039999999999995595,0.0005930399999999347,4.9981059,5.0014541,4.99693,5.00172
PKG_E,RCP_2,Package_Size_1,1124,4.999942348754448,0.0006414832817704275,0.0001282981356635501,4.99998,0.00040999999999957737,0.0006078659999993734,4.9974937,5.00144385,4.99633,5.00188
PKG_E,RCP_3,Package_Size_1,1053,4.99996759734093,0.000640832263390989,0.00012816728327035454,4.99998,0.00039999999999995595,0.0005930399999999347,4.9981104,5.0015744,4.99651,5.00199
PKG_E,RCP_4,Package_Size_1,1074,4.999969255121043,0.0006516366978035573,0.00013032814094529507,5.000014999999999,0.00041500000000027626,0.0006152790000004095,4.9979001499999995,5.00140635,4.99691,5.00169
PKG_E,RCP_5,Package_Size_1,1027,4.9999431061343715,0.0006608515324819325,0.00013217181044943122,4.99999,0.00043000000000059657,0.0006375180000008845,4.9972943,5.0014579,4.99664,5.00174
PKG_E,RCP_6,Package_Size_1,1066,4.999937954971857,0.0006473860345904962,0.00012947881362142624,4.99997,0.00039999999999995595,0.0005930399999999347,4.997616,5.0015367500000005,4.99703,5.00192
PKG_E,RCP_7,Package_Size_1,1176,4.999956224489796,0.0006501154311479281,0.0001300242246049398,4.99998,0.00042000000000008697,0.0006226920000001289,4.997585,5.001401250000001,4.997,5.00175
PKG_E,RCP_8,Package_Size_1,1101,4.999942752043596,0.0006605092809944268,0.0001321033687284641,4.99996,0.00042000000000008697,0.0006226920000001289,4.997540000000001,5.001435,4.99628,5.00197
PKG_E,RCP_9,Package_Size_1,1076,4.99995406133829,0.0006486183899404956,0.00012972486986548155,4.99998,0.0003900000000003345,0.000578214000000496,4.997706249999999,5.00155,4.99667,5.00214
PKG_F,RCP_1,Package_Size_1,1114,4.9999337253141825,0.0006197118711030901,0.00012394401709077635,4.99996,0.0003900000000003345,0.000578214000000496,4.9978513,5.00132435,4.99589,5.00175
PKG_F,RCP_2,Package_Size_1,1137,4.999978240985048,0.0006197978444068455,0.0001239601083313392,5.00001,0.00038999999999944635,0.0005782139999991791,4.9978112,5.0017496,4.9969,5.00198
PKG_F,RCP_3,Package_Size_1,1112,4.999975782374101,0.0006326620847913146,0.00012653302982417895,5.00001,0.00039999999999995595,0.0005930399999999347,4.9978554,5.00141005,4.99657,5.00204
PKG_F,RCP_4,Package_Size_1,1106,4.999920117540687,0.0006473425556547755,0.0001294705796166168,4.999955,0.00041500000000027626,0.0006152790000004095,4.9976765,5.0014895,4.99725,5.0019
PKG_F,RCP_5,Package_Size_1,1044,4.999952883141763,0.0006502429826418208,0.00013004982203616988,4.99999,0.0003900000000003345,0.000578214000000496,4.99776,5.0014614,4.99617,5.00174
PKG_F,RCP_6,Package_Size_1,1061,4.9999615928369465,0.0006585331098005271,0.00013170763366341772,5.00003,0.00041000000000046555,0.0006078660000006902,4.997636,5.001577,4.99635,5.00173
PKG_F,RCP_7,Package_Size_1,1107,4.99992487804878,0.0006687419422282916,0.00013375039796383262,4.99994,0.00040999999999957737,0.0006078659999993734,4.9972567,5.0015188,4.99629,5.00164
PKG_F,RCP_8,Package_Size_1,1126,4.999956971580817,0.0006329778462617361,0.0001265966587031668,4.99998,0.00039999999999995595,0.0005930399999999347,4.99777125,5.001385,4.9972,5.00192
PKG_F,RCP_9,Package_Size_1,1117,4.999975425246196,0.0006307531788171062,0.00012615125579063186,5.00001,0.00039999999999995595,0.0005930399999999347,4.9978457999999994,5.0015684,4.9965,5.00191
PKG_A,RCP_1,Package_Size_2,1082,4.999991885397412,0.0005485256951938937,0.00010970531708178872,4.99998,0.0003700000000002035,0.0005485620000003017,4.9983321499999995,5.0013619,4.99797,5.00174
PKG_A,RCP_2,Package_Size_2,1068,4.999970730337079,0.0005251816576307623,0.00010503694640535558,4.999975,0.0003649999999995046,0.0005411489999992656,4.99847675,5.00129665,4.99819,5.0016
PKG_A,RCP_3,Package_Size_2,1103,4.999979700815956,0.0005110247358430137,0.00010220536210569387,4.99999,0.0003399999999995629,0.0005040839999993519,4.9986004,5.0012998,4.99822,5.00159
PKG_A,RCP_4,Package_Size_2,1068,4.999959634831461,0.0005164952520977722,0.00010329988436300291,4.99995,0.0003399999999995629,0.0005040839999993519,4.99859035,5.00125,4.99802,5.00169
PKG_A,RCP_5,Package_Size_2,1118,4.999979338103756,0.0005465191472692395,0.0001093042811405911,4.99997,0.00034000000000045105,0.0005040840000006688,4.998545099999999,5.0013466,4.99738,5.00172
PKG_A,RCP_6,Package_Size_2,1099,4.999990145586897,0.0005389352120210175,0.0001077872548402308,4.99999,0.0003599999999996939,0.0005337359999995462,4.9986047,5.0012951,4.99804,5.0017
PKG_A,RCP_7,Package_Size_2,1107,4.9999648870822035,0.0005409108092032175,0.00010818292156424987,4.99997,0.0003599999999996939,0.0005337359999995462,4.9985253,5.0014647,4.99759,5.00161
PKG_A,RCP_8,Package_Size_2,1024,4.99997787109375,0.0005449459953192453,0.00010898968142833757,5.00001,0.000380000000000269,0.0005633880000003988,4.99851115,5.00130655,4.99834,5.00162
PKG_A,RCP_9,Package_Size_2,1087,4.999955114995401,0.0005298011724635224,0.00010596118570636604,4.99997,0.0003599999999996939,0.0005337359999995462,4.9984601,5.0011585,4.99719,5.00159
PKG_B,RCP_1,Package_Size_2,1137,4.999965549692172,0.0005558254879911916,0.0001111658635378821,4.99999,0.0003799999999998249,0.0005633879999997404,4.9984008,5.0012296,4.99781,5.00175
PKG_B,RCP_2,Package_Size_2,1118,4.999977674418605,0.0005580116843117962,0.0001116028351819954,4.99997,0.00038999999999944635,0.0005782139999991791,4.9986317,5.00136,4.9979,5.00182
PKG_B,RCP_3,Package_Size_2,1083,4.999969944598338,0.0005448065985559726,0.00010896197469037755,4.99997,0.0003500000000000725,0.0005189100000001075,4.9985741,5.0013859,4.99796,5.00183
PKG_B,RCP_4,Package_Size_2,1099,4.999987424931756,0.0005377257754791621,0.0001075454255740456,4.99999,0.0003599999999996939,0.0005337359999995462,4.9985447,5.0012906,4.99792,5.00178
PKG_B,RCP_5,Package_Size_2,1083,4.999963425669437,0.0005330137787374027,0.00010660353553807014,4.99995,0.0003599999999996939,0.0005337359999995462,4.9985840999999995,5.0013318,4.99787,5.00172
PKG_B,RCP_6,Package_Size_2,1099,4.999992220200182,0.0005396990177794363,0.00010793997150616138,5.0,0.0003599999999996939,0.0005337359999995462,4.9984492000000005,5.0013953,4.99806,5.00193
PKG_B,RCP_7,Package_Size_2,1073,4.999969254426841,0.0005501909467907019,0.00011003886599974138,4.99997,0.0003700000000002035,0.0005485620000003017,4.998573599999999,5.0013828,4.99772,5.00155
PKG_B,RCP_8,Package_Size_2,1074,4.999979245810056,0.0005265246702963769,0.00010530537116481044,4.99997,0.000360000000000138,0.0005337360000002045,4.99854365,5.0012954,4.99838,5.00162
PKG_B,RCP_9,Package_Size_2,1138,4.999984797891036,0.0005395387159032539,0.00010790807126670227,5.0,0.0003700000000002035,0.0005485620000003017,4.99854685,5.00129,4.99819,5.00194
PKG_C,RCP_1,Package_Size_2,1076,4.999976756505576,0.000518683288412665,0.00010373713992525969,5.00001,0.00034000000000045105,0.0005040840000006688,4.9986137500000005,5.00123,4.99729,5.00146
PKG_C,RCP_2,Package_Size_2,1103,4.999974895738894,0.0005323898819449128,0.00010647851100185104,4.99999,0.0003500000000000725,0.0005189100000001075,4.9984851,5.0012547,4.99737,5.00165
PKG_C,RCP_3,Package_Size_2,1071,4.9999915406162465,0.0005323937812388632,0.00010647893639700958,4.99999,0.0003500000000000725,0.0005189100000001075,4.9984535,5.00136,4.99827,5.00171
PKG_C,RCP_4,Package_Size_2,1089,4.999992047750229,0.0005401279239109213,0.00010802575659174388,4.99999,0.0003599999999996939,0.0005337359999995462,4.9985152,5.0013112,4.99776,5.00153
PKG_C,RCP_5,Package_Size_2,1008,5.000016259920635,0.0005343849074364112,0.00010687663392616517,5.000025,0.0003549999999998832,0.0005263229999998268,4.99871,5.0014072,4.99757,5.00156
PKG_C,RCP_6,Package_Size_2,1108,4.9999465433212995,0.0005426229090516693,0.00010852574209547904,4.99997,0.0003500000000000725,0.0005189100000001075,4.9981921,5.00137325,4.99773,5.00172
PKG_C,RCP_7,Package_Size_2,1043,4.9999820517737295,0.0005533031236538974,0.0001106610219645918,4.99999,0.0003799999999998249,0.0005633879999997404,4.9982163,5.0012595,4.99753,5.00166
PKG_C,RCP_8,Package_Size_2,1102,4.999982758620689,0.0005252216467314793,0.00010504469156937026,4.9999649999999995,0.0003649999999995046,0.0005411489999992656,4.99867505,5.00126485,4.99842,5.00189
PKG_C,RCP_9,Package_Size_2,1128,4.999974618794327,0.0005323462957506211,0.00010646979961650063,4.99998,0.0003500000000000725,0.0005189100000001075,4.99848255,5.00136365,4.99824,5.00182
PKG_D,RCP_1,Package_Size_2,1157,4.999956862575627,0.0005362927910589967,0.00010725948359137168,4.99995,0.0003599999999996939,0.0005337359999995462,4.9985134,5.0013122,4.99796,5.00171
PKG_D,RCP_2,Package_Size_2,1110,4.999968774774775,0.0005339480980489196,0.0001067902865199336,4.99995,0.0003599999999996939,0.0005337359999995462,4.9986254500000005,5.00142455,4.99831,5.00164
PKG_D,RCP_3,Package_Size_2,1060,4.999961443396226,0.0005330048193889082,0.00010660178591834588,4.99997,0.0003500000000000725,0.0005189100000001075,4.9984059,5.00119705,4.99748,5.00157
PKG_D,RCP_4,Package_Size_2,1055,4.9999654312796205,0.0005258737905739646,0.00010517548527118116,4.99997,0.0003700000000002035,0.0005485620000003017,4.9987027,5.0012492,4.99805,5.00171
PKG_D,RCP_5,Package_Size_2,1045,4.999995511961723,0.0005368822754407536,0.00010737655147016532,4.99999,0.0003399999999995629,0.0005040839999993519,4.9985843999999995,5.0013678,4.99805,5.00184
PKG_D,RCP_6,Package_Size_2,1120,4.999957946428571,0.0005358911604262281,0.00010717913353831521,4.99995,0.0003399999999995629,0.0005040839999993519,4.99849595,5.00132405,4.99798,5.00137
PKG_D,RCP_7,Package_Size_2,1070,4.999953,0.0005392267182690286,0.00010784635740956539,4.99997,0.0003600000000005821,0.000533736000000863,4.99858035,5.0012131,4.99822,5.00135
PKG_D,RCP_8,Package_Size_2,1042,4.999993656429942,0.000532935402402015,0.00010658721570909703,4.99999,0.0003500000000000725,0.0005189100000001075,4.99842845,5.0014059,4.99767,5.00168
PKG_D,RCP_9,Package_Size_2,1103,4.999962728921124,0.0005257447279892689,0.00010514972940662546,4.99996,0.00034000000000045105,0.0005040840000006688,4.9985504,5.0012441,4.99797,5.00147
PKG_E,RCP_1,Package_Size_2,1119,4.999982975871314,0.0005418934127622752,0.0001083790515642392,4.99999,0.0003600000000005821,0.000533736000000863,4.9985118,5.0013264,4.99787,5.00175
PKG_E,RCP_2,Package_Size_2,1124,4.999980151245551,0.0005531208907264137,0.00011062461729745568,5.000005,0.0003649999999995046,0.0005411489999992656,4.9985146,5.001369250000001,4.99784,5.0018
PKG_E,RCP_3,Package_Size_2,1053,4.999977692307692,0.0005280953403556578,0.00010561953929676844,4.99998,0.0003399999999995629,0.0005040839999993519,4.99864,5.0013818,4.99749,5.00162
PKG_E,RCP_4,Package_Size_2,1074,4.999985102420857,0.0005152871228260499,0.00010305773162735261,4.99999,0.00032999999999994145,0.0004892579999999132,4.99839825,5.0011827,4.99767,5.00127
PKG_E,RCP_5,Package_Size_2,1027,4.999972482960078,0.0005562089448252473,0.0001112424011773683,4.99998,0.00038999999999944635,0.0005782139999991791,4.9982369,5.0012861,4.99744,5.00157
PKG_E,RCP_6,Package_Size_2,1066,4.999980131332083,0.0005496076121529089,0.00010992195923116273,4.99999,0.0003750000000000142,0.000555975000000021,4.9986092499999994,5.001287,4.99814,5.00179
PKG_E,RCP_7,Package_Size_2,1176,4.999972542517007,0.0005357351662934621,0.00010714762165949233,4.999985000000001,0.00034500000000026176,0.0005114970000003881,4.99842875,5.00130125,4.99788,5.00174
PKG_E,RCP_8,Package_Size_2,1101,4.999983878292461,0.0005558640609580266,0.000111173170651874,4.99999,0.0003600000000005821,0.000533736000000863,4.998514999999999,5.001295,4.99826,5.00199
PKG_E,RCP_9,Package_Size_2,1076,4.999960083643122,0.0005338808267612403,0.00010677701778215769,4.99998,0.0003399999999995629,0.0005040839999993519,4.998478749999999,5.00118625,4.99749,5.00178
PKG_F,RCP_1,Package_Size_2,1114,4.9999778545780975,0.0005565675615158564,0.00011131400532229358,4.99997,0.0003700000000002035,0.0005485620000003017,4.9982582,5.00139,4.99771,5.00192
PKG_F,RCP_2,Package_Size_2,1137,5.000005145118733,0.0005387696281310962,0.00010775381474498508,5.0,0.0003599999999996939,0.0005337359999995462,4.9985272,5.0013328,4.99816,5.0018
PKG_F,RCP_3,Package_Size_2,1112,4.999978471223022,0.0005247796683763343,0.00010495638559179042,4.999985000000001,0.0003449999999993736,0.0005114969999990712,4.99861665,5.0012089,4.99785,5.0015
PKG_F,RCP_4,Package_Size_2,1106,5.000007097649187,0.0005440637967099241,0.00010881260487924552,5.0,0.0003399999999995629,0.0005040839999993519,4.9987205,5.0015785,4.9977,5.00202
PKG_F,RCP_5,Package_Size_2,1044,4.999977298850575,0.0005481668069871309,0.00010963385916034995,4.999975,0.00034500000000026176,0.0005114970000003881,4.998425800000001,5.00126,4.99781,5.00165
PKG_F,RCP_6,Package_Size_2,1061,4.999980461828463,0.0005441107282771981,0.00010882257089425106,5.0,0.0003599999999996939,0.0005337359999995462,4.9984210000000004,5.001331,4.99809,5.00173
PKG_F,RCP_7,Package_Size_2,1107,4.999975085817525,0.0005315366059969569,0.00010630785091403063,4.99998,0.0003500000000000725,0.0005189100000001075,4.9983883,5.0012482,4.99751,5.002
PKG_F,RCP_8,Package_Size_2,1126,4.999973303730018,0.000530755528677609,0.00010615167250626347,4.99999,0.0003399999999995629,0.0005040839999993519,4.998433749999999,5.00134125,4.99751,5.0015
PKG_F,RCP_9,Package_Size_2,1117,5.000003446732319,0.0005389413076088462,0.00010778818721836354,5.00001,0.0003699999999993153,0.0005485619999989849,4.9984758,5.0013068,4.99782,5.00156
PKG_A,RCP_1,Package_Size_3,1082,5.0000223012939,0.0005362191360506965,0.0001072433488770509,5.0,0.0003599999999996939,0.0005337359999995462,4.99866405,5.0016038,4.99812,5.00235
PKG_A,RCP_2,Package_Size_3,1068,5.000054325842697,0.0005485796729288998,0.00010971474251661125,5.00004,0.0003699999999993153,0.0005485619999989849,4.9986634,5.00157665,4.99823,5.002
PKG_A,RCP_3,Package_Size_3,1103,5.000027733454216,0.0005376229303864719,0.00010752398967496544,5.00003,0.0003500000000000725,0.0005189100000001075,4.9987354999999996,5.0014449,4.99786,5.00184
PKG_A,RCP_4,Package_Size_3,1068,5.000029316479401,0.0005353302207062088,0.00010706541638502695,5.00004,0.0003500000000000725,0.0005189100000001075,4.9986267,5.0016298,4.99828,5.00232
PKG_A,RCP_5,Package_Size_3,1118,5.000037182468694,0.0005625880412758005,0.00011251677152489314,5.00001,0.0003700000000002035,0.0005485620000003017,4.99867,5.0016131999999995,4.99852,5.00209
PKG_A,RCP_6,Package_Size_3,1099,5.000051965423111,0.000518462026690762,0.00010369132766540939,5.00004,0.00034000000000045105,0.0005040840000006688,4.9987749,5.0013751,4.99825,5.00176
PKG_A,RCP_7,Package_Size_3,1107,5.000015510388438,0.000534226373300575,0.00010684494321880061,5.00001,0.0003600000000005821,0.000533736000000863,4.9987353,5.0014429,4.99833,5.00206
PKG_A,RCP_8,Package_Size_3,1024,5.00002744140625,0.0005430521762800927,0.00010860983917467462,5.00005,0.0003700000000002035,0.0005485620000003017,4.99856805,5.0014531,4.9983,5.0018
PKG_A,RCP_9,Package_Size_3,1087,5.000023091076357,0.0005676130224571903,0.00011352208022203354,5.00001,0.0003599999999996939,0.0005337359999995462,4.9986158,5.0015728,4.99804,5.002
PKG_B,RCP_1,Package_Size_3,1137,5.000023412489006,0.0005333366926869931,0.0001066668390701592,5.00002,0.0003399999999995629,0.0005040839999993519,4.998607600000001,5.0015652,4.99803,5.00279
PKG_B,RCP_2,Package_Size_3,1118,5.000021681574239,0.0005448077027552673,0.00010896106806155619,5.00003,0.0003700000000002035,0.0005485620000003017,4.99866585,5.00150075,4.99838,5.00205
PKG_B,RCP_3,Package_Size_3,1083,5.000023462603878,0.0005255768024406596,0.0001051148672344336,5.00003,0.0003500000000000725,0.0005189100000001075,4.9987082,5.0014018,4.99836,5.00213
PKG_B,RCP_4,Package_Size_3,1099,5.000037361237489,0.0005512394938580995,0.00011024707497818977,5.00005,0.0003700000000002035,0.0005485620000003017,4.9986845,5.00149,4.99848,5.00195
PKG_B,RCP_5,Package_Size_3,1083,5.000004727608495,0.0005236356222803069,0.00010472702543438636,5.0,0.0003399999999995629,0.0005040839999993519,4.99873,5.0014395,4.99828,5.00165
PKG_B,RCP_6,Package_Size_3,1099,5.000037998180164,0.0005385695788416007,0.00010771309718798553,5.00003,0.0003599999999996939,0.0005337359999995462,4.9986849,5.0015651,4.99837,5.00199
PKG_B,RCP_7,Package_Size_3,1073,5.000020102516309,0.0005499403705153172,0.00010998763189743062,5.00003,0.0003500000000000725,0.0005189100000001075,4.9986408,5.0016256,4.99833,5.00279
PKG_B,RCP_8,Package_Size_3,1074,5.000018054003725,0.0005355836047154497,0.00010711633416735071,5.000005,0.0003549999999998832,0.0005263229999998268,4.99873,5.00146635,4.99844,5.00242
PKG_B,RCP_9,Package_Size_3,1138,5.0000235588752195,0.0005313932555509692,0.00010627815035145729,5.00005,0.0003700000000002035,0.0005485620000003017,4.9987137,5.00149,4.99832,5.00167
PKG_C,RCP_1,Package_Size_3,1076,5.000032416356878,0.0005252096081872007,0.00010504124062657152,5.00003,0.0003500000000000725,0.0005189100000001075,4.99865375,5.00144125,4.99806,5.00246
PKG_C,RCP_2,Package_Size_3,1103,5.000026065276519,0.0005469830829310657,0.00010939604629857376,5.00001,0.0003600000000005821,0.000533736000000863,4.99873,5.0017043,4.99848,5.00268
PKG_C,RCP_3,Package_Size_3,1071,5.000024024276377,0.0005488591016179185,0.00010977129288840796,5.00002,0.0003599999999996939,0.0005337359999995462,4.9985935,5.00139,4.99833,5.0019
PKG_C,RCP_4,Package_Size_3,1089,5.000027309458218,0.0005251738303890237,0.000105034192392427,5.00002,0.0003599999999996939,0.0005337359999995462,4.9987152,5.001411200000001,4.99834,5.00203
PKG_C,RCP_5,Package_Size_3,1008,5.0000180753968255,0.000507532013822203,0.0001015060358120651,5.00003,0.00032500000000013074,0.0004818450000001938,4.9987114,5.00141825,4.99793,5.00174
PKG_C,RCP_6,Package_Size_3,1108,5.000051398916968,0.0005360656060096107,0.00010721201908558876,5.00004,0.0003549999999998832,0.0005263229999998268,4.998645349999999,5.0016693000000005,4.9984,5.00202
PKG_C,RCP_7,Package_Size_3,1043,5.000040910834132,0.0005528776878505274,0.0001105746328300129,5.00003,0.0003699999999993153,0.0005485619999989849,4.9987026,5.0016937,4.99837,5.00237
PKG_C,RCP_8,Package_Size_3,1102,5.0000171143375685,0.0005325927734217384,0.0001065181900866952,5.00004,0.0003600000000005821,0.000533736000000863,4.99859515,5.00130495,4.99832,5.00219
PKG_C,RCP_9,Package_Size_3,1128,5.00002140070922,0.0005477022964821495,0.0001095399904497332,5.00002,0.0003700000000002035,0.0005485620000003017,4.9986008,5.00144365,4.99814,5.00251
PKG_D,RCP_1,Package_Size_3,1157,5.000046231633535,0.0005402177969104429,0.000108042560385277,5.00005,0.0003599999999996939,0.0005337359999995462,4.9987178,5.0015508,4.99765,5.00249
PKG_D,RCP_2,Package_Size_3,1110,5.000023954954956,0.0005388629261267433,0.00010777206889033751,5.00004,0.0003699999999993153,0.0005485619999989849,4.9985972499999995,5.0013745499999995,4.99818,5.00178
PKG_D,RCP_3,Package_Size_3,1060,5.0000406698113204,0.0005402496751112265,0.00010804905615529986,5.00005,0.0003599999999996939,0.0005337359999995462,4.99868475,5.00137705,4.99824,5.00246
PKG_D,RCP_4,Package_Size_3,1055,5.000041924170617,0.0005408619815153693,0.00010817148930307918,5.00004,0.0003799999999998249,0.0005633879999997404,4.9986381,5.0014046,4.99835,5.00177
PKG_D,RCP_5,Package_Size_3,1045,5.000011014354067,0.0005311567698539287,0.00010623111995735212,4.99999,0.0003600000000005821,0.000533736000000863,4.9986787999999995,5.0013834,4.99844,5.00246
PKG_D,RCP_6,Package_Size_3,1120,5.000050401785714,0.0005574295654713153,0.00011148478928777105,5.00007,0.0003700000000002035,0.0005485620000003017,4.998629749999999,5.001658099999999,4.99821,5.00182
PKG_D,RCP_7,Package_Size_3,1070,5.00003106542056,0.0005349465456982819,0.00010698864441020963,5.00002,0.0003500000000000725,0.0005189100000001075,4.99876,5.0015186,4.99837,5.00205
PKG_D,RCP_8,Package_Size_3,1042,5.00004472168906,0.0005362748815647361,0.00010725401699678752,5.000045,0.0003500000000000725,0.0005189100000001075,4.99877205,5.0016159,4.99771,5.0021
PKG_D,RCP_9,Package_Size_3,1103,5.00002598368087,0.0005525337674403366,0.00011050617921660833,5.00001,0.0003700000000002035,0.0005485620000003017,4.9987302,5.001459,4.99849,5.002
PKG_E,RCP_1,Package_Size_3,1119,5.00002400357462,0.0005421777989184135,0.00010843503921797164,5.00004,0.0003599999999996939,0.0005337359999995462,4.9987277,5.0014664,4.99828,5.0021
PKG_E,RCP_2,Package_Size_3,1124,5.000004822064057,0.0005214799001007914,0.00010429587943587596,5.0,0.0003599999999996939,0.0005337359999995462,4.99862845,5.001407700000001,4.99833,5.00181
PKG_E,RCP_3,Package_Size_3,1053,5.000016951566952,0.0005279189311268548,0.00010558342826446032,4.99999,0.0003499999999991843,0.0005189099999987906,4.9987556,5.001469200000001,4.99849,5.00245
PKG_E,RCP_4,Package_Size_3,1074,5.000026918063314,0.0005462210248656198,0.00010924361684780497,5.000014999999999,0.0003650000000003928,0.0005411490000005823,4.9986673,5.00147,4.99849,5.00203
PKG_E,RCP_5,Package_Size_3,1027,5.000042979552093,0.0005515532582239448,0.00011030970343245995,5.00003,0.0003500000000000725,0.0005189100000001075,4.9984395,5.0015474,4.99825,5.00318
PKG_E,RCP_6,Package_Size_3,1066,5.000031350844277,0.0005318878193562395,0.00010637689687014221,5.00003,0.0003799999999998249,0.0005633879999997404,4.99873325,5.00138675,4.9984,5.00214
PKG_E,RCP_7,Package_Size_3,1176,4.9999940646258505,0.0005484653801897618,0.0001096932062519965,4.999985000000001,0.00035500000000077137,0.0005263230000011436,4.99874875,5.00144,4.99818,5.0026
PKG_E,RCP_8,Package_Size_3,1101,5.000007302452316,0.0005557501795552447,0.0001111498735777186,5.0,0.0003799999999998249,0.0005633879999997404,4.998585,5.0015149999999995,4.99831,5.00221
PKG_E,RCP_9,Package_Size_3,1076,5.000016068773234,0.0005482475004751517,0.00010964914770957239,5.00002,0.0003599999999996939,0.0005337359999995462,4.99862875,5.001395,4.998,5.00177
PKG_F,RCP_1,Package_Size_3,1114,5.000027324955117,0.000531833381860992,0.00010636609508244358,5.00001,0.0003499999999991843,0.0005189099999987906,4.9988113,5.0014161,4.9985,5.00227
PKG_F,RCP_2,Package_Size_3,1137,5.00001817062445,0.0005169629577974623,0.0001033922158192675,5.00001,0.0003499999999991843,0.0005189099999987906,4.9988236,5.0014564,4.99852,5.00212
PKG_F,RCP_3,Package_Size_3,1112,5.00000506294964,0.0005449597179090889,0.00010899183321778523,4.999995,0.0003549999999998832,0.0005263229999998268,4.9986722,5.00146335,4.99839,5.002
PKG_F,RCP_4,Package_Size_3,1106,5.000028508137432,0.0005552042862598087,0.00011104022414196768,5.00003,0.0003799999999998249,0.0005633879999997404,4.99857525,5.00153425,4.99827,5.00187
PKG_F,RCP_5,Package_Size_3,1044,4.999999051724138,0.0005357126786105096,0.00010714255604224187,4.99999,0.0003599999999996939,0.0005337359999995462,4.9985529,5.00134,4.99807,5.00178
PKG_F,RCP_6,Package_Size_3,1061,5.000042912346843,0.0005620606467379253,0.00011241116458220835,5.00004,0.0003799999999998249,0.0005633879999997404,4.99866,5.001607,4.99847,5.0027
PKG_F,RCP_7,Package_Size_3,1107,5.000044643179765,0.000547739670725124,0.00010954695604013455,5.00004,0.0003600000000005821,0.000533736000000863,4.9987218,5.0015841,4.99828,5.00178
PKG_F,RCP_8,Package_Size_3,1126,5.000019662522202,0.0005285050377211646,0.00010570059187618601,5.00002,0.0003500000000000725,0.0005189100000001075,4.99883125,5.001595,4.99836,5.00229
PKG_F,RCP_9,Package_Size_3,1117,5.000032032229186,0.0005379765011655664,0.00010759461093406596,5.00002,0.00034000000000045105,0.0005040840000006688,4.9986657999999995,5.00167,4.99844,5.00202
PKG_A,RCP_1,Package_Size_4,1082,5.000027338262477,0.0006515994227795321,0.00013031917201596034,5.00001,0.00039999999999995595,0.0005930399999999347,4.9984781,5.00251115,4.9978,5.00341
PKG_A,RCP_2,Package_Size_4,1068,5.00004824906367,0.0006326456444803472,0.00012652790792545233,5.00003,0.00040999999999957737,0.0006078659999993734,4.99855005,5.0021166,4.99833,5.00343
PKG_A,RCP_3,Package_Size_4,1103,5.000080108794197,0.0006560401938024643,0.00013120593661061818,5.00004,0.00041000000000046555,0.0006078660000006902,4.9985951,5.0025139,4.99799,5.0038
PKG_A,RCP_4,Package_Size_4,1068,5.000060187265917,0.0006248524943438228,0.00012496899456034317,5.00002,0.0003700000000002035,0.0005485620000003017,4.9983901,5.0023498,4.9977,5.00378
PKG_A,RCP_5,Package_Size_4,1118,5.0000860286225395,0.0006569080385176131,0.00013137934722666823,5.00006,0.00042000000000008697,0.0006226920000001289,4.9986717,5.00251375,4.9984,5.00338
PKG_A,RCP_6,Package_Size_4,1099,5.0000245404913555,0.0006143416833977743,0.00012286773363264384,5.00002,0.00039999999999995595,0.0005930399999999347,4.99852,5.00209,4.9983,5.00334
PKG_A,RCP_7,Package_Size_4,1107,5.000053568202349,0.0006622333340970466,0.00013244524784864194,5.00004,0.00039999999999995595,0.0005930399999999347,4.9984,5.0027169,4.99809,5.00353
PKG_A,RCP_8,Package_Size_4,1024,5.00004767578125,0.000637038041742322,0.00012740639350859503,5.00004,0.00039999999999995595,0.0005930399999999347,4.99851115,5.00213,4.99806,5.00356
PKG_A,RCP_9,Package_Size_4,1087,5.000042069917203,0.0006490594148615657,0.00012981079074646937,5.00001,0.00041000000000046555,0.0006078660000006902,4.99856,5.0025039,4.9983,5.00365
PKG_B,RCP_1,Package_Size_4,1137,5.000064151275286,0.0006584770935494627,0.00013169372904575947,5.00002,0.00042000000000008697,0.0006226920000001289,4.9987,5.0026779999999995,4.99843,5.00387
PKG_B,RCP_2,Package_Size_4,1118,5.0000663595706625,0.0006394007962169023,0.00012787846205141273,5.00007,0.0004299999999997084,0.0006375179999995676,4.9984950999999995,5.00212735,4.9981,5.00341
PKG_B,RCP_3,Package_Size_4,1083,5.000042899353647,0.0006046467446323562,0.0001209283113771921,5.00004,0.0003700000000002035,0.0005485620000003017,4.9985728,5.0019749,4.99815,5.00373
PKG_B,RCP_4,Package_Size_4,1099,5.000063075523203,0.0006589873314672997,0.00013179580367560538,5.00004,0.00042000000000008697,0.0006226920000001289,4.9985449,5.0025375,4.99805,5.00325
PKG_B,RCP_5,Package_Size_4,1083,5.000024847645429,0.0006253420874246257,0.00012506779595687542,5.0,0.00039999999999995595,0.0005930399999999347,4.9985982,5.0021095,4.99778,5.00365
PKG_B,RCP_6,Package_Size_4,1099,5.000030791628753,0.0006402415949414967,0.00012804753042989538,5.00003,0.00040999999999957737,0.0006078659999993734,4.9985043000000005,5.0023402,4.99823,5.00394
PKG_B,RCP_7,Package_Size_4,1073,5.000047278657968,0.0006264781428816369,0.0001252944438256964,5.00004,0.00038999999999944635,0.0005782139999991791,4.9985836,5.0021504,4.99825,5.00335
PKG_B,RCP_8,Package_Size_4,1074,5.000053305400372,0.0006367250535952312,0.0001273436530981636,5.0000350000000005,0.0003850000000000797,0.0005708010000001182,4.99843745,5.0022697,4.99811,5.00277
PKG_B,RCP_9,Package_Size_4,1138,5.000062943760985,0.0006483050347778639,0.0001296593747058346,5.00004,0.0004249999999998977,0.0006301049999998483,4.99847795,5.00216725,4.99827,5.00353
PKG_C,RCP_1,Package_Size_4,1076,5.000049024163569,0.0006277339648117988,0.00012554556200912632,5.00002,0.00039999999999995595,0.0005930399999999347,4.9985675,5.00259375,4.998,5.00369
PKG_C,RCP_2,Package_Size_4,1103,5.000043880326382,0.000670230607578385,0.00013404494512848857,5.00001,0.00041000000000046555,0.0006078660000006902,4.998501,5.0028721,4.99823,5.00447
PKG_C,RCP_3,Package_Size_4,1071,5.000011521942111,0.0006096438513203746,0.00012192848929347587,4.99999,0.0003900000000003345,0.000578214000000496,4.9985835,5.0017825,4.99819,5.0033
PKG_C,RCP_4,Package_Size_4,1089,5.000040808080808,0.000636786429424613,0.0001273562464521233,5.00002,0.00040999999999957737,0.0006078659999993734,4.9984744,5.002336,4.99783,5.00328
PKG_C,RCP_5,Package_Size_4,1008,5.0000446329365085,0.0006140366254101185,0.00012280622884150075,5.00003,0.0003700000000002035,0.0005485620000003017,4.99849105,5.00178965,4.99819,5.00249
PKG_C,RCP_6,Package_Size_4,1108,5.000084458483754,0.0006529564306694582,0.00013058908026274886,5.000045,0.00038499999999963563,0.0005708009999994598,4.9986421,5.00272835,4.99822,5.00396
PKG_C,RCP_7,Package_Size_4,1043,5.0000607574304885,0.0006684859146392567,0.000133695558328133,5.00002,0.0004299999999997084,0.0006375179999995676,4.9984784,5.0027932,4.99782,5.00333
PKG_C,RCP_8,Package_Size_4,1102,5.000027903811252,0.0006277594905882546,0.00012555119744626773,5.00001,0.00038999999999989043,0.0005782139999998375,4.99844515,5.0019199,4.99776,5.00348
PKG_C,RCP_9,Package_Size_4,1128,5.000058882978723,0.0006507410236159113,0.00013014667203843817,5.00004,0.00042000000000008697,0.0006226920000001289,4.9986127,5.0025157,4.99816,5.00326
PKG_D,RCP_1,Package_Size_4,1157,5.000079861711322,0.0006536540741705187,0.00013072872679013566,5.00005,0.00039999999999995595,0.0005930399999999347,4.9985,5.0027922,4.99824,5.00379
PKG_D,RCP_2,Package_Size_4,1110,5.0000477927927935,0.0006423726676407026,0.00012847330550852659,5.00004,0.00042000000000008697,0.0006226920000001289,4.99844545,5.0020602,4.99819,5.0039
PKG_D,RCP_3,Package_Size_4,1060,5.00003829245283,0.0006260747581366181,0.00012521399267714195,5.0,0.0003799999999998249,0.0005633879999997404,4.9985,5.0023469,4.99813,5.00297
PKG_D,RCP_4,Package_Size_4,1055,5.000036947867299,0.0006334762771203742,0.00012669431920709612,5.00002,0.00038999999999944635,0.0005782139999991791,4.9985262,5.0020384,4.99807,5.00377
PKG_D,RCP_5,Package_Size_4,1045,5.000034363636363,0.0006210984752178482,0.00012421884132135112,5.00001,0.0004299999999997084,0.0006375179999995676,4.9985666,5.001709,4.9978,5.003
PKG_D,RCP_6,Package_Size_4,1120,5.000057205357143,0.0006492947660875472,0.00012985746750894813,5.00004,0.00042000000000008697,0.0006226920000001289,4.998575949999999,5.0024686,4.99827,5.00385
PKG_D,RCP_7,Package_Size_4,1070,5.000048775700935,0.0006203448874542065,0.00012406776719237964,5.00004,0.00042000000000008697,0.0006226920000001289,4.99853035,5.0019217,4.99825,5.00236
PKG_D,RCP_8,Package_Size_4,1042,5.000036295585412,0.0006364743645081012,0.00012729394885994158,5.00002,0.00038499999999963563,0.0005708009999994598,4.99827025,5.00220385,4.99794,5.00315
PKG_D,RCP_9,Package_Size_4,1103,5.000050507706256,0.0006524142764366888,0.000130481537222707,5.00004,0.0004299999999997084,0.0006375179999995676,4.9985253,5.00248,4.99805,5.00388
PKG_E,RCP_1,Package_Size_4,1119,5.0000328954423585,0.0006418267051697785,0.00012836449651257653,5.00002,0.00041000000000046555,0.0006078660000006902,4.9985872,5.002151,4.99808,5.00331
PKG_E,RCP_2,Package_Size_4,1124,5.000070951957295,0.0006414108734988954,0.00012828035435133434,5.00003,0.00039999999999995595,0.0005930399999999347,4.99854075,5.00224235,4.99819,5.0034
PKG_E,RCP_3,Package_Size_4,1053,5.000025517568851,0.0006199957399928561,0.00012399851517044157,5.0,0.0003599999999996939,0.0005337359999995462,4.9985004,5.002021,4.99814,5.00332
PKG_E,RCP_4,Package_Size_4,1074,5.000025707635009,0.000646660150056694,0.00012933136505063322,4.99998,0.00042000000000008697,0.0006226920000001289,4.9984292,5.0023735,4.99786,5.00303
PKG_E,RCP_5,Package_Size_4,1027,5.00004417721519,0.0006213642631431306,0.00012427175463261683,5.00001,0.0003900000000003345,0.000578214000000496,4.99873,5.0024583,4.99828,5.00346
PKG_E,RCP_6,Package_Size_4,1066,5.000067279549718,0.0006640078275276522,0.00013279977856366955,5.00004,0.00042000000000008697,0.0006226920000001289,4.998583,5.0021205,4.99819,5.00403
PKG_E,RCP_7,Package_Size_4,1176,5.000039914965987,0.0006548444619593703,0.00013096784687644338,5.00002,0.00039999999999995595,0.0005930399999999347,4.9984575,5.0024025000000005,4.99817,5.00341
PKG_E,RCP_8,Package_Size_4,1101,5.000064713896458,0.0006432314971917402,0.0001286446344192377,5.00002,0.0003799999999998249,0.0005633879999997404,4.998475,5.002454999999999,4.99807,5.00312
PKG_E,RCP_9,Package_Size_4,1076,5.000045957249071,0.0006471033949471106,0.00012941948943668,5.00002,0.00040999999999957737,0.0006078659999993734,4.9983575,5.00216375,4.99814,5.00297
PKG_F,RCP_1,Package_Size_4,1114,5.0000435816876125,0.0006441796980952782,0.00012883481665130906,5.00001,0.00040999999999957737,0.0006078659999993734,4.99859695,5.0021483,4.99839,5.00359
PKG_F,RCP_2,Package_Size_4,1137,5.0000227528584,0.0006274943770812996,0.00012549830432723036,5.0,0.0004299999999997084,0.0006375179999995676,4.9985007999999995,5.001836,4.99771,5.00284
PKG_F,RCP_3,Package_Size_4,1112,5.000041052158274,0.0006338846764637714,0.00012677589440793777,5.00004,0.00038499999999963563,0.0005708009999994598,4.99855555,5.0023878,4.99836,5.00322
PKG_F,RCP_4,Package_Size_4,1106,5.000038643761302,0.0006606165813459981,0.0001321222951287125,5.00002,0.00041500000000027626,0.0006152790000004095,4.99837,5.002293,4.99776,5.00333
PKG_F,RCP_5,Package_Size_4,1044,5.0000498850574715,0.0006334868929463802,0.000126696114540685,5.00005,0.00039999999999995595,0.0005930399999999347,4.998632150000001,5.00222765,4.9984,5.0033
PKG_F,RCP_6,Package_Size_4,1061,5.000041819038643,0.0006665434558547883,0.00013330757621202147,5.00001,0.00042000000000008697,0.0006226920000001289,4.998481,5.002711,4.99809,5.00348
PKG_F,RCP_7,Package_Size_4,1107,5.0000265492321585,0.00066351495529597,0.00013270228643043192,4.99997,0.00040999999999957737,0.0006078659999993734,4.9985253,5.002657,4.99821,5.00364
PKG_F,RCP_8,Package_Size_4,1126,5.000057522202487,0.0006620573905602338,0.0001324099548096004,5.00003,0.0004299999999997084,0.0006375179999995676,4.9984475,5.002295,4.99808,5.00321
PKG_F,RCP_9,Package_Size_4,1117,5.0000211190689345,0.0006242584856906993,0.0001248511697900476,5.00001,0.0003800000000007131,0.0005633880000010572,4.9985432,5.0021046,4.99781,5.00304
PKG_A,RCP_1,Coating_Thickness,1082,9.997115896487985,0.1394050499199457,0.013944526737848371,9.994299999999999,0.0942999999999996,0.13980917999999942,9.651672999999999,10.346597,9.5911,10.4869
PKG_A,RCP_2,Coating_Thickness,1068,10.011035955056181,0.1480759567217727,0.014791272090775515,10.0059,0.09875000000000078,0.14640675000000114,9.668316,10.409246,9.6044,10.5244
PKG_A,RCP_3,Coating_Thickness,1103,10.005612148685403,0.14425821637612654,0.014417730193057709,10.0037,0.09769999999999968,0.14485001999999952,9.645734,10.370131,9.5113,10.4837
PKG_A,RCP_4,Coating_Thickness,1068,9.995340168539327,0.14862113695353776,0.014869042418518967,9.9944,0.09750000000000014,0.1445535000000002,9.6332415,10.3798295,9.469,10.4769
PKG_A,RCP_5,Coating_Thickness,1118,9.995473524150269,0.14599882529884797,0.014606494124175029,10.000350000000001,0.10044999999999948,0.14892716999999922,9.628568,10.366648999999999,9.5353,10.4943
PKG_A,RCP_6,Coating_Thickness,1099,10.008060145586896,0.14815580072389684,0.014803648116486079,10.0122,0.10270000000000046,0.15226302000000067,9.648327,10.385025,9.5711,10.4497
PKG_A,RCP_7,Coating_Thickness,1107,10.003150316169828,0.147930278795856,0.014788369075763122,10.004,0.10540000000000127,0.15626604000000188,9.632496,10.389467999999999,9.5344,10.4175
PKG_A,RCP_8,Coating_Thickness,1024,9.99640556640625,0.14652429174918954,0.014657697787052237,9.9915,0.09890000000000043,0.14662914000000063,9.635510499999999,10.3647755,9.5428,10.5198
PKG_A,RCP_9,Coating_Thickness,1087,10.002768261269548,0.144547378772351,0.014450737535531498,9.9977,0.10069999999999979,0.1492978199999997,9.67426,10.402191,9.548,10.4892
PKG_B,RCP_1,Coating_Thickness,1137,10.003128496042216,0.14737426114906416,0.014732816958951738,9.9914,0.10410000000000075,0.1543386600000011,9.667176000000001,10.377151999999999,9.558,10.4586
PKG_B,RCP_2,Coating_Thickness,1118,10.004056350626119,0.14725862610799573,0.014719891706605525,10.0045,0.10544999999999938,0.15634016999999906,9.638956,10.373180999999999,9.59,10.4677
PKG_B,RCP_3,Coating_Thickness,1083,10.011309602954755,0.14868185246812857,0.01485138891561663,10.0092,0.10270000000000046,0.15226302000000067,9.686487,10.40099,9.6003,10.5483
PKG_B,RCP_4,Coating_Thickness,1099,10.001861601455868,0.14144275786301572,0.0141416431759491,10.0014,0.09820000000000029,0.1455913200000004,9.662611,10.340043,9.5464,10.4484
PKG_B,RCP_5,Coating_Thickness,1083,9.995860757156048,0.1469279849319825,0.014698882717708585,9.9966,0.09539999999999971,0.14144003999999955,9.6009,10.353228999999999,9.5531,10.4251
PKG_B,RCP_6,Coating_Thickness,1099,10.012358871701545,0.1468793269517297,0.014669802474506027,10.0097,0.10010000000000119,0.14840826000000176,9.647120000000001,10.398723,9.5763,10.491
PKG_B,RCP_7,Coating_Thickness,1073,10.002918825722274,0.1469143376019604,0.014687146837998283,10.0041,0.10069999999999979,0.1492978199999997,9.62738,10.400836000000002,9.4499,10.5305
PKG_B,RCP_8,Coating_Thickness,1074,9.997569646182496,0.14580837630472485,0.014584382151356233,9.99435,0.10274999999999945,0.15233714999999917,9.634118,10.3505705,9.5726,10.4541
PKG_B,RCP_9,Coating_Thickness,1138,9.999395782073814,0.14706564703574454,0.014707453354270974,9.99405,0.10125000000000028,0.15011325000000042,9.614167,10.3434945,9.4482,10.4061
PKG_C,RCP_1,Coating_Thickness,1076,10.009126765799257,0.14521409192026746,0.014508167926942197,10.00625,0.09905000000000008,0.14685153000000012,9.6380625,10.3774625,9.5747,10.4174
PKG_C,RCP_2,Coating_Thickness,1103,10.003360743427017,0.14618438575031312,0.014613527343434815,9.9997,0.09950000000000081,0.1475187000000012,9.622985,10.396541000000001,9.5199,10.5021
PKG_C,RCP_3,Coating_Thickness,1071,10.005005415499534,0.14599036502771415,0.014591732734252107,10.0066,0.09029999999999916,0.13387877999999875,9.6095,10.396640000000001,9.5497,10.4327
PKG_C,RCP_4,Coating_Thickness,1089,10.004739118457302,0.1407480626680539,0.01406813920898687,10.0023,0.09549999999999947,0.14158829999999922,9.667611999999998,10.38408,9.5178,10.4654
PKG_C,RCP_5,Coating_Thickness,1008,10.007325892857143,0.15033580886207035,0.015022575508345787,10.0043,0.09665000000000035,0.14329329000000052,9.62664,10.3635055,9.5195,10.4783
PKG_C,RCP_6,Coating_Thickness,1108,10.002428790613719,0.14966210153399928,0.014962576056971506,9.9965,0.10460000000000047,0.15507996000000068,9.6372125,10.427329499999999,9.5539,10.5547
PKG_C,RCP_7,Coating_Thickness,1043,10.004158005752636,0.1423839770817221,0.014232479834869444,9.9989,0.09270000000000067,0.137437020000001,9.679497,10.394348,9.5118,10.5141
PKG_C,RCP_8,Coating_Thickness,1102,10.00169945553539,0.14570520204655424,0.01456804443028074,9.9994,0.09804999999999975,0.14536892999999962,9.6748055,10.377504499999999,9.3706,10.5484
PKG_C,RCP_9,Coating_Thickness,1128,10.002276861702128,0.14852159480199925,0.014848778618663903,9.99955,0.10270000000000046,0.15226302000000067,9.6627485,10.3807365,9.5573,10.5456
PKG_D,RCP_1,Coating_Thickness,1157,10.00469904926534,0.14209007051597125,0.014202333305208729,10.0022,0.09529999999999994,0.1412917799999999,9.686028,10.364676,9.5159,10.4535
PKG_D,RCP_2,Coating_Thickness,1110,10.000122972972973,0.14961046699430885,0.014960862721254178,9.9915,0.10074999999999967,0.1493719499999995,9.6281705,10.398693,9.5207,10.5528
PKG_D,RCP_3,Coating_Thickness,1060,10.002253396226415,0.14994386673252785,0.014991008605030713,10.00685,0.09934999999999938,0.14729630999999907,9.6123155,10.386082,9.484,10.4681
PKG_D,RCP_4,Coating_Thickness,1055,10.001092890995261,0.1470273654861095,0.014701129875364856,10.0021,0.0995999999999988,0.1476669599999982,9.647539,10.394854,9.5243,10.4639
PKG_D,RCP_5,Coating_Thickness,1045,10.002193684210527,0.14671284414881153,0.014668066704248348,10.0,0.09849999999999959,0.1460360999999994,9.61356,10.38087,9.5486,10.5312
PKG_D,RCP_6,Coating_Thickness,1120,10.005436160714286,0.1484643102763036,0.014838364654130657,10.0074,0.09804999999999975,0.14536892999999962,9.624285,10.3913715,9.5334,10.4697
PKG_D,RCP_7,Coating_Thickness,1070,10.004705046728972,0.1476956119880084,0.014762615319308921,10.0007,0.09814999999999952,0.14551718999999927,9.62664,10.3733815,9.4917,10.4698
PKG_D,RCP_8,Coating_Thickness,1042,10.01036641074856,0.14800601593679688,0.014785274570756618,10.011849999999999,0.09919999999999973,0.1470739199999996,9.634748,10.373977,9.5232,10.5748
PKG_D,RCP_9,Coating_Thickness,1103,10.00292647325476,0.14132596265224434,0.01412846160872155,10.0065,0.09309999999999974,0.1380300599999996,9.652889,10.401633,9.5866,10.5012
PKG_E,RCP_1,Coating_Thickness,1119,10.001660232350313,0.14438690110119404,0.014436293349995577,10.0017,0.09800000000000075,0.1452948000000011,9.643754,10.359490000000001,9.5751,10.4971
PKG_E,RCP_2,Coating_Thickness,1124,10.008685676156583,0.15035244423793853,0.015022196630284737,10.011800000000001,0.10315000000000119,0.15293019000000174,9.6625845,10.372508999999999,9.5587,10.5298
PKG_E,RCP_3,Coating_Thickness,1053,10.000988319088318,0.14673097005251506,0.014671646978374928,10.0016,0.10459999999999958,0.15507995999999938,9.664822000000001,10.37475,9.5496,10.4435
PKG_E,RCP_4,Coating_Thickness,1074,9.998193668528863,0.14672573681003398,0.01467522451299178,10.00195,0.09309999999999974,0.1380300599999996,9.600944,10.36753,9.5126,10.4673
PKG_E,RCP_5,Coating_Thickness,1027,10.004495520934762,0.14745252653738272,0.014738626873172473,10.006,0.09970000000000034,0.1478152200000005,9.619862,10.385286,9.4572,10.4639
PKG_E,RCP_6,Coating_Thickness,1066,9.999668574108817,0.14762999853310685,0.014763489153565654,9.9984,0.09644999999999992,0.14299676999999988,9.6245225,10.364925,9.5051,10.5459
PKG_E,RCP_7,Coating_Thickness,1176,10.00269549319728,0.14860273719913636,0.014856269222650974,10.001,0.10200000000000031,0.15122520000000045,9.6312625,10.3888,9.4451,10.4259
PKG_E,RCP_8,Coating_Thickness,1101,9.997464668483197,0.14642491962406096,0.01464620526098607,10.0023,0.09909999999999997,0.14692565999999993,9.651,10.363900000000001,9.4349,10.4437
PKG_E,RCP_9,Coating_Thickness,1076,10.002442843866172,0.1474893007547127,0.014745328022059932,9.99795,0.09604999999999997,0.14240372999999995,9.649262499999999,10.3909625,9.5192,10.4729
PKG_F,RCP_1,Coating_Thickness,1114,10.000122441651705,0.14753229642905485,0.01475304900413671,9.99785,0.1023499999999995,0.15174410999999924,9.651478,10.368357,9.4179,10.5985
PKG_F,RCP_2,Coating_Thickness,1137,10.002214687774845,0.1521139415087679,0.015208026047939999,10.0011,0.10450000000000159,0.15493170000000236,9.630932,10.385748,9.4896,10.506
PKG_F,RCP_3,Coating_Thickness,1112,9.995909442446044,0.14229164599870603,0.01423498750343687,9.98945,0.09670000000000023,0.14336742000000033,9.650933,10.361891499999999,9.5427,10.4559
PKG_F,RCP_4,Coating_Thickness,1106,10.006583273056059,0.14481747819738244,0.01447222036190126,10.003499999999999,0.09465000000000057,0.14032809000000082,9.6439575,10.3690175,9.554,10.4894
PKG_F,RCP_5,Coating_Thickness,1044,9.995703831417625,0.1523166083837373,0.015238207429174625,10.0004,0.1003500000000006,0.1487789100000009,9.582245,10.428838500000001,9.4973,10.5297
PKG_F,RCP_6,Coating_Thickness,1061,10.008392082940622,0.14930294280326128,0.014917775159683167,10.0074,0.09970000000000034,0.1478152200000005,9.64401,10.42824,9.412,10.4893
PKG_F,RCP_7,Coating_Thickness,1107,10.013624841915087,0.1456786184088989,0.014548040365873956,10.0134,0.09750000000000014,0.1445535000000002,9.668434,10.403343,9.5651,10.5322
PKG_F,RCP_8,Coating_Thickness,1126,10.009779573712256,0.14516548236851887,0.014502365541570299,10.01,0.0992999999999995,0.14722217999999926,9.668262499999999,10.375125,9.5925,10.414
PKG_F,RCP_9,Coating_Thickness,1117,10.012512264995523,0.14452357394108423,0.014434296819425553,10.0144,0.09869999999999912,0.1463326199999987,9.638014,10.386478,9.6011,10.4229
PKG_A,RCP_1,Coating_Uniformity,1082,98.80899445471348,0.24726881477297386,0.0025024929778665345,98.814,0.1729999999999947,0.25648979999999216,98.20524,99.424295,98.016,99.506
PKG_A,RCP_2,Coating_Uniformity,1068,98.8045393258427,0.25184962515559745,0.0025489681635479803,98.807,0.1634999999999991,0.24240509999999862,98.1117,99.44726999999999,97.953,99.739
PKG_A,RCP_3,Coating_Uniformity,1103,98.79128014505893,0.24589743120738308,0.0024890600754066826,98.789,0.16599999999999682,0.24611159999999527,98.16004000000001,99.42715,98.033,99.573
PKG_A,RCP_4,Coating_Uniformity,1068,98.7993988764045,0.25862909447426247,0.0026177193122176867,98.8065,0.16849999999999454,0.24981809999999188,98.111365,99.392285,97.974,99.493
PKG_A,RCP_5,Coating_Uniformity,1118,98.79671645796066,0.23782484003235116,0.0024072140103314956,98.7985,0.16049999999999898,0.23795729999999846,98.118585,99.361865,97.954,99.451
PKG_A,RCP_6,Coating_Uniformity,1099,98.79675614194721,0.24704410026071694,0.002500528457693225,98.803,0.1629999999999967,0.2416637999999951,98.10396,99.38653000000001,97.974,99.508
PKG_A,RCP_7,Coating_Uniformity,1107,98.79201445347786,0.2483838243590008,0.002514209531337851,98.8,0.16599999999999682,0.24611159999999527,98.11884,99.38729000000001,98.006,99.508
PKG_A,RCP_8,Coating_Uniformity,1024,98.79609765625,0.25297304388594,0.002560557045138883,98.8105,0.16049999999999898,0.23795729999999846,98.10915,99.395655,97.859,99.506
PKG_A,RCP_9,Coating_Uniformity,1087,98.79817755289788,0.2385275594616594,0.0024142910868365816,98.803,0.15099999999999625,0.22387259999999443,98.148,99.39082,98.037,99.721
PKG_B,RCP_1,Coating_Uniformity,1137,98.80841160949869,0.24410520591589413,0.002470490132769503,98.82,0.16200000000000614,0.2401812000000091,98.09848,99.35632,97.913,99.432
PKG_B,RCP_2,Coating_Uniformity,1118,98.81561627906976,0.24613731489373525,0.0024908746629541574,98.83099999999999,0.16549999999999443,0.24537029999999171,98.158755,99.409225,98.024,99.606
PKG_B,RCP_3,Coating_Uniformity,1083,98.79283748845798,0.2512160910399322,0.0025428573308189668,98.806,0.16400000000000148,0.24314640000000218,98.09656,99.394,97.743,99.632
PKG_B,RCP_4,Coating_Uniformity,1099,98.7964686078253,0.24935904295098593,0.0025239671666891453,98.804,0.16800000000000637,0.24907680000000942,98.17519,99.46306,97.916,99.627
PKG_B,RCP_5,Coating_Uniformity,1083,98.80289843028625,0.2386603415325943,0.0024155196388392316,98.809,0.15200000000000102,0.2253552000000015,98.1312,99.32354,97.852,99.68
PKG_B,RCP_6,Coating_Uniformity,1099,98.79531938125568,0.2548997175882612,0.0025800788861726483,98.802,0.16799999999999216,0.24907679999998836,98.16645,99.44822,97.888,99.671
PKG_B,RCP_7,Coating_Uniformity,1073,98.79994780987884,0.24732110049743336,0.002503251327352464,98.802,0.16899999999999693,0.25055939999999544,98.12483999999999,99.403,97.783,99.506
PKG_B,RCP_8,Coating_Uniformity,1074,98.8095251396648,0.25227550034035345,0.0025531496076291057,98.812,0.17300000000000182,0.2564898000000027,98.17946,99.45535,97.937,99.623
PKG_B,RCP_9,Coating_Uniformity,1138,98.80386467486818,0.24643671891407765,0.002494201210904268,98.813,0.16100000000000136,0.238698600000002,98.09716499999999,99.427135,97.883,99.52
PKG_C,RCP_1,Coating_Uniformity,1076,98.81112546468401,0.2514818039786188,0.0025450757978513327,98.8185,0.16750000000000398,0.2483355000000059,98.125,99.403375,97.97,99.592
PKG_C,RCP_2,Coating_Uniformity,1103,98.79090843155032,0.24879520173459854,0.0025184018011837834,98.805,0.1670000000000016,0.24759420000000235,98.12955,99.37037,97.969,99.492
PKG_C,RCP_3,Coating_Uniformity,1071,98.81139402427637,0.2412506466443429,0.0024415265974799577,98.813,0.1599999999999966,0.23721599999999493,98.1564,99.3605,98.0,99.503
PKG_C,RCP_4,Coating_Uniformity,1089,98.79980165289255,0.24027983294955385,0.00243198699723826,98.799,0.16699999999998738,0.24759419999998128,98.15912,99.33703999999999,97.934,99.404
PKG_C,RCP_5,Coating_Uniformity,1008,98.79915376984128,0.2568879236717363,0.002600102469199003,98.817,0.17100000000000648,0.2535246000000096,98.13163,99.367825,97.853,99.617
PKG_C,RCP_6,Coating_Uniformity,1108,98.80145397111913,0.25355901488842775,0.0025663490231889316,98.808,0.17150000000000887,0.25426590000001315,98.082675,99.44479,97.964,99.531
PKG_C,RCP_7,Coating_Uniformity,1043,98.80208437200383,0.2428271870663674,0.002457713201192079,98.81,0.1670000000000016,0.24759420000000235,98.14619,99.38680000000001,98.065,99.555
PKG_C,RCP_8,Coating_Uniformity,1102,98.7991715063521,0.2452034143890851,0.002481836746711183,98.81700000000001,0.16100000000000136,0.238698600000002,98.14104,99.396385,97.961,99.514
PKG_C,RCP_9,Coating_Uniformity,1128,98.80475709219859,0.25306506074888757,0.0025612639329981113,98.8115,0.170499999999997,0.2527832999999955,98.100545,99.425825,97.968,99.542
PKG_D,RCP_1,Coating_Uniformity,1157,98.80340103716509,0.2472992141390714,0.002502942323271335,98.812,0.16599999999999682,0.24611159999999527,98.07134,99.374,97.805,99.574
PKG_D,RCP_2,Coating_Uniformity,1110,98.80268108108108,0.24618609876139663,0.0024916945174733402,98.8065,0.17199999999999704,0.2550071999999956,98.11843999999999,99.41683,97.991,99.579
PKG_D,RCP_3,Coating_Uniformity,1060,98.80095283018868,0.24626267028851515,0.002492513110797343,98.8095,0.16499999999999915,0.2446289999999987,98.16359,99.38670499999999,97.741,99.528
PKG_D,RCP_4,Coating_Uniformity,1055,98.80728246445499,0.23866982311241222,0.0024155084236657507,98.814,0.15899999999999181,0.23573339999998785,98.16454,99.39625000000001,98.067,99.49
PKG_D,RCP_5,Coating_Uniformity,1045,98.8008985645933,0.2443863556961131,0.0024735236141232063,98.818,0.16200000000000614,0.2401812000000091,98.13065999999999,99.38423999999999,98.09,99.528
PKG_D,RCP_6,Coating_Uniformity,1120,98.79751875000001,0.25576632055344245,0.0025887929554247275,98.8075,0.16900000000000404,0.250559400000006,98.11009,99.38007499999999,97.932,99.529
PKG_D,RCP_7,Coating_Uniformity,1070,98.80689439252336,0.2618930205729848,0.002650554115511215,98.816,0.1769999999999996,0.2624201999999994,98.10468999999999,99.40231,97.869,99.601
PKG_D,RCP_8,Coating_Uniformity,1042,98.80237044145873,0.2502932017630444,0.002533271222590204,98.808,0.1595000000000013,0.23647470000000193,98.09420499999999,99.40418,97.727,99.553
PKG_D,RCP_9,Coating_Uniformity,1103,98.80791568449682,0.245665604171998,0.0024862947717309604,98.814,0.16900000000001114,0.25055940000001653,98.11302,99.39331,98.024,99.477
PKG_E,RCP_1,Coating_Uniformity,1119,98.79483199285076,0.25068960419560693,0.002537476901764942,98.81,0.17100000000000648,0.2535246000000096,98.10789,99.37423000000001,97.937,99.448
PKG_E,RCP_2,Coating_Uniformity,1124,98.80582651245551,0.2541301599072189,0.0025720159314206346,98.8245,0.16899999999999693,0.25055939999999544,98.105225,99.36685999999999,97.768,99.565
PKG_E,RCP_3,Coating_Uniformity,1053,98.7995935422602,0.24924974121226234,0.0025227810386249123,98.812,0.16199999999999193,0.24018119999998802,98.09704,99.3637,98.007,99.513
PKG_E,RCP_4,Coating_Uniformity,1074,98.80236964618248,0.24299256189350552,0.0024593798991226342,98.811,0.1600000000000108,0.237216000000016,98.140365,99.413335,97.997,99.507
PKG_E,RCP_5,Coating_Uniformity,1027,98.79819571567673,0.2475293545140645,0.0025054035928592164,98.813,0.16400000000000148,0.24314640000000218,98.0864,99.35521999999999,98.004,99.467
PKG_E,RCP_6,Coating_Uniformity,1066,98.80651219512195,0.24797829744026909,0.0025097363719363396,98.818,0.16200000000000614,0.2401812000000091,98.10775,99.35567499999999,98.004,99.771
PKG_E,RCP_7,Coating_Uniformity,1176,98.79140221088436,0.250137628081702,0.002531977707409674,98.809,0.17200000000000415,0.25500720000000615,98.11075,99.3565,98.035,99.46
PKG_E,RCP_8,Coating_Uniformity,1101,98.81275567665759,0.24594499251407229,0.0024890004415914855,98.813,0.16500000000000625,0.24462900000000926,98.15950000000001,99.3825,98.077,99.447
PKG_E,RCP_9,Coating_Uniformity,1076,98.80364498141263,0.24467047489719337,0.002476330452618644,98.805,0.15800000000000125,0.23425080000000184,98.132125,99.405125,97.969,99.574
PKG_F,RCP_1,Coating_Uniformity,1114,98.80097666068222,0.24967491423269736,0.002527049050235303,98.8045,0.1669999999999945,0.2475941999999918,98.14856,99.40743499999999,97.917,99.575
PKG_F,RCP_2,Coating_Uniformity,1137,98.79585224274406,0.24993306353335307,0.0025297930819935723,98.812,0.16500000000000625,0.24462900000000926,98.06808,99.3706,97.804,99.482
PKG_F,RCP_3,Coating_Uniformity,1112,98.81126618705035,0.24782626025765955,0.0025080769614724183,98.816,0.17099999999999227,0.2535245999999885,98.14611000000001,99.376565,98.046,99.449
PKG_F,RCP_4,Coating_Uniformity,1106,98.79834990958409,0.2585033596585205,0.0026164744643517976,98.81649999999999,0.18249999999999034,0.2705744999999857,98.09835,99.38447500000001,98.024,99.489
PKG_F,RCP_5,Coating_Uniformity,1044,98.80538026819923,0.2535514078587573,0.0025661700523849254,98.8195,0.17449999999999477,0.2587136999999922,98.03972,99.40828,97.898,99.664
PKG_F,RCP_6,Coating_Uniformity,1061,98.79300471253534,0.2483978188166441,0.002514325984308545,98.8,0.15900000000000603,0.23573340000000892,98.1288,99.37870000000001,98.003,99.533
PKG_F,RCP_7,Coating_Uniformity,1107,98.8084209575429,0.25322200737989825,0.0025627573533302944,98.818,0.16599999999999682,0.24611159999999527,98.09812,99.3807,97.746,99.468
PKG_F,RCP_8,Coating_Uniformity,1126,98.79367939609237,0.2508567493158672,0.0025391983662245246,98.7935,0.16799999999999926,0.24907679999999888,98.110625,99.47449999999999,98.004,99.54
PKG_F,RCP_9,Coating_Uniformity,1117,98.79019606087735,0.24729218867455346,0.0025032057687400977,98.798,0.16800000000000637,0.24907680000000942,98.0996,99.35388,97.844,99.406
PKG_A,RCP_1,Cutting_Offset,1082,0.020774768946395565,0.22972368690021286,11.05782150901226,0.0053,0.13474999999999998,0.19978034999999997,-0.439275,1.193569500000001,-0.577,1.6332
PKG_A,RCP_2,Cutting_Offset,1068,0.025495131086142323,0.21657409162836194,8.49472359630577,0.01145,0.1281,0.18992105999999997,-0.431284,0.8237634999999985,-0.6294,1.4984
PKG_A,RCP_3,Cutting_Offset,1103,0.02743236627379873,0.24103519954126698,8.786526001276277,0.0056,0.1225,0.1816185,-0.479337,1.3295880000000002,-0.5387,1.7749
PKG_A,RCP_4,Cutting_Offset,1068,0.025108801498127338,0.22195251055607007,8.839629823535134,0.0059,0.12190000000000001,0.18072894,-0.439027,1.1469844999999859,-0.646,1.6099
PKG_A,RCP_5,Cutting_Offset,1118,0.03868649373881932,0.22865682618151834,5.910507882291655,0.0318,0.125,0.185325,-0.4605725,1.1989225,-0.6649,1.4865
PKG_A,RCP_6,Cutting_Offset,1099,0.020851683348498636,0.20713676497160402,9.933815007147532,0.0182,0.1252,0.18562152,-0.505526,0.8094559999999995,-0.6226,1.407
PKG_A,RCP_7,Cutting_Offset,1107,0.02729891598915989,0.22805568947812863,8.354019975323823,0.0129,0.1312,0.19451712000000002,-0.440138,1.356917,-0.5856,1.5333
PKG_A,RCP_8,Cutting_Offset,1024,0.017543359375,0.21714472772987933,12.377602435672577,0.007,0.1206,0.17880156,-0.4539485,0.9712669999999988,-0.5511,1.462
PKG_A,RCP_9,Cutting_Offset,1087,0.026188408463661453,0.2348398234609968,8.967319407242947,0.008,0.12090000000000001,0.17924634,-0.438762,1.4728499999999964,-0.5234,1.6327
PKG_B,RCP_1,Cutting_Offset,1137,0.02786332453825858,0.23631923417423775,8.48137248840326,0.0081,0.1288,0.19095888,-0.453232,1.3100479999999926,-0.5646,1.5942
PKG_B,RCP_2,Cutting_Offset,1118,0.02982880143112701,0.2172145081155822,7.28203942813854,0.0135,0.1284,0.19036583999999998,-0.44973,0.9019394999999992,-0.5475,1.5895
PKG_B,RCP_3,Cutting_Offset,1083,0.033846814404432136,0.206753189758991,6.1084977536886695,0.0265,0.1269,0.18814194,-0.411026,0.8958259999999909,-0.5476,1.6551
PKG_B,RCP_4,Cutting_Offset,1099,0.019185532302092814,0.22863448956318339,11.917026119637205,0.0084,0.12660000000000002,0.18769716000000003,-0.48873,1.155706999999998,-0.5461,1.6304
PKG_B,RCP_5,Cutting_Offset,1083,0.014842197599261309,0.21716916500888445,14.631873990122115,0.0031,0.12319999999999999,0.18265631999999998,-0.48009799999999997,0.9904539999999852,-0.5912,1.6625
PKG_B,RCP_6,Cutting_Offset,1099,0.016034303912647863,0.21958748321322535,13.694856004320505,0.0048,0.1287,0.19081062000000001,-0.480291,1.035417,-0.5873,1.576
PKG_B,RCP_7,Cutting_Offset,1073,0.029246318732525627,0.2151714674808727,7.35721543106807,0.0015,0.125,0.185325,-0.402492,0.8853160000000024,-0.622,1.6086
PKG_B,RCP_8,Cutting_Offset,1074,0.020060614525139665,0.2204832611077298,10.990852789251468,0.00845,0.11975,0.17754135,-0.4918925,0.9355834999999998,-0.5787,1.5218
PKG_B,RCP_9,Cutting_Offset,1138,0.030843760984182778,0.2319659698920369,7.520677196629592,0.0098,0.12384999999999999,0.18362000999999997,-0.44797899999999996,1.218563500000004,-0.5327,1.5022
PKG_C,RCP_1,Cutting_Offset,1076,0.02088104089219331,0.22499813273278776,10.775235482485297,0.0138,0.12675,0.18791955,-0.47073750000000003,1.0342875,-0.7241,1.6615
PKG_C,RCP_2,Cutting_Offset,1103,0.02498286491387126,0.22897089981881033,9.165117796065038,0.0108,0.12309999999999999,0.18250805999999997,-0.484031,1.338904,-0.6151,1.5334
PKG_C,RCP_3,Cutting_Offset,1071,0.009053688141923436,0.2089084929643758,23.074407875506264,-0.0026,0.12490000000000001,0.18517674,-0.466785,0.7451100000000007,-0.5532,1.5211
PKG_C,RCP_4,Cutting_Offset,1089,0.020211019283746558,0.21755803563057455,10.764327744990672,0.0086,0.1157,0.17153681999999998,-0.48924,1.1008639999999876,-0.6166,1.4941
PKG_C,RCP_5,Cutting_Offset,1008,0.021227281746031744,0.21357294617155329,10.061248007483526,0.00285,0.1257,0.18636282,-0.4397445,0.8780270000000028,-0.522,1.3899
PKG_C,RCP_6,Cutting_Offset,1108,0.04350054151624549,0.2505239460282826,5.759099480054132,0.0185,0.1231,0.18250806,-0.4439885,1.363893999999999,-0.6067,1.6917
PKG_C,RCP_7,Cutting_Offset,1043,0.03023758389261745,0.237487378080023,7.854046107764776,0.0128,0.1339,0.19852013999999998,-0.449477,1.374955999999997,-0.5585,1.6492
PKG_C,RCP_8,Cutting_Offset,1102,0.016013339382940108,0.21846431544843095,13.642645685831964,0.0035,0.1272,0.18858672,-0.4523,0.9582679999999971,-0.5078,1.5217
PKG_C,RCP_9,Cutting_Offset,1128,0.025315514184397165,0.22520458619213637,8.89591199103267,0.0167,0.13305,0.19725993,-0.4673015,1.2364330000000001,-0.6183,1.6723
PKG_D,RCP_1,Cutting_Offset,1157,0.030433707865168535,0.2440900467129281,8.020384758713211,0.007,0.1221,0.18102546,-0.42533,1.4918980000000004,-0.5266,1.6852
PKG_D,RCP_2,Cutting_Offset,1110,0.017505945945945945,0.21156551901827558,12.08535200962792,0.0028,0.1207,0.17894981999999998,-0.4530585,0.8692329999999963,-0.6721,1.6188
PKG_D,RCP_3,Cutting_Offset,1060,0.020755471698113207,0.22539751542683303,10.859667209939776,0.0142,0.12795,0.18969867,-0.49241999999999997,1.1844379999999983,-0.7012,1.6329
PKG_D,RCP_4,Cutting_Offset,1055,0.031203317535545023,0.23201648897431065,7.4356352881391805,0.0164,0.1317,0.19525842000000002,-0.509992,1.1171540000000022,-0.6895,1.3663
PKG_D,RCP_5,Cutting_Offset,1045,0.015412153110047845,0.20512094268042655,13.309038731694105,0.0128,0.129,0.1912554,-0.46546,0.7068099999999998,-0.5513,1.373
PKG_D,RCP_6,Cutting_Offset,1120,0.020600982142857143,0.2236805063226909,10.857759342325643,0.007549999999999999,0.1261,0.18695585999999997,-0.478807,1.2042019999999989,-0.5452,1.4451
PKG_D,RCP_7,Cutting_Offset,1070,0.02419196261682243,0.21775820442599825,9.001262438896758,0.01175,0.12165,0.18035828999999998,-0.4433335,0.9667894999999994,-0.612,1.47
PKG_D,RCP_8,Cutting_Offset,1042,0.02528243761996161,0.22535946887139754,8.913676452363367,0.00935,0.13385,0.19844600999999998,-0.4289,0.910092500000003,-0.5776,1.5365
PKG_D,RCP_9,Cutting_Offset,1103,0.0362546690843155,0.23339266752318533,6.437589237965371,0.0171,0.1285,0.1905141,-0.461098,1.2015930000000001,-0.6738,1.5718
PKG_E,RCP_1,Cutting_Offset,1119,0.015709383378016084,0.22039963156783315,14.02980793480814,-0.0002,0.11929999999999999,0.17687417999999996,-0.456856,1.123088000000007,-0.5563,1.6169
PKG_E,RCP_2,Cutting_Offset,1124,0.02508327402135231,0.22535284126934585,8.984187673328158,0.01,0.12595,0.18673347,-0.4297725,1.1262299999999996,-0.7296,1.5641
PKG_E,RCP_3,Cutting_Offset,1053,0.01492659069325736,0.22700922628161563,15.208377515446998,0.0014,0.1235,0.1831011,-0.481586,1.1771080000000012,-0.6185,1.6486
PKG_E,RCP_4,Cutting_Offset,1074,0.015708379888268155,0.22576035204613207,14.37196920700535,0.00165,0.13215,0.19592558999999998,-0.510686,1.1212464999999998,-0.6733,1.46
PKG_E,RCP_5,Cutting_Offset,1027,0.01940029211295034,0.23457349282884934,12.091235093942927,0.004,0.1293,0.19170018,-0.458928,1.2160790000000001,-0.6491,1.5402
PKG_E,RCP_6,Cutting_Offset,1066,0.03233236397748593,0.22218957919268878,6.872048679997744,0.02475,0.12825,0.19014345,-0.45882,0.9694149999999994,-0.5193,1.4006
PKG_E,RCP_7,Cutting_Offset,1176,0.021917346938775513,0.2259155731704994,10.307614959127026,0.0069,0.13325,0.19755645,-0.4471,1.1603249999999998,-0.5243,1.6038
PKG_E,RCP_8,Cutting_Offset,1101,0.019172207084468665,0.23963822868030343,12.499251005609755,0.0008,0.1376,0.20400575999999998,-0.46395,1.29365,-0.6169,1.5173
PKG_E,RCP_9,Cutting_Offset,1076,0.031023048327137547,0.21827470460014478,7.03588835946879,0.015050000000000001,0.12664999999999998,0.18777128999999998,-0.45268749999999996,1.1221875,-0.5654,1.4346
PKG_F,RCP_1,Cutting_Offset,1114,0.02566983842010772,0.21839111281151116,8.507693318413756,0.010499999999999999,0.12535,0.18584390999999997,-0.4637675,0.8740609999999979,-0.6725,1.6226
PKG_F,RCP_2,Cutting_Offset,1137,0.0152806508355321,0.20858840923414115,13.65049247438535,0.0049,0.126,0.1868076,-0.440784,0.7698919999999977,-0.507,1.4312
PKG_F,RCP_3,Cutting_Offset,1112,0.022917805755395683,0.23240986969458616,10.141017520399764,0.009049999999999999,0.12175,0.18050655,-0.49494,1.2360464999999985,-0.6272,1.7159
PKG_F,RCP_4,Cutting_Offset,1106,0.026997558770343582,0.23077849442105233,8.548124531709847,0.011550000000000001,0.12725,0.18866085,-0.4668675,1.1846024999999956,-0.6439,1.5806
PKG_F,RCP_5,Cutting_Offset,1044,0.022209961685823756,0.2293507501050045,10.326481123620994,0.01005,0.12564999999999998,0.18628868999999998,-0.4209075,1.2158220000000024,-0.4785,1.7099
PKG_F,RCP_6,Cutting_Offset,1061,0.02629670122525919,0.23723120725708705,9.021329528177306,0.0143,0.1267,0.18784542,-0.44315,1.3353000000000046,-0.7037,1.5382
PKG_F,RCP_7,Cutting_Offset,1107,0.028468744354110207,0.23085666474051106,8.1091270436443,0.0222,0.1243,0.18428717999999997,-0.462021,1.3271280000000014,-0.6782,1.5752
PKG_F,RCP_8,Cutting_Offset,1126,0.031905772646536414,0.23183221210843724,7.266152576110837,0.015050000000000001,0.1248,0.18502847999999997,-0.442125,1.1582999999999999,-0.5979,1.6673
PKG_F,RCP_9,Cutting_Offset,1117,0.017196777081468217,0.22019778932426928,12.804596365999375,-0.0015,0.1199,0.17776374,-0.466846,1.252668000000002,-0.6766,1.4462
PKG_A,RCP_1,Surface_Roughness,1082,0.5811353049907578,0.031327851132297496,0.053908015677684086,0.581,0.02089999999999992,0.030986339999999876,0.5040074999999999,0.6647165,0.4662,0.6788
PKG_A,RCP_2,Surface_Roughness,1068,0.5839950374531835,0.030755449585278344,0.05266388858269003,0.58505,0.02035000000000009,0.03017091000000013,0.5070335,0.657197,0.4809,0.6996
PKG_A,RCP_3,Surface_Roughness,1103,0.5812469628286492,0.030834785835752637,0.053049371106722996,0.5789,0.020000000000000018,0.029652000000000026,0.511514,0.6657350000000001,0.5037,0.6905
PKG_A,RCP_4,Surface_Roughness,1068,0.5808999063670413,0.03131359283958899,0.053905315694445156,0.58005,0.01984999999999998,0.029429609999999967,0.503137,0.665866,0.4871,0.6952
PKG_A,RCP_5,Surface_Roughness,1118,0.5824788014311271,0.03152249381738778,0.05411783869204901,0.58045,0.019699999999999995,0.029207219999999992,0.5063605,0.671164,0.4877,0.6927
PKG_A,RCP_6,Surface_Roughness,1099,0.5816397634212921,0.031277970976905475,0.05377550323059718,0.5811,0.020600000000000063,0.030541560000000093,0.50698,0.6631589999999999,0.4779,0.6781
PKG_A,RCP_7,Surface_Roughness,1107,0.5818784101174346,0.0314463694837526,0.054042853175126575,0.5808,0.020299999999999985,0.030096779999999976,0.501402,0.6721630000000001,0.4602,0.6894
PKG_A,RCP_8,Surface_Roughness,1024,0.58233720703125,0.03256328123608433,0.05591825636917767,0.5818,0.020499999999999963,0.030393299999999943,0.5037805000000001,0.678139,0.4793,0.6959
PKG_A,RCP_9,Surface_Roughness,1087,0.580071205151794,0.0310202949773205,0.05347670200109839,0.5787,0.020000000000000018,0.029652000000000026,0.500703,0.6647959999999998,0.4768,0.6955
PKG_B,RCP_1,Surface_Roughness,1137,0.5826111697449429,0.03325897247551357,0.05708605361973025,0.5813,0.021299999999999986,0.031579379999999976,0.495216,0.6683239999999996,0.456,0.6959
PKG_B,RCP_2,Surface_Roughness,1118,0.580931663685152,0.03211105810954448,0.05527510396979796,0.5789,0.020500000000000018,0.030393300000000026,0.4981495,0.6698694999999999,0.4778,0.69
PKG_B,RCP_3,Surface_Roughness,1083,0.5825746075715605,0.03221361883082449,0.055295267614058397,0.5811,0.02080000000000004,0.03083808000000006,0.501738,0.6766339999999997,0.4892,0.683
PKG_B,RCP_4,Surface_Roughness,1099,0.5824006369426752,0.03132829121090117,0.053791649980603935,0.583,0.020400000000000085,0.030245040000000122,0.505335,0.6625059999999999,0.4748,0.6911
PKG_B,RCP_5,Surface_Roughness,1083,0.5817550323176363,0.03150444207851098,0.054154137615280075,0.5811,0.020299999999999985,0.030096779999999976,0.504005,0.6648159999999997,0.4885,0.696
PKG_B,RCP_6,Surface_Roughness,1099,0.5818044585987261,0.03147364161826235,0.054096597496118365,0.5809,0.020499999999999963,0.030393299999999943,0.49583699999999997,0.6683709999999999,0.4367,0.695
PKG_B,RCP_7,Surface_Roughness,1073,0.5825615097856477,0.031949391539328964,0.054842949633051925,0.5823,0.021100000000000008,0.03128286000000001,0.5044,0.6687760000000001,0.4899,0.6891
PKG_B,RCP_8,Surface_Roughness,1074,0.5816113594040969,0.03133800817237447,0.05388135507615005,0.58215,0.020049999999999957,0.029726129999999934,0.501265,0.6597540000000001,0.4801,0.6776
PKG_B,RCP_9,Surface_Roughness,1138,0.5817870826010545,0.03159285792776877,0.05430312716212841,0.58285,0.020000000000000018,0.029652000000000026,0.500011,0.6640725000000001,0.4759,0.6986
PKG_C,RCP_1,Surface_Roughness,1076,0.5812653345724907,0.03091374251461717,0.05318353026738404,0.5799,0.019100000000000006,0.02831766000000001,0.4965875,0.66585,0.485,0.6854
PKG_C,RCP_2,Surface_Roughness,1103,0.5829343608340888,0.031879703100944075,0.05468832383688818,0.5814,0.021100000000000008,0.03128286000000001,0.49442400000000003,0.665086,0.4544,0.6815
PKG_C,RCP_3,Surface_Roughness,1071,0.5819619981325863,0.031038132460860804,0.05333360693732015,0.5808,0.02059999999999995,0.030541559999999926,0.506835,0.6662,0.4889,0.674
PKG_C,RCP_4,Surface_Roughness,1089,0.5844500459136822,0.031366071533938646,0.05366766886792429,0.5846,0.020299999999999985,0.030096779999999976,0.50774,0.6679759999999998,0.4954,0.6806
PKG_C,RCP_5,Surface_Roughness,1008,0.581642361111111,0.03137298443112713,0.05393861680087285,0.58145,0.02100000000000002,0.031134600000000026,0.500114,0.6639495000000002,0.4676,0.6767
PKG_C,RCP_6,Surface_Roughness,1108,0.5831284296028881,0.033060161339770563,0.05669447699932005,0.58145,0.020950000000000024,0.031060470000000034,0.49827,0.6691579999999999,0.4671,0.6941
PKG_C,RCP_7,Surface_Roughness,1043,0.5814754554170661,0.03276557711712565,0.056349028685354186,0.5806,0.02190000000000003,0.03246894000000004,0.497321,0.673186,0.4692,0.6938
PKG_C,RCP_8,Surface_Roughness,1102,0.5810437386569873,0.031473642098656836,0.054167423215684886,0.5806,0.020050000000000012,0.029726130000000017,0.50391,0.6654719999999994,0.472,0.6916
PKG_C,RCP_9,Surface_Roughness,1128,0.5818437056737589,0.03079508562111762,0.05292673156179934,0.5823,0.020299999999999985,0.030096779999999976,0.501416,0.659257,0.4826,0.6841
PKG_D,RCP_1,Surface_Roughness,1157,0.5813589455488332,0.03342894778628609,0.05750139056470082,0.5803,0.022699999999999942,0.03365501999999991,0.500146,0.6750080000000002,0.4747,0.6945
PKG_D,RCP_2,Surface_Roughness,1110,0.5826963963963964,0.03217390983277427,0.05521556342505166,0.58195,0.021749999999999936,0.0322465499999999,0.5012635,0.6673,0.4767,0.684
PKG_D,RCP_3,Surface_Roughness,1060,0.5822305660377358,0.03197946534333088,0.054925775472355075,0.58115,0.020750000000000046,0.030763950000000068,0.5010655,0.675364,0.4847,0.693
PKG_D,RCP_4,Surface_Roughness,1055,0.5812831279620853,0.031904266780219605,0.05488593293955126,0.5802,0.020999999999999908,0.03113459999999986,0.499678,0.6700740000000001,0.4759,0.691
PKG_D,RCP_5,Surface_Roughness,1045,0.5806414354066985,0.030693314818800346,0.05286104805335126,0.5803,0.019100000000000006,0.02831766000000001,0.499608,0.6579780000000001,0.4845,0.6819
PKG_D,RCP_6,Surface_Roughness,1120,0.58198625,0.030654550899336858,0.05267229406079071,0.5814,0.020299999999999985,0.030096779999999976,0.502947,0.6628554999999999,0.4887,0.6965
PKG_D,RCP_7,Surface_Roughness,1070,0.5816591588785047,0.031470562443463586,0.054104817164990375,0.5815,0.02034999999999998,0.030170909999999967,0.502297,0.6639275,0.4916,0.6825
PKG_D,RCP_8,Surface_Roughness,1042,0.5805194817658349,0.03264178169345396,0.056228572371358816,0.58065,0.02124999999999999,0.031505249999999985,0.499251,0.6637950000000001,0.4798,0.6896
PKG_D,RCP_9,Surface_Roughness,1103,0.5816968268359021,0.031393109612138044,0.053968163764788954,0.5809,0.018899999999999917,0.028021139999999875,0.499623,0.664647,0.4794,0.6951
PKG_E,RCP_1,Surface_Roughness,1119,0.5801645218945487,0.031131239329357994,0.05365932964617998,0.5792,0.020299999999999985,0.030096779999999976,0.502731,0.6659580000000003,0.4839,0.6872
PKG_E,RCP_2,Surface_Roughness,1124,0.5812389679715302,0.031341246670070995,0.053921447798741064,0.5805,0.02070000000000005,0.030689820000000076,0.502361,0.6594154999999999,0.4879,0.6719
PKG_E,RCP_3,Surface_Roughness,1053,0.5821047483380817,0.033044435117894684,0.05676716297579958,0.5819,0.02100000000000002,0.031134600000000026,0.496452,0.6702480000000001,0.4858,0.7001
PKG_E,RCP_4,Surface_Roughness,1074,0.5816472998137803,0.03187386249154583,0.05479929589933717,0.58095,0.02184999999999998,0.03239480999999997,0.5067365,0.6644795,0.48,0.6867
PKG_E,RCP_5,Surface_Roughness,1027,0.5822521908471275,0.03163036827855828,0.054324172198543,0.5826,0.020100000000000007,0.02980026000000001,0.499134,0.659787,0.4842,0.6895
PKG_E,RCP_6,Surface_Roughness,1066,0.580756660412758,0.03307831903738508,0.05695727882634271,0.57985,0.022399999999999975,0.03321023999999996,0.50346,0.6649799999999999,0.4796,0.6822
PKG_E,RCP_7,Surface_Roughness,1176,0.5813312925170068,0.031348560772357495,0.053925465867537825,0.5801499999999999,0.019550000000000067,0.028984830000000097,0.4998,0.6673375,0.4756,0.6941
PKG_E,RCP_8,Surface_Roughness,1101,0.580569391462307,0.03340919631821972,0.05754556959000272,0.5795,0.021700000000000053,0.032172420000000077,0.4969,0.6676500000000001,0.4792,0.6854
PKG_E,RCP_9,Surface_Roughness,1076,0.5806818773234201,0.032489676308204624,0.05595090457784164,0.5809,0.02100000000000002,0.031134600000000026,0.500975,0.670075,0.4798,0.7164
PKG_F,RCP_1,Surface_Roughness,1114,0.5818304308797128,0.030712233009306703,0.05278553918685654,0.5813,0.020950000000000024,0.031060470000000034,0.5039605,0.659548,0.4924,0.6741
PKG_F,RCP_2,Surface_Roughness,1137,0.5806,0.030795507091818632,0.0530408320561809,0.5798,0.020299999999999985,0.030096779999999976,0.5044,0.6686479999999999,0.4883,0.7006
PKG_F,RCP_3,Surface_Roughness,1112,0.5812794064748201,0.03227352494861238,0.05552153506406803,0.5802,0.021400000000000086,0.031727640000000126,0.502033,0.6661229999999999,0.4779,0.7042
PKG_F,RCP_4,Surface_Roughness,1106,0.5818336347197107,0.03186868232184539,0.05477284299179031,0.58215,0.02094999999999997,0.03106046999999995,0.4982625,0.6721849999999999,0.472,0.6919
PKG_F,RCP_5,Surface_Roughness,1044,0.5808494252873563,0.03159829554815553,0.054400149457879396,0.5796,0.02144999999999997,0.03180176999999995,0.5033934999999999,0.6706850000000001,0.4865,0.7517
PKG_F,RCP_6,Surface_Roughness,1061,0.5820047125353439,0.03152571631369884,0.054167458844732896,0.5812,0.020999999999999908,0.03113459999999986,0.49614,0.6611400000000001,0.4715,0.676
PKG_F,RCP_7,Surface_Roughness,1107,0.5808413730803975,0.03220309765059531,0.055442155368188445,0.5811,0.021399999999999975,0.03172763999999996,0.491954,0.663488,0.4725,0.6799
PKG_F,RCP_8,Surface_Roughness,1126,0.5834647424511545,0.031391863210078454,0.053802502406915295,0.58335,0.01984999999999998,0.029429609999999967,0.4979125,0.6677375,0.4903,0.7049
PKG_F,RCP_9,Surface_Roughness,1117,0.5809351835273052,0.03263731108149481,0.05618064115746708,0.58,0.020100000000000007,0.02980026000000001,0.500538,0.6738440000000002,0.4805,0.6916
PKG_A,RCP_1,Yield,1082,100.0,0.0,0.0,100.0,0.0,0.0,100.0,100.0,100.0,100.0
PKG_A,RCP_2,Yield,1068,100.0,0.0,0.0,100.0,0.0,0.0,100.0,100.0,100.0,100.0
PKG_A,RCP_3,Yield,1103,100.0,0.0,0.0,100.0,0.0,0.0,100.0,100.0,100.0,100.0
PKG_A,RCP_4,Yield,1068,100.0,0.0,0.0,100.0,0.0,0.0,100.0,100.0,100.0,100.0
PKG_A,RCP_5,Yield,1118,100.0,0.0,0.0,100.0,0.0,0.0,100.0,100.0,100.0,100.0
PKG_A,RCP_6,Yield,1099,100.0,0.0,0.0,100.0,0.0,0.0,100.0,100.0,100.0,100.0
PKG_A,RCP_7,Yield,1107,100.0,0.0,0.0,100.0,0.0,0.0,100.0,100.0,100.0,100.0
PKG_A,RCP_8,Yield,1024,100.0,0.0,0.0,100.0,0.0,0.0,100.0,100.0,100.0,100.0
PKG_A,RCP_9,Yield,1087,100.0,0.0,0.0,100.0,0.0,0.0,100.0,100.0,100.0,100.0
PKG_B,RCP_1,Yield,1137,100.0,0.0,0.0,100.0,0.0,0.0,100.0,100.0,100.0,100.0
PKG_B,RCP_2,Yield,1118,100.0,0.0,0.0,100.0,0.0,0.0,100.0,100.0,100.0,100.0
PKG_B,RCP_3,Yield,1083,100.0,0.0,0.0,100.0,0.0,0.0,100.0,100.0,100.0,100.0
PKG_B,RCP_4,Yield,1099,100.0,0.0,0.0,100.0,0.0,0.0,100.0,100.0,100.0,100.0
PKG_B,RCP_5,Yield,1083,100.0,0.0,0.0,100.0,0.0,0.0,100.0,100.0,100.0,100.0
PKG_B,RCP_6,Yield,1099,100.0,0.0,0.0,100.0,0.0,0.0,100.0,100.0,100.0,100.0
PKG_B,RCP_7,Yield,1073,100.0,0.0,0.0,100.0,0.0,0.0,100.0,100.0,100.0,100.0
PKG_B,RCP_8,Yield,1074,100.0,0.0,0.0,100.0,0.0,0.0,100.0,100.0,100.0,100.0
PKG_B,RCP_9,Yield,1138,100.0,0.0,0.0,100.0,0.0,0.0,100.0,100.0,100.0,100.0
PKG_C,RCP_1,Yield,1076,100.0,0.0,0.0,100.0,0.0,0.0,100.0,100.0,100.0,100.0
PKG_C,RCP_2,Yield,1103,100.0,0.0,0.0,100.0,0.0,0.0,100.0,100.0,100.0,100.0
PKG_C,RCP_3,Yield,1071,100.0,0.0,0.0,100.0,0.0,0.0,100.0,100.0,100.0,100.0
PKG_C,RCP_4,Yield,1089,100.0,0.0,0.0,100.0,0.0,0.0,100.0,100.0,100.0,100.0
PKG_C,RCP_5,Yield,1008,100.0,0.0,0.0,100.0,0.0,0.0,100.0,100.0,100.0,100.0
PKG_C,RCP_6,Yield,1108,100.0,0.0,0.0,100.0,0.0,0.0,100.0,100.0,100.0,100.0
PKG_C,RCP_7,Yield,1043,100.0,0.0,0.0,100.0,0.0,0.0,100.0,100.0,100.0,100.0
PKG_C,RCP_8,Yield,1102,100.0,0.0,0.0,100.0,0.0,0.0,100.0,100.0,100.0,100.0
PKG_C,RCP_9,Yield,1128,100.0,0.0,0.0,100.0,0.0,0.0,100.0,100.0,100.0,100.0
PKG_D,RCP_1,Yield,1157,100.0,0.0,0.0,100.0,0.0,0.0,100.0,100.0,100.0,100.0
PKG_D,RCP_2,Yield,1110,100.0,0.0,0.0,100.0,0.0,0.0,100.0,100.0,100.0,100.0
PKG_D,RCP_3,Yield,1060,100.0,0.0,0.0,100.0,0.0,0.0,100.0,100.0,100.0,100.0
PKG_D,RCP_4,Yield,1055,100.0,0.0,0.0,100.0,0.0,0.0,100.0,100.0,100.0,100.0
PKG_D,RCP_5,Yield,1045,100.0,0.0,0.0,100.0,0.0,0.0,100.0,100.0,100.0,100.0
PKG_D,RCP_6,Yield,1120,100.0,0.0,0.0,100.0,0.0,0.0,100.0,100.0,100.0,100.0
PKG_D,RCP_7,Yield,1070,100.0,0.0,0.0,100.0,0.0,0.0,100.0,100.0,100.0,100.0
PKG_D,RCP_8,Yield,1042,100.0,0.0,0.0,100.0,0.0,0.0,100.0,100.0,100.0,100.0
PKG_D,RCP_9,Yield,1103,100.0,0.0,0.0,100.0,0.0,0.0,100.0,100.0,100.0,100.0
PKG_E,RCP_1,Yield,1119,100.0,0.0,0.0,100.0,0.0,0.0,100.0,100.0,100.0,100.0
PKG_E,RCP_2,Yield,1124,100.0,0.0,0.0,100.0,0.0,0.0,100.0,100.0,100.0,100.0
PKG_E,RCP_3,Yield,1053,100.0,0.0,0.0,100.0,0.0,0.0,100.0,100.0,100.0,100.0
PKG_E,RCP_4,Yield,1074,100.0,0.0,0.0,100.0,0.0,0.0,100.0,100.0,100.0,100.0
PKG_E,RCP_5,Yield,1027,100.0,0.0,0.0,100.0,0.0,0.0,100.0,100.0,100.0,100.0
PKG_E,RCP_6,Yield,1066,100.0,0.0,0.0,100.0,0.0,0.0,100.0,100.0,100.0,100.0
PKG_E,RCP_7,Yield,1176,100.0,0.0,0.0,100.0,0.0,0.0,100.0,100.0,100.0,100.0
PKG_E,RCP_8,Yield,1101,100.0,0.0,0.0,100.0,0.0,0.0,100.0,100.0,100.0,100.0
PKG_E,RCP_9,Yield,1076,100.0,0.0,0.0,100.0,0.0,0.0,100.0,100.0,100.0,100.0
PKG_F,RCP_1,Yield,1114,100.0,0.0,0.0,100.0,0.0,0.0,100.0,100.0,100.0,100.0
PKG_F,RCP_2,Yield,1137,100.0,0.0,0.0,100.0,0.0,0.0,100.0,100.0,100.0,100.0
PKG_F,RCP_3,Yield,1112,100.0,0.0,0.0,100.0,0.0,0.0,100.0,100.0,100.0,100.0
PKG_F,RCP_4,Yield,1106,100.0,0.0,0.0,100.0,0.0,0.0,100.0,100.0,100.0,100.0
PKG_F,RCP_5,Yield,1044,100.0,0.0,0.0,100.0,0.0,0.0,100.0,100.0,100.0,100.0
PKG_F,RCP_6,Yield,1061,100.0,0.0,0.0,100.0,0.0,0.0,100.0,100.0,100.0,100.0
PKG_F,RCP_7,Yield,1107,100.0,0.0,0.0,100.0,0.0,0.0,100.0,100.0,100.0,100.0
PKG_F,RCP_8,Yield,1126,100.0,0.0,0.0,100.0,0.0,0.0,100.0,100.0,100.0,100.0
PKG_F,RCP_9,Yield,1117,100.0,0.0,0.0,100.0,0.0,0.0,100.0,100.0,100.0,100.0
PKG_A,RCP_1,Cooling_Thermal_Load,1082,2.2029960958410792,0.03900839286322203,0.017706973215642064,2.20249429770808,0.026294720740808186,0.03898455297032222,2.1071817428678723,2.3092623836582797,2.091189033475713,2.3600331160095207
PKG_A,RCP_2,Cooling_Thermal_Load,1068,2.2041760593127364,0.039280821401347706,0.01782109066804559,2.203004729474764,0.025269578598078324,0.03746467722951092,2.1116082088567367,2.3094095966076957,2.0899330181245075,2.3430831685229525
PKG_A,RCP_3,Cooling_Thermal_Load,1103,2.203475531525169,0.038711337608970886,0.017568308363368233,2.2021617293835067,0.02517057894102903,0.03731790033796964,2.1068413413817426,2.309942458011277,2.0815843925509907,2.3430641821946168
PKG_A,RCP_4,Cooling_Thermal_Load,1068,2.2039058335775636,0.039713157756410856,0.018019444003170113,2.204898211433851,0.02749742911882591,0.040767688411571294,2.1026695091661516,2.3054338906605496,2.0839687097732447,2.325588631884659
PKG_A,RCP_5,Cooling_Thermal_Load,1118,2.2029243964301766,0.03908225806448643,0.017741080051507423,2.2009094601794654,0.024903594209740865,0.036922068775361805,2.1071658136375984,2.3183698662679233,2.0828669612174764,2.348167268972638
PKG_A,RCP_6,Cooling_Thermal_Load,1099,2.20470211836578,0.038262206267365144,0.017354819024588564,2.2031584309730006,0.025472979603826218,0.03776623956063275,2.103692632578295,2.3093121426363554,2.081558898222309,2.350036310820625
PKG_A,RCP_7,Cooling_Thermal_Load,1107,2.205074045995787,0.03793018173981353,0.017201318844004932,2.204190056134723,0.025450000169318532,0.037732170251031656,2.111803619027109,2.3066192341713943,2.093429360694554,2.3193260043152164
PKG_A,RCP_8,Cooling_Thermal_Load,1024,2.203725666110864,0.03766492792349222,0.01709147762932003,2.2054623051865305,0.026253512008263424,0.03892345690345135,2.11201743066387,2.3000703872375214,2.0892698788057937,2.335223757475768
PKG_A,RCP_9,Cooling_Thermal_Load,1087,2.2029871375512937,0.038863371680343005,0.017641215882695148,2.2020212228398184,0.025696309516391125,0.03809734848900148,2.11576795511949,2.299252800203646,2.0990822066515347,2.3311708371949336
PKG_B,RCP_1,Cooling_Thermal_Load,1137,2.2026336427278816,0.038105456009446315,0.017299951871367084,2.2011263073209975,0.025269835708331634,0.03746505842117248,2.0983971570866133,2.3020179079335468,2.080114308238077,2.345895020188425
PKG_B,RCP_2,Cooling_Thermal_Load,1118,2.203351187812388,0.03897408157225307,0.01768854724014684,2.203789959653766,0.027846233218123073,0.04128482536918927,2.108977973316806,2.2991419655477134,2.066403162055336,2.31253860407659
PKG_B,RCP_3,Cooling_Thermal_Load,1083,2.204511412664733,0.037174823212460115,0.016863066799697145,2.2034958784387726,0.02487421880445506,0.036878516799485075,2.1133002304233792,2.2998433967710588,2.091854587869362,2.349927250051964
PKG_B,RCP_4,Cooling_Thermal_Load,1099,2.204003095070588,0.03862567858843352,0.01752523790679906,2.2025149579150187,0.025701225780960346,0.038104637342851806,2.1123777718886787,2.303405129267952,2.0871784802670335,2.3249691484985604
PKG_B,RCP_5,Cooling_Thermal_Load,1083,2.2025673007400486,0.039820514814659154,0.018079136470100014,2.2021555197421434,0.02621851814724696,0.03887157500510834,2.1098598627817076,2.313186769966264,2.0763199682413656,2.331966793071641
PKG_B,RCP_6,Cooling_Thermal_Load,1099,2.2029028910758615,0.038830268900217325,0.0176268636522844,2.20179507866075,0.025141083036268164,0.037274169709571175,2.1107625275522177,2.3142529473917284,2.079730652874012,2.360628956503982
PKG_B,RCP_7,Cooling_Thermal_Load,1073,2.201626911858385,0.03724262319860715,0.01691595564989292,2.201801437101508,0.026166012161078722,0.03879372963001531,2.106136689395129,2.292982199355796,2.0938364282892135,2.3153116392940936
PKG_B,RCP_8,Cooling_Thermal_Load,1074,2.2045803184917485,0.038633668263626714,0.017524273413661664,2.204734238264783,0.024887387748692813,0.03689804107621196,2.1041372339342046,2.2989518012261114,2.0770972823946434,2.3435444078947367
PKG_B,RCP_9,Cooling_Thermal_Load,1138,2.2031196269385696,0.038849097408887104,0.017633675872095685,2.202037475676857,0.025415187952851248,0.03768055765889726,2.1032726980828857,2.3095469763638397,2.0872317278211847,2.3225280326197755
PKG_C,RCP_1,Cooling_Thermal_Load,1076,2.203436779542567,0.04018019897274586,0.018235240214646533,2.2017431903163294,0.027492878896894446,0.0407609422525357,2.1136000530255186,2.329794298490866,2.101564027370479,2.364069129669875
PKG_C,RCP_2,Cooling_Thermal_Load,1103,2.204335112019371,0.03854904149088889,0.017487831718823583,2.202742699289661,0.026461370129848394,0.03923162735451323,2.109510646942079,2.3013206512609536,2.084955235500195,2.3270298047276463
PKG_C,RCP_3,Cooling_Thermal_Load,1071,2.203846733109388,0.03994201792454624,0.018123773003121867,2.204048907596713,0.02598779511135163,0.03852950503208993,2.104555860034936,2.313372030728465,2.0923663376014074,2.3289487205837016
PKG_C,RCP_4,Cooling_Thermal_Load,1089,2.20117163808241,0.036481607439550194,0.01657372228879516,2.2023,0.023962626262625797,0.035526989696969005,2.1077493990924623,2.2966397226467707,2.092696353091517,2.326100307062436
PKG_C,RCP_5,Cooling_Thermal_Load,1008,2.2047953102810633,0.03844612989036688,0.017437505291802276,2.2049664748883497,0.02554076650690318,0.03786674042313465,2.107321594027724,2.317392479204453,2.0690596956691376,2.347457627118644
PKG_C,RCP_6,Cooling_Thermal_Load,1108,2.2056342648351004,0.03874432616655975,0.01756607012516483,2.204759613436301,0.025853617064792722,0.038330572660261686,2.1066962020500095,2.3050341078950365,2.0821418006113794,2.3574350582941292
PKG_C,RCP_7,Cooling_Thermal_Load,1043,2.205617062173022,0.038059851705275656,0.01725587472005601,2.2040052594315767,0.025517783434191088,0.037832665719531706,2.1142071171597405,2.308821559803964,2.083390969271811,2.3336135336765786
PKG_C,RCP_8,Cooling_Thermal_Load,1102,2.2040840916150533,0.039310624303121273,0.017835355943391536,2.2037990005134187,0.024630806919738513,0.03651763433920432,2.1001332399751784,2.3049735139178713,2.060171368056224,2.3332996870899363
PKG_C,RCP_9,Cooling_Thermal_Load,1128,2.202891143846548,0.03900572133006713,0.01770660408664489,2.2005627463881146,0.025269877260375884,0.037465120026233284,2.1144552701272734,2.313189066942649,2.072401293230136,2.3606757581925506
PKG_D,RCP_1,Cooling_Thermal_Load,1157,2.202057683805146,0.03972738085029344,0.018041026419273767,2.201579466929911,0.02718530430531807,0.04030493216306457,2.106396862892708,2.3044628920280625,2.072901252836145,2.365066225165563
PKG_D,RCP_2,Cooling_Thermal_Load,1110,2.2040001364419592,0.03883555484580939,0.017620486588763917,2.2046184293450364,0.026505032699292608,0.03929636147997122,2.1110131932280747,2.298960026138462,2.091982292179046,2.329554822753504
PKG_D,RCP_3,Cooling_Thermal_Load,1060,2.204814739282426,0.037822077869785566,0.01715431106111666,2.2040087807220483,0.025408408302755703,0.037670506149665606,2.1165574001069882,2.3078298575042746,2.081043409000398,2.347629796839729
PKG_D,RCP_4,Cooling_Thermal_Load,1055,2.2050857478197576,0.039285206003747054,0.017815727140130338,2.2046447002778877,0.026674854571078654,0.03954813938708121,2.108139913093153,2.312747426662363,2.092488401934656,2.3615719618415594
PKG_D,RCP_5,Cooling_Thermal_Load,1045,2.2030927751209184,0.03790814763425399,0.01720678677827055,2.201960588176453,0.0266681035442895,0.03953813031476361,2.1157826899657213,2.307219251835303,2.0797698184343685,2.324914250077954
PKG_D,RCP_6,Cooling_Thermal_Load,1120,2.2031101493695027,0.03677560302643254,0.016692584815587715,2.2036299613335615,0.02498360780815778,0.037040696936374726,2.112883095482404,2.30019828998448,2.099021642454788,2.3502501786990706
PKG_D,RCP_7,Cooling_Thermal_Load,1070,2.2018038472864094,0.038589051947442235,0.017526107965975677,2.200972547012643,0.024716331842472128,0.036644433589649174,2.1009542592654005,2.3042469011725295,2.039162727886563,2.331641636457794
PKG_D,RCP_8,Cooling_Thermal_Load,1042,2.2047291854201165,0.03830255111329007,0.017372905192431343,2.20331315721247,0.025044647921471874,0.037131195008374196,2.1109360342835584,2.2996187633759133,2.0788649706457925,2.3559216013344453
PKG_D,RCP_9,Cooling_Thermal_Load,1103,2.20249966118799,0.038263589310098683,0.017372801451174782,2.200920092009201,0.026110774342740672,0.038711834040547316,2.110616235385562,2.307210509236664,2.0782172373081464,2.3153712946928797
PKG_E,RCP_1,Cooling_Thermal_Load,1119,2.204058495316219,0.03919802938273286,0.017784477801306754,2.2027270904351313,0.026559746328855827,0.039377479907161644,2.1099148506004792,2.3094457170299534,2.072286783533583,2.3363061287980917
PKG_E,RCP_2,Cooling_Thermal_Load,1124,2.205226340249475,0.03872739125378073,0.01756164006702348,2.204475652078891,0.027193087636945723,0.04031647173053573,2.116783462781303,2.3143589858636453,2.0859545004945597,2.3374974189551927
PKG_E,RCP_3,Cooling_Thermal_Load,1053,2.2040123616691094,0.03901438612712333,0.017701527816104238,2.204371584699454,0.026144002830522428,0.038761098596532546,2.1129185186640473,2.3075438986193384,2.0664461523494504,2.329855783982817
PKG_E,RCP_4,Cooling_Thermal_Load,1074,2.2043560543955247,0.036274790083495406,0.016455957743833096,2.2044806017649696,0.024045030859286776,0.035649162751978575,2.1124394542334857,2.3006456095681975,2.088908450704225,2.336160212526821
PKG_E,RCP_5,Cooling_Thermal_Load,1027,2.2015040965870796,0.0382009168730101,0.01735218977436006,2.2026078234704114,0.02525922912964873,0.03744933310761721,2.097780003391756,2.3000775957987685,2.0776440410418315,2.3406167041045536
PKG_E,RCP_6,Cooling_Thermal_Load,1066,2.203305841755693,0.03893485605827558,0.017671108259419192,2.2022947115424465,0.02784078354235109,0.041276745679889724,2.103637547350888,2.306621960934829,2.0850186530532104,2.3387729807890927
PKG_E,RCP_7,Cooling_Thermal_Load,1176,2.2025716611916213,0.03918485317288557,0.017790500923673028,2.2008508188163045,0.0264977271857032,0.039285530325523565,2.1082410353719903,2.308185809612011,2.0885284346296658,2.3702574881765632
PKG_E,RCP_8,Cooling_Thermal_Load,1101,2.204320197805061,0.03911822995916856,0.017746165007298084,2.204674220963173,0.026233057202330823,0.038893130608175674,2.101026004029004,2.315126294190388,2.0889286780065652,2.3351379489849036
PKG_E,RCP_9,Cooling_Thermal_Load,1076,2.2067362168294586,0.03908107722382661,0.017709899772242185,2.20603038331737,0.027077094063560514,0.040144499658634814,2.1139482889118653,2.305283934175545,2.082580394442825,2.3285448532451425
PKG_F,RCP_1,Cooling_Thermal_Load,1114,2.202576202386266,0.03848417805046783,0.017472348066220892,2.2025071535862177,0.026871800319375083,0.039840131153505494,2.1123081292936385,2.308883446052987,2.0964630225080385,2.32766663211361
PKG_F,RCP_2,Cooling_Thermal_Load,1137,2.204095884763257,0.037566949352490955,0.01704415384656736,2.2036018009004503,0.026736423877157467,0.03963942204027366,2.109267589421781,2.2973690832428204,2.0828202581926516,2.3163946206754953
PKG_F,RCP_3,Cooling_Thermal_Load,1112,2.2036761385003705,0.04000780059117465,0.01815502736187018,2.2022293151804875,0.026265320882076892,0.0389409647397672,2.1055218052764353,2.317239656705011,2.083349753694581,2.34241656104774
PKG_F,RCP_4,Cooling_Thermal_Load,1106,2.205651530519148,0.038011885485967664,0.017233858095898193,2.204388804212299,0.025152406751606904,0.03729095824993239,2.109551347272094,2.3093463754441887,2.101740162151473,2.3244435111297777
PKG_F,RCP_5,Cooling_Thermal_Load,1044,2.203582128362558,0.038777924030148916,0.017597675861967574,2.201911947998413,0.02568031387241798,0.0380736333472469,2.0981167464399055,2.3181606633314478,2.087508613052466,2.332156211051101
PKG_F,RCP_6,Cooling_Thermal_Load,1061,2.2053939252276065,0.037675952168083574,0.01708354763160747,2.2059175134488944,0.02506644961910709,0.03716351820528817,2.1181186643851495,2.3036133722076477,2.0861523244312563,2.361563853930266
PKG_F,RCP_7,Cooling_Thermal_Load,1107,2.2022690725833627,0.037193243242938205,0.01688860080994046,2.202454610001014,0.025841847980928367,0.038313123816524394,2.11393581679093,2.296669234788105,2.0935752820009808,2.3113217058171185
PKG_F,RCP_8,Cooling_Thermal_Load,1126,2.204394171035787,0.039335027476482695,0.01784391738706159,2.2020733819994494,0.026638137992950783,0.03949370338834883,2.1130622447893317,2.2998856244117767,2.0703537228845024,2.362447213925224
PKG_F,RCP_9,Cooling_Thermal_Load,1117,2.2030160178605347,0.03932567708642759,0.017850835748629206,2.201996007984032,0.026904655974287817,0.03988884294747912,2.1071771905848684,2.30996212956323,2.0881810235991063,2.3394277450676584
PKG_A,RCP_1,Laser_Cleaning_Demand,1082,831.3411500648798,6.920194462421806,0.008324133193553258,831.7348961,4.175783349999961,6.1910163947099415,798.3691628469999,845.960453692,786.2739477999999,849.7990702000001
PKG_A,RCP_2,Laser_Cleaning_Demand,1068,831.1485349425094,6.872430550190649,0.00826859491566813,831.7645255,3.9779313000000798,5.897680945380118,804.3557214975,845.667643296,790.5935544,849.3056670000001
PKG_A,RCP_3,Laser_Cleaning_Demand,1103,831.218172737534,7.071441440399309,0.008507322953623863,831.6647556,3.9168108000000075,5.8070636920800105,797.080767607,846.2921769640001,783.7203150000001,849.9331554
PKG_A,RCP_4,Laser_Cleaning_Demand,1068,830.908141980618,6.845041329505745,0.008238024137288347,831.2380509000001,3.9201055999998857,5.81194856255983,797.6489248710001,845.5449687685,784.1727594,849.3268603
PKG_A,RCP_5,Laser_Cleaning_Demand,1118,830.8001886677101,6.977249700006784,0.008398228352831332,831.5026674999999,3.8048308000000475,5.64104214408007,800.087201485,845.6934077385,783.564408,850.59136
PKG_A,RCP_6,Laser_Cleaning_Demand,1099,831.2369506787079,6.761780887265103,0.008134600948314539,831.662208,3.96375009999997,5.876655898259956,811.1120537489999,847.0391514309999,789.7203684,851.1922943999999
PKG_A,RCP_7,Laser_Cleaning_Demand,1107,831.1682287552845,7.118091334925531,0.008563959844308803,831.84206,3.8533614999998917,5.712993759899839,793.6668795410001,845.908968544,780.3627168,849.7654769000001
PKG_A,RCP_8,Laser_Cleaning_Demand,1024,831.3660077955078,6.663797848663456,0.008015480289281396,831.500268,4.126703199999895,6.118250164319844,810.1940196015,846.2387216470001,793.0827456,847.9602346
PKG_A,RCP_9,Laser_Cleaning_Demand,1087,830.9902236632935,7.436534728907071,0.008949003871699288,831.590861,4.152439400000048,6.1564066544400715,794.1433947740001,847.1087327399999,781.9435799999999,851.2594024
PKG_B,RCP_1,Laser_Cleaning_Demand,1137,831.1986094414248,7.1821449831002475,0.008640708612261435,831.7429169999999,4.130225500000051,6.123472326300075,796.9147151000001,846.85158186,790.031872,850.1835449
PKG_B,RCP_2,Laser_Cleaning_Demand,1118,831.4529980382827,6.672760233281408,0.008025420858455036,831.5365326,4.019512350000014,5.95932901011002,810.2614989659999,847.1811251909999,789.6338516999999,849.2781650000001
PKG_B,RCP_3,Laser_Cleaning_Demand,1083,831.3392252172669,6.5736949403606575,0.007907355674986526,831.6898956,4.118947800000001,6.106752008280001,812.988165579,845.527191714,785.4528920999999,851.6678780999999
PKG_B,RCP_4,Laser_Cleaning_Demand,1099,831.0491797315741,7.162013532221337,0.00861803814611145,831.7903658,4.082935000000134,6.053359431000199,799.6191722880001,846.705251406,785.831035,853.4720725
PKG_B,RCP_5,Laser_Cleaning_Demand,1083,831.3014802334257,6.90036658494102,0.008300678813904469,831.8489678,3.990650800000026,5.916538876080038,805.7728914720001,846.7968246819999,783.1776110000001,851.191659
PKG_B,RCP_6,Laser_Cleaning_Demand,1099,831.3018072292994,6.47558653339841,0.007789693799633757,831.7480937000001,3.7714082000002236,5.591489797320331,803.640236236,845.712184924,785.43568,849.8820792
PKG_B,RCP_7,Laser_Cleaning_Demand,1073,831.0783705879776,6.708008243150526,0.008071450877014996,831.5373184,3.953236000000061,5.86106769360009,800.246675544,844.856156872,790.9284577999999,847.9639909
PKG_B,RCP_8,Laser_Cleaning_Demand,1074,831.1195765907821,6.771813381265818,0.008147820809423735,831.4045761999998,4.3077317000000335,6.386643018420049,803.88943867,845.2284190995,787.2341250000001,852.8739075999999
PKG_B,RCP_9,Laser_Cleaning_Demand,1138,831.2761187239895,7.553426757489317,0.009086543673459357,831.73941135,4.270063350000044,6.330795922710064,791.571706698,846.5590920480001,785.9349068,849.851004
PKG_C,RCP_1,Laser_Cleaning_Demand,1076,831.4281774373607,6.9336024563450085,0.008339388349473377,831.8557741999999,4.007731650000096,5.9418629442901425,805.45132925,846.2384674375,789.0772572000001,850.0511462000001
PKG_C,RCP_2,Laser_Cleaning_Demand,1103,830.973005149592,7.325759619186208,0.008815881591565567,831.6161712,3.9059955000000173,5.791028928300025,790.830026808,845.4390901600001,783.8210742,847.4914936
PKG_C,RCP_3,Laser_Cleaning_Demand,1071,831.4392334208217,6.476563464571761,0.007789581251686901,831.691924,4.22411180000006,6.262668154680088,809.79349122,844.95715969,787.7309778,849.9961216
PKG_C,RCP_4,Laser_Cleaning_Demand,1089,831.4036389697889,6.680067158240997,0.008034685975777566,832.1615249999999,3.882770399999913,5.756595395039871,801.742933628,846.1373830800001,786.8373121000001,852.4548046
PKG_C,RCP_5,Laser_Cleaning_Demand,1008,831.4714057765873,6.802910392113049,0.008181773113122499,831.8993370000001,4.2254780000000665,6.2646936828000985,811.622025202,845.077054592,786.9056515999999,846.9083903999999
PKG_C,RCP_6,Laser_Cleaning_Demand,1108,830.724589269314,7.9118552450531965,0.009524041237315824,831.32333265,4.228353500000026,6.268956899100037,792.0150782815,846.5638099535,788.2704,851.8686029999999
PKG_C,RCP_7,Laser_Cleaning_Demand,1043,831.2200247973154,7.112898726842494,0.008557179224089197,831.8924939999999,3.8754624000000604,5.745760554240089,795.122070728,847.567700324,788.4853596000002,850.4372466
PKG_C,RCP_8,Laser_Cleaning_Demand,1102,831.545675099274,6.623703999911315,0.007965532379349511,831.91773645,3.5307829999999285,5.234738875799894,807.1570419075,847.1246541129999,786.0059506,848.38398
PKG_C,RCP_9,Laser_Cleaning_Demand,1128,831.2398027052305,7.140233320419529,0.008589859745866329,831.6346746500001,3.714019099999973,5.50640471765996,793.3432751375,847.0070298485,784.7104396,852.6504945
PKG_D,RCP_1,Laser_Cleaning_Demand,1157,831.0526770876404,7.34035898083075,0.008832603736449618,831.7504256,4.0900539000000435,6.063913912140064,794.061768192,845.603879406,783.9745885,847.7901402
PKG_D,RCP_2,Laser_Cleaning_Demand,1110,831.1821001151351,6.611697187642226,0.007954571190508524,831.7110461000001,3.8513975000000187,5.710081933500027,808.5339792735,846.4498724665,774.3121208,852.1463071
PKG_D,RCP_3,Laser_Cleaning_Demand,1060,831.2476105709434,6.893989546896245,0.008293545099228737,831.7481569,3.8569833000000813,5.71836344058012,801.5965388175,845.549309264,788.8678702,849.0827412
PKG_D,RCP_4,Laser_Cleaning_Demand,1055,830.9710811950711,7.404277021946309,0.00891039073381201,831.7278991000001,4.155060700000149,6.160292993820221,797.2433045560001,844.8805434,782.2938501000001,849.342681
PKG_D,RCP_5,Laser_Cleaning_Demand,1045,831.4207733134929,6.305035763241686,0.007583447474031695,831.4893847999999,3.886983999999984,5.762842478399976,810.0302391959999,846.2059621320001,791.3558519999999,851.9269668
PKG_D,RCP_6,Laser_Cleaning_Demand,1120,831.2800587626786,6.943540871459943,0.008352829829450112,831.77960315,4.189920499999971,6.211976133299957,796.7284289205,844.8397056445,785.34819,848.1681411
PKG_D,RCP_7,Laser_Cleaning_Demand,1070,831.6870887015888,6.584670090645331,0.007917244574429032,831.941595,4.079856199999995,6.048794802119992,806.963737605,845.5553769645,787.7538818,848.528361
PKG_D,RCP_8,Laser_Cleaning_Demand,1042,831.4764619942418,6.862197135952638,0.008253026332812967,832.0640036500001,3.898666050000088,5.78016228573013,802.535486688,845.0427641174999,786.3579948,847.2569456
PKG_D,RCP_9,Laser_Cleaning_Demand,1103,831.1681564693563,7.070773447414957,0.008507031209485037,831.8384118,4.0723606000000245,6.037681825560036,798.0666497159999,845.9072020599999,788.2645113000001,848.6343936000001
PKG_E,RCP_1,Laser_Cleaning_Demand,1119,831.0832952911528,6.960754401868279,0.008375519567421606,831.7428384,3.9439488000001575,5.847298490880233,795.9210611759999,846.125868901,785.5884134,848.3532428
PKG_E,RCP_2,Laser_Cleaning_Demand,1124,830.9603832774021,7.209764797446523,0.008676424222548844,831.7291064000001,4.090681350000011,6.064844169510017,797.652200929,847.294403256,785.0335430000001,851.5990783999999
PKG_E,RCP_3,Laser_Cleaning_Demand,1053,831.34826072868,6.786634872627597,0.0081634077957643,831.7542540000001,4.037332800000172,5.985749609280255,803.858336174,846.7124273000001,783.6114708,848.3436224999999
PKG_E,RCP_4,Laser_Cleaning_Demand,1074,831.0886298318436,6.9014618947534645,0.008304122625465175,831.4989297,4.021977050000032,5.962983174330048,802.03578963,845.8983376025,787.4445096,848.612347
PKG_E,RCP_5,Laser_Cleaning_Demand,1027,831.0642439481013,7.009457442779551,0.008434314788324933,831.641134,4.036740800000075,5.984871910080111,795.585854442,846.1300199599999,785.0123007999999,848.7711313000001
PKG_E,RCP_6,Laser_Cleaning_Demand,1066,830.895876960788,6.788064829966413,0.008169573370366789,831.3336206000001,4.013838899999939,5.950917553139909,802.7683934725001,845.12404126,785.3194704,849.0447634
PKG_E,RCP_7,Laser_Cleaning_Demand,1176,831.387531000085,6.76243755703195,0.008133917463132193,831.917245,3.8927756500000896,5.771429178690132,800.0931777625,846.5297117375001,787.2340579999999,850.8638238
PKG_E,RCP_8,Laser_Cleaning_Demand,1101,831.4214173963669,7.3536210502584645,0.008844637504391762,832.0058875999999,4.118080100000043,6.1054655562600635,795.3480505,846.3794256,784.7010548999999,850.0161019
PKG_E,RCP_9,Laser_Cleaning_Demand,1076,831.3230972605947,6.917434854272639,0.008320994420902313,831.82087125,4.060302399999955,6.019804338239933,802.4850744375,846.6981389375,787.1211054,848.5302399999999
PKG_F,RCP_1,Laser_Cleaning_Demand,1114,831.3093376179532,6.900685931085127,0.008300984505789939,831.8965014,4.086320599999908,6.058378921559863,807.4777938345,846.8240878065,787.0450560000002,850.4354554
PKG_F,RCP_2,Laser_Cleaning_Demand,1137,831.3480428689534,6.741187801845927,0.008108743214914322,831.8201640999999,4.056517699999972,6.014193142019958,805.1025847319999,846.6825751199999,787.6302486,848.342934
PKG_F,RCP_3,Laser_Cleaning_Demand,1112,830.9453980439748,7.096908608488292,0.008540764080521105,831.4969182500001,4.255221900000095,6.30879198894014,795.9614796679999,845.0314009144998,785.4972940000001,846.8476513999999
PKG_F,RCP_4,Laser_Cleaning_Demand,1106,831.2111361896023,7.151431338374241,0.008603627919565041,831.7029271999999,4.1030380499998955,6.083164212929844,797.3248731949999,845.1859210350001,788.3119608,848.63685
PKG_F,RCP_5,Laser_Cleaning_Demand,1044,831.0579198636016,7.084298589257174,0.0085244342421042,831.7487312999999,4.030045250000001,5.97494508765,795.174349641,844.9152503464999,785.3910364000001,847.8946139999999
PKG_F,RCP_6,Laser_Cleaning_Demand,1061,830.9960117102734,7.525630614227427,0.009056157319863572,831.3657039999999,4.156103500000086,6.161839049100126,794.13478644,846.59182712,777.7665280000001,848.422067
PKG_F,RCP_7,Laser_Cleaning_Demand,1107,830.9259039509485,7.346636751460302,0.008841506464689529,831.4690098,3.9834491999999955,5.905861783919993,789.7692801449999,845.35208946,781.5871459999998,848.3192725
PKG_F,RCP_8,Laser_Cleaning_Demand,1126,831.071295415897,6.988700439311968,0.008409267024214306,831.49782185,3.861249050000083,5.724687841530123,800.1854736125,845.90432315,784.6595211,854.1954123
PKG_F,RCP_9,Laser_Cleaning_Demand,1117,830.9368923271262,7.124582803265378,0.00857415631566464,831.4644569,4.041235099999994,5.991535159259992,795.8173576959999,845.086537032,782.3874225999999,854.4917787
PKG_A,RCP_1,Cleaning_Capacity,1082,44758.25528644497,1860.6678643742987,0.04157150122287724,44815.7999291,1181.4839215399988,1751.6680620752022,38956.492524044086,49053.10077152873,37081.858518666,50272.396463469
PKG_A,RCP_2,Cleaning_Capacity,1068,44670.88425698036,1814.0956555588607,0.04061024727253718,44781.451039632506,1073.0632181710025,1590.9235272603282,38941.43156105167,48911.848164509014,37865.02553829001,50370.49253745001
PKG_A,RCP_3,Cleaning_Capacity,1103,44789.816605717,1859.6828662548376,0.04152021613809123,44888.304989000004,1094.788878740008,1623.1339916199356,38590.151836216195,49085.552188706024,37203.842297952004,50806.532103075
PKG_A,RCP_4,Cleaning_Capacity,1068,44703.20055074469,1852.656255765468,0.04144348129307725,44864.806615072,1193.1198307064915,1768.9194610054442,39215.14198804419,48860.32242658902,38068.522297920004,49774.90685706001
PKG_A,RCP_5,Cleaning_Capacity,1118,44623.1757811813,1841.3060985842644,0.04126344811524573,44708.83904521199,1111.3420986630008,1647.675795477765,38738.7626529636,48628.4157073711,38382.3972603,49849.365800178006
PKG_A,RCP_6,Cleaning_Capacity,1099,44744.85143838138,1864.8482130125296,0.04167738081733565,44833.67274654,1116.4724828940016,1655.2821031386466,38577.55925572827,49152.91348460526,37193.639469480004,50143.82852745
PKG_A,RCP_7,Cleaning_Capacity,1107,44809.39598033979,1826.245131117451,0.04075585245377375,44966.247625575,1138.0233240449961,1687.2333802291112,39085.87276407264,48789.720014896564,37747.080183386,49872.07962864
PKG_A,RCP_8,Cleaning_Capacity,1024,44684.43356564226,1920.9230372873765,0.042988640204323164,44794.673064075,1248.053033348995,1850.36342724322,38654.59161616319,49007.78912230564,37678.377573900005,50214.810339191994
PKG_A,RCP_9,Cleaning_Capacity,1087,44772.49831268462,1823.0997026291063,0.04071918636071731,44899.865099243994,1134.2045002560044,1681.571592079552,38956.79294759406,48956.4404914941,38592.0948755,49933.68438838
PKG_B,RCP_1,Cleaning_Capacity,1137,44781.33546530797,1812.0080192943071,0.040463465425189624,44911.89786306,1107.188269579994,1641.517328479299,39033.333123966724,48951.32830499455,36636.866817291,49213.31793378
PKG_B,RCP_2,Cleaning_Capacity,1118,44645.89945419194,1830.750893967527,0.04100602555551453,44761.918490181,1091.1657217364955,1617.7622990465281,38790.91685414741,49197.49781870196,37790.38310803201,49996.92708999
PKG_B,RCP_3,Cleaning_Capacity,1083,44645.57554366322,1839.923694851751,0.04121178128955493,44755.298436815996,1091.726403024004,1618.593565123388,39084.556149032396,48691.277587240605,37932.25690727201,50772.67131867001
PKG_B,RCP_4,Cleaning_Capacity,1099,44740.93524613683,1815.2945662233892,0.04057346043923235,44873.38632156,1106.1103850520012,1639.919256878097,38840.637383550245,48832.83108805176,37278.3441735,49457.606762480005
PKG_B,RCP_5,Cleaning_Capacity,1083,44711.83471721755,1853.5222121352222,0.041454845766404465,44865.15880211999,1105.979723735989,1639.7255384109772,39092.47224526209,48817.83415807828,38669.676537494,51062.99670338999
PKG_B,RCP_6,Cleaning_Capacity,1099,44741.44370244351,1764.00876620246,0.039426728782695056,44825.63274945,1139.5741903980015,1689.532694684077,39627.54729871476,48920.27430960054,38140.659921,50032.997410740005
PKG_B,RCP_7,Cleaning_Capacity,1073,44827.38233954975,1750.7272168509073,0.03905486168230477,44884.972917180006,1111.466684430001,1647.8605063359191,39565.633626265444,48846.97204643797,38105.26962756,49810.00885660801
PKG_B,RCP_8,Cleaning_Capacity,1074,44693.670360237986,1760.1430165180338,0.03938237791461308,44826.842912685504,1101.492145055494,1633.0722542592753,39546.3564593088,48491.176529093376,37775.48151,49069.749016151996
PKG_B,RCP_9,Cleaning_Capacity,1138,44661.10212038709,1883.8825312739566,0.04218172955507952,44825.013443712,1110.9347974680022,1647.07193072606,39205.00535680021,48984.21066817666,38186.57838449999,50281.69306032
PKG_C,RCP_1,Cleaning_Capacity,1076,44692.52416077597,1844.092040188311,0.04126175629629717,44820.634674834,1161.315090037995,1721.7657524903314,39008.223505523245,48901.042232711996,36090.002819199,49491.3974555
PKG_C,RCP_2,Cleaning_Capacity,1103,44649.787402581016,1895.1523507047732,0.04244482361399155,44801.426098832,1141.1844001540085,1691.9199916683328,38263.07846999977,48928.97944590721,37187.284196118,49438.34782920001
PKG_C,RCP_3,Cleaning_Capacity,1071,44699.66166165751,1774.3714242990898,0.03969541062144349,44831.613725976,1098.2905278160033,1628.3255365400064,39355.699367714595,49046.2959586899,36266.084442,50531.856905259
PKG_C,RCP_4,Cleaning_Capacity,1089,44787.819698053165,1867.3667049178794,0.04169362825668091,44928.114163065,1157.9473249350049,1716.772703948638,39133.99021911888,49065.96621121248,37382.763373956004,49924.516157360005
PKG_C,RCP_5,Cleaning_Capacity,1008,44698.326718645476,1916.411052761284,0.04287433542700988,44855.446229537,1156.4145675410036,1714.500237836292,38720.642346620254,48863.118226849896,35956.550930159996,49991.860351510004
PKG_C,RCP_6,Cleaning_Capacity,1108,44773.43017757722,1761.65771520653,0.03934605207194462,44832.73743845,1102.2580645924972,1634.2078065648363,39772.06958979146,49028.512482809194,37456.423527776,50114.35338849999
PKG_C,RCP_7,Cleaning_Capacity,1043,44762.40658901413,1929.229340917085,0.04309932123690974,44884.49993677,1151.1243205100109,1706.656917588142,38725.09291415088,49246.464072927076,36881.5661325,51204.477782145994
PKG_C,RCP_8,Cleaning_Capacity,1102,44696.87643512393,1840.895115212713,0.04118621393789593,44809.4970240295,1137.0707028489996,1685.8210240439269,38514.637777558804,48836.24747980901,37577.092224463995,50024.86391448001
PKG_C,RCP_9,Cleaning_Capacity,1128,44695.81465800531,1797.7765609414062,0.04022248111366313,44788.01427282649,1157.699673638992,1716.4055361371693,39149.1753384347,48746.177788193476,37771.421642639994,49943.71028586199
PKG_D,RCP_1,Cleaning_Capacity,1157,44675.131714051,1848.5033927092895,0.041376562794282874,44733.696611010004,1138.3736871979854,1687.752828639733,38917.9745600526,48975.174539822154,38465.18366376,50006.049997592
PKG_D,RCP_2,Cleaning_Capacity,1110,44782.468444085556,1765.1289713470196,0.03941562474500311,44936.402239398,1063.4223265680012,1576.6299413697184,39074.23558416205,49310.93740245739,37612.42711756,50058.01425366
PKG_D,RCP_3,Cleaning_Capacity,1060,44680.41351631555,1885.3122516103,0.042195496935628345,44859.802559193,1083.7120682669956,1606.7115124126476,38742.236594202725,48774.819915498825,36409.454274929994,49939.410163103996
PKG_D,RCP_4,Cleaning_Capacity,1055,44662.20283071673,1859.3981153394263,0.04163247662429702,44752.195404288,1143.3601989000017,1695.1458308891424,38952.9401757072,48956.0678813056,37335.412095839994,49428.23635151999
PKG_D,RCP_5,Cleaning_Capacity,1045,44662.95460856285,1761.2480496250053,0.03943420369433723,44779.643360088,1098.7359324479912,1628.9858934473916,39426.9889145316,48342.6720107708,38452.389909264,48947.938845255994
PKG_D,RCP_6,Cleaning_Capacity,1120,44665.31813504946,1867.8981932861416,0.041819878851828376,44814.349284428004,1116.0509412780011,1654.6571255387644,38337.3932041971,48811.797569428774,36863.721401376,49915.62175613401
PKG_D,RCP_7,Cleaning_Capacity,1070,44734.26234994047,1832.6772956743139,0.0409680902154577,44827.020982521004,1156.3983766040037,1714.4762331530958,39230.40537359836,49067.07625069644,37054.69400535,49972.931640719995
PKG_D,RCP_8,Cleaning_Capacity,1042,44724.41397125763,1772.829512306784,0.03963896572118534,44859.746956027,1069.621436288995,1585.820741442064,39547.464613961216,48765.36892903786,38405.15518294,49568.8414144
PKG_D,RCP_9,Cleaning_Capacity,1103,44733.945334570286,1958.443975844106,0.043779817791537945,44920.739902527996,1119.0324597920044,1659.0775248876255,38334.95447315592,49574.09839034359,36700.943889645,50394.571606721984
PKG_E,RCP_1,Cleaning_Capacity,1119,44757.129875664374,1814.9822567066917,0.04055180172966241,44877.28375241801,1174.8827250699906,1741.881128188768,39044.03383852313,48965.65413300576,38091.631156416,49740.411509658006
PKG_E,RCP_2,Cleaning_Capacity,1124,44799.50772020413,1818.8025259135466,0.04059871678217761,44928.449497642,1114.6091465299978,1652.5195206453748,38920.65851864385,48776.856034854216,37922.820679751996,49757.55117435599
PKG_E,RCP_3,Cleaning_Capacity,1053,44745.48521864817,1824.2586404626081,0.04076966942135937,44880.0912312,1140.590193791999,1691.0390213160174,39213.63350605217,49083.6843020752,37773.965839104,49808.18467036799
PKG_E,RCP_4,Cleaning_Capacity,1074,44709.66775453146,1830.17066208823,0.04093456189691181,44823.737204213,1199.1203690745024,1777.815859189857,39074.48157379899,49216.331229017815,38250.466795695,50404.78570064001
PKG_E,RCP_5,Cleaning_Capacity,1027,44776.17462428801,1875.5344316426108,0.0418868839819394,44904.946551839996,1148.34388054,1702.534637288604,39198.147971019316,48921.31305265041,38051.009398112,49774.629272742
PKG_E,RCP_6,Cleaning_Capacity,1066,44762.81020829038,1854.1011652050422,0.041420571152202816,44847.93161613049,1138.4079864035011,1687.8036806418306,39256.6013234481,48916.8923073785,37700.41183853999,49626.57429399601
PKG_E,RCP_7,Cleaning_Capacity,1176,44672.67322356136,1867.4388239409489,0.04180271045333415,44800.2059270895,1143.0370718304985,1694.666762695897,39258.13439046075,49119.06034138425,36797.468811452,50329.345011264006
PKG_E,RCP_8,Cleaning_Capacity,1101,44735.75650460142,1734.1951557753869,0.03876530299866532,44827.954655400004,1081.6754491350148,1603.6920208875729,39318.377825392,49076.596604672,38540.0961451,49782.417708942
PKG_E,RCP_9,Cleaning_Capacity,1076,44845.22269996164,1774.8043396847754,0.03957621866567949,44901.012415143,1071.5574295775004,1588.691045091602,39110.266684852504,48790.84362695813,38523.544278112,51362.59784005
PKG_F,RCP_1,Cleaning_Capacity,1114,44746.10993743517,1830.046643672026,0.040898452317549634,44878.6028363365,1151.301532453992,1706.9196520162884,39128.2083624686,48771.37770519779,38514.56207612,49993.96327692
PKG_F,RCP_2,Cleaning_Capacity,1137,44748.24223648563,1776.9903715789726,0.03971084187369705,44875.52596842,1055.7537024720004,1565.2604392849878,39169.61607232608,48722.627416605035,38255.699728511994,49493.88796853399
PKG_F,RCP_3,Cleaning_Capacity,1112,44735.941977208335,1782.249764711197,0.039839325739898394,44869.246075218005,1055.1051759590046,1564.29893387682,38695.796123155844,48824.05104529148,37918.748669759996,49600.080479598
PKG_F,RCP_4,Cleaning_Capacity,1106,44722.76922949126,1878.0719016355984,0.04199364068889439,44814.82632792801,1213.5431111385042,1799.1990165739462,39039.5701153656,48707.233293614394,37031.594580000004,49672.26937237498
PKG_F,RCP_5,Cleaning_Capacity,1044,44788.47501412245,1759.508987251525,0.03928486037304745,44845.368189306,1127.4170720910006,1671.5085510821175,39412.15150550849,49147.015736665715,38035.799730572006,49926.29571888
PKG_F,RCP_6,Cleaning_Capacity,1061,44609.18404556124,1837.8474524810701,0.04119885830245178,44779.949927019006,1169.404300539005,1733.7588159791285,39066.899197990395,48649.4076464242,38565.373661472,50341.714299098
PKG_F,RCP_7,Cleaning_Capacity,1107,44672.53332771807,1855.0759672296904,0.04152609733638426,44799.41380000001,1130.3260281539915,1675.8213693411078,38779.68015719168,48792.10397527366,38250.600539008,49942.727416131005
PKG_F,RCP_8,Cleaning_Capacity,1126,44721.30707908332,1770.002363456585,0.03957850248711617,44754.841658153004,1137.2476001034993,1686.083291913448,39265.34117967687,48805.481896512,36929.765831112,50034.038474591995
PKG_F,RCP_9,Cleaning_Capacity,1117,44738.75715160028,1732.009484134331,0.03871384889538394,44835.436007009994,1090.5892046620065,1616.9075548318908,38907.05290069291,48526.77335525665,37682.070500742,49258.44924264
PKG_A,RCP_1,Cleaning_Load_Ratio,1082,0.018606879632040524,0.0008075296466916158,0.043399520105513685,0.018554411541942796,0.0005052663551332742,0.0007491078981205924,0.016779482511546394,0.021320348602418136,0.016569334050184664,0.02254808675727829
PKG_A,RCP_2,Cleaning_Load_Ratio,1068,0.018637768825255006,0.0007987481169995357,0.042856423667901516,0.018528742590736967,0.00047515581081543357,0.0007044660051149618,0.016904114097897913,0.021412746045898386,0.016394671544774343,0.02211517553984507
PKG_A,RCP_3,Cleaning_Load_Ratio,1103,0.018591646126188396,0.0008236517681709266,0.04430225073027405,0.018536056279253338,0.0004742324671772359,0.0007030970558369699,0.01686561558246043,0.021544154010499854,0.01652142082608998,0.022135942314897256
PKG_A,RCP_4,Cleaning_Load_Ratio,1068,0.018620398080809626,0.0008177329511777935,0.04391597578252408,0.018520727815133253,0.0005063077245566674,0.000750651832427715,0.016957191686655097,0.021343203609139178,0.01668743155834126,0.021843169672189102
PKG_A,RCP_5,Cleaning_Load_Ratio,1118,0.018650875455845824,0.0008112210475371211,0.043495065390233824,0.018594149585109247,0.0004802651812317593,0.0007120411576942063,0.017011851754453675,0.02147100321801131,0.016655156058114493,0.02193561031620546
PKG_A,RCP_6,Cleaning_Load_Ratio,1099,0.018610527590296636,0.0008150976865146526,0.043797666807664136,0.018520749473025913,0.000483499711164459,0.0007168366717724268,0.016822878514964768,0.021619760635480482,0.016629377436617618,0.022424536530887135
PKG_A,RCP_7,Cleaning_Load_Ratio,1107,0.018580753174708906,0.0007981321164854106,0.04295477739684869,0.018489069725042013,0.0004789966271442625,0.0007101603994040835,0.01695192684903748,0.021277621161441874,0.016519884534787702,0.02205551976352413
PKG_A,RCP_8,Cleaning_Load_Ratio,1024,0.01864086370554101,0.0008438736066745578,0.04527009155824232,0.01856137303795194,0.0005283182419089615,0.0007832846254542263,0.016870529563882727,0.02144758750806827,0.01653309294991074,0.02210046713308649
PKG_A,RCP_9,Cleaning_Load_Ratio,1087,0.018592127686624382,0.0008024267176238381,0.04315948831403105,0.01852687174508219,0.0004707203133495104,0.0006978899365719841,0.016947555452834242,0.02140675028387488,0.016656914787124295,0.02175733690915423
PKG_B,RCP_1,Cleaning_Load_Ratio,1137,0.018592382615346275,0.0007881567329819763,0.04239137873224632,0.01850783493002714,0.0004644950847913151,0.0006886604127116037,0.017014019234353233,0.021289811528426242,0.016803579644820373,0.02286260383228739
PKG_B,RCP_2,Cleaning_Load_Ratio,1118,0.018655662013317177,0.0008058729070075629,0.04319722915393181,0.018577230291513674,0.00048151426020316343,0.00071389304217721,0.01680935087282653,0.021497949770536432,0.016581017520370486,0.0218868479775799
PKG_B,RCP_3,Cleaning_Load_Ratio,1083,0.018653246529570854,0.0008021048440940178,0.04300081719407112,0.018582775682070778,0.0004693740647276137,0.0006958939883651601,0.01704247725249854,0.021370793585959297,0.016649756454495415,0.0218693223350221
PKG_B,RCP_4,Cleaning_Load_Ratio,1099,0.018606368789957507,0.0007996682006381874,0.0429781979313339,0.01852289883634177,0.00046615559622333394,0.0006911222869607148,0.016965638769540707,0.021480807674354046,0.016650268116395108,0.02240297249558844
PKG_B,RCP_5,Cleaning_Load_Ratio,1083,0.018625604978518593,0.0008174906160774643,0.04389068795458177,0.01852023874616216,0.000487271029688624,0.000722428028616354,0.016866304710083276,0.02133470377652385,0.016215486968179246,0.02166317176714208
PKG_B,RCP_6,Cleaning_Load_Ratio,1099,0.018609670286410265,0.0007649953293376258,0.04110740908162487,0.0185601328915816,0.00048749899089734275,0.0007227660039044004,0.01694980568979561,0.021021348501047293,0.016601278245399455,0.021677394183217315
PKG_B,RCP_7,Cleaning_Load_Ratio,1073,0.018568681555393107,0.0007636180136768014,0.041123975948363194,0.018516908538803313,0.00046126012088933827,0.0006838642552305328,0.016898319030462183,0.021045882159398496,0.016505321829328137,0.021946480013101975
PKG_B,RCP_8,Cleaning_Load_Ratio,1074,0.018625483639369285,0.0007678431998300236,0.041225410018723416,0.018539588811970868,0.0004595111239668291,0.0006812711923932208,0.017065253970801497,0.02106641522605447,0.016836096841010197,0.021656735051754965
PKG_B,RCP_9,Cleaning_Load_Ratio,1138,0.018647526549568933,0.0008396291402251697,0.04502630083369309,0.018536804993572662,0.00046516278260961934,0.0006896503414970216,0.01688964273154797,0.02137709988062352,0.016370688555592337,0.021935065539676467
PKG_C,RCP_1,Cleaning_Load_Ratio,1076,0.018636152781993084,0.0008145499728225666,0.043708054036217914,0.018547215477033092,0.0005008449019029936,0.0007425526515613781,0.017002504251666616,0.021479647619745683,0.016735443410033576,0.023383275674089574
PKG_C,RCP_2,Cleaning_Load_Ratio,1103,0.018645929545522147,0.0008446126399471928,0.04529742740286327,0.018528915977689343,0.00046934488715930436,0.0006958507297023846,0.017006242573633486,0.021779514885238875,0.016495926927467448,0.02248643757927672
PKG_C,RCP_3,Cleaning_Load_Ratio,1071,0.01863071060875854,0.0007755641959510985,0.04162826701771084,0.018556122231868623,0.00045713705325071963,0.0006777513951495169,0.016884925442324047,0.02127531334974001,0.016467033094788166,0.02306317272926621
PKG_C,RCP_4,Cleaning_Load_Ratio,1089,0.018596293950485215,0.0008115746922610472,0.04364174358729534,0.01851163551988712,0.0004916691949666159,0.0007289487484575047,0.016975979465686825,0.021314769415888196,0.016496530254775103,0.0221467431211035
PKG_C,RCP_5,Cleaning_Load_Ratio,1008,0.018637432441467455,0.0008466792492710499,0.04542896409846811,0.01853416437861215,0.00047711980430472506,0.0007073778218621853,0.016753697769543528,0.021573548226133023,0.016566166175389894,0.02301400495579507
PKG_C,RCP_6,Cleaning_Load_Ratio,1108,0.018583291843715384,0.0007692417875281556,0.04139426932523275,0.01853341694857332,0.00048382164202217214,0.0007173139664620724,0.016895535887520536,0.02104750547958312,0.016727747898380763,0.022153688426356538
PKG_C,RCP_7,Cleaning_Load_Ratio,1043,0.018604851567870746,0.0008360915186865678,0.04493943505200753,0.018512321432919573,0.00048734386333255594,0.0007225360117768474,0.01674955315887286,0.021438832505381315,0.01632729662348998,0.02238682724138518
PKG_C,RCP_8,Cleaning_Load_Ratio,1102,0.018636828379105446,0.0008107548036059578,0.04350283144287201,0.018566901872366287,0.0005022253413058345,0.0007445992910200302,0.016897032284702018,0.021651118679466202,0.016522498648132336,0.02213690537302147
PKG_C,RCP_9,Cleaning_Load_Ratio,1128,0.018628638482705906,0.0007878716456477941,0.04229357107226184,0.018562575983724582,0.0004962738116099444,0.0007357755530929035,0.017024952773794205,0.02123683451428263,0.016623346328256693,0.02214732655194807
PKG_D,RCP_1,Cleaning_Load_Ratio,1157,0.01863515975444795,0.0008171888999816698,0.04385199326164179,0.018573601268135558,0.0004892722068107272,0.000725394973817584,0.016914859779013643,0.021357050107675992,0.016532592089153423,0.021846148081484513
PKG_D,RCP_2,Cleaning_Load_Ratio,1110,0.01859006434795846,0.0007684521581322602,0.04133671318984169,0.018495314380320742,0.0004545538265732507,0.0006739215032775014,0.01679238256485217,0.021285632546723728,0.016618662227634046,0.02204036508489427
PKG_D,RCP_3,Cleaning_Load_Ratio,1060,0.018639024508662033,0.0008406176780372457,0.045099875138132316,0.018548493613927453,0.00047104809385783986,0.0006983759039536333,0.017000762817270115,0.021516073101061642,0.016583389200937354,0.02289213083520194
PKG_D,RCP_4,Cleaning_Load_Ratio,1055,0.018638805482526225,0.0008151615857273054,0.043734647399561885,0.018563538945731876,0.00048065083592941163,0.0007126129293489456,0.01686905670025951,0.021424349583004865,0.016680010828966755,0.022438769901600885
PKG_D,RCP_5,Cleaning_Load_Ratio,1045,0.01864539525818809,0.0007750952728857678,0.041570332092873495,0.018547627020805115,0.0004703818592235419,0.0006973881444848232,0.017086760487945406,0.021127491275192582,0.016957110531742942,0.021782872914566664
PKG_D,RCP_6,Cleaning_Load_Ratio,1120,0.01864524837976079,0.0008289162104416509,0.04445723615789588,0.018550942692197876,0.0004810693291158463,0.0007132333873471537,0.017058590713000345,0.02164808892321922,0.01665523616268263,0.022370141761358327
PKG_D,RCP_7,Cleaning_Load_Ratio,1070,0.018624138454142784,0.0008073160541010267,0.043347833570333345,0.018552677793933756,0.0004964406687810036,0.0007360229355347158,0.016925363167018592,0.02133926923219196,0.01650795739923912,0.022402426507155803
PKG_D,RCP_8,Cleaning_Load_Ratio,1042,0.018621344123570048,0.0007801132072966673,0.04189349609350893,0.018534841839241364,0.0004530747592807662,0.000671728638109664,0.01694479055556757,0.021123236629492875,0.01638470243104437,0.021629813832102537
PKG_D,RCP_9,Cleaning_Load_Ratio,1103,0.018617229343597195,0.000862524024073475,0.046329344079875816,0.01851957354836307,0.0004650093636565447,0.0006894228825571932,0.016798859007924317,0.021783019591476622,0.01651018313823743,0.022608024918784338
PKG_E,RCP_1,Cleaning_Load_Ratio,1119,0.018600499979916026,0.0008010179045598206,0.04306432114323396,0.01852811888974696,0.0004980882912564259,0.000738465700616777,0.016927747030377686,0.0213160129728289,0.01661190234100822,0.022008539501281562
PKG_E,RCP_2,Cleaning_Load_Ratio,1124,0.018579782100539007,0.0007913126383243621,0.04258998485786363,0.018512174113018504,0.00048312096662853424,0.0007162751451234648,0.016991867139946822,0.021284995023478005,0.01666109471394758,0.021873369344223993
PKG_E,RCP_3,Cleaning_Load_Ratio,1053,0.01861116893571573,0.0007940454530637457,0.0426649962614618,0.018495764885451082,0.0004737599337155986,0.0007023964777267464,0.016918455320225175,0.021243906947594145,0.01666227770982661,0.021939074587241102
PKG_E,RCP_4,Cleaning_Load_Ratio,1074,0.018620537042106925,0.0007989272491908771,0.04290570392165649,0.018536881703096073,0.0004983467788738927,0.0007388489343584332,0.016854470179938283,0.021303225816309165,0.016243880658331822,0.0218545179922898
PKG_E,RCP_5,Cleaning_Load_Ratio,1027,0.018594125630322235,0.0008226302542983632,0.0442414056274238,0.018507511594208218,0.0004778725822206023,0.000708493890400265,0.01686664051783871,0.02135121089951107,0.016222894941407745,0.021835685105582016
PKG_E,RCP_6,Cleaning_Load_Ratio,1066,0.018595083298233218,0.0008114454420296447,0.043637634153902545,0.01852867901519786,0.00047729928273029625,0.0007076439165759372,0.016926944435498914,0.021266150435166088,0.016726334067070067,0.02208499146550024
PKG_E,RCP_7,Cleaning_Load_Ratio,1176,0.01864429811753951,0.0008217513992376779,0.04407521238166752,0.018534127042479753,0.0004881881756415903,0.0007237877892062218,0.016898188738694225,0.021370158514884774,0.016417996159228586,0.02226413106558653
PKG_E,RCP_8,Cleaning_Load_Ratio,1101,0.018613798774368303,0.0007594305137885703,0.04079932973350536,0.018541008388025332,0.00044458350220881807,0.0006591395003747937,0.016906078228115313,0.021207683942062745,0.016573699309319092,0.021647594581546803
PKG_E,RCP_9,Cleaning_Load_Ratio,1076,0.01856766607678927,0.0007772422919865119,0.04185998869066871,0.01852246784890657,0.00047909670415819186,0.0007103087735849352,0.016902382680363117,0.021310872899663914,0.01621675344759371,0.0216775209229947
PKG_F,RCP_1,Cleaning_Load_Ratio,1114,0.018610476903960626,0.0008026990230451241,0.043131566546491674,0.018523813938670218,0.0004794792783491524,0.0007108759780804534,0.016909347142292256,0.02119281541434281,0.016738882864010367,0.02159968168808027
PKG_F,RCP_2,Cleaning_Load_Ratio,1137,0.018608380964955935,0.0007738190169661092,0.04158443544462019,0.018539984858531387,0.00045696857632258545,0.0006775016112558651,0.017072680784171006,0.021179253860404288,0.016672941097790314,0.02180171006461528
PKG_F,RCP_3,Cleaning_Load_Ratio,1112,0.018604908763081563,0.000782844247698548,0.042077295710902705,0.018539162920044754,0.00046295818781796373,0.000686381809258913,0.016966836755761525,0.02137578053273507,0.01621847486412314,0.021722755335987554
PKG_F,RCP_4,Cleaning_Load_Ratio,1106,0.018619444867183328,0.0008188092180618406,0.0439760274220091,0.018525189046677555,0.0005056356690116472,0.0007496554428766682,0.01699682793911098,0.021320415685803035,0.01685920866262346,0.02245993456218055
PKG_F,RCP_5,Cleaning_Load_Ratio,1044,0.018584886465082447,0.0007746288107309004,0.04168057804314727,0.018524126317232555,0.0005126324805542204,0.0007600289156696871,0.016758004870945666,0.02120487227239121,0.0165822234091148,0.0217980416626705
PKG_F,RCP_6,Cleaning_Load_Ratio,1061,0.01866110750304843,0.000815011270110613,0.043674324794360404,0.01855544034267088,0.0004990126610468215,0.0007398361712680176,0.01688391332364946,0.02134939048399889,0.016426446119551727,0.02167371386994878
PKG_F,RCP_7,Cleaning_Load_Ratio,1107,0.018633462474498413,0.0008158817725555982,0.04378583817539046,0.0185493498875177,0.0004930129379390573,0.0007309409817884462,0.01699275175386469,0.02146657817804847,0.01618499341789476,0.022064559449603192
PKG_F,RCP_8,Cleaning_Load_Ratio,1126,0.018613102357307062,0.0007704042423552218,0.04139042635484027,0.01857245388091757,0.0004791967912554651,0.0007104571627153525,0.01703450643245816,0.021263851306069573,0.016685877803426882,0.02273119070234632
PKG_F,RCP_9,Cleaning_Load_Ratio,1117,0.018601724818492,0.0007592094992169816,0.04081393024706238,0.018540273495246992,0.0004627398610479831,0.0006860581179897397,0.01699530517167397,0.021411486330529694,0.016598884013612075,0.022305026651426963
